2026-06-14 10:06:28,000 [INFO] Activator:176 - 


2026-06-14 10:06:28,000 [INFO] Activator:177 - !SESSION log4j initialized
2026-06-14 10:06:32,118 [INFO] LogOutputStream:77 - [STDOUT_REDIRECT] 
2026-06-14 10:06:33,365 [INFO] ApplicationProperties:184 - Using Application install path: C:\ST\STM32CubeIDE_1.18.1\STM32CubeIDE\plugins\com.st.stm32cube.common.mx_6.15.0.202507011659
2026-06-14 10:06:33,380 [INFO] DbMcusXml:78 - Set database path to: C:\ST\STM32CubeIDE_1.18.1\STM32CubeIDE\plugins\com.st.stm32cube.common.mx_6.15.0.202507011659\\db\/mcu/
2026-06-14 10:06:33,380 [INFO] ApiDb:274 - Set plugin database path to: C:\ST\STM32CubeIDE_1.18.1\STM32CubeIDE\plugins\com.st.stm32cube.common.mx_6.15.0.202507011659\\db\/plugins/boardmanager/
2026-06-14 10:06:33,381 [WARN] ApiDb:259 - Overriding images path with different value:  => C:\ST\STM32CubeIDE_1.18.1\STM32CubeIDE\plugins\com.st.stm32cube.common.mx_6.15.0.202507011659\\db\/plugins/mcufinder/images/
2026-06-14 10:06:33,387 [INFO] ApiDb:250 - Set database path to: C:\Users\elena\.stmcufinder\plugins\mcufinder//mcu/
2026-06-14 10:06:33,388 [INFO] DbMcusAds:125 - Set database path to: C:\Users\elena\.stmcufinder\plugins\mcufinder//mcu/
2026-06-14 10:06:33,390 [INFO] CrossReferenceDbSqlite:203 - Set database path to: C:\Users\elena\.stmcufinder\plugins\mcufinder//mcu/cs/
2026-06-14 10:06:33,472 [INFO] RulesReader:64 - Compatibility file has been processed (317 Rules)
2026-06-14 10:06:33,541 [INFO] DbMcusXml:78 - Set database path to: C:\ST\STM32CubeIDE_1.18.1\STM32CubeIDE\plugins\com.st.stm32cube.common.mx_6.15.0.202507011659\\db\/mcu/
2026-06-14 10:06:33,541 [INFO] ApiDb:274 - Set plugin database path to: C:\ST\STM32CubeIDE_1.18.1\STM32CubeIDE\plugins\com.st.stm32cube.common.mx_6.15.0.202507011659\\db\/plugins/boardmanager/
2026-06-14 10:06:33,541 [INFO] ApiDb:261 - Set plugin images path to: C:\ST\STM32CubeIDE_1.18.1\STM32CubeIDE\plugins\com.st.stm32cube.common.mx_6.15.0.202507011659\\db\/plugins/mcufinder/images/
2026-06-14 10:06:33,541 [WARN] DbFile:41 - Overriding database path with different value: C:\Users\elena\.stmcufinder\plugins\mcufinder/ => C:\Users\elena\.stmcufinder\plugins\mcufinder
2026-06-14 10:06:33,541 [INFO] ApiDb:250 - Set database path to: C:\Users\elena\.stmcufinder\plugins\mcufinder//mcu/
2026-06-14 10:06:33,541 [WARN] DbFile:41 - Overriding database path with different value: C:\Users\elena\.stmcufinder\plugins\mcufinder/ => C:\Users\elena\.stmcufinder\plugins\mcufinder
2026-06-14 10:06:33,541 [INFO] DbMcusAds:125 - Set database path to: C:\Users\elena\.stmcufinder\plugins\mcufinder//mcu/
2026-06-14 10:06:33,541 [WARN] DbFile:41 - Overriding database path with different value: C:\Users\elena\.stmcufinder\plugins\mcufinder/ => C:\Users\elena\.stmcufinder\plugins\mcufinder
2026-06-14 10:06:33,541 [WARN] DbFile:41 - Overriding database path with different value: C:\Users\elena\.stmcufinder\plugins\mcufinder/ => C:\Users\elena\.stmcufinder\plugins\mcufinder
2026-06-14 10:06:33,541 [INFO] CrossReferenceDbSqlite:203 - Set database path to: C:\Users\elena\.stmcufinder\plugins\mcufinder//mcu/cs/
2026-06-14 10:06:33,603 [INFO] MainPanel:274 - HeapMemory: 268435456
2026-06-14 10:06:33,692 [INFO] DbMcusXml:78 - Set database path to: C:\ST\STM32CubeIDE_1.18.1\STM32CubeIDE\plugins\com.st.stm32cube.common.mx_6.15.0.202507011659\\db\/mcu/
2026-06-14 10:06:33,692 [INFO] ApiDb:274 - Set plugin database path to: C:\ST\STM32CubeIDE_1.18.1\STM32CubeIDE\plugins\com.st.stm32cube.common.mx_6.15.0.202507011659\\db\/plugins/boardmanager/
2026-06-14 10:06:33,692 [INFO] ApiDb:261 - Set plugin images path to: C:\ST\STM32CubeIDE_1.18.1\STM32CubeIDE\plugins\com.st.stm32cube.common.mx_6.15.0.202507011659\\db\/plugins/mcufinder/images/
2026-06-14 10:06:33,692 [WARN] DbFile:41 - Overriding database path with different value: C:\Users\elena\.stmcufinder\plugins\mcufinder/ => C:\Users\elena\.stmcufinder\plugins\mcufinder
2026-06-14 10:06:33,692 [INFO] ApiDb:250 - Set database path to: C:\Users\elena\.stmcufinder\plugins\mcufinder//mcu/
2026-06-14 10:06:33,692 [WARN] DbFile:41 - Overriding database path with different value: C:\Users\elena\.stmcufinder\plugins\mcufinder/ => C:\Users\elena\.stmcufinder\plugins\mcufinder
2026-06-14 10:06:33,692 [INFO] DbMcusAds:125 - Set database path to: C:\Users\elena\.stmcufinder\plugins\mcufinder//mcu/
2026-06-14 10:06:33,692 [WARN] DbFile:41 - Overriding database path with different value: C:\Users\elena\.stmcufinder\plugins\mcufinder/ => C:\Users\elena\.stmcufinder\plugins\mcufinder
2026-06-14 10:06:33,692 [WARN] DbFile:41 - Overriding database path with different value: C:\Users\elena\.stmcufinder\plugins\mcufinder/ => C:\Users\elena\.stmcufinder\plugins\mcufinder
2026-06-14 10:06:33,693 [INFO] CrossReferenceDbSqlite:203 - Set database path to: C:\Users\elena\.stmcufinder\plugins\mcufinder//mcu/cs/
2026-06-14 10:06:33,706 [INFO] ApplicationProperties:184 - Using Application install path: C:\ST\STM32CubeIDE_1.18.1\STM32CubeIDE\plugins\com.st.stm32cube.common.mx_6.15.0.202507011659
2026-06-14 10:06:33,707 [INFO] PluginManage:196 - Search for loadable plugins [exclusion list=, ]
2026-06-14 10:06:33,708 [INFO] PluginManage:310 - Check plugin analytics
2026-06-14 10:06:33,819 [ERROR] LogOutputStream:75 - [STDERR_REDIRECT] [Fatal Error] :1:1: Premature end of file.
2026-06-14 10:06:33,819 [ERROR] LogOutputStream:75 - [STDERR_REDIRECT] 
2026-06-14 10:06:33,864 [INFO] AnalyticsPlugin:253 - Accepted Software Licenses: 
2026-06-14 10:06:33,864 [INFO] AnalyticsPlugin:255 - Accepted CMSIS Pack Licenses: 
2026-06-14 10:06:33,864 [INFO] AnalyticsPlugin:257 - Accepted Firmware Licenses: 
2026-06-14 10:06:33,866 [INFO] PluginManage:359 - Loaded plugin analytics (category:tool,tabindex:-1)
2026-06-14 10:06:33,867 [INFO] PluginManage:310 - Check plugin cadmodel
2026-06-14 10:06:33,871 [INFO] CADModel:105 - Init CAD model plugin
2026-06-14 10:06:33,871 [INFO] PluginManage:359 - Loaded plugin cadmodel (category:power,tabindex:5)
2026-06-14 10:06:33,871 [INFO] PluginManage:310 - Check plugin clock
2026-06-14 10:06:33,880 [INFO] PluginManage:359 - Loaded plugin clock (category:base,tabindex:2)
2026-06-14 10:06:33,880 [INFO] PluginManage:310 - Check plugin ddr
2026-06-14 10:06:33,882 [INFO] PluginManage:359 - Loaded plugin ddr (category:tool,tabindex:6)
2026-06-14 10:06:33,882 [INFO] PluginManage:310 - Check plugin filemanager
2026-06-14 10:06:33,996 [INFO] PluginManage:359 - Loaded plugin filemanager (category:base,tabindex:10)
2026-06-14 10:06:33,996 [INFO] PluginManage:310 - Check plugin ipmanager
2026-06-14 10:06:34,001 [INFO] PluginManage:359 - Loaded plugin ipmanager (category:base,tabindex:5)
2026-06-14 10:06:34,001 [INFO] PluginManage:310 - Check plugin lpbam
2026-06-14 10:06:34,008 [INFO] PluginManage:359 - Loaded plugin lpbam (category:base,tabindex:0)
2026-06-14 10:06:34,008 [INFO] PluginManage:310 - Check plugin memorymap
2026-06-14 10:06:34,020 [INFO] PluginManage:359 - Loaded plugin memorymap (category:base,tabindex:4)
2026-06-14 10:06:34,020 [INFO] PluginManage:310 - Check plugin pinoutandconfiguration
2026-06-14 10:06:34,028 [INFO] PluginManage:359 - Loaded plugin pinoutandconfiguration (category:base,tabindex:1)
2026-06-14 10:06:34,028 [INFO] PluginManage:310 - Check plugin pinoutconfig
2026-06-14 10:06:34,095 [WARN] SupportedApi:132 - Cannot load RTOS API schema: s4s-elt-must-match.1: The content of 'definitions' must match (annotation?, (simpleType | complexType)?, (unique | key | keyref)*)). A problem was found starting at: attribute.
2026-06-14 10:06:34,191 [INFO] PluginManage:359 - Loaded plugin pinoutconfig (category:base,tabindex:0)
2026-06-14 10:06:34,191 [INFO] PluginManage:310 - Check plugin power
2026-06-14 10:06:34,200 [INFO] PluginManage:359 - Loaded plugin power (category:power,tabindex:4)
2026-06-14 10:06:34,200 [INFO] PluginManage:310 - Check plugin projectmanager
2026-06-14 10:06:34,210 [INFO] PluginManage:359 - Loaded plugin projectmanager (category:projectmanager,tabindex:4)
2026-06-14 10:06:34,211 [INFO] PluginManage:310 - Check plugin rif
2026-06-14 10:06:34,220 [INFO] PluginManage:359 - Loaded plugin rif (category:base,tabindex:3)
2026-06-14 10:06:34,220 [INFO] PluginManage:310 - Check plugin thirdparty
2026-06-14 10:06:34,328 [INFO] PluginManage:359 - Loaded plugin thirdparty (category:base,tabindex:-1)
2026-06-14 10:06:34,328 [INFO] PluginManage:310 - Check plugin tools
2026-06-14 10:06:34,328 [WARN] IntegrityCheckThread:84 - waiting for thirdparty lock release [integrity check]
2026-06-14 10:06:34,328 [INFO] IntegrityCheckThread:86 - entering critical section [integrity check]
2026-06-14 10:06:34,329 [INFO] ThirdPartyUpdaterWithRetryManager:70 - Updater plugin not ready yet. [1/15]
2026-06-14 10:06:34,330 [INFO] PluginManage:359 - Loaded plugin tools (category:base,tabindex:7)
2026-06-14 10:06:34,331 [INFO] PluginManage:310 - Check plugin tutovideos
2026-06-14 10:06:34,493 [INFO] PluginManage:359 - Loaded plugin tutovideos (category:base,tabindex:-1)
2026-06-14 10:06:34,493 [INFO] PluginManage:310 - Check plugin updater
2026-06-14 10:06:34,508 [INFO] PluginManage:359 - Loaded plugin updater (category:base,tabindex:12)
2026-06-14 10:06:34,508 [INFO] PluginManage:310 - Check plugin userauth
2026-06-14 10:06:34,512 [INFO] UserAuth:118 - Init User Auth plugin
2026-06-14 10:06:34,513 [INFO] PluginManage:359 - Loaded plugin userauth (category:base,tabindex:14)
2026-06-14 10:06:34,513 [INFO] PluginManage:283 - PluginManage : Loaded plugins [18]
2026-06-14 10:06:34,675 [INFO] PinOutPanel:1589 - setPackage(No Configuration,No Configuration)
2026-06-14 10:06:34,742 [INFO] CADModel:165 - CPN selected for project level
2026-06-14 10:06:34,742 [INFO] CADModel:114 - Register for checkConnection events
2026-06-14 10:06:34,760 [INFO] IPUIPlugin:80 - create IPUIPlugin
2026-06-14 10:06:34,760 [INFO] PluginManager:220 - loadIPPluginJar : add adc
2026-06-14 10:06:34,763 [INFO] IPUIPlugin:80 - create IPUIPlugin
2026-06-14 10:06:34,763 [INFO] PluginManager:220 - loadIPPluginJar : add aes
2026-06-14 10:06:34,766 [INFO] IPUIPlugin:80 - create IPUIPlugin
2026-06-14 10:06:34,766 [INFO] PluginManager:220 - loadIPPluginJar : add can
2026-06-14 10:06:34,768 [INFO] IPUIPlugin:80 - create IPUIPlugin
2026-06-14 10:06:34,768 [INFO] PluginManager:220 - loadIPPluginJar : add comp
2026-06-14 10:06:34,770 [INFO] IPUIPlugin:80 - create IPUIPlugin
2026-06-14 10:06:34,771 [INFO] PluginManager:220 - loadIPPluginJar : add cryp
2026-06-14 10:06:34,774 [INFO] IPUIPlugin:80 - create IPUIPlugin
2026-06-14 10:06:34,774 [INFO] PluginManager:220 - loadIPPluginJar : add ddr_ctrl_phy
2026-06-14 10:06:34,777 [INFO] IPUIPlugin:80 - create IPUIPlugin
2026-06-14 10:06:34,777 [INFO] PluginManager:220 - loadIPPluginJar : add dfsdm
2026-06-14 10:06:34,779 [ERROR] LogOutputStream:75 - [STDERR_REDIRECT] [Fatal Error] :1:1: Premature end of file.
2026-06-14 10:06:34,779 [ERROR] LogOutputStream:75 - [STDERR_REDIRECT] 
2026-06-14 10:06:34,782 [INFO] IPUIPlugin:80 - create IPUIPlugin
2026-06-14 10:06:34,783 [INFO] PluginManager:220 - loadIPPluginJar : add dma
2026-06-14 10:06:34,786 [INFO] IPUIPlugin:80 - create IPUIPlugin
2026-06-14 10:06:34,786 [INFO] PluginManager:220 - loadIPPluginJar : add dma3
2026-06-14 10:06:34,788 [INFO] IPUIPlugin:80 - create IPUIPlugin
2026-06-14 10:06:34,788 [INFO] PluginManager:220 - loadIPPluginJar : add extmemmanager
2026-06-14 10:06:34,790 [INFO] IPUIPlugin:80 - create IPUIPlugin
2026-06-14 10:06:34,790 [INFO] PluginManager:220 - loadIPPluginJar : add fatfs
2026-06-14 10:06:34,794 [INFO] IPUIPlugin:80 - create IPUIPlugin
2026-06-14 10:06:34,794 [INFO] PluginManager:220 - loadIPPluginJar : add fmc
2026-06-14 10:06:34,802 [INFO] IPUIPlugin:80 - create IPUIPlugin
2026-06-14 10:06:34,802 [INFO] PluginManager:220 - loadIPPluginJar : add freertos
2026-06-14 10:06:34,804 [INFO] IPUIPlugin:80 - create IPUIPlugin
2026-06-14 10:06:34,804 [INFO] PluginManager:220 - loadIPPluginJar : add genericplugin
2026-06-14 10:06:34,806 [INFO] IPUIPlugin:80 - create IPUIPlugin
2026-06-14 10:06:34,806 [INFO] PluginManager:220 - loadIPPluginJar : add gfxmmu
2026-06-14 10:06:34,809 [INFO] IPUIPlugin:80 - create IPUIPlugin
2026-06-14 10:06:34,810 [INFO] PluginManager:220 - loadIPPluginJar : add gic
2026-06-14 10:06:34,814 [INFO] IPUIPlugin:80 - create IPUIPlugin
2026-06-14 10:06:34,814 [INFO] PluginManager:220 - loadIPPluginJar : add gpio
2026-06-14 10:06:34,816 [INFO] IPUIPlugin:80 - create IPUIPlugin
2026-06-14 10:06:34,817 [INFO] PluginManager:220 - loadIPPluginJar : add gtzc
2026-06-14 10:06:34,818 [INFO] IPUIPlugin:80 - create IPUIPlugin
2026-06-14 10:06:34,818 [INFO] PluginManager:220 - loadIPPluginJar : add hash
2026-06-14 10:06:34,821 [INFO] IPUIPlugin:80 - create IPUIPlugin
2026-06-14 10:06:34,822 [INFO] PluginManager:220 - loadIPPluginJar : add i2c
2026-06-14 10:06:34,823 [INFO] IPUIPlugin:80 - create IPUIPlugin
2026-06-14 10:06:34,824 [INFO] PluginManager:220 - loadIPPluginJar : add i2s
2026-06-14 10:06:34,826 [INFO] IPUIPlugin:80 - create IPUIPlugin
2026-06-14 10:06:34,826 [INFO] PluginManager:220 - loadIPPluginJar : add i3c
2026-06-14 10:06:34,829 [INFO] IPUIPlugin:80 - create IPUIPlugin
2026-06-14 10:06:34,829 [INFO] PluginManager:220 - loadIPPluginJar : add ipddr
2026-06-14 10:06:34,835 [INFO] IPUIPlugin:80 - create IPUIPlugin
2026-06-14 10:06:34,836 [INFO] PluginManager:220 - loadIPPluginJar : add linkedlist
2026-06-14 10:06:34,839 [INFO] IPUIPlugin:80 - create IPUIPlugin
2026-06-14 10:06:34,839 [INFO] PluginManager:220 - loadIPPluginJar : add lorawan
2026-06-14 10:06:34,840 [INFO] IPUIPlugin:80 - create IPUIPlugin
2026-06-14 10:06:34,840 [INFO] PluginManager:220 - loadIPPluginJar : add ltdc
2026-06-14 10:06:34,846 [INFO] IPUIPlugin:80 - create IPUIPlugin
2026-06-14 10:06:34,846 [INFO] PluginManager:220 - loadIPPluginJar : add mdma
2026-06-14 10:06:34,849 [INFO] IPUIPlugin:80 - create IPUIPlugin
2026-06-14 10:06:34,849 [INFO] PluginManager:220 - loadIPPluginJar : add nvic
2026-06-14 10:06:34,851 [INFO] IPUIPlugin:80 - create IPUIPlugin
2026-06-14 10:06:34,851 [INFO] PluginManager:220 - loadIPPluginJar : add opamp
2026-06-14 10:06:34,854 [INFO] IPUIPlugin:80 - create IPUIPlugin
2026-06-14 10:06:34,854 [INFO] PluginManager:220 - loadIPPluginJar : add openamp
2026-06-14 10:06:34,856 [INFO] IPUIPlugin:80 - create IPUIPlugin
2026-06-14 10:06:34,856 [INFO] PluginManager:220 - loadIPPluginJar : add pdm2pcm
2026-06-14 10:06:34,862 [INFO] IPUIPlugin:80 - create IPUIPlugin
2026-06-14 10:06:34,864 [INFO] PluginManager:220 - loadIPPluginJar : add plateformsettings
2026-06-14 10:06:34,866 [INFO] IPUIPlugin:80 - create IPUIPlugin
2026-06-14 10:06:34,866 [INFO] PluginManager:220 - loadIPPluginJar : add quadspi
2026-06-14 10:06:34,867 [INFO] IPUIPlugin:80 - create IPUIPlugin
2026-06-14 10:06:34,868 [INFO] PluginManager:220 - loadIPPluginJar : add radio
2026-06-14 10:06:34,870 [INFO] IPUIPlugin:80 - create IPUIPlugin
2026-06-14 10:06:34,870 [INFO] PluginManager:220 - loadIPPluginJar : add resmgrutility
2026-06-14 10:06:34,872 [INFO] IPUIPlugin:80 - create IPUIPlugin
2026-06-14 10:06:34,872 [INFO] PluginManager:220 - loadIPPluginJar : add sai
2026-06-14 10:06:34,874 [INFO] IPUIPlugin:80 - create IPUIPlugin
2026-06-14 10:06:34,874 [INFO] PluginManager:220 - loadIPPluginJar : add spi
2026-06-14 10:06:34,881 [INFO] IPUIPlugin:80 - create IPUIPlugin
2026-06-14 10:06:34,881 [INFO] PluginManager:220 - loadIPPluginJar : add stm32_wpan
2026-06-14 10:06:34,883 [INFO] IPUIPlugin:80 - create IPUIPlugin
2026-06-14 10:06:34,883 [INFO] PluginManager:220 - loadIPPluginJar : add tim
2026-06-14 10:06:34,885 [INFO] IPUIPlugin:80 - create IPUIPlugin
2026-06-14 10:06:34,886 [INFO] PluginManager:220 - loadIPPluginJar : add touchsensing
2026-06-14 10:06:34,887 [INFO] IPUIPlugin:80 - create IPUIPlugin
2026-06-14 10:06:34,887 [INFO] PluginManager:220 - loadIPPluginJar : add tracer_emb
2026-06-14 10:06:34,888 [INFO] IPUIPlugin:80 - create IPUIPlugin
2026-06-14 10:06:34,889 [INFO] PluginManager:220 - loadIPPluginJar : add ts
2026-06-14 10:06:34,890 [INFO] IPUIPlugin:80 - create IPUIPlugin
2026-06-14 10:06:34,890 [INFO] PluginManager:220 - loadIPPluginJar : add tsc
2026-06-14 10:06:34,892 [INFO] IPUIPlugin:80 - create IPUIPlugin
2026-06-14 10:06:34,892 [INFO] PluginManager:220 - loadIPPluginJar : add ucpd
2026-06-14 10:06:34,894 [INFO] IPUIPlugin:80 - create IPUIPlugin
2026-06-14 10:06:34,894 [INFO] PluginManager:220 - loadIPPluginJar : add usart
2026-06-14 10:06:34,897 [INFO] IPUIPlugin:80 - create IPUIPlugin
2026-06-14 10:06:34,897 [INFO] PluginManager:220 - loadIPPluginJar : add usbx
2026-06-14 10:06:35,012 [FATAL] Updater:351 - Updater called before beeing initialized
2026-06-14 10:06:35,035 [INFO] RulesReader:64 - Compatibility file has been processed (317 Rules)
2026-06-14 10:06:35,042 [INFO] RulesReader:64 - Compatibility file has been processed (317 Rules)
2026-06-14 10:06:35,049 [INFO] CADModel:165 - CPN selected for project level
2026-06-14 10:06:35,049 [INFO] CADModel:114 - Register for checkConnection events
2026-06-14 10:06:35,049 [FATAL] Updater:351 - Updater called before beeing initialized
2026-06-14 10:06:35,049 [ERROR] CADModel:125 - Updater not yet initialized, retry later 
2026-06-14 10:06:35,153 [FATAL] Updater:351 - Updater called before beeing initialized
2026-06-14 10:06:35,155 [INFO] CADModel:165 - CPN selected for project level
2026-06-14 10:06:35,155 [INFO] CADModel:114 - Register for checkConnection events
2026-06-14 10:06:35,155 [FATAL] Updater:351 - Updater called before beeing initialized
2026-06-14 10:06:35,155 [ERROR] CADModel:125 - Updater not yet initialized, retry later 
2026-06-14 10:06:35,157 [FATAL] Updater:351 - Updater called before beeing initialized
2026-06-14 10:06:35,237 [FATAL] Updater:351 - Updater called before beeing initialized
2026-06-14 10:06:35,240 [INFO] DbMcusAds:53 - JSON generation date=Fri May 29 02:08:17 AEST 2026 (1779984497073)
2026-06-14 10:06:35,240 [FATAL] Updater:351 - Updater called before beeing initialized
2026-06-14 10:06:35,270 [WARN] DetailPanel:346 - Failed to get advertising image, set to default
2026-06-14 10:06:35,332 [FATAL] Updater:351 - Updater called before beeing initialized
2026-06-14 10:06:35,334 [FATAL] Updater:351 - Updater called before beeing initialized
2026-06-14 10:06:35,334 [FATAL] Updater:351 - Updater called before beeing initialized
2026-06-14 10:06:35,334 [WARN] DetailPanel:346 - Failed to get advertising image, set to default
2026-06-14 10:06:35,334 [FATAL] Updater:351 - Updater called before beeing initialized
2026-06-14 10:06:35,377 [ERROR] Updater:1198 - MainUpdater not yet initialized. External WinMGr cannot be set.
2026-06-14 10:06:35,379 [INFO] Updater:1134 - Updater Version found : 6.15.0
2026-06-14 10:06:35,393 [INFO] ApplicationProperties:184 - Using Application install path: C:\ST\STM32CubeIDE_1.18.1\STM32CubeIDE\plugins\com.st.stm32cube.common.mx_6.15.0.202507011659
2026-06-14 10:06:35,783 [ERROR] LogOutputStream:75 - [STDERR_REDIRECT] [Fatal Error] :1:1: Premature end of file.
2026-06-14 10:06:35,783 [ERROR] LogOutputStream:75 - [STDERR_REDIRECT] 
2026-06-14 10:06:36,777 [ERROR] LogOutputStream:75 - [STDERR_REDIRECT] [Fatal Error] :1:1: Premature end of file.
2026-06-14 10:06:36,777 [ERROR] LogOutputStream:75 - [STDERR_REDIRECT] 
2026-06-14 10:06:36,964 [ERROR] LogOutputStream:75 - [STDERR_REDIRECT] Jun 14, 2026 10:06:36 AM java.util.prefs.WindowsPreferences <init>
2026-06-14 10:06:36,966 [ERROR] LogOutputStream:75 - [STDERR_REDIRECT] WARNING: Could not open/create prefs root node Software\JavaSoft\Prefs at root 0xffffffff80000002. Windows RegCreateKeyEx(...) returned error code 5.
2026-06-14 10:06:36,966 [ERROR] LogOutputStream:75 - [STDERR_REDIRECT] 
2026-06-14 10:06:37,231 [INFO] MainUpdater:2872 - connection check result : 10
2026-06-14 10:06:37,232 [INFO] MainUpdater:289 - Updater Check For Update Now.
2026-06-14 10:06:37,232 [INFO] MicroXplorer:498 - Change Database Version : DB.6.0.150
2026-06-14 10:06:37,238 [INFO] McuFinderGlobals:63 - Set McuFinder mode to 2 (CubeIDE integrated)
2026-06-14 10:06:37,240 [INFO] UserAuth:487 - Internet connection configuration mode: 1
2026-06-14 10:06:37,267 [INFO] JxBrowserEngine:152 - Initiate JxBrowser Engine with user profile folder
2026-06-14 10:06:37,330 [WARN] MainUpdater:1193 - Updater busy. Cannot search thirdparties
2026-06-14 10:06:37,330 [INFO] ThirdPartyUpdaterWithRetryManager:96 - Updater plugin is busy. [1/15]
2026-06-14 10:06:37,400 [INFO] CheckServerUpdateThread:120 - End of CheckServer Thread
2026-06-14 10:06:37,779 [ERROR] LogOutputStream:75 - [STDERR_REDIRECT] [Fatal Error] :1:1: Premature end of file.
2026-06-14 10:06:37,779 [ERROR] LogOutputStream:75 - [STDERR_REDIRECT] 
2026-06-14 10:06:38,218 [INFO] WebApp:169 - Instantiating new browser for Auth
2026-06-14 10:06:38,768 [INFO] WebApp:463 - Apply proxy settings
2026-06-14 10:06:38,770 [INFO] WebApp:548 - Chromium requires no authentication
2026-06-14 10:06:38,777 [INFO] WebApp:491 - Direct internet connection detected
2026-06-14 10:06:38,780 [ERROR] LogOutputStream:75 - [STDERR_REDIRECT] [Fatal Error] :1:1: Premature end of file.
2026-06-14 10:06:38,780 [ERROR] LogOutputStream:75 - [STDERR_REDIRECT] 
2026-06-14 10:06:38,798 [INFO] WebApp:900 - Register for checkConnection events
2026-06-14 10:06:38,798 [INFO] WebApp:463 - Apply proxy settings
2026-06-14 10:06:38,799 [INFO] WebApp:548 - Chromium requires no authentication
2026-06-14 10:06:38,799 [INFO] WebApp:491 - Direct internet connection detected
2026-06-14 10:06:38,957 [INFO] WebApp:225 - Starting web application
2026-06-14 10:06:38,957 [INFO] WebApp:593 - Web application path used C:\ST\STM32CubeIDE_1.18.1\STM32CubeIDE\plugins\com.st.stm32cube.common.mx_6.15.0.202507011659\db\plugins\mcufinder\reactClient1\index.html
2026-06-14 10:06:39,217 [INFO] WebApp:191 - Connection restablished
2026-06-14 10:06:39,334 [INFO] UserAuth:487 - Internet connection configuration mode: 1
2026-06-14 10:06:39,780 [ERROR] LogOutputStream:75 - [STDERR_REDIRECT] [Fatal Error] :1:1: Premature end of file.
2026-06-14 10:06:39,780 [ERROR] LogOutputStream:75 - [STDERR_REDIRECT] 
2026-06-14 10:06:40,589 [WARN] PackLoader:240 - Cannot read IP mode file for STMicroelectronics.X-CUBE-AZRTOS-H7.3.5.0
2026-06-14 10:06:40,597 [WARN] PackLoader:240 - Cannot read IP mode file for STMicroelectronics.FP-SNS-MOTENVWB1.1.4.0
2026-06-14 10:06:40,603 [WARN] PackLoader:240 - Cannot read IP mode file for STMicroelectronics.FP-ATR-ASTRA1.2.0.2
2026-06-14 10:06:40,608 [ERROR] Engine:466 - C:\Users\elena\.stm32cubemx\thirdparties\pdsc\STMicroelectronics.X-CUBE-SMBUS.2.1.1.pdsc: PDSC version is not supported
2026-06-14 10:06:40,613 [WARN] PackLoader:240 - Cannot read IP mode file for STMicroelectronics.X-CUBE-SMBUS.2.1.0
2026-06-14 10:06:40,616 [WARN] PackLoader:240 - Cannot read IP mode file for STMicroelectronics.X-CUBE-ST60.1.0.0
2026-06-14 10:06:40,631 [WARN] PackLoader:240 - Cannot read IP mode file for STMicroelectronics.X-CUBE-AZRTOS-F7.1.1.0
2026-06-14 10:06:40,637 [WARN] PackLoader:240 - Cannot read IP mode file for STMicroelectronics.FP-SNS-MOTENV1.5.1.0
2026-06-14 10:06:40,652 [WARN] PackLoader:240 - Cannot read IP mode file for Infineon.AIROC-Wi-Fi-Bluetooth-STM32.1.7.0
2026-06-14 10:06:40,669 [WARN] PackLoader:240 - Cannot read IP mode file for STMicroelectronics.X-CUBE-AZRTOS-H7.3.4.0
2026-06-14 10:06:40,676 [WARN] PackLoader:240 - Cannot read IP mode file for STMicroelectronics.X-CUBE-DISPLAY.3.0.0
2026-06-14 10:06:40,685 [WARN] PackLoader:240 - Cannot read IP mode file for STMicroelectronics.X-CUBE-GNSS1.7.1.1
2026-06-14 10:06:40,691 [WARN] PackLoader:240 - Cannot read IP mode file for STMicroelectronics.X-CUBE-NFC10.1.0.0
2026-06-14 10:06:40,699 [WARN] PackLoader:240 - Cannot read IP mode file for STMicroelectronics.X-CUBE-BLEMGR.4.0.0
2026-06-14 10:06:40,703 [WARN] PackLoader:240 - Cannot read IP mode file for STMicroelectronics.X-CUBE-ST60.1.1.0
2026-06-14 10:06:40,707 [WARN] PackLoader:240 - Cannot read IP mode file for emotas.I-CUBE-CANOPEN.1.3.0
2026-06-14 10:06:40,712 [WARN] PackLoader:240 - Cannot read IP mode file for STMicroelectronics.X-CUBE-GNSS1.7.1.0
2026-06-14 10:06:40,716 [WARN] ConditionMgr:438 - getConditionDescription Invalid condition id : Cortex-A Device cause : null
2026-06-14 10:06:40,724 [WARN] ConditionMgr:1044 - genDependencies : Invalid condition id : Cortex-A Device cause : null
2026-06-14 10:06:40,724 [WARN] ConditionMgr:1044 - genDependencies : Invalid condition id : Cortex-A Device cause : null
2026-06-14 10:06:40,724 [WARN] ConditionMgr:1044 - genDependencies : Invalid condition id : Cortex-A Device cause : null
2026-06-14 10:06:40,730 [WARN] PackLoader:240 - Cannot read IP mode file for STMicroelectronics.FP-SNS-STBOX1.2.1.0
2026-06-14 10:06:40,734 [WARN] PackLoader:240 - Cannot read IP mode file for STMicroelectronics.FP-SNS-SMARTAG2.1.2.0
2026-06-14 10:06:40,738 [WARN] PackLoader:240 - Cannot read IP mode file for STMicroelectronics.FP-SNS-FLIGHT1.5.1.0
2026-06-14 10:06:40,744 [INFO] LogOutputStream:77 - [STDOUT_REDIRECT] 1 : Invalid condition id : UX_CORESTACK_Condition cause : null
2026-06-14 10:06:40,745 [INFO] LogOutputStream:77 - [STDOUT_REDIRECT] 1 : Invalid condition id : UX_CORESTACK_Condition cause : null
2026-06-14 10:06:40,746 [INFO] LogOutputStream:77 - [STDOUT_REDIRECT] 1 : Invalid condition id : UX_CORESTACK_Condition cause : null
2026-06-14 10:06:40,746 [INFO] LogOutputStream:77 - [STDOUT_REDIRECT] 1 : Invalid condition id : UX_CORESTACK_Condition cause : null
2026-06-14 10:06:40,747 [INFO] LogOutputStream:77 - [STDOUT_REDIRECT] 1 : Invalid condition id : UX_CORESTACK_Condition cause : null
2026-06-14 10:06:40,752 [WARN] PackLoader:240 - Cannot read IP mode file for STMicroelectronics.X-CUBE-AZRTOS-WL.2.0.0
2026-06-14 10:06:40,756 [WARN] PackLoader:240 - Cannot read IP mode file for STMicroelectronics.FP-SNS-MOTENV1.5.0.0
2026-06-14 10:06:40,769 [WARN] PackLoader:240 - Cannot read IP mode file for STMicroelectronics.X-CUBE-AZRTOS-H7RS.1.2.0
2026-06-14 10:06:40,781 [ERROR] LogOutputStream:75 - [STDERR_REDIRECT] [Fatal Error] :1:1: Premature end of file.
2026-06-14 10:06:40,781 [ERROR] LogOutputStream:75 - [STDERR_REDIRECT] 
2026-06-14 10:06:40,786 [WARN] PackLoader:240 - Cannot read IP mode file for WES.I-CUBE-Cesium.1.3.0
2026-06-14 10:06:40,790 [WARN] PackLoader:240 - Cannot read IP mode file for STMicroelectronics.X-CUBE-BLE2.3.3.0
2026-06-14 10:06:40,796 [WARN] PackLoader:240 - Cannot read IP mode file for STMicroelectronics.X-CUBE-NFC9.1.0.0
2026-06-14 10:06:40,800 [WARN] PackLoader:240 - Cannot read IP mode file for wolfSSL.I-CUBE-wolfSSL.5.8.0
2026-06-14 10:06:40,804 [WARN] PackLoader:240 - Cannot read IP mode file for STMicroelectronics.X-CUBE-BLE1.7.1.0
2026-06-14 10:06:40,807 [WARN] PackLoader:240 - Cannot read IP mode file for wolfSSL.I-CUBE-wolfMQTT.1.19.2
2026-06-14 10:06:40,812 [WARN] PackLoader:240 - Cannot read IP mode file for STMicroelectronics.X-CUBE-FREERTOS.1.4.0
2026-06-14 10:06:40,817 [WARN] PackLoader:240 - Cannot read IP mode file for STMicroelectronics.X-CUBE-EEPRMA1.5.2.0
2026-06-14 10:06:40,821 [WARN] PackLoader:240 - Cannot read IP mode file for STMicroelectronics.X-CUBE-ST67W61.1.1.0
2026-06-14 10:06:40,824 [WARN] PackLoader:240 - Cannot read IP mode file for STMicroelectronics.X-CUBE-AI.10.1.0
2026-06-14 10:06:40,829 [WARN] PackLoader:240 - Cannot read IP mode file for STMicroelectronics.FP-SNS-STAIOTCFT.1.1.0
2026-06-14 10:06:40,851 [WARN] PackLoader:240 - Cannot read IP mode file for STMicroelectronics.X-CUBE-MEMS1.12.0.0
2026-06-14 10:06:40,916 [WARN] PackLoader:240 - Cannot read IP mode file for STMicroelectronics.X-CUBE-AZRTOS-G0.1.1.0
2026-06-14 10:06:40,922 [WARN] PackLoader:240 - Cannot read IP mode file for STMicroelectronics.X-CUBE-SAFEA1.1.2.2
2026-06-14 10:06:40,926 [WARN] PackLoader:240 - Cannot read IP mode file for STMicroelectronics.X-CUBE-NFC4.3.0.0
2026-06-14 10:06:40,934 [WARN] PackLoader:240 - Cannot read IP mode file for EmbeddedOffice.I-CUBE-FS-RTOS.1.0.1
2026-06-14 10:06:40,940 [WARN] PackLoader:240 - Cannot read IP mode file for STMicroelectronics.X-CUBE-WB05N.2.0.0
2026-06-14 10:06:40,944 [WARN] PackLoader:240 - Cannot read IP mode file for wolfSSL.I-CUBE-wolfTPM.3.8.0
2026-06-14 10:06:40,950 [WARN] PackLoader:240 - Cannot read IP mode file for STMicroelectronics.X-CUBE-TCPP.4.2.0
2026-06-14 10:06:40,956 [WARN] PackLoader:240 - Cannot read IP mode file for RealThread.X-CUBE-RT-Thread_Nano.4.1.1
2026-06-14 10:06:40,958 [WARN] PackLoader:240 - Cannot read IP mode file for STMicroelectronics.FP-ATR-SIGFOX1.3.2.0
2026-06-14 10:06:40,965 [WARN] PackLoader:240 - Cannot read IP mode file for STMicroelectronics.X-CUBE-EEPRMA1.5.1.0
2026-06-14 10:06:40,971 [WARN] PackLoader:240 - Cannot read IP mode file for ITTIA_DB.I-CUBE-ITTIADB.8.9.0
2026-06-14 10:06:40,974 [WARN] PackLoader:240 - Cannot read IP mode file for STMicroelectronics.X-CUBE-ST67W61.1.0.0
2026-06-14 10:06:40,978 [WARN] PackLoader:240 - Cannot read IP mode file for STMicroelectronics.X-CUBE-AI.10.2.0
2026-06-14 10:06:41,000 [WARN] PackLoader:240 - Cannot read IP mode file for STMicroelectronics.X-CUBE-MEMS1.12.1.0
2026-06-14 10:06:41,053 [WARN] PackLoader:240 - Cannot read IP mode file for SEGGER.I-CUBE-embOS.1.3.1
2026-06-14 10:06:41,082 [WARN] PackLoader:240 - Cannot read IP mode file for STMicroelectronics.X-CUBE-ALGOBUILD.1.4.0
2026-06-14 10:06:41,132 [WARN] PackLoader:240 - Cannot read IP mode file for STMicroelectronics.X-CUBE-MEMS1.11.3.0
2026-06-14 10:06:41,204 [WARN] PackLoader:240 - Cannot read IP mode file for STMicroelectronics.X-CUBE-NFC13.1.0.0
2026-06-14 10:06:41,209 [WARN] PackLoader:240 - Cannot read IP mode file for STMicroelectronics.X-CUBE-PM33A1.1.0.0
2026-06-14 10:06:41,221 [WARN] PackLoader:240 - Cannot read IP mode file for STMicroelectronics.X-CUBE-AZRTOS-F4.1.1.0
2026-06-14 10:06:41,226 [WARN] PackLoader:240 - Cannot read IP mode file for STMicroelectronics.X-CUBE-ISPU.2.1.0
2026-06-14 10:06:41,236 [WARN] PackLoader:240 - Cannot read IP mode file for STMicroelectronics.X-CUBE-IPS.3.2.0
2026-06-14 10:06:41,242 [WARN] PackLoader:240 - Cannot read IP mode file for STMicroelectronics.eDS-WB_DPC_TT-BIDIR.2.1.1
2026-06-14 10:06:41,247 [WARN] PackLoader:240 - Cannot read IP mode file for STMicroelectronics.X-CUBE-NFC12.1.0.0
2026-06-14 10:06:41,260 [WARN] PackLoader:240 - Cannot read IP mode file for STMicroelectronics.X-CUBE-AZRTOS-L5.2.0.0
2026-06-14 10:06:41,267 [WARN] PackLoader:240 - Cannot read IP mode file for STMicroelectronics.X-CUBE-NFC6.3.1.0
2026-06-14 10:06:41,319 [WARN] PackLoader:240 - Cannot read IP mode file for STMicroelectronics.X-CUBE-ALGOBUILD.1.5.0
2026-06-14 10:06:41,323 [WARN] PackLoader:240 - Cannot read IP mode file for STMicroelectronics.eDS-WB_DPC_VIENNA.1.2.0
2026-06-14 10:06:41,327 [WARN] PackLoader:240 - Cannot read IP mode file for STMicroelectronics.eDS-WB_DPC_3PH2L-BIDIR.1.1.1
2026-06-14 10:06:41,329 [ERROR] Engine:466 - C:\Users\elena\.stm32cubemx\thirdparties\pdsc\STMicroelectronics.X-CUBE-ST67W61.1.3.0.pdsc: PDSC version is not supported
2026-06-14 10:06:41,333 [WARN] PackLoader:240 - Cannot read IP mode file for STMicroelectronics.X-CUBE-FREERTOS.1.3.1
2026-06-14 10:06:41,338 [WARN] PackLoader:240 - Cannot read IP mode file for STMicroelectronics.X-CUBE-TOUCHGFX.4.26.0
2026-06-14 10:06:41,340 [WARN] PackLoader:240 - Cannot read IP mode file for STMicroelectronics.X-CUBE-TOUCHGFX.4.26.1
2026-06-14 10:06:41,345 [WARN] PackLoader:240 - Cannot read IP mode file for STMicroelectronics.FP-SNS-STAIOTCFT.1.0.0
2026-06-14 10:06:41,350 [WARN] PackLoader:240 - Cannot read IP mode file for STMicroelectronics.X-CUBE-DPower.1.3.0
2026-06-14 10:06:41,361 [WARN] ConditionMgr:438 - getConditionDescription Invalid condition id : LAN8742 Phy interface Condition cause : null
2026-06-14 10:06:41,362 [WARN] PackLoader:240 - Cannot read IP mode file for STMicroelectronics.X-CUBE-AZRTOS-L4.2.0.0
2026-06-14 10:06:41,363 [WARN] ConditionMgr:1044 - genDependencies : Invalid condition id : LAN8742 Phy interface Condition cause : null
2026-06-14 10:06:41,363 [WARN] ConditionMgr:1044 - genDependencies : Invalid condition id : LAN8742 Phy interface Condition cause : null
2026-06-14 10:06:41,363 [WARN] ConditionMgr:1044 - genDependencies : Invalid condition id : LAN8742 Phy interface Condition cause : null
2026-06-14 10:06:41,368 [WARN] PackLoader:240 - Cannot read IP mode file for STMicroelectronics.X-CUBE-SFXS2LP1.4.0.0
2026-06-14 10:06:41,371 [WARN] PackLoader:240 - Cannot read IP mode file for STMicroelectronics.X-CUBE-WB05N.2.1.0
2026-06-14 10:06:41,383 [WARN] PackLoader:240 - Cannot read IP mode file for STMicroelectronics.X-CUBE-AZRTOS-H7.3.3.0
2026-06-14 10:06:41,389 [WARN] PackLoader:240 - Cannot read IP mode file for STMicroelectronics.X-CUBE-BLEMGR.4.1.0
2026-06-14 10:06:41,397 [WARN] ConditionMgr:438 - getConditionDescription Invalid condition id : UX DEVICE CLASS RTOS Condition cause : null
2026-06-14 10:06:41,397 [WARN] ConditionMgr:438 - getConditionDescription Invalid condition id : UX DEVICE CLASS RTOS Condition cause : null
2026-06-14 10:06:41,398 [WARN] PackLoader:240 - Cannot read IP mode file for STMicroelectronics.X-CUBE-AZRTOS-WB.2.0.0
2026-06-14 10:06:41,398 [WARN] ConditionMgr:1044 - genDependencies : Invalid condition id : UX DEVICE CLASS RTOS Condition cause : null
2026-06-14 10:06:41,398 [WARN] ConditionMgr:1044 - genDependencies : Invalid condition id : UX DEVICE CLASS RTOS Condition cause : null
2026-06-14 10:06:41,398 [WARN] ConditionMgr:1044 - genDependencies : Invalid condition id : UX DEVICE CLASS RTOS Condition cause : null
2026-06-14 10:06:41,398 [WARN] ConditionMgr:1044 - genDependencies : Invalid condition id : UX DEVICE CLASS RTOS Condition cause : null
2026-06-14 10:06:41,398 [WARN] ConditionMgr:1044 - genDependencies : Invalid condition id : UX DEVICE CLASS RTOS Condition cause : null
2026-06-14 10:06:41,402 [WARN] PackLoader:240 - Cannot read IP mode file for STMicroelectronics.X-CUBE-GNSS1.7.0.1
2026-06-14 10:06:41,406 [WARN] PackLoader:240 - Cannot read IP mode file for STMicroelectronics.X-CUBE-TOUCHGFX.4.25.0
2026-06-14 10:06:41,408 [WARN] PackLoader:240 - Cannot read IP mode file for STMicroelectronics.FP-SNS-STBOX1.2.0.0
2026-06-14 10:06:41,415 [WARN] PackLoader:240 - Cannot read IP mode file for STMicroelectronics.X-CUBE-STSE01.2.0.0
2026-06-14 10:06:41,428 [WARN] PackLoader:240 - Cannot read IP mode file for STMicroelectronics.X-CUBE-SUBG2.5.0.0
2026-06-14 10:06:41,440 [WARN] PackLoader:240 - Cannot read IP mode file for STMicroelectronics.X-CUBE-AZRTOS-H7RS.1.1.0
2026-06-14 10:06:41,446 [WARN] PackLoader:240 - Cannot read IP mode file for Cesanta.I-CUBE-Mongoose.7.13.0
2026-06-14 10:06:41,453 [WARN] PackLoader:240 - Cannot read IP mode file for STMicroelectronics.X-CUBE-AZRTOS-G4.2.0.0
2026-06-14 10:06:41,457 [WARN] PackLoader:240 - Cannot read IP mode file for wolfSSL.I-CUBE-wolfSSH.1.4.20
2026-06-14 10:06:41,460 [WARN] PackLoader:240 - Cannot read IP mode file for STMicroelectronics.X-CUBE-NFC7.2.0.0
2026-06-14 10:06:41,466 [WARN] PackLoader:240 - Cannot read IP mode file for STMicroelectronics.X-CUBE-IPS.3.1.0
2026-06-14 10:06:41,472 [WARN] PackLoader:240 - Cannot read IP mode file for STMicroelectronics.X-CUBE-ALS.1.0.2
2026-06-14 10:06:41,476 [WARN] PackLoader:240 - Cannot read IP mode file for STMicroelectronics.X-CUBE-STSE01.1.0.0
2026-06-14 10:06:41,480 [WARN] PackLoader:240 - Cannot read IP mode file for portGmbH.I-Cube-SoM-uGOAL.1.1.0
2026-06-14 10:06:41,486 [WARN] PackLoader:240 - Cannot read IP mode file for STMicroelectronics.X-CUBE-TOF1.3.4.3
2026-06-14 10:06:41,490 [INFO] ThirdParty:978 - Integrity check success = true
2026-06-14 10:06:41,490 [INFO] IntegrityCheckThread:100 - exiting critical section [integrity check]
2026-06-14 10:06:41,491 [INFO] IntegrityCheckThread:103 - End integrity checks thread
2026-06-14 10:06:41,780 [ERROR] LogOutputStream:75 - [STDERR_REDIRECT] [Fatal Error] :1:1: Premature end of file.
2026-06-14 10:06:41,780 [ERROR] LogOutputStream:75 - [STDERR_REDIRECT] 
2026-06-14 10:06:42,785 [ERROR] LogOutputStream:75 - [STDERR_REDIRECT] [Fatal Error] :1:1: Premature end of file.
2026-06-14 10:06:42,786 [ERROR] LogOutputStream:75 - [STDERR_REDIRECT] 
2026-06-14 10:06:43,781 [ERROR] LogOutputStream:75 - [STDERR_REDIRECT] [Fatal Error] :1:1: Premature end of file.
2026-06-14 10:06:43,781 [ERROR] LogOutputStream:75 - [STDERR_REDIRECT] 
2026-06-14 10:06:44,790 [ERROR] LogOutputStream:75 - [STDERR_REDIRECT] [Fatal Error] :1:1: Premature end of file.
2026-06-14 10:06:44,790 [ERROR] LogOutputStream:75 - [STDERR_REDIRECT] 
2026-06-14 10:06:45,787 [ERROR] LogOutputStream:75 - [STDERR_REDIRECT] [Fatal Error] :1:1: Premature end of file.
2026-06-14 10:06:45,787 [ERROR] LogOutputStream:75 - [STDERR_REDIRECT] 
2026-06-14 10:06:46,784 [ERROR] LogOutputStream:75 - [STDERR_REDIRECT] [Fatal Error] :1:1: Premature end of file.
2026-06-14 10:06:46,784 [ERROR] LogOutputStream:75 - [STDERR_REDIRECT] 
2026-06-14 10:06:47,786 [ERROR] LogOutputStream:75 - [STDERR_REDIRECT] [Fatal Error] :1:1: Premature end of file.
2026-06-14 10:06:47,786 [ERROR] LogOutputStream:75 - [STDERR_REDIRECT] 
2026-06-14 10:06:48,780 [ERROR] LogOutputStream:75 - [STDERR_REDIRECT] [Fatal Error] :1:1: Premature end of file.
2026-06-14 10:06:48,780 [ERROR] LogOutputStream:75 - [STDERR_REDIRECT] 
2026-06-14 10:06:49,789 [ERROR] LogOutputStream:75 - [STDERR_REDIRECT] [Fatal Error] :1:1: Premature end of file.
2026-06-14 10:06:49,789 [ERROR] LogOutputStream:75 - [STDERR_REDIRECT] 
2026-06-14 10:06:50,787 [ERROR] LogOutputStream:75 - [STDERR_REDIRECT] [Fatal Error] :1:1: Premature end of file.
2026-06-14 10:06:50,787 [ERROR] LogOutputStream:75 - [STDERR_REDIRECT] 
2026-06-14 10:06:51,788 [ERROR] LogOutputStream:75 - [STDERR_REDIRECT] [Fatal Error] :1:1: Premature end of file.
2026-06-14 10:06:51,788 [ERROR] LogOutputStream:75 - [STDERR_REDIRECT] 
2026-06-14 10:06:52,785 [ERROR] LogOutputStream:75 - [STDERR_REDIRECT] [Fatal Error] :1:1: Premature end of file.
2026-06-14 10:06:52,785 [ERROR] LogOutputStream:75 - [STDERR_REDIRECT] 
2026-06-14 10:06:53,775 [ERROR] LogOutputStream:75 - [STDERR_REDIRECT] [Fatal Error] :1:1: Premature end of file.
2026-06-14 10:06:53,776 [ERROR] LogOutputStream:75 - [STDERR_REDIRECT] 
2026-06-14 10:06:54,780 [ERROR] LogOutputStream:75 - [STDERR_REDIRECT] [Fatal Error] :1:1: Premature end of file.
2026-06-14 10:06:54,780 [ERROR] LogOutputStream:75 - [STDERR_REDIRECT] 
2026-06-14 10:06:55,782 [ERROR] LogOutputStream:75 - [STDERR_REDIRECT] [Fatal Error] :1:1: Premature end of file.
2026-06-14 10:06:55,782 [ERROR] LogOutputStream:75 - [STDERR_REDIRECT] 
2026-06-14 10:06:56,788 [ERROR] LogOutputStream:75 - [STDERR_REDIRECT] [Fatal Error] :1:1: Premature end of file.
2026-06-14 10:06:56,788 [ERROR] LogOutputStream:75 - [STDERR_REDIRECT] 
2026-06-14 10:06:57,789 [ERROR] LogOutputStream:75 - [STDERR_REDIRECT] [Fatal Error] :1:1: Premature end of file.
2026-06-14 10:06:57,789 [ERROR] LogOutputStream:75 - [STDERR_REDIRECT] 
2026-06-14 10:06:58,787 [ERROR] LogOutputStream:75 - [STDERR_REDIRECT] [Fatal Error] :1:1: Premature end of file.
2026-06-14 10:06:58,787 [ERROR] LogOutputStream:75 - [STDERR_REDIRECT] 
2026-06-14 10:06:59,791 [ERROR] LogOutputStream:75 - [STDERR_REDIRECT] [Fatal Error] :1:1: Premature end of file.
2026-06-14 10:06:59,791 [ERROR] LogOutputStream:75 - [STDERR_REDIRECT] 
2026-06-14 10:07:00,784 [ERROR] LogOutputStream:75 - [STDERR_REDIRECT] [Fatal Error] :1:1: Premature end of file.
2026-06-14 10:07:00,784 [ERROR] LogOutputStream:75 - [STDERR_REDIRECT] 
2026-06-14 10:07:01,781 [ERROR] LogOutputStream:75 - [STDERR_REDIRECT] [Fatal Error] :1:1: Premature end of file.
2026-06-14 10:07:01,781 [ERROR] LogOutputStream:75 - [STDERR_REDIRECT] 
2026-06-14 10:07:02,787 [ERROR] LogOutputStream:75 - [STDERR_REDIRECT] [Fatal Error] :1:1: Premature end of file.
2026-06-14 10:07:02,787 [ERROR] LogOutputStream:75 - [STDERR_REDIRECT] 
2026-06-14 10:07:03,780 [ERROR] LogOutputStream:75 - [STDERR_REDIRECT] [Fatal Error] :1:1: Premature end of file.
2026-06-14 10:07:03,780 [ERROR] LogOutputStream:75 - [STDERR_REDIRECT] 
2026-06-14 10:07:04,787 [ERROR] LogOutputStream:75 - [STDERR_REDIRECT] [Fatal Error] :1:1: Premature end of file.
2026-06-14 10:07:04,787 [ERROR] LogOutputStream:75 - [STDERR_REDIRECT] 
2026-06-14 10:07:05,785 [ERROR] LogOutputStream:75 - [STDERR_REDIRECT] [Fatal Error] :1:1: Premature end of file.
2026-06-14 10:07:05,785 [ERROR] LogOutputStream:75 - [STDERR_REDIRECT] 
2026-06-14 10:07:06,782 [ERROR] LogOutputStream:75 - [STDERR_REDIRECT] [Fatal Error] :1:1: Premature end of file.
2026-06-14 10:07:06,782 [ERROR] LogOutputStream:75 - [STDERR_REDIRECT] 
2026-06-14 10:07:07,791 [ERROR] LogOutputStream:75 - [STDERR_REDIRECT] [Fatal Error] :1:1: Premature end of file.
2026-06-14 10:07:07,791 [ERROR] LogOutputStream:75 - [STDERR_REDIRECT] 
2026-06-14 10:07:08,805 [ERROR] LogOutputStream:75 - [STDERR_REDIRECT] [Fatal Error] :1:1: Premature end of file.
2026-06-14 10:07:08,805 [ERROR] LogOutputStream:75 - [STDERR_REDIRECT] 
2026-06-14 10:07:09,788 [ERROR] LogOutputStream:75 - [STDERR_REDIRECT] [Fatal Error] :1:1: Premature end of file.
2026-06-14 10:07:09,788 [ERROR] LogOutputStream:75 - [STDERR_REDIRECT] 
2026-06-14 10:07:10,787 [ERROR] LogOutputStream:75 - [STDERR_REDIRECT] [Fatal Error] :1:1: Premature end of file.
2026-06-14 10:07:10,787 [ERROR] LogOutputStream:75 - [STDERR_REDIRECT] 
2026-06-14 10:07:11,777 [ERROR] LogOutputStream:75 - [STDERR_REDIRECT] [Fatal Error] :1:1: Premature end of file.
2026-06-14 10:07:11,777 [ERROR] LogOutputStream:75 - [STDERR_REDIRECT] 
2026-06-14 10:07:12,784 [ERROR] LogOutputStream:75 - [STDERR_REDIRECT] [Fatal Error] :1:1: Premature end of file.
2026-06-14 10:07:12,784 [ERROR] LogOutputStream:75 - [STDERR_REDIRECT] 
2026-06-14 10:07:13,792 [ERROR] LogOutputStream:75 - [STDERR_REDIRECT] [Fatal Error] :1:1: Premature end of file.
2026-06-14 10:07:13,792 [ERROR] LogOutputStream:75 - [STDERR_REDIRECT] 
2026-06-14 10:07:14,783 [ERROR] LogOutputStream:75 - [STDERR_REDIRECT] [Fatal Error] :1:1: Premature end of file.
2026-06-14 10:07:14,783 [ERROR] LogOutputStream:75 - [STDERR_REDIRECT] 
2026-06-14 10:07:15,779 [ERROR] LogOutputStream:75 - [STDERR_REDIRECT] [Fatal Error] :1:1: Premature end of file.
2026-06-14 10:07:15,779 [ERROR] LogOutputStream:75 - [STDERR_REDIRECT] 
2026-06-14 10:07:16,781 [ERROR] LogOutputStream:75 - [STDERR_REDIRECT] [Fatal Error] :1:1: Premature end of file.
2026-06-14 10:07:16,781 [ERROR] LogOutputStream:75 - [STDERR_REDIRECT] 
2026-06-14 10:07:17,782 [ERROR] LogOutputStream:75 - [STDERR_REDIRECT] [Fatal Error] :1:1: Premature end of file.
2026-06-14 10:07:17,782 [ERROR] LogOutputStream:75 - [STDERR_REDIRECT] 
2026-06-14 10:07:18,785 [ERROR] LogOutputStream:75 - [STDERR_REDIRECT] [Fatal Error] :1:1: Premature end of file.
2026-06-14 10:07:18,785 [ERROR] LogOutputStream:75 - [STDERR_REDIRECT] 
2026-06-14 10:07:19,783 [ERROR] LogOutputStream:75 - [STDERR_REDIRECT] [Fatal Error] :1:1: Premature end of file.
2026-06-14 10:07:19,783 [ERROR] LogOutputStream:75 - [STDERR_REDIRECT] 
2026-06-14 10:07:20,785 [ERROR] LogOutputStream:75 - [STDERR_REDIRECT] [Fatal Error] :1:1: Premature end of file.
2026-06-14 10:07:20,785 [ERROR] LogOutputStream:75 - [STDERR_REDIRECT] 
2026-06-14 10:07:21,784 [ERROR] LogOutputStream:75 - [STDERR_REDIRECT] [Fatal Error] :1:1: Premature end of file.
2026-06-14 10:07:21,784 [ERROR] LogOutputStream:75 - [STDERR_REDIRECT] 
2026-06-14 10:07:22,790 [ERROR] LogOutputStream:75 - [STDERR_REDIRECT] [Fatal Error] :1:1: Premature end of file.
2026-06-14 10:07:22,790 [ERROR] LogOutputStream:75 - [STDERR_REDIRECT] 
2026-06-14 10:07:23,784 [ERROR] LogOutputStream:75 - [STDERR_REDIRECT] [Fatal Error] :1:1: Premature end of file.
2026-06-14 10:07:23,784 [ERROR] LogOutputStream:75 - [STDERR_REDIRECT] 
2026-06-14 10:07:24,788 [ERROR] LogOutputStream:75 - [STDERR_REDIRECT] [Fatal Error] :1:1: Premature end of file.
2026-06-14 10:07:24,788 [ERROR] LogOutputStream:75 - [STDERR_REDIRECT] 
2026-06-14 10:07:25,789 [ERROR] LogOutputStream:75 - [STDERR_REDIRECT] [Fatal Error] :1:1: Premature end of file.
2026-06-14 10:07:25,789 [ERROR] LogOutputStream:75 - [STDERR_REDIRECT] 
2026-06-14 10:07:26,784 [ERROR] LogOutputStream:75 - [STDERR_REDIRECT] [Fatal Error] :1:1: Premature end of file.
2026-06-14 10:07:26,784 [ERROR] LogOutputStream:75 - [STDERR_REDIRECT] 
2026-06-14 10:07:27,785 [ERROR] LogOutputStream:75 - [STDERR_REDIRECT] [Fatal Error] :1:1: Premature end of file.
2026-06-14 10:07:27,785 [ERROR] LogOutputStream:75 - [STDERR_REDIRECT] 
2026-06-14 10:07:28,788 [ERROR] LogOutputStream:75 - [STDERR_REDIRECT] [Fatal Error] :1:1: Premature end of file.
2026-06-14 10:07:28,790 [ERROR] LogOutputStream:75 - [STDERR_REDIRECT] 
2026-06-14 10:07:29,784 [ERROR] LogOutputStream:75 - [STDERR_REDIRECT] [Fatal Error] :1:1: Premature end of file.
2026-06-14 10:07:29,784 [ERROR] LogOutputStream:75 - [STDERR_REDIRECT] 
2026-06-14 10:07:30,123 [ERROR] LogOutputStream:75 - [STDERR_REDIRECT] 
2026-06-14 10:07:30,124 [ERROR] LogOutputStream:75 - [STDERR_REDIRECT] 
2026-06-14 10:08:54,296 [INFO] Activator:176 - 


2026-06-14 10:08:54,296 [INFO] Activator:177 - !SESSION log4j initialized
2026-06-14 10:08:58,072 [INFO] LogOutputStream:77 - [STDOUT_REDIRECT] 
2026-06-14 10:08:58,525 [ERROR] LogOutputStream:75 - [STDERR_REDIRECT] [Fatal Error] :1:1: Premature end of file.
2026-06-14 10:08:58,526 [ERROR] LogOutputStream:75 - [STDERR_REDIRECT] 
2026-06-14 10:08:58,961 [INFO] ApplicationProperties:184 - Using Application install path: C:\ST\STM32CubeIDE_1.18.1\STM32CubeIDE\plugins\com.st.stm32cube.common.mx_6.15.0.202507011659
2026-06-14 10:08:58,973 [INFO] DbMcusXml:78 - Set database path to: C:\ST\STM32CubeIDE_1.18.1\STM32CubeIDE\plugins\com.st.stm32cube.common.mx_6.15.0.202507011659\\db\/mcu/
2026-06-14 10:08:58,973 [INFO] ApiDb:274 - Set plugin database path to: C:\ST\STM32CubeIDE_1.18.1\STM32CubeIDE\plugins\com.st.stm32cube.common.mx_6.15.0.202507011659\\db\/plugins/boardmanager/
2026-06-14 10:08:58,973 [WARN] ApiDb:259 - Overriding images path with different value:  => C:\ST\STM32CubeIDE_1.18.1\STM32CubeIDE\plugins\com.st.stm32cube.common.mx_6.15.0.202507011659\\db\/plugins/mcufinder/images/
2026-06-14 10:08:58,978 [INFO] ApiDb:250 - Set database path to: C:\Users\elena\.stmcufinder\plugins\mcufinder//mcu/
2026-06-14 10:08:58,981 [INFO] DbMcusAds:125 - Set database path to: C:\Users\elena\.stmcufinder\plugins\mcufinder//mcu/
2026-06-14 10:08:58,982 [INFO] CrossReferenceDbSqlite:203 - Set database path to: C:\Users\elena\.stmcufinder\plugins\mcufinder//mcu/cs/
2026-06-14 10:08:59,062 [INFO] RulesReader:64 - Compatibility file has been processed (317 Rules)
2026-06-14 10:08:59,122 [INFO] DbMcusXml:78 - Set database path to: C:\ST\STM32CubeIDE_1.18.1\STM32CubeIDE\plugins\com.st.stm32cube.common.mx_6.15.0.202507011659\\db\/mcu/
2026-06-14 10:08:59,124 [INFO] ApiDb:274 - Set plugin database path to: C:\ST\STM32CubeIDE_1.18.1\STM32CubeIDE\plugins\com.st.stm32cube.common.mx_6.15.0.202507011659\\db\/plugins/boardmanager/
2026-06-14 10:08:59,124 [INFO] ApiDb:261 - Set plugin images path to: C:\ST\STM32CubeIDE_1.18.1\STM32CubeIDE\plugins\com.st.stm32cube.common.mx_6.15.0.202507011659\\db\/plugins/mcufinder/images/
2026-06-14 10:08:59,124 [WARN] DbFile:41 - Overriding database path with different value: C:\Users\elena\.stmcufinder\plugins\mcufinder/ => C:\Users\elena\.stmcufinder\plugins\mcufinder
2026-06-14 10:08:59,124 [INFO] ApiDb:250 - Set database path to: C:\Users\elena\.stmcufinder\plugins\mcufinder//mcu/
2026-06-14 10:08:59,124 [WARN] DbFile:41 - Overriding database path with different value: C:\Users\elena\.stmcufinder\plugins\mcufinder/ => C:\Users\elena\.stmcufinder\plugins\mcufinder
2026-06-14 10:08:59,124 [INFO] DbMcusAds:125 - Set database path to: C:\Users\elena\.stmcufinder\plugins\mcufinder//mcu/
2026-06-14 10:08:59,124 [WARN] DbFile:41 - Overriding database path with different value: C:\Users\elena\.stmcufinder\plugins\mcufinder/ => C:\Users\elena\.stmcufinder\plugins\mcufinder
2026-06-14 10:08:59,124 [WARN] DbFile:41 - Overriding database path with different value: C:\Users\elena\.stmcufinder\plugins\mcufinder/ => C:\Users\elena\.stmcufinder\plugins\mcufinder
2026-06-14 10:08:59,124 [INFO] CrossReferenceDbSqlite:203 - Set database path to: C:\Users\elena\.stmcufinder\plugins\mcufinder//mcu/cs/
2026-06-14 10:08:59,187 [INFO] MainPanel:274 - HeapMemory: 268435456
2026-06-14 10:08:59,254 [INFO] DbMcusXml:78 - Set database path to: C:\ST\STM32CubeIDE_1.18.1\STM32CubeIDE\plugins\com.st.stm32cube.common.mx_6.15.0.202507011659\\db\/mcu/
2026-06-14 10:08:59,254 [INFO] ApiDb:274 - Set plugin database path to: C:\ST\STM32CubeIDE_1.18.1\STM32CubeIDE\plugins\com.st.stm32cube.common.mx_6.15.0.202507011659\\db\/plugins/boardmanager/
2026-06-14 10:08:59,254 [INFO] ApiDb:261 - Set plugin images path to: C:\ST\STM32CubeIDE_1.18.1\STM32CubeIDE\plugins\com.st.stm32cube.common.mx_6.15.0.202507011659\\db\/plugins/mcufinder/images/
2026-06-14 10:08:59,254 [WARN] DbFile:41 - Overriding database path with different value: C:\Users\elena\.stmcufinder\plugins\mcufinder/ => C:\Users\elena\.stmcufinder\plugins\mcufinder
2026-06-14 10:08:59,255 [INFO] ApiDb:250 - Set database path to: C:\Users\elena\.stmcufinder\plugins\mcufinder//mcu/
2026-06-14 10:08:59,255 [WARN] DbFile:41 - Overriding database path with different value: C:\Users\elena\.stmcufinder\plugins\mcufinder/ => C:\Users\elena\.stmcufinder\plugins\mcufinder
2026-06-14 10:08:59,255 [INFO] DbMcusAds:125 - Set database path to: C:\Users\elena\.stmcufinder\plugins\mcufinder//mcu/
2026-06-14 10:08:59,255 [WARN] DbFile:41 - Overriding database path with different value: C:\Users\elena\.stmcufinder\plugins\mcufinder/ => C:\Users\elena\.stmcufinder\plugins\mcufinder
2026-06-14 10:08:59,255 [WARN] DbFile:41 - Overriding database path with different value: C:\Users\elena\.stmcufinder\plugins\mcufinder/ => C:\Users\elena\.stmcufinder\plugins\mcufinder
2026-06-14 10:08:59,255 [INFO] CrossReferenceDbSqlite:203 - Set database path to: C:\Users\elena\.stmcufinder\plugins\mcufinder//mcu/cs/
2026-06-14 10:08:59,273 [INFO] ApplicationProperties:184 - Using Application install path: C:\ST\STM32CubeIDE_1.18.1\STM32CubeIDE\plugins\com.st.stm32cube.common.mx_6.15.0.202507011659
2026-06-14 10:08:59,274 [INFO] PluginManage:196 - Search for loadable plugins [exclusion list=, ]
2026-06-14 10:08:59,275 [INFO] PluginManage:310 - Check plugin analytics
2026-06-14 10:08:59,443 [INFO] AnalyticsPlugin:253 - Accepted Software Licenses: 
2026-06-14 10:08:59,443 [INFO] AnalyticsPlugin:255 - Accepted CMSIS Pack Licenses: 
2026-06-14 10:08:59,443 [INFO] AnalyticsPlugin:257 - Accepted Firmware Licenses: 
2026-06-14 10:08:59,445 [INFO] PluginManage:359 - Loaded plugin analytics (category:tool,tabindex:-1)
2026-06-14 10:08:59,446 [INFO] PluginManage:310 - Check plugin cadmodel
2026-06-14 10:08:59,452 [INFO] CADModel:105 - Init CAD model plugin
2026-06-14 10:08:59,453 [INFO] PluginManage:359 - Loaded plugin cadmodel (category:power,tabindex:5)
2026-06-14 10:08:59,453 [INFO] PluginManage:310 - Check plugin clock
2026-06-14 10:08:59,459 [INFO] PluginManage:359 - Loaded plugin clock (category:base,tabindex:2)
2026-06-14 10:08:59,459 [INFO] PluginManage:310 - Check plugin ddr
2026-06-14 10:08:59,461 [INFO] PluginManage:359 - Loaded plugin ddr (category:tool,tabindex:6)
2026-06-14 10:08:59,461 [INFO] PluginManage:310 - Check plugin filemanager
2026-06-14 10:08:59,516 [ERROR] LogOutputStream:75 - [STDERR_REDIRECT] [Fatal Error] :1:1: Premature end of file.
2026-06-14 10:08:59,517 [ERROR] LogOutputStream:75 - [STDERR_REDIRECT] 
2026-06-14 10:08:59,581 [INFO] PluginManage:359 - Loaded plugin filemanager (category:base,tabindex:10)
2026-06-14 10:08:59,581 [INFO] PluginManage:310 - Check plugin ipmanager
2026-06-14 10:08:59,586 [INFO] PluginManage:359 - Loaded plugin ipmanager (category:base,tabindex:5)
2026-06-14 10:08:59,587 [INFO] PluginManage:310 - Check plugin lpbam
2026-06-14 10:08:59,594 [INFO] PluginManage:359 - Loaded plugin lpbam (category:base,tabindex:0)
2026-06-14 10:08:59,594 [INFO] PluginManage:310 - Check plugin memorymap
2026-06-14 10:08:59,605 [INFO] PluginManage:359 - Loaded plugin memorymap (category:base,tabindex:4)
2026-06-14 10:08:59,605 [INFO] PluginManage:310 - Check plugin pinoutandconfiguration
2026-06-14 10:08:59,610 [INFO] PluginManage:359 - Loaded plugin pinoutandconfiguration (category:base,tabindex:1)
2026-06-14 10:08:59,610 [INFO] PluginManage:310 - Check plugin pinoutconfig
2026-06-14 10:08:59,680 [WARN] SupportedApi:132 - Cannot load RTOS API schema: s4s-elt-must-match.1: The content of 'definitions' must match (annotation?, (simpleType | complexType)?, (unique | key | keyref)*)). A problem was found starting at: attribute.
2026-06-14 10:08:59,772 [INFO] PluginManage:359 - Loaded plugin pinoutconfig (category:base,tabindex:0)
2026-06-14 10:08:59,772 [INFO] PluginManage:310 - Check plugin power
2026-06-14 10:08:59,777 [INFO] PluginManage:359 - Loaded plugin power (category:power,tabindex:4)
2026-06-14 10:08:59,777 [INFO] PluginManage:310 - Check plugin projectmanager
2026-06-14 10:08:59,790 [INFO] PluginManage:359 - Loaded plugin projectmanager (category:projectmanager,tabindex:4)
2026-06-14 10:08:59,790 [INFO] PluginManage:310 - Check plugin rif
2026-06-14 10:08:59,798 [INFO] PluginManage:359 - Loaded plugin rif (category:base,tabindex:3)
2026-06-14 10:08:59,798 [INFO] PluginManage:310 - Check plugin thirdparty
2026-06-14 10:08:59,897 [INFO] PluginManage:359 - Loaded plugin thirdparty (category:base,tabindex:-1)
2026-06-14 10:08:59,897 [INFO] PluginManage:310 - Check plugin tools
2026-06-14 10:08:59,897 [WARN] IntegrityCheckThread:84 - waiting for thirdparty lock release [integrity check]
2026-06-14 10:08:59,897 [INFO] IntegrityCheckThread:86 - entering critical section [integrity check]
2026-06-14 10:08:59,897 [INFO] ThirdPartyUpdaterWithRetryManager:70 - Updater plugin not ready yet. [1/15]
2026-06-14 10:08:59,899 [INFO] PluginManage:359 - Loaded plugin tools (category:base,tabindex:7)
2026-06-14 10:08:59,900 [INFO] PluginManage:310 - Check plugin tutovideos
2026-06-14 10:09:00,042 [INFO] PluginManage:359 - Loaded plugin tutovideos (category:base,tabindex:-1)
2026-06-14 10:09:00,042 [INFO] PluginManage:310 - Check plugin updater
2026-06-14 10:09:00,059 [INFO] PluginManage:359 - Loaded plugin updater (category:base,tabindex:12)
2026-06-14 10:09:00,059 [INFO] PluginManage:310 - Check plugin userauth
2026-06-14 10:09:00,062 [INFO] UserAuth:118 - Init User Auth plugin
2026-06-14 10:09:00,062 [INFO] PluginManage:359 - Loaded plugin userauth (category:base,tabindex:14)
2026-06-14 10:09:00,063 [INFO] PluginManage:283 - PluginManage : Loaded plugins [18]
2026-06-14 10:09:00,206 [INFO] PinOutPanel:1589 - setPackage(No Configuration,No Configuration)
2026-06-14 10:09:00,273 [INFO] CADModel:165 - CPN selected for project level
2026-06-14 10:09:00,273 [INFO] CADModel:114 - Register for checkConnection events
2026-06-14 10:09:00,287 [INFO] IPUIPlugin:80 - create IPUIPlugin
2026-06-14 10:09:00,287 [INFO] PluginManager:220 - loadIPPluginJar : add adc
2026-06-14 10:09:00,290 [INFO] IPUIPlugin:80 - create IPUIPlugin
2026-06-14 10:09:00,290 [INFO] PluginManager:220 - loadIPPluginJar : add aes
2026-06-14 10:09:00,292 [INFO] IPUIPlugin:80 - create IPUIPlugin
2026-06-14 10:09:00,292 [INFO] PluginManager:220 - loadIPPluginJar : add can
2026-06-14 10:09:00,293 [INFO] IPUIPlugin:80 - create IPUIPlugin
2026-06-14 10:09:00,293 [INFO] PluginManager:220 - loadIPPluginJar : add comp
2026-06-14 10:09:00,295 [INFO] IPUIPlugin:80 - create IPUIPlugin
2026-06-14 10:09:00,295 [INFO] PluginManager:220 - loadIPPluginJar : add cryp
2026-06-14 10:09:00,298 [INFO] IPUIPlugin:80 - create IPUIPlugin
2026-06-14 10:09:00,298 [INFO] PluginManager:220 - loadIPPluginJar : add ddr_ctrl_phy
2026-06-14 10:09:00,301 [INFO] IPUIPlugin:80 - create IPUIPlugin
2026-06-14 10:09:00,301 [INFO] PluginManager:220 - loadIPPluginJar : add dfsdm
2026-06-14 10:09:00,305 [INFO] IPUIPlugin:80 - create IPUIPlugin
2026-06-14 10:09:00,306 [INFO] PluginManager:220 - loadIPPluginJar : add dma
2026-06-14 10:09:00,308 [INFO] IPUIPlugin:80 - create IPUIPlugin
2026-06-14 10:09:00,308 [INFO] PluginManager:220 - loadIPPluginJar : add dma3
2026-06-14 10:09:00,310 [INFO] IPUIPlugin:80 - create IPUIPlugin
2026-06-14 10:09:00,310 [INFO] PluginManager:220 - loadIPPluginJar : add extmemmanager
2026-06-14 10:09:00,311 [INFO] IPUIPlugin:80 - create IPUIPlugin
2026-06-14 10:09:00,311 [INFO] PluginManager:220 - loadIPPluginJar : add fatfs
2026-06-14 10:09:00,315 [INFO] IPUIPlugin:80 - create IPUIPlugin
2026-06-14 10:09:00,315 [INFO] PluginManager:220 - loadIPPluginJar : add fmc
2026-06-14 10:09:00,320 [INFO] IPUIPlugin:80 - create IPUIPlugin
2026-06-14 10:09:00,320 [INFO] PluginManager:220 - loadIPPluginJar : add freertos
2026-06-14 10:09:00,321 [INFO] IPUIPlugin:80 - create IPUIPlugin
2026-06-14 10:09:00,321 [INFO] PluginManager:220 - loadIPPluginJar : add genericplugin
2026-06-14 10:09:00,322 [INFO] IPUIPlugin:80 - create IPUIPlugin
2026-06-14 10:09:00,322 [INFO] PluginManager:220 - loadIPPluginJar : add gfxmmu
2026-06-14 10:09:00,325 [INFO] IPUIPlugin:80 - create IPUIPlugin
2026-06-14 10:09:00,325 [INFO] PluginManager:220 - loadIPPluginJar : add gic
2026-06-14 10:09:00,328 [INFO] IPUIPlugin:80 - create IPUIPlugin
2026-06-14 10:09:00,328 [INFO] PluginManager:220 - loadIPPluginJar : add gpio
2026-06-14 10:09:00,330 [INFO] IPUIPlugin:80 - create IPUIPlugin
2026-06-14 10:09:00,331 [INFO] PluginManager:220 - loadIPPluginJar : add gtzc
2026-06-14 10:09:00,333 [INFO] IPUIPlugin:80 - create IPUIPlugin
2026-06-14 10:09:00,333 [INFO] PluginManager:220 - loadIPPluginJar : add hash
2026-06-14 10:09:00,335 [INFO] IPUIPlugin:80 - create IPUIPlugin
2026-06-14 10:09:00,335 [INFO] PluginManager:220 - loadIPPluginJar : add i2c
2026-06-14 10:09:00,336 [INFO] IPUIPlugin:80 - create IPUIPlugin
2026-06-14 10:09:00,337 [INFO] PluginManager:220 - loadIPPluginJar : add i2s
2026-06-14 10:09:00,339 [INFO] IPUIPlugin:80 - create IPUIPlugin
2026-06-14 10:09:00,339 [INFO] PluginManager:220 - loadIPPluginJar : add i3c
2026-06-14 10:09:00,341 [INFO] IPUIPlugin:80 - create IPUIPlugin
2026-06-14 10:09:00,341 [INFO] PluginManager:220 - loadIPPluginJar : add ipddr
2026-06-14 10:09:00,347 [INFO] IPUIPlugin:80 - create IPUIPlugin
2026-06-14 10:09:00,347 [INFO] PluginManager:220 - loadIPPluginJar : add linkedlist
2026-06-14 10:09:00,350 [INFO] IPUIPlugin:80 - create IPUIPlugin
2026-06-14 10:09:00,350 [INFO] PluginManager:220 - loadIPPluginJar : add lorawan
2026-06-14 10:09:00,350 [INFO] IPUIPlugin:80 - create IPUIPlugin
2026-06-14 10:09:00,351 [INFO] PluginManager:220 - loadIPPluginJar : add ltdc
2026-06-14 10:09:00,355 [INFO] IPUIPlugin:80 - create IPUIPlugin
2026-06-14 10:09:00,356 [INFO] PluginManager:220 - loadIPPluginJar : add mdma
2026-06-14 10:09:00,358 [INFO] IPUIPlugin:80 - create IPUIPlugin
2026-06-14 10:09:00,358 [INFO] PluginManager:220 - loadIPPluginJar : add nvic
2026-06-14 10:09:00,361 [INFO] IPUIPlugin:80 - create IPUIPlugin
2026-06-14 10:09:00,361 [INFO] PluginManager:220 - loadIPPluginJar : add opamp
2026-06-14 10:09:00,364 [INFO] IPUIPlugin:80 - create IPUIPlugin
2026-06-14 10:09:00,364 [INFO] PluginManager:220 - loadIPPluginJar : add openamp
2026-06-14 10:09:00,367 [INFO] IPUIPlugin:80 - create IPUIPlugin
2026-06-14 10:09:00,367 [INFO] PluginManager:220 - loadIPPluginJar : add pdm2pcm
2026-06-14 10:09:00,372 [INFO] IPUIPlugin:80 - create IPUIPlugin
2026-06-14 10:09:00,373 [INFO] PluginManager:220 - loadIPPluginJar : add plateformsettings
2026-06-14 10:09:00,375 [INFO] IPUIPlugin:80 - create IPUIPlugin
2026-06-14 10:09:00,375 [INFO] PluginManager:220 - loadIPPluginJar : add quadspi
2026-06-14 10:09:00,376 [INFO] IPUIPlugin:80 - create IPUIPlugin
2026-06-14 10:09:00,376 [INFO] PluginManager:220 - loadIPPluginJar : add radio
2026-06-14 10:09:00,379 [INFO] IPUIPlugin:80 - create IPUIPlugin
2026-06-14 10:09:00,380 [INFO] PluginManager:220 - loadIPPluginJar : add resmgrutility
2026-06-14 10:09:00,383 [INFO] IPUIPlugin:80 - create IPUIPlugin
2026-06-14 10:09:00,383 [INFO] PluginManager:220 - loadIPPluginJar : add sai
2026-06-14 10:09:00,385 [INFO] IPUIPlugin:80 - create IPUIPlugin
2026-06-14 10:09:00,385 [INFO] PluginManager:220 - loadIPPluginJar : add spi
2026-06-14 10:09:00,389 [INFO] IPUIPlugin:80 - create IPUIPlugin
2026-06-14 10:09:00,389 [INFO] PluginManager:220 - loadIPPluginJar : add stm32_wpan
2026-06-14 10:09:00,389 [INFO] IPUIPlugin:80 - create IPUIPlugin
2026-06-14 10:09:00,389 [INFO] PluginManager:220 - loadIPPluginJar : add tim
2026-06-14 10:09:00,392 [INFO] IPUIPlugin:80 - create IPUIPlugin
2026-06-14 10:09:00,392 [INFO] PluginManager:220 - loadIPPluginJar : add touchsensing
2026-06-14 10:09:00,393 [INFO] IPUIPlugin:80 - create IPUIPlugin
2026-06-14 10:09:00,393 [INFO] PluginManager:220 - loadIPPluginJar : add tracer_emb
2026-06-14 10:09:00,394 [INFO] IPUIPlugin:80 - create IPUIPlugin
2026-06-14 10:09:00,394 [INFO] PluginManager:220 - loadIPPluginJar : add ts
2026-06-14 10:09:00,395 [INFO] IPUIPlugin:80 - create IPUIPlugin
2026-06-14 10:09:00,396 [INFO] PluginManager:220 - loadIPPluginJar : add tsc
2026-06-14 10:09:00,397 [INFO] IPUIPlugin:80 - create IPUIPlugin
2026-06-14 10:09:00,397 [INFO] PluginManager:220 - loadIPPluginJar : add ucpd
2026-06-14 10:09:00,399 [INFO] IPUIPlugin:80 - create IPUIPlugin
2026-06-14 10:09:00,399 [INFO] PluginManager:220 - loadIPPluginJar : add usart
2026-06-14 10:09:00,401 [INFO] IPUIPlugin:80 - create IPUIPlugin
2026-06-14 10:09:00,401 [INFO] PluginManager:220 - loadIPPluginJar : add usbx
2026-06-14 10:09:00,510 [FATAL] Updater:351 - Updater called before beeing initialized
2026-06-14 10:09:00,527 [ERROR] LogOutputStream:75 - [STDERR_REDIRECT] [Fatal Error] :1:1: Premature end of file.
2026-06-14 10:09:00,527 [ERROR] LogOutputStream:75 - [STDERR_REDIRECT] 
2026-06-14 10:09:00,534 [INFO] RulesReader:64 - Compatibility file has been processed (317 Rules)
2026-06-14 10:09:00,541 [INFO] RulesReader:64 - Compatibility file has been processed (317 Rules)
2026-06-14 10:09:00,547 [INFO] CADModel:165 - CPN selected for project level
2026-06-14 10:09:00,548 [INFO] CADModel:114 - Register for checkConnection events
2026-06-14 10:09:00,548 [FATAL] Updater:351 - Updater called before beeing initialized
2026-06-14 10:09:00,548 [ERROR] CADModel:125 - Updater not yet initialized, retry later 
2026-06-14 10:09:00,646 [FATAL] Updater:351 - Updater called before beeing initialized
2026-06-14 10:09:00,648 [INFO] CADModel:165 - CPN selected for project level
2026-06-14 10:09:00,648 [INFO] CADModel:114 - Register for checkConnection events
2026-06-14 10:09:00,648 [FATAL] Updater:351 - Updater called before beeing initialized
2026-06-14 10:09:00,648 [ERROR] CADModel:125 - Updater not yet initialized, retry later 
2026-06-14 10:09:00,650 [FATAL] Updater:351 - Updater called before beeing initialized
2026-06-14 10:09:00,732 [FATAL] Updater:351 - Updater called before beeing initialized
2026-06-14 10:09:00,735 [INFO] DbMcusAds:53 - JSON generation date=Fri May 29 02:08:17 AEST 2026 (1779984497073)
2026-06-14 10:09:00,735 [FATAL] Updater:351 - Updater called before beeing initialized
2026-06-14 10:09:00,757 [WARN] DetailPanel:346 - Failed to get advertising image, set to default
2026-06-14 10:09:00,830 [FATAL] Updater:351 - Updater called before beeing initialized
2026-06-14 10:09:00,832 [FATAL] Updater:351 - Updater called before beeing initialized
2026-06-14 10:09:00,832 [FATAL] Updater:351 - Updater called before beeing initialized
2026-06-14 10:09:00,832 [WARN] DetailPanel:346 - Failed to get advertising image, set to default
2026-06-14 10:09:00,833 [FATAL] Updater:351 - Updater called before beeing initialized
2026-06-14 10:09:00,864 [ERROR] Updater:1198 - MainUpdater not yet initialized. External WinMGr cannot be set.
2026-06-14 10:09:00,865 [INFO] Updater:1134 - Updater Version found : 6.15.0
2026-06-14 10:09:00,879 [INFO] ApplicationProperties:184 - Using Application install path: C:\ST\STM32CubeIDE_1.18.1\STM32CubeIDE\plugins\com.st.stm32cube.common.mx_6.15.0.202507011659
2026-06-14 10:09:01,506 [ERROR] LogOutputStream:75 - [STDERR_REDIRECT] [Fatal Error] :1:1: Premature end of file.
2026-06-14 10:09:01,506 [ERROR] LogOutputStream:75 - [STDERR_REDIRECT] 
2026-06-14 10:09:02,447 [ERROR] LogOutputStream:75 - [STDERR_REDIRECT] Jun 14, 2026 10:09:02 AM java.util.prefs.WindowsPreferences <init>
2026-06-14 10:09:02,449 [ERROR] LogOutputStream:75 - [STDERR_REDIRECT] WARNING: Could not open/create prefs root node Software\JavaSoft\Prefs at root 0xffffffff80000002. Windows RegCreateKeyEx(...) returned error code 5.
2026-06-14 10:09:02,449 [ERROR] LogOutputStream:75 - [STDERR_REDIRECT] 
2026-06-14 10:09:02,511 [ERROR] LogOutputStream:75 - [STDERR_REDIRECT] [Fatal Error] :1:1: Premature end of file.
2026-06-14 10:09:02,513 [ERROR] LogOutputStream:75 - [STDERR_REDIRECT] 
2026-06-14 10:09:02,634 [INFO] MainUpdater:2872 - connection check result : 10
2026-06-14 10:09:02,634 [INFO] MainUpdater:289 - Updater Check For Update Now.
2026-06-14 10:09:02,634 [INFO] MicroXplorer:498 - Change Database Version : DB.6.0.150
2026-06-14 10:09:02,641 [INFO] McuFinderGlobals:63 - Set McuFinder mode to 2 (CubeIDE integrated)
2026-06-14 10:09:02,642 [INFO] UserAuth:487 - Internet connection configuration mode: 1
2026-06-14 10:09:02,656 [INFO] JxBrowserEngine:152 - Initiate JxBrowser Engine with user profile folder
2026-06-14 10:09:02,799 [INFO] CheckServerUpdateThread:120 - End of CheckServer Thread
2026-06-14 10:09:03,201 [WARN] PackLoader:240 - Cannot read IP mode file for STMicroelectronics.X-CUBE-AZRTOS-H7.3.5.0
2026-06-14 10:09:03,210 [WARN] PackLoader:240 - Cannot read IP mode file for STMicroelectronics.FP-SNS-MOTENVWB1.1.4.0
2026-06-14 10:09:03,213 [INFO] WebApp:169 - Instantiating new browser for Auth
2026-06-14 10:09:03,216 [WARN] PackLoader:240 - Cannot read IP mode file for STMicroelectronics.FP-ATR-ASTRA1.2.0.2
2026-06-14 10:09:03,221 [ERROR] Engine:466 - C:\Users\elena\.stm32cubemx\thirdparties\pdsc\STMicroelectronics.X-CUBE-SMBUS.2.1.1.pdsc: PDSC version is not supported
2026-06-14 10:09:03,225 [WARN] PackLoader:240 - Cannot read IP mode file for STMicroelectronics.X-CUBE-SMBUS.2.1.0
2026-06-14 10:09:03,230 [WARN] PackLoader:240 - Cannot read IP mode file for STMicroelectronics.X-CUBE-ST60.1.0.0
2026-06-14 10:09:03,255 [WARN] PackLoader:240 - Cannot read IP mode file for STMicroelectronics.X-CUBE-AZRTOS-F7.1.1.0
2026-06-14 10:09:03,266 [WARN] PackLoader:240 - Cannot read IP mode file for STMicroelectronics.FP-SNS-MOTENV1.5.1.0
2026-06-14 10:09:03,290 [WARN] PackLoader:240 - Cannot read IP mode file for Infineon.AIROC-Wi-Fi-Bluetooth-STM32.1.7.0
2026-06-14 10:09:03,326 [WARN] PackLoader:240 - Cannot read IP mode file for STMicroelectronics.X-CUBE-AZRTOS-H7.3.4.0
2026-06-14 10:09:03,336 [WARN] PackLoader:240 - Cannot read IP mode file for STMicroelectronics.X-CUBE-DISPLAY.3.0.0
2026-06-14 10:09:03,347 [WARN] PackLoader:240 - Cannot read IP mode file for STMicroelectronics.X-CUBE-GNSS1.7.1.1
2026-06-14 10:09:03,374 [WARN] PackLoader:240 - Cannot read IP mode file for STMicroelectronics.X-CUBE-NFC10.1.0.0
2026-06-14 10:09:03,385 [WARN] PackLoader:240 - Cannot read IP mode file for STMicroelectronics.X-CUBE-BLEMGR.4.0.0
2026-06-14 10:09:03,390 [WARN] PackLoader:240 - Cannot read IP mode file for STMicroelectronics.X-CUBE-ST60.1.1.0
2026-06-14 10:09:03,396 [WARN] PackLoader:240 - Cannot read IP mode file for emotas.I-CUBE-CANOPEN.1.3.0
2026-06-14 10:09:03,400 [WARN] PackLoader:240 - Cannot read IP mode file for STMicroelectronics.X-CUBE-GNSS1.7.1.0
2026-06-14 10:09:03,406 [WARN] ConditionMgr:438 - getConditionDescription Invalid condition id : Cortex-A Device cause : null
2026-06-14 10:09:03,418 [WARN] ConditionMgr:1044 - genDependencies : Invalid condition id : Cortex-A Device cause : null
2026-06-14 10:09:03,418 [WARN] ConditionMgr:1044 - genDependencies : Invalid condition id : Cortex-A Device cause : null
2026-06-14 10:09:03,418 [WARN] ConditionMgr:1044 - genDependencies : Invalid condition id : Cortex-A Device cause : null
2026-06-14 10:09:03,424 [WARN] PackLoader:240 - Cannot read IP mode file for STMicroelectronics.FP-SNS-STBOX1.2.1.0
2026-06-14 10:09:03,430 [WARN] PackLoader:240 - Cannot read IP mode file for STMicroelectronics.FP-SNS-SMARTAG2.1.2.0
2026-06-14 10:09:03,433 [WARN] PackLoader:240 - Cannot read IP mode file for STMicroelectronics.FP-SNS-FLIGHT1.5.1.0
2026-06-14 10:09:03,439 [INFO] LogOutputStream:77 - [STDOUT_REDIRECT] 1 : Invalid condition id : UX_CORESTACK_Condition cause : null
2026-06-14 10:09:03,440 [INFO] LogOutputStream:77 - [STDOUT_REDIRECT] 1 : Invalid condition id : UX_CORESTACK_Condition cause : null
2026-06-14 10:09:03,440 [INFO] LogOutputStream:77 - [STDOUT_REDIRECT] 1 : Invalid condition id : UX_CORESTACK_Condition cause : null
2026-06-14 10:09:03,442 [INFO] LogOutputStream:77 - [STDOUT_REDIRECT] 1 : Invalid condition id : UX_CORESTACK_Condition cause : null
2026-06-14 10:09:03,443 [INFO] LogOutputStream:77 - [STDOUT_REDIRECT] 1 : Invalid condition id : UX_CORESTACK_Condition cause : null
2026-06-14 10:09:03,445 [WARN] PackLoader:240 - Cannot read IP mode file for STMicroelectronics.X-CUBE-AZRTOS-WL.2.0.0
2026-06-14 10:09:03,449 [WARN] PackLoader:240 - Cannot read IP mode file for STMicroelectronics.FP-SNS-MOTENV1.5.0.0
2026-06-14 10:09:03,459 [WARN] PackLoader:240 - Cannot read IP mode file for STMicroelectronics.X-CUBE-AZRTOS-H7RS.1.2.0
2026-06-14 10:09:03,466 [WARN] PackLoader:240 - Cannot read IP mode file for WES.I-CUBE-Cesium.1.3.0
2026-06-14 10:09:03,470 [WARN] PackLoader:240 - Cannot read IP mode file for STMicroelectronics.X-CUBE-BLE2.3.3.0
2026-06-14 10:09:03,473 [WARN] PackLoader:240 - Cannot read IP mode file for STMicroelectronics.X-CUBE-NFC9.1.0.0
2026-06-14 10:09:03,477 [WARN] PackLoader:240 - Cannot read IP mode file for wolfSSL.I-CUBE-wolfSSL.5.8.0
2026-06-14 10:09:03,481 [WARN] PackLoader:240 - Cannot read IP mode file for STMicroelectronics.X-CUBE-BLE1.7.1.0
2026-06-14 10:09:03,484 [WARN] PackLoader:240 - Cannot read IP mode file for wolfSSL.I-CUBE-wolfMQTT.1.19.2
2026-06-14 10:09:03,488 [WARN] PackLoader:240 - Cannot read IP mode file for STMicroelectronics.X-CUBE-FREERTOS.1.4.0
2026-06-14 10:09:03,494 [WARN] PackLoader:240 - Cannot read IP mode file for STMicroelectronics.X-CUBE-EEPRMA1.5.2.0
2026-06-14 10:09:03,500 [WARN] PackLoader:240 - Cannot read IP mode file for STMicroelectronics.X-CUBE-ST67W61.1.1.0
2026-06-14 10:09:03,503 [WARN] PackLoader:240 - Cannot read IP mode file for STMicroelectronics.X-CUBE-AI.10.1.0
2026-06-14 10:09:03,507 [WARN] PackLoader:240 - Cannot read IP mode file for STMicroelectronics.FP-SNS-STAIOTCFT.1.1.0
2026-06-14 10:09:03,515 [ERROR] LogOutputStream:75 - [STDERR_REDIRECT] [Fatal Error] :1:1: Premature end of file.
2026-06-14 10:09:03,516 [ERROR] LogOutputStream:75 - [STDERR_REDIRECT] 
2026-06-14 10:09:03,537 [WARN] PackLoader:240 - Cannot read IP mode file for STMicroelectronics.X-CUBE-MEMS1.12.0.0
2026-06-14 10:09:03,585 [WARN] PackLoader:240 - Cannot read IP mode file for STMicroelectronics.X-CUBE-AZRTOS-G0.1.1.0
2026-06-14 10:09:03,590 [WARN] PackLoader:240 - Cannot read IP mode file for STMicroelectronics.X-CUBE-SAFEA1.1.2.2
2026-06-14 10:09:03,594 [WARN] PackLoader:240 - Cannot read IP mode file for STMicroelectronics.X-CUBE-NFC4.3.0.0
2026-06-14 10:09:03,600 [WARN] PackLoader:240 - Cannot read IP mode file for EmbeddedOffice.I-CUBE-FS-RTOS.1.0.1
2026-06-14 10:09:03,603 [WARN] PackLoader:240 - Cannot read IP mode file for STMicroelectronics.X-CUBE-WB05N.2.0.0
2026-06-14 10:09:03,605 [WARN] PackLoader:240 - Cannot read IP mode file for wolfSSL.I-CUBE-wolfTPM.3.8.0
2026-06-14 10:09:03,608 [WARN] PackLoader:240 - Cannot read IP mode file for STMicroelectronics.X-CUBE-TCPP.4.2.0
2026-06-14 10:09:03,614 [WARN] PackLoader:240 - Cannot read IP mode file for RealThread.X-CUBE-RT-Thread_Nano.4.1.1
2026-06-14 10:09:03,617 [WARN] PackLoader:240 - Cannot read IP mode file for STMicroelectronics.FP-ATR-SIGFOX1.3.2.0
2026-06-14 10:09:03,620 [WARN] PackLoader:240 - Cannot read IP mode file for STMicroelectronics.X-CUBE-EEPRMA1.5.1.0
2026-06-14 10:09:03,625 [WARN] PackLoader:240 - Cannot read IP mode file for ITTIA_DB.I-CUBE-ITTIADB.8.9.0
2026-06-14 10:09:03,630 [WARN] PackLoader:240 - Cannot read IP mode file for STMicroelectronics.X-CUBE-ST67W61.1.0.0
2026-06-14 10:09:03,633 [WARN] PackLoader:240 - Cannot read IP mode file for STMicroelectronics.X-CUBE-AI.10.2.0
2026-06-14 10:09:03,658 [WARN] PackLoader:240 - Cannot read IP mode file for STMicroelectronics.X-CUBE-MEMS1.12.1.0
2026-06-14 10:09:03,713 [WARN] PackLoader:240 - Cannot read IP mode file for SEGGER.I-CUBE-embOS.1.3.1
2026-06-14 10:09:03,736 [WARN] PackLoader:240 - Cannot read IP mode file for STMicroelectronics.X-CUBE-ALGOBUILD.1.4.0
2026-06-14 10:09:03,768 [WARN] PackLoader:240 - Cannot read IP mode file for STMicroelectronics.X-CUBE-MEMS1.11.3.0
2026-06-14 10:09:03,852 [WARN] PackLoader:240 - Cannot read IP mode file for STMicroelectronics.X-CUBE-NFC13.1.0.0
2026-06-14 10:09:03,855 [WARN] PackLoader:240 - Cannot read IP mode file for STMicroelectronics.X-CUBE-PM33A1.1.0.0
2026-06-14 10:09:03,863 [WARN] PackLoader:240 - Cannot read IP mode file for STMicroelectronics.X-CUBE-AZRTOS-F4.1.1.0
2026-06-14 10:09:03,866 [WARN] PackLoader:240 - Cannot read IP mode file for STMicroelectronics.X-CUBE-ISPU.2.1.0
2026-06-14 10:09:03,872 [WARN] PackLoader:240 - Cannot read IP mode file for STMicroelectronics.X-CUBE-IPS.3.2.0
2026-06-14 10:09:03,877 [WARN] PackLoader:240 - Cannot read IP mode file for STMicroelectronics.eDS-WB_DPC_TT-BIDIR.2.1.1
2026-06-14 10:09:03,880 [WARN] PackLoader:240 - Cannot read IP mode file for STMicroelectronics.X-CUBE-NFC12.1.0.0
2026-06-14 10:09:03,898 [WARN] PackLoader:240 - Cannot read IP mode file for STMicroelectronics.X-CUBE-AZRTOS-L5.2.0.0
2026-06-14 10:09:03,904 [WARN] PackLoader:240 - Cannot read IP mode file for STMicroelectronics.X-CUBE-NFC6.3.1.0
2026-06-14 10:09:03,908 [WARN] PackLoader:240 - Cannot read IP mode file for STMicroelectronics.X-CUBE-ALGOBUILD.1.5.0
2026-06-14 10:09:03,910 [WARN] PackLoader:240 - Cannot read IP mode file for STMicroelectronics.eDS-WB_DPC_VIENNA.1.2.0
2026-06-14 10:09:03,913 [WARN] PackLoader:240 - Cannot read IP mode file for STMicroelectronics.eDS-WB_DPC_3PH2L-BIDIR.1.1.1
2026-06-14 10:09:03,914 [ERROR] Engine:466 - C:\Users\elena\.stm32cubemx\thirdparties\pdsc\STMicroelectronics.X-CUBE-ST67W61.1.3.0.pdsc: PDSC version is not supported
2026-06-14 10:09:03,917 [WARN] PackLoader:240 - Cannot read IP mode file for STMicroelectronics.X-CUBE-FREERTOS.1.3.1
2026-06-14 10:09:03,921 [WARN] PackLoader:240 - Cannot read IP mode file for STMicroelectronics.X-CUBE-TOUCHGFX.4.26.0
2026-06-14 10:09:03,924 [WARN] PackLoader:240 - Cannot read IP mode file for STMicroelectronics.X-CUBE-TOUCHGFX.4.26.1
2026-06-14 10:09:03,926 [WARN] PackLoader:240 - Cannot read IP mode file for STMicroelectronics.FP-SNS-STAIOTCFT.1.0.0
2026-06-14 10:09:03,930 [WARN] PackLoader:240 - Cannot read IP mode file for STMicroelectronics.X-CUBE-DPower.1.3.0
2026-06-14 10:09:03,938 [WARN] ConditionMgr:438 - getConditionDescription Invalid condition id : LAN8742 Phy interface Condition cause : null
2026-06-14 10:09:03,938 [WARN] PackLoader:240 - Cannot read IP mode file for STMicroelectronics.X-CUBE-AZRTOS-L4.2.0.0
2026-06-14 10:09:03,938 [WARN] ConditionMgr:1044 - genDependencies : Invalid condition id : LAN8742 Phy interface Condition cause : null
2026-06-14 10:09:03,938 [WARN] ConditionMgr:1044 - genDependencies : Invalid condition id : LAN8742 Phy interface Condition cause : null
2026-06-14 10:09:03,938 [WARN] ConditionMgr:1044 - genDependencies : Invalid condition id : LAN8742 Phy interface Condition cause : null
2026-06-14 10:09:03,944 [WARN] PackLoader:240 - Cannot read IP mode file for STMicroelectronics.X-CUBE-SFXS2LP1.4.0.0
2026-06-14 10:09:03,948 [WARN] PackLoader:240 - Cannot read IP mode file for STMicroelectronics.X-CUBE-WB05N.2.1.0
2026-06-14 10:09:03,958 [WARN] PackLoader:240 - Cannot read IP mode file for STMicroelectronics.X-CUBE-AZRTOS-H7.3.3.0
2026-06-14 10:09:03,966 [WARN] PackLoader:240 - Cannot read IP mode file for STMicroelectronics.X-CUBE-BLEMGR.4.1.0
2026-06-14 10:09:03,974 [WARN] ConditionMgr:438 - getConditionDescription Invalid condition id : UX DEVICE CLASS RTOS Condition cause : null
2026-06-14 10:09:03,974 [WARN] ConditionMgr:438 - getConditionDescription Invalid condition id : UX DEVICE CLASS RTOS Condition cause : null
2026-06-14 10:09:03,975 [WARN] PackLoader:240 - Cannot read IP mode file for STMicroelectronics.X-CUBE-AZRTOS-WB.2.0.0
2026-06-14 10:09:03,975 [WARN] ConditionMgr:1044 - genDependencies : Invalid condition id : UX DEVICE CLASS RTOS Condition cause : null
2026-06-14 10:09:03,976 [WARN] ConditionMgr:1044 - genDependencies : Invalid condition id : UX DEVICE CLASS RTOS Condition cause : null
2026-06-14 10:09:03,976 [WARN] ConditionMgr:1044 - genDependencies : Invalid condition id : UX DEVICE CLASS RTOS Condition cause : null
2026-06-14 10:09:03,976 [WARN] ConditionMgr:1044 - genDependencies : Invalid condition id : UX DEVICE CLASS RTOS Condition cause : null
2026-06-14 10:09:03,976 [WARN] ConditionMgr:1044 - genDependencies : Invalid condition id : UX DEVICE CLASS RTOS Condition cause : null
2026-06-14 10:09:03,980 [WARN] PackLoader:240 - Cannot read IP mode file for STMicroelectronics.X-CUBE-GNSS1.7.0.1
2026-06-14 10:09:03,983 [WARN] PackLoader:240 - Cannot read IP mode file for STMicroelectronics.X-CUBE-TOUCHGFX.4.25.0
2026-06-14 10:09:03,986 [WARN] PackLoader:240 - Cannot read IP mode file for STMicroelectronics.FP-SNS-STBOX1.2.0.0
2026-06-14 10:09:03,992 [WARN] PackLoader:240 - Cannot read IP mode file for STMicroelectronics.X-CUBE-STSE01.2.0.0
2026-06-14 10:09:04,002 [WARN] PackLoader:240 - Cannot read IP mode file for STMicroelectronics.X-CUBE-SUBG2.5.0.0
2026-06-14 10:09:04,016 [WARN] PackLoader:240 - Cannot read IP mode file for STMicroelectronics.X-CUBE-AZRTOS-H7RS.1.1.0
2026-06-14 10:09:04,024 [WARN] PackLoader:240 - Cannot read IP mode file for Cesanta.I-CUBE-Mongoose.7.13.0
2026-06-14 10:09:04,035 [WARN] PackLoader:240 - Cannot read IP mode file for STMicroelectronics.X-CUBE-AZRTOS-G4.2.0.0
2026-06-14 10:09:04,043 [WARN] PackLoader:240 - Cannot read IP mode file for wolfSSL.I-CUBE-wolfSSH.1.4.20
2026-06-14 10:09:04,048 [WARN] PackLoader:240 - Cannot read IP mode file for STMicroelectronics.X-CUBE-NFC7.2.0.0
2026-06-14 10:09:04,056 [WARN] PackLoader:240 - Cannot read IP mode file for STMicroelectronics.X-CUBE-IPS.3.1.0
2026-06-14 10:09:04,063 [WARN] PackLoader:240 - Cannot read IP mode file for STMicroelectronics.X-CUBE-ALS.1.0.2
2026-06-14 10:09:04,068 [WARN] PackLoader:240 - Cannot read IP mode file for STMicroelectronics.X-CUBE-STSE01.1.0.0
2026-06-14 10:09:04,075 [WARN] PackLoader:240 - Cannot read IP mode file for portGmbH.I-Cube-SoM-uGOAL.1.1.0
2026-06-14 10:09:04,082 [WARN] PackLoader:240 - Cannot read IP mode file for STMicroelectronics.X-CUBE-TOF1.3.4.3
2026-06-14 10:09:04,088 [INFO] ThirdParty:978 - Integrity check success = true
2026-06-14 10:09:04,088 [INFO] IntegrityCheckThread:100 - exiting critical section [integrity check]
2026-06-14 10:09:04,088 [INFO] IntegrityCheckThread:103 - End integrity checks thread
2026-06-14 10:09:04,123 [INFO] WebApp:463 - Apply proxy settings
2026-06-14 10:09:04,123 [INFO] WebApp:548 - Chromium requires no authentication
2026-06-14 10:09:04,130 [INFO] WebApp:491 - Direct internet connection detected
2026-06-14 10:09:04,149 [INFO] WebApp:900 - Register for checkConnection events
2026-06-14 10:09:04,149 [INFO] WebApp:463 - Apply proxy settings
2026-06-14 10:09:04,149 [INFO] WebApp:548 - Chromium requires no authentication
2026-06-14 10:09:04,150 [INFO] WebApp:491 - Direct internet connection detected
2026-06-14 10:09:04,287 [INFO] WebApp:225 - Starting web application
2026-06-14 10:09:04,287 [INFO] WebApp:593 - Web application path used C:\ST\STM32CubeIDE_1.18.1\STM32CubeIDE\plugins\com.st.stm32cube.common.mx_6.15.0.202507011659\db\plugins\mcufinder\reactClient1\index.html
2026-06-14 10:09:04,351 [INFO] UserAuth:487 - Internet connection configuration mode: 1
2026-06-14 10:09:04,516 [ERROR] LogOutputStream:75 - [STDERR_REDIRECT] [Fatal Error] :1:1: Premature end of file.
2026-06-14 10:09:04,517 [ERROR] LogOutputStream:75 - [STDERR_REDIRECT] 
2026-06-14 10:09:04,584 [INFO] WebApp:191 - Connection restablished
2026-06-14 10:09:05,515 [ERROR] LogOutputStream:75 - [STDERR_REDIRECT] [Fatal Error] :1:1: Premature end of file.
2026-06-14 10:09:05,515 [ERROR] LogOutputStream:75 - [STDERR_REDIRECT] 
2026-06-14 10:09:06,519 [ERROR] LogOutputStream:75 - [STDERR_REDIRECT] [Fatal Error] :1:1: Premature end of file.
2026-06-14 10:09:06,519 [ERROR] LogOutputStream:75 - [STDERR_REDIRECT] 
2026-06-14 10:09:07,511 [ERROR] LogOutputStream:75 - [STDERR_REDIRECT] [Fatal Error] :1:1: Premature end of file.
2026-06-14 10:09:07,512 [ERROR] LogOutputStream:75 - [STDERR_REDIRECT] 
2026-06-14 10:09:08,516 [ERROR] LogOutputStream:75 - [STDERR_REDIRECT] [Fatal Error] :1:1: Premature end of file.
2026-06-14 10:09:08,516 [ERROR] LogOutputStream:75 - [STDERR_REDIRECT] 
2026-06-14 10:09:09,510 [ERROR] LogOutputStream:75 - [STDERR_REDIRECT] [Fatal Error] :1:1: Premature end of file.
2026-06-14 10:09:09,511 [ERROR] LogOutputStream:75 - [STDERR_REDIRECT] 
2026-06-14 10:09:10,511 [ERROR] LogOutputStream:75 - [STDERR_REDIRECT] [Fatal Error] :1:1: Premature end of file.
2026-06-14 10:09:10,511 [ERROR] LogOutputStream:75 - [STDERR_REDIRECT] 
2026-06-14 10:09:11,511 [ERROR] LogOutputStream:75 - [STDERR_REDIRECT] [Fatal Error] :1:1: Premature end of file.
2026-06-14 10:09:11,511 [ERROR] LogOutputStream:75 - [STDERR_REDIRECT] 
2026-06-14 10:09:12,508 [ERROR] LogOutputStream:75 - [STDERR_REDIRECT] [Fatal Error] :1:1: Premature end of file.
2026-06-14 10:09:12,508 [ERROR] LogOutputStream:75 - [STDERR_REDIRECT] 
2026-06-14 10:09:13,506 [ERROR] LogOutputStream:75 - [STDERR_REDIRECT] [Fatal Error] :1:1: Premature end of file.
2026-06-14 10:09:13,506 [ERROR] LogOutputStream:75 - [STDERR_REDIRECT] 
2026-06-14 10:09:14,507 [ERROR] LogOutputStream:75 - [STDERR_REDIRECT] [Fatal Error] :1:1: Premature end of file.
2026-06-14 10:09:14,508 [ERROR] LogOutputStream:75 - [STDERR_REDIRECT] 
2026-06-14 10:09:15,516 [ERROR] LogOutputStream:75 - [STDERR_REDIRECT] [Fatal Error] :1:1: Premature end of file.
2026-06-14 10:09:15,516 [ERROR] LogOutputStream:75 - [STDERR_REDIRECT] 
2026-06-14 10:09:16,511 [ERROR] LogOutputStream:75 - [STDERR_REDIRECT] [Fatal Error] :1:1: Premature end of file.
2026-06-14 10:09:16,511 [ERROR] LogOutputStream:75 - [STDERR_REDIRECT] 
2026-06-14 10:09:17,511 [ERROR] LogOutputStream:75 - [STDERR_REDIRECT] [Fatal Error] :1:1: Premature end of file.
2026-06-14 10:09:17,511 [ERROR] LogOutputStream:75 - [STDERR_REDIRECT] 
2026-06-14 10:09:18,511 [ERROR] LogOutputStream:75 - [STDERR_REDIRECT] [Fatal Error] :1:1: Premature end of file.
2026-06-14 10:09:18,512 [ERROR] LogOutputStream:75 - [STDERR_REDIRECT] 
2026-06-14 10:09:19,511 [ERROR] LogOutputStream:75 - [STDERR_REDIRECT] [Fatal Error] :1:1: Premature end of file.
2026-06-14 10:09:19,511 [ERROR] LogOutputStream:75 - [STDERR_REDIRECT] 
2026-06-14 10:09:20,507 [ERROR] LogOutputStream:75 - [STDERR_REDIRECT] [Fatal Error] :1:1: Premature end of file.
2026-06-14 10:09:20,507 [ERROR] LogOutputStream:75 - [STDERR_REDIRECT] 
2026-06-14 10:09:21,512 [ERROR] LogOutputStream:75 - [STDERR_REDIRECT] [Fatal Error] :1:1: Premature end of file.
2026-06-14 10:09:21,512 [ERROR] LogOutputStream:75 - [STDERR_REDIRECT] 
2026-06-14 10:09:22,516 [ERROR] LogOutputStream:75 - [STDERR_REDIRECT] [Fatal Error] :1:1: Premature end of file.
2026-06-14 10:09:22,516 [ERROR] LogOutputStream:75 - [STDERR_REDIRECT] 
2026-06-14 10:09:23,509 [ERROR] LogOutputStream:75 - [STDERR_REDIRECT] [Fatal Error] :1:1: Premature end of file.
2026-06-14 10:09:23,509 [ERROR] LogOutputStream:75 - [STDERR_REDIRECT] 
2026-06-14 10:09:24,516 [ERROR] LogOutputStream:75 - [STDERR_REDIRECT] [Fatal Error] :1:1: Premature end of file.
2026-06-14 10:09:24,516 [ERROR] LogOutputStream:75 - [STDERR_REDIRECT] 
2026-06-14 10:09:25,507 [ERROR] LogOutputStream:75 - [STDERR_REDIRECT] [Fatal Error] :1:1: Premature end of file.
2026-06-14 10:09:25,507 [ERROR] LogOutputStream:75 - [STDERR_REDIRECT] 
2026-06-14 10:09:26,512 [ERROR] LogOutputStream:75 - [STDERR_REDIRECT] [Fatal Error] :1:1: Premature end of file.
2026-06-14 10:09:26,512 [ERROR] LogOutputStream:75 - [STDERR_REDIRECT] 
2026-06-14 10:09:27,515 [ERROR] LogOutputStream:75 - [STDERR_REDIRECT] [Fatal Error] :1:1: Premature end of file.
2026-06-14 10:09:27,515 [ERROR] LogOutputStream:75 - [STDERR_REDIRECT] 
2026-06-14 10:09:28,511 [ERROR] LogOutputStream:75 - [STDERR_REDIRECT] [Fatal Error] :1:1: Premature end of file.
2026-06-14 10:09:28,511 [ERROR] LogOutputStream:75 - [STDERR_REDIRECT] 
2026-06-14 10:09:29,508 [ERROR] LogOutputStream:75 - [STDERR_REDIRECT] [Fatal Error] :1:1: Premature end of file.
2026-06-14 10:09:29,508 [ERROR] LogOutputStream:75 - [STDERR_REDIRECT] 
2026-06-14 10:09:30,518 [ERROR] LogOutputStream:75 - [STDERR_REDIRECT] [Fatal Error] :1:1: Premature end of file.
2026-06-14 10:09:30,518 [ERROR] LogOutputStream:75 - [STDERR_REDIRECT] 
2026-06-14 10:09:31,515 [ERROR] LogOutputStream:75 - [STDERR_REDIRECT] [Fatal Error] :1:1: Premature end of file.
2026-06-14 10:09:31,516 [ERROR] LogOutputStream:75 - [STDERR_REDIRECT] 
2026-06-14 10:09:32,511 [ERROR] LogOutputStream:75 - [STDERR_REDIRECT] [Fatal Error] :1:1: Premature end of file.
2026-06-14 10:09:32,511 [ERROR] LogOutputStream:75 - [STDERR_REDIRECT] 
2026-06-14 10:09:33,510 [ERROR] LogOutputStream:75 - [STDERR_REDIRECT] [Fatal Error] :1:1: Premature end of file.
2026-06-14 10:09:33,510 [ERROR] LogOutputStream:75 - [STDERR_REDIRECT] 
2026-06-14 10:09:34,510 [ERROR] LogOutputStream:75 - [STDERR_REDIRECT] [Fatal Error] :1:1: Premature end of file.
2026-06-14 10:09:34,510 [ERROR] LogOutputStream:75 - [STDERR_REDIRECT] 
2026-06-14 10:09:35,507 [ERROR] LogOutputStream:75 - [STDERR_REDIRECT] [Fatal Error] :1:1: Premature end of file.
2026-06-14 10:09:35,508 [ERROR] LogOutputStream:75 - [STDERR_REDIRECT] 
2026-06-14 10:09:36,507 [ERROR] LogOutputStream:75 - [STDERR_REDIRECT] [Fatal Error] :1:1: Premature end of file.
2026-06-14 10:09:36,508 [ERROR] LogOutputStream:75 - [STDERR_REDIRECT] 
2026-06-14 10:09:37,512 [ERROR] LogOutputStream:75 - [STDERR_REDIRECT] [Fatal Error] :1:1: Premature end of file.
2026-06-14 10:09:37,512 [ERROR] LogOutputStream:75 - [STDERR_REDIRECT] 
2026-06-14 10:09:38,518 [ERROR] LogOutputStream:75 - [STDERR_REDIRECT] [Fatal Error] :1:1: Premature end of file.
2026-06-14 10:09:38,518 [ERROR] LogOutputStream:75 - [STDERR_REDIRECT] 
2026-06-14 10:09:39,505 [ERROR] LogOutputStream:75 - [STDERR_REDIRECT] [Fatal Error] :1:1: Premature end of file.
2026-06-14 10:09:39,507 [ERROR] LogOutputStream:75 - [STDERR_REDIRECT] 
2026-06-14 10:09:40,506 [ERROR] LogOutputStream:75 - [STDERR_REDIRECT] [Fatal Error] :1:1: Premature end of file.
2026-06-14 10:09:40,506 [ERROR] LogOutputStream:75 - [STDERR_REDIRECT] 
2026-06-14 10:09:41,509 [ERROR] LogOutputStream:75 - [STDERR_REDIRECT] [Fatal Error] :1:1: Premature end of file.
2026-06-14 10:09:41,509 [ERROR] LogOutputStream:75 - [STDERR_REDIRECT] 
2026-06-14 10:09:42,521 [ERROR] LogOutputStream:75 - [STDERR_REDIRECT] [Fatal Error] :1:1: Premature end of file.
2026-06-14 10:09:42,522 [ERROR] LogOutputStream:75 - [STDERR_REDIRECT] 
2026-06-14 10:09:43,514 [ERROR] LogOutputStream:75 - [STDERR_REDIRECT] [Fatal Error] :1:1: Premature end of file.
2026-06-14 10:09:43,514 [ERROR] LogOutputStream:75 - [STDERR_REDIRECT] 
2026-06-14 10:09:44,510 [ERROR] LogOutputStream:75 - [STDERR_REDIRECT] [Fatal Error] :1:1: Premature end of file.
2026-06-14 10:09:44,511 [ERROR] LogOutputStream:75 - [STDERR_REDIRECT] 
2026-06-14 10:09:45,508 [ERROR] LogOutputStream:75 - [STDERR_REDIRECT] [Fatal Error] :1:1: Premature end of file.
2026-06-14 10:09:45,508 [ERROR] LogOutputStream:75 - [STDERR_REDIRECT] 
2026-06-14 10:09:46,517 [ERROR] LogOutputStream:75 - [STDERR_REDIRECT] [Fatal Error] :1:1: Premature end of file.
2026-06-14 10:09:46,517 [ERROR] LogOutputStream:75 - [STDERR_REDIRECT] 
2026-06-14 10:09:47,512 [ERROR] LogOutputStream:75 - [STDERR_REDIRECT] [Fatal Error] :1:1: Premature end of file.
2026-06-14 10:09:47,512 [ERROR] LogOutputStream:75 - [STDERR_REDIRECT] 
2026-06-14 10:09:48,511 [ERROR] LogOutputStream:75 - [STDERR_REDIRECT] [Fatal Error] :1:1: Premature end of file.
2026-06-14 10:09:48,512 [ERROR] LogOutputStream:75 - [STDERR_REDIRECT] 
2026-06-14 10:09:49,514 [ERROR] LogOutputStream:75 - [STDERR_REDIRECT] [Fatal Error] :1:1: Premature end of file.
2026-06-14 10:09:49,514 [ERROR] LogOutputStream:75 - [STDERR_REDIRECT] 
2026-06-14 10:09:50,513 [ERROR] LogOutputStream:75 - [STDERR_REDIRECT] [Fatal Error] :1:1: Premature end of file.
2026-06-14 10:09:50,513 [ERROR] LogOutputStream:75 - [STDERR_REDIRECT] 
2026-06-14 10:09:51,509 [ERROR] LogOutputStream:75 - [STDERR_REDIRECT] [Fatal Error] :1:1: Premature end of file.
2026-06-14 10:09:51,509 [ERROR] LogOutputStream:75 - [STDERR_REDIRECT] 
2026-06-14 10:09:52,508 [ERROR] LogOutputStream:75 - [STDERR_REDIRECT] [Fatal Error] :1:1: Premature end of file.
2026-06-14 10:09:52,508 [ERROR] LogOutputStream:75 - [STDERR_REDIRECT] 
2026-06-14 10:09:53,507 [ERROR] LogOutputStream:75 - [STDERR_REDIRECT] [Fatal Error] :1:1: Premature end of file.
2026-06-14 10:09:53,507 [ERROR] LogOutputStream:75 - [STDERR_REDIRECT] 
2026-06-14 10:09:54,511 [ERROR] LogOutputStream:75 - [STDERR_REDIRECT] [Fatal Error] :1:1: Premature end of file.
2026-06-14 10:09:54,512 [ERROR] LogOutputStream:75 - [STDERR_REDIRECT] 
2026-06-14 10:09:55,510 [ERROR] LogOutputStream:75 - [STDERR_REDIRECT] [Fatal Error] :1:1: Premature end of file.
2026-06-14 10:09:55,510 [ERROR] LogOutputStream:75 - [STDERR_REDIRECT] 
2026-06-14 10:09:56,511 [ERROR] LogOutputStream:75 - [STDERR_REDIRECT] [Fatal Error] :1:1: Premature end of file.
2026-06-14 10:09:56,512 [ERROR] LogOutputStream:75 - [STDERR_REDIRECT] 
2026-06-14 10:09:57,509 [ERROR] LogOutputStream:75 - [STDERR_REDIRECT] [Fatal Error] :1:1: Premature end of file.
2026-06-14 10:09:57,509 [ERROR] LogOutputStream:75 - [STDERR_REDIRECT] 
2026-06-14 10:09:58,515 [ERROR] LogOutputStream:75 - [STDERR_REDIRECT] [Fatal Error] :1:1: Premature end of file.
2026-06-14 10:09:58,516 [ERROR] LogOutputStream:75 - [STDERR_REDIRECT] 
2026-06-14 10:09:59,510 [ERROR] LogOutputStream:75 - [STDERR_REDIRECT] [Fatal Error] :1:1: Premature end of file.
2026-06-14 10:09:59,511 [ERROR] LogOutputStream:75 - [STDERR_REDIRECT] 
2026-06-14 10:10:00,518 [ERROR] LogOutputStream:75 - [STDERR_REDIRECT] [Fatal Error] :1:1: Premature end of file.
2026-06-14 10:10:00,518 [ERROR] LogOutputStream:75 - [STDERR_REDIRECT] 
2026-06-14 10:10:01,511 [ERROR] LogOutputStream:75 - [STDERR_REDIRECT] [Fatal Error] :1:1: Premature end of file.
2026-06-14 10:10:01,511 [ERROR] LogOutputStream:75 - [STDERR_REDIRECT] 
2026-06-14 10:10:02,512 [ERROR] LogOutputStream:75 - [STDERR_REDIRECT] [Fatal Error] :1:1: Premature end of file.
2026-06-14 10:10:02,512 [ERROR] LogOutputStream:75 - [STDERR_REDIRECT] 
2026-06-14 10:10:03,510 [ERROR] LogOutputStream:75 - [STDERR_REDIRECT] [Fatal Error] :1:1: Premature end of file.
2026-06-14 10:10:03,511 [ERROR] LogOutputStream:75 - [STDERR_REDIRECT] 
2026-06-14 10:10:04,510 [ERROR] LogOutputStream:75 - [STDERR_REDIRECT] [Fatal Error] :1:1: Premature end of file.
2026-06-14 10:10:04,510 [ERROR] LogOutputStream:75 - [STDERR_REDIRECT] 
2026-06-14 10:10:05,509 [ERROR] LogOutputStream:75 - [STDERR_REDIRECT] [Fatal Error] :1:1: Premature end of file.
2026-06-14 10:10:05,509 [ERROR] LogOutputStream:75 - [STDERR_REDIRECT] 
2026-06-14 10:10:06,512 [ERROR] LogOutputStream:75 - [STDERR_REDIRECT] [Fatal Error] :1:1: Premature end of file.
2026-06-14 10:10:06,513 [ERROR] LogOutputStream:75 - [STDERR_REDIRECT] 
2026-06-14 10:10:07,511 [ERROR] LogOutputStream:75 - [STDERR_REDIRECT] [Fatal Error] :1:1: Premature end of file.
2026-06-14 10:10:07,511 [ERROR] LogOutputStream:75 - [STDERR_REDIRECT] 
2026-06-14 10:10:08,508 [ERROR] LogOutputStream:75 - [STDERR_REDIRECT] [Fatal Error] :1:1: Premature end of file.
2026-06-14 10:10:08,509 [ERROR] LogOutputStream:75 - [STDERR_REDIRECT] 
2026-06-14 10:10:09,512 [ERROR] LogOutputStream:75 - [STDERR_REDIRECT] [Fatal Error] :1:1: Premature end of file.
2026-06-14 10:10:09,513 [ERROR] LogOutputStream:75 - [STDERR_REDIRECT] 
2026-06-14 10:10:10,510 [ERROR] LogOutputStream:75 - [STDERR_REDIRECT] [Fatal Error] :1:1: Premature end of file.
2026-06-14 10:10:10,511 [ERROR] LogOutputStream:75 - [STDERR_REDIRECT] 
2026-06-14 10:10:11,508 [ERROR] LogOutputStream:75 - [STDERR_REDIRECT] [Fatal Error] :1:1: Premature end of file.
2026-06-14 10:10:11,508 [ERROR] LogOutputStream:75 - [STDERR_REDIRECT] 
2026-06-14 10:10:12,508 [ERROR] LogOutputStream:75 - [STDERR_REDIRECT] [Fatal Error] :1:1: Premature end of file.
2026-06-14 10:10:12,508 [ERROR] LogOutputStream:75 - [STDERR_REDIRECT] 
2026-06-14 10:10:13,509 [ERROR] LogOutputStream:75 - [STDERR_REDIRECT] [Fatal Error] :1:1: Premature end of file.
2026-06-14 10:10:13,509 [ERROR] LogOutputStream:75 - [STDERR_REDIRECT] 
2026-06-14 10:10:14,510 [ERROR] LogOutputStream:75 - [STDERR_REDIRECT] [Fatal Error] :1:1: Premature end of file.
2026-06-14 10:10:14,510 [ERROR] LogOutputStream:75 - [STDERR_REDIRECT] 
2026-06-14 10:10:15,515 [ERROR] LogOutputStream:75 - [STDERR_REDIRECT] [Fatal Error] :1:1: Premature end of file.
2026-06-14 10:10:15,515 [ERROR] LogOutputStream:75 - [STDERR_REDIRECT] 
2026-06-14 10:10:16,510 [ERROR] LogOutputStream:75 - [STDERR_REDIRECT] [Fatal Error] :1:1: Premature end of file.
2026-06-14 10:10:16,511 [ERROR] LogOutputStream:75 - [STDERR_REDIRECT] 
2026-06-14 10:10:17,509 [ERROR] LogOutputStream:75 - [STDERR_REDIRECT] [Fatal Error] :1:1: Premature end of file.
2026-06-14 10:10:17,510 [ERROR] LogOutputStream:75 - [STDERR_REDIRECT] 
2026-06-14 10:10:18,509 [ERROR] LogOutputStream:75 - [STDERR_REDIRECT] [Fatal Error] :1:1: Premature end of file.
2026-06-14 10:10:18,509 [ERROR] LogOutputStream:75 - [STDERR_REDIRECT] 
2026-06-14 10:10:19,517 [ERROR] LogOutputStream:75 - [STDERR_REDIRECT] [Fatal Error] :1:1: Premature end of file.
2026-06-14 10:10:19,518 [ERROR] LogOutputStream:75 - [STDERR_REDIRECT] 
2026-06-14 10:10:20,508 [ERROR] LogOutputStream:75 - [STDERR_REDIRECT] [Fatal Error] :1:1: Premature end of file.
2026-06-14 10:10:20,508 [ERROR] LogOutputStream:75 - [STDERR_REDIRECT] 
2026-06-14 10:10:21,508 [ERROR] LogOutputStream:75 - [STDERR_REDIRECT] [Fatal Error] :1:1: Premature end of file.
2026-06-14 10:10:21,509 [ERROR] LogOutputStream:75 - [STDERR_REDIRECT] 
2026-06-14 10:10:22,510 [ERROR] LogOutputStream:75 - [STDERR_REDIRECT] [Fatal Error] :1:1: Premature end of file.
2026-06-14 10:10:22,510 [ERROR] LogOutputStream:75 - [STDERR_REDIRECT] 
2026-06-14 10:10:23,507 [ERROR] LogOutputStream:75 - [STDERR_REDIRECT] [Fatal Error] :1:1: Premature end of file.
2026-06-14 10:10:23,507 [ERROR] LogOutputStream:75 - [STDERR_REDIRECT] 
2026-06-14 10:10:24,514 [ERROR] LogOutputStream:75 - [STDERR_REDIRECT] [Fatal Error] :1:1: Premature end of file.
2026-06-14 10:10:24,514 [ERROR] LogOutputStream:75 - [STDERR_REDIRECT] 
2026-06-14 10:10:25,505 [ERROR] LogOutputStream:75 - [STDERR_REDIRECT] [Fatal Error] :1:1: Premature end of file.
2026-06-14 10:10:25,506 [ERROR] LogOutputStream:75 - [STDERR_REDIRECT] 
2026-06-14 10:10:26,506 [ERROR] LogOutputStream:75 - [STDERR_REDIRECT] [Fatal Error] :1:1: Premature end of file.
2026-06-14 10:10:26,507 [ERROR] LogOutputStream:75 - [STDERR_REDIRECT] 
2026-06-14 10:10:27,507 [ERROR] LogOutputStream:75 - [STDERR_REDIRECT] [Fatal Error] :1:1: Premature end of file.
2026-06-14 10:10:27,507 [ERROR] LogOutputStream:75 - [STDERR_REDIRECT] 
2026-06-14 10:10:28,508 [ERROR] LogOutputStream:75 - [STDERR_REDIRECT] [Fatal Error] :1:1: Premature end of file.
2026-06-14 10:10:28,509 [ERROR] LogOutputStream:75 - [STDERR_REDIRECT] 
2026-06-14 10:10:29,506 [ERROR] LogOutputStream:75 - [STDERR_REDIRECT] [Fatal Error] :1:1: Premature end of file.
2026-06-14 10:10:29,506 [ERROR] LogOutputStream:75 - [STDERR_REDIRECT] 
2026-06-14 10:10:30,508 [ERROR] LogOutputStream:75 - [STDERR_REDIRECT] [Fatal Error] :1:1: Premature end of file.
2026-06-14 10:10:30,508 [ERROR] LogOutputStream:75 - [STDERR_REDIRECT] 
2026-06-14 10:10:31,509 [ERROR] LogOutputStream:75 - [STDERR_REDIRECT] [Fatal Error] :1:1: Premature end of file.
2026-06-14 10:10:31,509 [ERROR] LogOutputStream:75 - [STDERR_REDIRECT] 
2026-06-14 10:10:32,510 [ERROR] LogOutputStream:75 - [STDERR_REDIRECT] [Fatal Error] :1:1: Premature end of file.
2026-06-14 10:10:32,510 [ERROR] LogOutputStream:75 - [STDERR_REDIRECT] 
2026-06-14 10:10:33,508 [ERROR] LogOutputStream:75 - [STDERR_REDIRECT] [Fatal Error] :1:1: Premature end of file.
2026-06-14 10:10:33,508 [ERROR] LogOutputStream:75 - [STDERR_REDIRECT] 
2026-06-14 10:10:34,508 [ERROR] LogOutputStream:75 - [STDERR_REDIRECT] [Fatal Error] :1:1: Premature end of file.
2026-06-14 10:10:34,508 [ERROR] LogOutputStream:75 - [STDERR_REDIRECT] 
2026-06-14 10:10:35,508 [ERROR] LogOutputStream:75 - [STDERR_REDIRECT] [Fatal Error] :1:1: Premature end of file.
2026-06-14 10:10:35,508 [ERROR] LogOutputStream:75 - [STDERR_REDIRECT] 
2026-06-14 10:10:36,508 [ERROR] LogOutputStream:75 - [STDERR_REDIRECT] [Fatal Error] :1:1: Premature end of file.
2026-06-14 10:10:36,509 [ERROR] LogOutputStream:75 - [STDERR_REDIRECT] 
2026-06-14 10:10:37,510 [ERROR] LogOutputStream:75 - [STDERR_REDIRECT] [Fatal Error] :1:1: Premature end of file.
2026-06-14 10:10:37,510 [ERROR] LogOutputStream:75 - [STDERR_REDIRECT] 
2026-06-14 10:10:38,509 [ERROR] LogOutputStream:75 - [STDERR_REDIRECT] [Fatal Error] :1:1: Premature end of file.
2026-06-14 10:10:38,510 [ERROR] LogOutputStream:75 - [STDERR_REDIRECT] 
2026-06-14 10:10:39,508 [ERROR] LogOutputStream:75 - [STDERR_REDIRECT] [Fatal Error] :1:1: Premature end of file.
2026-06-14 10:10:39,508 [ERROR] LogOutputStream:75 - [STDERR_REDIRECT] 
2026-06-14 10:10:40,507 [ERROR] LogOutputStream:75 - [STDERR_REDIRECT] [Fatal Error] :1:1: Premature end of file.
2026-06-14 10:10:40,507 [ERROR] LogOutputStream:75 - [STDERR_REDIRECT] 
2026-06-14 10:10:41,508 [ERROR] LogOutputStream:75 - [STDERR_REDIRECT] [Fatal Error] :1:1: Premature end of file.
2026-06-14 10:10:41,509 [ERROR] LogOutputStream:75 - [STDERR_REDIRECT] 
2026-06-14 10:10:42,507 [ERROR] LogOutputStream:75 - [STDERR_REDIRECT] [Fatal Error] :1:1: Premature end of file.
2026-06-14 10:10:42,507 [ERROR] LogOutputStream:75 - [STDERR_REDIRECT] 
2026-06-14 10:10:43,510 [ERROR] LogOutputStream:75 - [STDERR_REDIRECT] [Fatal Error] :1:1: Premature end of file.
2026-06-14 10:10:43,510 [ERROR] LogOutputStream:75 - [STDERR_REDIRECT] 
2026-06-14 10:10:44,508 [ERROR] LogOutputStream:75 - [STDERR_REDIRECT] [Fatal Error] :1:1: Premature end of file.
2026-06-14 10:10:44,508 [ERROR] LogOutputStream:75 - [STDERR_REDIRECT] 
2026-06-14 10:10:45,506 [ERROR] LogOutputStream:75 - [STDERR_REDIRECT] [Fatal Error] :1:1: Premature end of file.
2026-06-14 10:10:45,506 [ERROR] LogOutputStream:75 - [STDERR_REDIRECT] 
2026-06-14 10:10:46,508 [ERROR] LogOutputStream:75 - [STDERR_REDIRECT] [Fatal Error] :1:1: Premature end of file.
2026-06-14 10:10:46,508 [ERROR] LogOutputStream:75 - [STDERR_REDIRECT] 
2026-06-14 10:10:47,509 [ERROR] LogOutputStream:75 - [STDERR_REDIRECT] [Fatal Error] :1:1: Premature end of file.
2026-06-14 10:10:47,509 [ERROR] LogOutputStream:75 - [STDERR_REDIRECT] 
2026-06-14 10:10:48,505 [ERROR] LogOutputStream:75 - [STDERR_REDIRECT] [Fatal Error] :1:1: Premature end of file.
2026-06-14 10:10:48,505 [ERROR] LogOutputStream:75 - [STDERR_REDIRECT] 
2026-06-14 10:10:49,507 [ERROR] LogOutputStream:75 - [STDERR_REDIRECT] [Fatal Error] :1:1: Premature end of file.
2026-06-14 10:10:49,507 [ERROR] LogOutputStream:75 - [STDERR_REDIRECT] 
2026-06-14 10:10:50,509 [ERROR] LogOutputStream:75 - [STDERR_REDIRECT] [Fatal Error] :1:1: Premature end of file.
2026-06-14 10:10:50,509 [ERROR] LogOutputStream:75 - [STDERR_REDIRECT] 
2026-06-14 10:10:51,523 [ERROR] LogOutputStream:75 - [STDERR_REDIRECT] [Fatal Error] :1:1: Premature end of file.
2026-06-14 10:10:51,523 [ERROR] LogOutputStream:75 - [STDERR_REDIRECT] 
2026-06-14 10:10:51,852 [ERROR] LogOutputStream:75 - [STDERR_REDIRECT] 
2026-06-14 10:10:51,853 [ERROR] LogOutputStream:75 - [STDERR_REDIRECT] 
