2026-05-18 21:32:15,725 [INFO] Activator:176 - 


2026-05-18 21:32:15,731 [INFO] Activator:177 - !SESSION log4j initialized
2026-05-18 21:32:20,307 [INFO] LogOutputStream:77 - [STDOUT_REDIRECT] 
2026-05-18 21:32:20,917 [ERROR] LogOutputStream:75 - [STDERR_REDIRECT] [Fatal Error] :1:1: Premature end of file.
2026-05-18 21:32:20,918 [ERROR] LogOutputStream:75 - [STDERR_REDIRECT] 
2026-05-18 21:32:21,519 [INFO] ApplicationProperties:184 - Using Application install path: C:\ST\STM32CubeIDE_1.18.1\STM32CubeIDE\plugins\com.st.stm32cube.common.mx_6.15.0.202507011659
2026-05-18 21:32:21,538 [INFO] DbMcusXml:78 - Set database path to: C:\ST\STM32CubeIDE_1.18.1\STM32CubeIDE\plugins\com.st.stm32cube.common.mx_6.15.0.202507011659\\db\/mcu/
2026-05-18 21:32:21,538 [INFO] ApiDb:274 - Set plugin database path to: C:\ST\STM32CubeIDE_1.18.1\STM32CubeIDE\plugins\com.st.stm32cube.common.mx_6.15.0.202507011659\\db\/plugins/boardmanager/
2026-05-18 21:32:21,539 [WARN] ApiDb:259 - Overriding images path with different value:  => C:\ST\STM32CubeIDE_1.18.1\STM32CubeIDE\plugins\com.st.stm32cube.common.mx_6.15.0.202507011659\\db\/plugins/mcufinder/images/
2026-05-18 21:32:21,547 [INFO] ApiDb:250 - Set database path to: C:\Users\elena\.stmcufinder\plugins\mcufinder//mcu/
2026-05-18 21:32:21,548 [INFO] DbMcusAds:125 - Set database path to: C:\Users\elena\.stmcufinder\plugins\mcufinder//mcu/
2026-05-18 21:32:21,549 [INFO] CrossReferenceDbSqlite:203 - Set database path to: C:\Users\elena\.stmcufinder\plugins\mcufinder//mcu/cs/
2026-05-18 21:32:21,645 [INFO] RulesReader:64 - Compatibility file has been processed (317 Rules)
2026-05-18 21:32:21,714 [INFO] DbMcusXml:78 - Set database path to: C:\ST\STM32CubeIDE_1.18.1\STM32CubeIDE\plugins\com.st.stm32cube.common.mx_6.15.0.202507011659\\db\/mcu/
2026-05-18 21:32:21,714 [INFO] ApiDb:274 - Set plugin database path to: C:\ST\STM32CubeIDE_1.18.1\STM32CubeIDE\plugins\com.st.stm32cube.common.mx_6.15.0.202507011659\\db\/plugins/boardmanager/
2026-05-18 21:32:21,715 [INFO] ApiDb:261 - Set plugin images path to: C:\ST\STM32CubeIDE_1.18.1\STM32CubeIDE\plugins\com.st.stm32cube.common.mx_6.15.0.202507011659\\db\/plugins/mcufinder/images/
2026-05-18 21:32:21,715 [WARN] DbFile:41 - Overriding database path with different value: C:\Users\elena\.stmcufinder\plugins\mcufinder/ => C:\Users\elena\.stmcufinder\plugins\mcufinder
2026-05-18 21:32:21,715 [INFO] ApiDb:250 - Set database path to: C:\Users\elena\.stmcufinder\plugins\mcufinder//mcu/
2026-05-18 21:32:21,715 [WARN] DbFile:41 - Overriding database path with different value: C:\Users\elena\.stmcufinder\plugins\mcufinder/ => C:\Users\elena\.stmcufinder\plugins\mcufinder
2026-05-18 21:32:21,715 [INFO] DbMcusAds:125 - Set database path to: C:\Users\elena\.stmcufinder\plugins\mcufinder//mcu/
2026-05-18 21:32:21,715 [WARN] DbFile:41 - Overriding database path with different value: C:\Users\elena\.stmcufinder\plugins\mcufinder/ => C:\Users\elena\.stmcufinder\plugins\mcufinder
2026-05-18 21:32:21,715 [WARN] DbFile:41 - Overriding database path with different value: C:\Users\elena\.stmcufinder\plugins\mcufinder/ => C:\Users\elena\.stmcufinder\plugins\mcufinder
2026-05-18 21:32:21,715 [INFO] CrossReferenceDbSqlite:203 - Set database path to: C:\Users\elena\.stmcufinder\plugins\mcufinder//mcu/cs/
2026-05-18 21:32:21,782 [INFO] MainPanel:274 - HeapMemory: 268435456
2026-05-18 21:32:21,887 [INFO] DbMcusXml:78 - Set database path to: C:\ST\STM32CubeIDE_1.18.1\STM32CubeIDE\plugins\com.st.stm32cube.common.mx_6.15.0.202507011659\\db\/mcu/
2026-05-18 21:32:21,887 [INFO] ApiDb:274 - Set plugin database path to: C:\ST\STM32CubeIDE_1.18.1\STM32CubeIDE\plugins\com.st.stm32cube.common.mx_6.15.0.202507011659\\db\/plugins/boardmanager/
2026-05-18 21:32:21,887 [INFO] ApiDb:261 - Set plugin images path to: C:\ST\STM32CubeIDE_1.18.1\STM32CubeIDE\plugins\com.st.stm32cube.common.mx_6.15.0.202507011659\\db\/plugins/mcufinder/images/
2026-05-18 21:32:21,887 [WARN] DbFile:41 - Overriding database path with different value: C:\Users\elena\.stmcufinder\plugins\mcufinder/ => C:\Users\elena\.stmcufinder\plugins\mcufinder
2026-05-18 21:32:21,887 [INFO] ApiDb:250 - Set database path to: C:\Users\elena\.stmcufinder\plugins\mcufinder//mcu/
2026-05-18 21:32:21,887 [WARN] DbFile:41 - Overriding database path with different value: C:\Users\elena\.stmcufinder\plugins\mcufinder/ => C:\Users\elena\.stmcufinder\plugins\mcufinder
2026-05-18 21:32:21,888 [INFO] DbMcusAds:125 - Set database path to: C:\Users\elena\.stmcufinder\plugins\mcufinder//mcu/
2026-05-18 21:32:21,888 [WARN] DbFile:41 - Overriding database path with different value: C:\Users\elena\.stmcufinder\plugins\mcufinder/ => C:\Users\elena\.stmcufinder\plugins\mcufinder
2026-05-18 21:32:21,888 [WARN] DbFile:41 - Overriding database path with different value: C:\Users\elena\.stmcufinder\plugins\mcufinder/ => C:\Users\elena\.stmcufinder\plugins\mcufinder
2026-05-18 21:32:21,888 [INFO] CrossReferenceDbSqlite:203 - Set database path to: C:\Users\elena\.stmcufinder\plugins\mcufinder//mcu/cs/
2026-05-18 21:32:21,890 [ERROR] LogOutputStream:75 - [STDERR_REDIRECT] [Fatal Error] :1:1: Premature end of file.
2026-05-18 21:32:21,891 [ERROR] LogOutputStream:75 - [STDERR_REDIRECT] 
2026-05-18 21:32:21,903 [INFO] ApplicationProperties:184 - Using Application install path: C:\ST\STM32CubeIDE_1.18.1\STM32CubeIDE\plugins\com.st.stm32cube.common.mx_6.15.0.202507011659
2026-05-18 21:32:21,905 [INFO] PluginManage:196 - Search for loadable plugins [exclusion list=, ]
2026-05-18 21:32:21,906 [INFO] PluginManage:310 - Check plugin analytics
2026-05-18 21:32:22,074 [INFO] AnalyticsPlugin:253 - Accepted Software Licenses: 
2026-05-18 21:32:22,075 [INFO] AnalyticsPlugin:255 - Accepted CMSIS Pack Licenses: 
2026-05-18 21:32:22,075 [INFO] AnalyticsPlugin:257 - Accepted Firmware Licenses: 
2026-05-18 21:32:22,077 [INFO] PluginManage:359 - Loaded plugin analytics (category:tool,tabindex:-1)
2026-05-18 21:32:22,077 [INFO] PluginManage:310 - Check plugin cadmodel
2026-05-18 21:32:22,082 [INFO] CADModel:105 - Init CAD model plugin
2026-05-18 21:32:22,083 [INFO] PluginManage:359 - Loaded plugin cadmodel (category:power,tabindex:5)
2026-05-18 21:32:22,083 [INFO] PluginManage:310 - Check plugin clock
2026-05-18 21:32:22,092 [INFO] PluginManage:359 - Loaded plugin clock (category:base,tabindex:2)
2026-05-18 21:32:22,094 [INFO] PluginManage:310 - Check plugin ddr
2026-05-18 21:32:22,096 [INFO] PluginManage:359 - Loaded plugin ddr (category:tool,tabindex:6)
2026-05-18 21:32:22,096 [INFO] PluginManage:310 - Check plugin filemanager
2026-05-18 21:32:22,236 [INFO] PluginManage:359 - Loaded plugin filemanager (category:base,tabindex:10)
2026-05-18 21:32:22,236 [INFO] PluginManage:310 - Check plugin ipmanager
2026-05-18 21:32:22,242 [INFO] PluginManage:359 - Loaded plugin ipmanager (category:base,tabindex:5)
2026-05-18 21:32:22,242 [INFO] PluginManage:310 - Check plugin lpbam
2026-05-18 21:32:22,249 [INFO] PluginManage:359 - Loaded plugin lpbam (category:base,tabindex:0)
2026-05-18 21:32:22,249 [INFO] PluginManage:310 - Check plugin memorymap
2026-05-18 21:32:22,261 [INFO] PluginManage:359 - Loaded plugin memorymap (category:base,tabindex:4)
2026-05-18 21:32:22,262 [INFO] PluginManage:310 - Check plugin pinoutandconfiguration
2026-05-18 21:32:22,268 [INFO] PluginManage:359 - Loaded plugin pinoutandconfiguration (category:base,tabindex:1)
2026-05-18 21:32:22,270 [INFO] PluginManage:310 - Check plugin pinoutconfig
2026-05-18 21:32:22,351 [WARN] SupportedApi:132 - Cannot load RTOS API schema: s4s-elt-must-match.1: The content of 'definitions' must match (annotation?, (simpleType | complexType)?, (unique | key | keyref)*)). A problem was found starting at: attribute.
2026-05-18 21:32:22,475 [INFO] PluginManage:359 - Loaded plugin pinoutconfig (category:base,tabindex:0)
2026-05-18 21:32:22,475 [INFO] PluginManage:310 - Check plugin power
2026-05-18 21:32:22,484 [INFO] PluginManage:359 - Loaded plugin power (category:power,tabindex:4)
2026-05-18 21:32:22,484 [INFO] PluginManage:310 - Check plugin projectmanager
2026-05-18 21:32:22,498 [INFO] PluginManage:359 - Loaded plugin projectmanager (category:projectmanager,tabindex:4)
2026-05-18 21:32:22,499 [INFO] PluginManage:310 - Check plugin rif
2026-05-18 21:32:22,509 [INFO] PluginManage:359 - Loaded plugin rif (category:base,tabindex:3)
2026-05-18 21:32:22,509 [INFO] PluginManage:310 - Check plugin thirdparty
2026-05-18 21:32:22,637 [INFO] PluginManage:359 - Loaded plugin thirdparty (category:base,tabindex:-1)
2026-05-18 21:32:22,637 [WARN] IntegrityCheckThread:84 - waiting for thirdparty lock release [integrity check]
2026-05-18 21:32:22,637 [INFO] PluginManage:310 - Check plugin tools
2026-05-18 21:32:22,637 [INFO] IntegrityCheckThread:86 - entering critical section [integrity check]
2026-05-18 21:32:22,638 [INFO] ThirdPartyUpdaterWithRetryManager:70 - Updater plugin not ready yet. [1/15]
2026-05-18 21:32:22,640 [INFO] PluginManage:359 - Loaded plugin tools (category:base,tabindex:7)
2026-05-18 21:32:22,640 [INFO] PluginManage:310 - Check plugin tutovideos
2026-05-18 21:32:22,815 [INFO] PluginManage:359 - Loaded plugin tutovideos (category:base,tabindex:-1)
2026-05-18 21:32:22,815 [INFO] PluginManage:310 - Check plugin updater
2026-05-18 21:32:22,834 [INFO] PluginManage:359 - Loaded plugin updater (category:base,tabindex:12)
2026-05-18 21:32:22,834 [INFO] PluginManage:310 - Check plugin userauth
2026-05-18 21:32:22,838 [INFO] UserAuth:118 - Init User Auth plugin
2026-05-18 21:32:22,839 [INFO] PluginManage:359 - Loaded plugin userauth (category:base,tabindex:14)
2026-05-18 21:32:22,840 [INFO] PluginManage:283 - PluginManage : Loaded plugins [18]
2026-05-18 21:32:22,882 [ERROR] LogOutputStream:75 - [STDERR_REDIRECT] [Fatal Error] :1:1: Premature end of file.
2026-05-18 21:32:22,884 [ERROR] LogOutputStream:75 - [STDERR_REDIRECT] 
2026-05-18 21:32:23,037 [INFO] PinOutPanel:1589 - setPackage(No Configuration,No Configuration)
2026-05-18 21:32:23,108 [INFO] CADModel:165 - CPN selected for project level
2026-05-18 21:32:23,108 [INFO] CADModel:114 - Register for checkConnection events
2026-05-18 21:32:23,122 [INFO] IPUIPlugin:80 - create IPUIPlugin
2026-05-18 21:32:23,122 [INFO] PluginManager:220 - loadIPPluginJar : add adc
2026-05-18 21:32:23,126 [INFO] IPUIPlugin:80 - create IPUIPlugin
2026-05-18 21:32:23,126 [INFO] PluginManager:220 - loadIPPluginJar : add aes
2026-05-18 21:32:23,129 [INFO] IPUIPlugin:80 - create IPUIPlugin
2026-05-18 21:32:23,129 [INFO] PluginManager:220 - loadIPPluginJar : add can
2026-05-18 21:32:23,131 [INFO] IPUIPlugin:80 - create IPUIPlugin
2026-05-18 21:32:23,131 [INFO] PluginManager:220 - loadIPPluginJar : add comp
2026-05-18 21:32:23,133 [INFO] IPUIPlugin:80 - create IPUIPlugin
2026-05-18 21:32:23,133 [INFO] PluginManager:220 - loadIPPluginJar : add cryp
2026-05-18 21:32:23,136 [INFO] IPUIPlugin:80 - create IPUIPlugin
2026-05-18 21:32:23,136 [INFO] PluginManager:220 - loadIPPluginJar : add ddr_ctrl_phy
2026-05-18 21:32:23,144 [INFO] IPUIPlugin:80 - create IPUIPlugin
2026-05-18 21:32:23,145 [INFO] PluginManager:220 - loadIPPluginJar : add dfsdm
2026-05-18 21:32:23,150 [INFO] IPUIPlugin:80 - create IPUIPlugin
2026-05-18 21:32:23,151 [INFO] PluginManager:220 - loadIPPluginJar : add dma
2026-05-18 21:32:23,155 [INFO] IPUIPlugin:80 - create IPUIPlugin
2026-05-18 21:32:23,155 [INFO] PluginManager:220 - loadIPPluginJar : add dma3
2026-05-18 21:32:23,158 [INFO] IPUIPlugin:80 - create IPUIPlugin
2026-05-18 21:32:23,158 [INFO] PluginManager:220 - loadIPPluginJar : add extmemmanager
2026-05-18 21:32:23,160 [INFO] IPUIPlugin:80 - create IPUIPlugin
2026-05-18 21:32:23,160 [INFO] PluginManager:220 - loadIPPluginJar : add fatfs
2026-05-18 21:32:23,164 [INFO] IPUIPlugin:80 - create IPUIPlugin
2026-05-18 21:32:23,165 [INFO] PluginManager:220 - loadIPPluginJar : add fmc
2026-05-18 21:32:23,171 [INFO] IPUIPlugin:80 - create IPUIPlugin
2026-05-18 21:32:23,171 [INFO] PluginManager:220 - loadIPPluginJar : add freertos
2026-05-18 21:32:23,173 [INFO] IPUIPlugin:80 - create IPUIPlugin
2026-05-18 21:32:23,173 [INFO] PluginManager:220 - loadIPPluginJar : add genericplugin
2026-05-18 21:32:23,176 [INFO] IPUIPlugin:80 - create IPUIPlugin
2026-05-18 21:32:23,176 [INFO] PluginManager:220 - loadIPPluginJar : add gfxmmu
2026-05-18 21:32:23,180 [INFO] IPUIPlugin:80 - create IPUIPlugin
2026-05-18 21:32:23,180 [INFO] PluginManager:220 - loadIPPluginJar : add gic
2026-05-18 21:32:23,183 [INFO] IPUIPlugin:80 - create IPUIPlugin
2026-05-18 21:32:23,184 [INFO] PluginManager:220 - loadIPPluginJar : add gpio
2026-05-18 21:32:23,186 [INFO] IPUIPlugin:80 - create IPUIPlugin
2026-05-18 21:32:23,186 [INFO] PluginManager:220 - loadIPPluginJar : add gtzc
2026-05-18 21:32:23,188 [INFO] IPUIPlugin:80 - create IPUIPlugin
2026-05-18 21:32:23,189 [INFO] PluginManager:220 - loadIPPluginJar : add hash
2026-05-18 21:32:23,191 [INFO] IPUIPlugin:80 - create IPUIPlugin
2026-05-18 21:32:23,191 [INFO] PluginManager:220 - loadIPPluginJar : add i2c
2026-05-18 21:32:23,192 [INFO] IPUIPlugin:80 - create IPUIPlugin
2026-05-18 21:32:23,192 [INFO] PluginManager:220 - loadIPPluginJar : add i2s
2026-05-18 21:32:23,195 [INFO] IPUIPlugin:80 - create IPUIPlugin
2026-05-18 21:32:23,195 [INFO] PluginManager:220 - loadIPPluginJar : add i3c
2026-05-18 21:32:23,198 [INFO] IPUIPlugin:80 - create IPUIPlugin
2026-05-18 21:32:23,198 [INFO] PluginManager:220 - loadIPPluginJar : add ipddr
2026-05-18 21:32:23,204 [INFO] IPUIPlugin:80 - create IPUIPlugin
2026-05-18 21:32:23,205 [INFO] PluginManager:220 - loadIPPluginJar : add linkedlist
2026-05-18 21:32:23,207 [INFO] IPUIPlugin:80 - create IPUIPlugin
2026-05-18 21:32:23,207 [INFO] PluginManager:220 - loadIPPluginJar : add lorawan
2026-05-18 21:32:23,209 [INFO] IPUIPlugin:80 - create IPUIPlugin
2026-05-18 21:32:23,209 [INFO] PluginManager:220 - loadIPPluginJar : add ltdc
2026-05-18 21:32:23,214 [INFO] IPUIPlugin:80 - create IPUIPlugin
2026-05-18 21:32:23,214 [INFO] PluginManager:220 - loadIPPluginJar : add mdma
2026-05-18 21:32:23,217 [INFO] IPUIPlugin:80 - create IPUIPlugin
2026-05-18 21:32:23,217 [INFO] PluginManager:220 - loadIPPluginJar : add nvic
2026-05-18 21:32:23,220 [INFO] IPUIPlugin:80 - create IPUIPlugin
2026-05-18 21:32:23,221 [INFO] PluginManager:220 - loadIPPluginJar : add opamp
2026-05-18 21:32:23,225 [INFO] IPUIPlugin:80 - create IPUIPlugin
2026-05-18 21:32:23,225 [INFO] PluginManager:220 - loadIPPluginJar : add openamp
2026-05-18 21:32:23,229 [INFO] IPUIPlugin:80 - create IPUIPlugin
2026-05-18 21:32:23,229 [INFO] PluginManager:220 - loadIPPluginJar : add pdm2pcm
2026-05-18 21:32:23,234 [INFO] IPUIPlugin:80 - create IPUIPlugin
2026-05-18 21:32:23,236 [INFO] PluginManager:220 - loadIPPluginJar : add plateformsettings
2026-05-18 21:32:23,239 [INFO] IPUIPlugin:80 - create IPUIPlugin
2026-05-18 21:32:23,239 [INFO] PluginManager:220 - loadIPPluginJar : add quadspi
2026-05-18 21:32:23,241 [INFO] IPUIPlugin:80 - create IPUIPlugin
2026-05-18 21:32:23,241 [INFO] PluginManager:220 - loadIPPluginJar : add radio
2026-05-18 21:32:23,246 [INFO] IPUIPlugin:80 - create IPUIPlugin
2026-05-18 21:32:23,246 [INFO] PluginManager:220 - loadIPPluginJar : add resmgrutility
2026-05-18 21:32:23,249 [INFO] IPUIPlugin:80 - create IPUIPlugin
2026-05-18 21:32:23,249 [INFO] PluginManager:220 - loadIPPluginJar : add sai
2026-05-18 21:32:23,251 [INFO] IPUIPlugin:80 - create IPUIPlugin
2026-05-18 21:32:23,251 [INFO] PluginManager:220 - loadIPPluginJar : add spi
2026-05-18 21:32:23,257 [INFO] IPUIPlugin:80 - create IPUIPlugin
2026-05-18 21:32:23,257 [INFO] PluginManager:220 - loadIPPluginJar : add stm32_wpan
2026-05-18 21:32:23,259 [INFO] IPUIPlugin:80 - create IPUIPlugin
2026-05-18 21:32:23,259 [INFO] PluginManager:220 - loadIPPluginJar : add tim
2026-05-18 21:32:23,261 [INFO] IPUIPlugin:80 - create IPUIPlugin
2026-05-18 21:32:23,261 [INFO] PluginManager:220 - loadIPPluginJar : add touchsensing
2026-05-18 21:32:23,264 [INFO] IPUIPlugin:80 - create IPUIPlugin
2026-05-18 21:32:23,264 [INFO] PluginManager:220 - loadIPPluginJar : add tracer_emb
2026-05-18 21:32:23,266 [INFO] IPUIPlugin:80 - create IPUIPlugin
2026-05-18 21:32:23,266 [INFO] PluginManager:220 - loadIPPluginJar : add ts
2026-05-18 21:32:23,268 [INFO] IPUIPlugin:80 - create IPUIPlugin
2026-05-18 21:32:23,268 [INFO] PluginManager:220 - loadIPPluginJar : add tsc
2026-05-18 21:32:23,270 [INFO] IPUIPlugin:80 - create IPUIPlugin
2026-05-18 21:32:23,271 [INFO] PluginManager:220 - loadIPPluginJar : add ucpd
2026-05-18 21:32:23,273 [INFO] IPUIPlugin:80 - create IPUIPlugin
2026-05-18 21:32:23,274 [INFO] PluginManager:220 - loadIPPluginJar : add usart
2026-05-18 21:32:23,276 [INFO] IPUIPlugin:80 - create IPUIPlugin
2026-05-18 21:32:23,276 [INFO] PluginManager:220 - loadIPPluginJar : add usbx
2026-05-18 21:32:23,390 [FATAL] Updater:351 - Updater called before beeing initialized
2026-05-18 21:32:23,414 [INFO] RulesReader:64 - Compatibility file has been processed (317 Rules)
2026-05-18 21:32:23,422 [INFO] RulesReader:64 - Compatibility file has been processed (317 Rules)
2026-05-18 21:32:23,429 [INFO] CADModel:165 - CPN selected for project level
2026-05-18 21:32:23,429 [INFO] CADModel:114 - Register for checkConnection events
2026-05-18 21:32:23,429 [FATAL] Updater:351 - Updater called before beeing initialized
2026-05-18 21:32:23,429 [ERROR] CADModel:125 - Updater not yet initialized, retry later 
2026-05-18 21:32:23,546 [FATAL] Updater:351 - Updater called before beeing initialized
2026-05-18 21:32:23,547 [INFO] CADModel:165 - CPN selected for project level
2026-05-18 21:32:23,547 [INFO] CADModel:114 - Register for checkConnection events
2026-05-18 21:32:23,547 [FATAL] Updater:351 - Updater called before beeing initialized
2026-05-18 21:32:23,547 [ERROR] CADModel:125 - Updater not yet initialized, retry later 
2026-05-18 21:32:23,551 [FATAL] Updater:351 - Updater called before beeing initialized
2026-05-18 21:32:23,645 [FATAL] Updater:351 - Updater called before beeing initialized
2026-05-18 21:32:23,648 [INFO] DbMcusAds:53 - JSON generation date=Mon Apr 27 18:14:29 AEST 2026 (1777277669683)
2026-05-18 21:32:23,648 [FATAL] Updater:351 - Updater called before beeing initialized
2026-05-18 21:32:23,680 [WARN] DetailPanel:346 - Failed to get advertising image, set to default
2026-05-18 21:32:23,743 [FATAL] Updater:351 - Updater called before beeing initialized
2026-05-18 21:32:23,745 [FATAL] Updater:351 - Updater called before beeing initialized
2026-05-18 21:32:23,745 [FATAL] Updater:351 - Updater called before beeing initialized
2026-05-18 21:32:23,745 [WARN] DetailPanel:346 - Failed to get advertising image, set to default
2026-05-18 21:32:23,745 [FATAL] Updater:351 - Updater called before beeing initialized
2026-05-18 21:32:23,781 [ERROR] Updater:1198 - MainUpdater not yet initialized. External WinMGr cannot be set.
2026-05-18 21:32:23,782 [INFO] Updater:1134 - Updater Version found : 6.15.0
2026-05-18 21:32:23,797 [INFO] ApplicationProperties:184 - Using Application install path: C:\ST\STM32CubeIDE_1.18.1\STM32CubeIDE\plugins\com.st.stm32cube.common.mx_6.15.0.202507011659
2026-05-18 21:32:23,884 [ERROR] LogOutputStream:75 - [STDERR_REDIRECT] [Fatal Error] :1:1: Premature end of file.
2026-05-18 21:32:23,884 [ERROR] LogOutputStream:75 - [STDERR_REDIRECT] 
2026-05-18 21:32:24,884 [ERROR] LogOutputStream:75 - [STDERR_REDIRECT] [Fatal Error] :1:1: Premature end of file.
2026-05-18 21:32:24,885 [ERROR] LogOutputStream:75 - [STDERR_REDIRECT] 
2026-05-18 21:32:25,366 [ERROR] LogOutputStream:75 - [STDERR_REDIRECT] May 18, 2026 9:32:25 PM java.util.prefs.WindowsPreferences <init>
2026-05-18 21:32:25,367 [ERROR] LogOutputStream:75 - [STDERR_REDIRECT] WARNING: Could not open/create prefs root node Software\JavaSoft\Prefs at root 0xffffffff80000002. Windows RegCreateKeyEx(...) returned error code 5.
2026-05-18 21:32:25,368 [ERROR] LogOutputStream:75 - [STDERR_REDIRECT] 
2026-05-18 21:32:25,638 [INFO] ThirdPartyUpdaterWithRetryManager:70 - Updater plugin not ready yet. [2/15]
2026-05-18 21:32:25,889 [ERROR] LogOutputStream:75 - [STDERR_REDIRECT] [Fatal Error] :1:1: Premature end of file.
2026-05-18 21:32:25,889 [ERROR] LogOutputStream:75 - [STDERR_REDIRECT] 
2026-05-18 21:32:26,015 [INFO] MainUpdater:2872 - connection check result : 10
2026-05-18 21:32:26,016 [INFO] MainUpdater:289 - Updater Check For Update Now.
2026-05-18 21:32:26,016 [INFO] MicroXplorer:498 - Change Database Version : DB.6.0.150
2026-05-18 21:32:26,021 [INFO] McuFinderGlobals:63 - Set McuFinder mode to 2 (CubeIDE integrated)
2026-05-18 21:32:26,022 [INFO] UserAuth:487 - Internet connection configuration mode: 1
2026-05-18 21:32:26,043 [INFO] JxBrowserEngine:152 - Initiate JxBrowser Engine with user profile folder
2026-05-18 21:32:26,189 [INFO] CheckServerUpdateThread:120 - End of CheckServer Thread
2026-05-18 21:32:26,958 [ERROR] LogOutputStream:75 - [STDERR_REDIRECT] [Fatal Error] :1:1: Premature end of file.
2026-05-18 21:32:26,958 [ERROR] LogOutputStream:75 - [STDERR_REDIRECT] 
2026-05-18 21:32:27,093 [INFO] WebApp:169 - Instantiating new browser for Auth
2026-05-18 21:32:27,697 [INFO] WebApp:463 - Apply proxy settings
2026-05-18 21:32:27,698 [INFO] WebApp:548 - Chromium requires no authentication
2026-05-18 21:32:27,707 [INFO] WebApp:491 - Direct internet connection detected
2026-05-18 21:32:27,728 [INFO] WebApp:900 - Register for checkConnection events
2026-05-18 21:32:27,728 [INFO] WebApp:463 - Apply proxy settings
2026-05-18 21:32:27,729 [INFO] WebApp:548 - Chromium requires no authentication
2026-05-18 21:32:27,729 [INFO] WebApp:491 - Direct internet connection detected
2026-05-18 21:32:27,883 [ERROR] LogOutputStream:75 - [STDERR_REDIRECT] [Fatal Error] :1:1: Premature end of file.
2026-05-18 21:32:27,883 [ERROR] LogOutputStream:75 - [STDERR_REDIRECT] 
2026-05-18 21:32:27,895 [INFO] WebApp:225 - Starting web application
2026-05-18 21:32:27,895 [INFO] WebApp:593 - Web application path used C:\ST\STM32CubeIDE_1.18.1\STM32CubeIDE\plugins\com.st.stm32cube.common.mx_6.15.0.202507011659\db\plugins\mcufinder\reactClient1\index.html
2026-05-18 21:32:28,011 [INFO] UserAuth:487 - Internet connection configuration mode: 1
2026-05-18 21:32:28,097 [INFO] WebApp:191 - Connection restablished
2026-05-18 21:32:28,882 [ERROR] LogOutputStream:75 - [STDERR_REDIRECT] [Fatal Error] :1:1: Premature end of file.
2026-05-18 21:32:28,882 [ERROR] LogOutputStream:75 - [STDERR_REDIRECT] 
2026-05-18 21:32:28,929 [WARN] PackLoader:240 - Cannot read IP mode file for STMicroelectronics.X-CUBE-AZRTOS-H7.3.5.0
2026-05-18 21:32:28,941 [WARN] PackLoader:240 - Cannot read IP mode file for STMicroelectronics.FP-SNS-MOTENVWB1.1.4.0
2026-05-18 21:32:28,947 [WARN] PackLoader:240 - Cannot read IP mode file for STMicroelectronics.FP-ATR-ASTRA1.2.0.2
2026-05-18 21:32:28,955 [WARN] PackLoader:240 - Cannot read IP mode file for STMicroelectronics.X-CUBE-SMBUS.2.1.0
2026-05-18 21:32:28,960 [WARN] PackLoader:240 - Cannot read IP mode file for STMicroelectronics.X-CUBE-ST60.1.0.0
2026-05-18 21:32:28,979 [WARN] PackLoader:240 - Cannot read IP mode file for STMicroelectronics.X-CUBE-AZRTOS-F7.1.1.0
2026-05-18 21:32:28,988 [WARN] PackLoader:240 - Cannot read IP mode file for STMicroelectronics.FP-SNS-MOTENV1.5.1.0
2026-05-18 21:32:29,008 [WARN] PackLoader:240 - Cannot read IP mode file for Infineon.AIROC-Wi-Fi-Bluetooth-STM32.1.7.0
2026-05-18 21:32:29,030 [WARN] PackLoader:240 - Cannot read IP mode file for STMicroelectronics.X-CUBE-AZRTOS-H7.3.4.0
2026-05-18 21:32:29,040 [WARN] PackLoader:240 - Cannot read IP mode file for STMicroelectronics.X-CUBE-DISPLAY.3.0.0
2026-05-18 21:32:29,049 [WARN] PackLoader:240 - Cannot read IP mode file for STMicroelectronics.X-CUBE-GNSS1.7.1.1
2026-05-18 21:32:29,057 [WARN] PackLoader:240 - Cannot read IP mode file for STMicroelectronics.X-CUBE-NFC10.1.0.0
2026-05-18 21:32:29,065 [WARN] PackLoader:240 - Cannot read IP mode file for STMicroelectronics.X-CUBE-BLEMGR.4.0.0
2026-05-18 21:32:29,071 [WARN] PackLoader:240 - Cannot read IP mode file for STMicroelectronics.X-CUBE-ST60.1.1.0
2026-05-18 21:32:29,077 [WARN] PackLoader:240 - Cannot read IP mode file for emotas.I-CUBE-CANOPEN.1.3.0
2026-05-18 21:32:29,083 [WARN] PackLoader:240 - Cannot read IP mode file for STMicroelectronics.X-CUBE-GNSS1.7.1.0
2026-05-18 21:32:29,090 [WARN] ConditionMgr:438 - getConditionDescription Invalid condition id : Cortex-A Device cause : null
2026-05-18 21:32:29,099 [WARN] ConditionMgr:1044 - genDependencies : Invalid condition id : Cortex-A Device cause : null
2026-05-18 21:32:29,100 [WARN] ConditionMgr:1044 - genDependencies : Invalid condition id : Cortex-A Device cause : null
2026-05-18 21:32:29,100 [WARN] ConditionMgr:1044 - genDependencies : Invalid condition id : Cortex-A Device cause : null
2026-05-18 21:32:29,108 [WARN] PackLoader:240 - Cannot read IP mode file for STMicroelectronics.FP-SNS-STBOX1.2.1.0
2026-05-18 21:32:29,115 [WARN] PackLoader:240 - Cannot read IP mode file for STMicroelectronics.FP-SNS-SMARTAG2.1.2.0
2026-05-18 21:32:29,120 [WARN] PackLoader:240 - Cannot read IP mode file for STMicroelectronics.FP-SNS-FLIGHT1.5.1.0
2026-05-18 21:32:29,132 [INFO] LogOutputStream:77 - [STDOUT_REDIRECT] 1 : Invalid condition id : UX_CORESTACK_Condition cause : null
2026-05-18 21:32:29,132 [INFO] LogOutputStream:77 - [STDOUT_REDIRECT] 1 : Invalid condition id : UX_CORESTACK_Condition cause : null
2026-05-18 21:32:29,133 [INFO] LogOutputStream:77 - [STDOUT_REDIRECT] 1 : Invalid condition id : UX_CORESTACK_Condition cause : null
2026-05-18 21:32:29,134 [INFO] LogOutputStream:77 - [STDOUT_REDIRECT] 1 : Invalid condition id : UX_CORESTACK_Condition cause : null
2026-05-18 21:32:29,134 [INFO] LogOutputStream:77 - [STDOUT_REDIRECT] 1 : Invalid condition id : UX_CORESTACK_Condition cause : null
2026-05-18 21:32:29,137 [WARN] PackLoader:240 - Cannot read IP mode file for STMicroelectronics.X-CUBE-AZRTOS-WL.2.0.0
2026-05-18 21:32:29,141 [WARN] PackLoader:240 - Cannot read IP mode file for STMicroelectronics.FP-SNS-MOTENV1.5.0.0
2026-05-18 21:32:29,183 [WARN] PackLoader:240 - Cannot read IP mode file for STMicroelectronics.X-CUBE-AZRTOS-H7RS.1.2.0
2026-05-18 21:32:29,199 [WARN] PackLoader:240 - Cannot read IP mode file for WES.I-CUBE-Cesium.1.3.0
2026-05-18 21:32:29,206 [WARN] PackLoader:240 - Cannot read IP mode file for STMicroelectronics.X-CUBE-BLE2.3.3.0
2026-05-18 21:32:29,213 [WARN] PackLoader:240 - Cannot read IP mode file for STMicroelectronics.X-CUBE-NFC9.1.0.0
2026-05-18 21:32:29,241 [WARN] PackLoader:240 - Cannot read IP mode file for wolfSSL.I-CUBE-wolfSSL.5.8.0
2026-05-18 21:32:29,250 [WARN] PackLoader:240 - Cannot read IP mode file for STMicroelectronics.X-CUBE-BLE1.7.1.0
2026-05-18 21:32:29,255 [WARN] PackLoader:240 - Cannot read IP mode file for wolfSSL.I-CUBE-wolfMQTT.1.19.2
2026-05-18 21:32:29,261 [WARN] PackLoader:240 - Cannot read IP mode file for STMicroelectronics.X-CUBE-FREERTOS.1.4.0
2026-05-18 21:32:29,268 [WARN] PackLoader:240 - Cannot read IP mode file for STMicroelectronics.X-CUBE-EEPRMA1.5.2.0
2026-05-18 21:32:29,275 [WARN] PackLoader:240 - Cannot read IP mode file for STMicroelectronics.X-CUBE-ST67W61.1.1.0
2026-05-18 21:32:29,280 [WARN] PackLoader:240 - Cannot read IP mode file for STMicroelectronics.X-CUBE-AI.10.1.0
2026-05-18 21:32:29,287 [WARN] PackLoader:240 - Cannot read IP mode file for STMicroelectronics.FP-SNS-STAIOTCFT.1.1.0
2026-05-18 21:32:29,317 [WARN] PackLoader:240 - Cannot read IP mode file for STMicroelectronics.X-CUBE-MEMS1.12.0.0
2026-05-18 21:32:29,398 [WARN] PackLoader:240 - Cannot read IP mode file for STMicroelectronics.X-CUBE-AZRTOS-G0.1.1.0
2026-05-18 21:32:29,406 [WARN] PackLoader:240 - Cannot read IP mode file for STMicroelectronics.X-CUBE-SAFEA1.1.2.2
2026-05-18 21:32:29,411 [WARN] PackLoader:240 - Cannot read IP mode file for STMicroelectronics.X-CUBE-NFC4.3.0.0
2026-05-18 21:32:29,421 [WARN] PackLoader:240 - Cannot read IP mode file for EmbeddedOffice.I-CUBE-FS-RTOS.1.0.1
2026-05-18 21:32:29,426 [WARN] PackLoader:240 - Cannot read IP mode file for STMicroelectronics.X-CUBE-WB05N.2.0.0
2026-05-18 21:32:29,430 [WARN] PackLoader:240 - Cannot read IP mode file for wolfSSL.I-CUBE-wolfTPM.3.8.0
2026-05-18 21:32:29,438 [WARN] PackLoader:240 - Cannot read IP mode file for STMicroelectronics.X-CUBE-TCPP.4.2.0
2026-05-18 21:32:29,445 [WARN] PackLoader:240 - Cannot read IP mode file for RealThread.X-CUBE-RT-Thread_Nano.4.1.1
2026-05-18 21:32:29,449 [WARN] PackLoader:240 - Cannot read IP mode file for STMicroelectronics.FP-ATR-SIGFOX1.3.2.0
2026-05-18 21:32:29,455 [WARN] PackLoader:240 - Cannot read IP mode file for STMicroelectronics.X-CUBE-EEPRMA1.5.1.0
2026-05-18 21:32:29,461 [WARN] PackLoader:240 - Cannot read IP mode file for ITTIA_DB.I-CUBE-ITTIADB.8.9.0
2026-05-18 21:32:29,467 [WARN] PackLoader:240 - Cannot read IP mode file for STMicroelectronics.X-CUBE-ST67W61.1.0.0
2026-05-18 21:32:29,472 [WARN] PackLoader:240 - Cannot read IP mode file for STMicroelectronics.X-CUBE-AI.10.2.0
2026-05-18 21:32:29,500 [WARN] PackLoader:240 - Cannot read IP mode file for STMicroelectronics.X-CUBE-MEMS1.12.1.0
2026-05-18 21:32:29,565 [WARN] PackLoader:240 - Cannot read IP mode file for SEGGER.I-CUBE-embOS.1.3.1
2026-05-18 21:32:29,598 [WARN] PackLoader:240 - Cannot read IP mode file for STMicroelectronics.X-CUBE-ALGOBUILD.1.4.0
2026-05-18 21:32:29,624 [WARN] PackLoader:240 - Cannot read IP mode file for STMicroelectronics.X-CUBE-MEMS1.11.3.0
2026-05-18 21:32:29,695 [WARN] PackLoader:240 - Cannot read IP mode file for STMicroelectronics.X-CUBE-PM33A1.1.0.0
2026-05-18 21:32:29,707 [WARN] PackLoader:240 - Cannot read IP mode file for STMicroelectronics.X-CUBE-AZRTOS-F4.1.1.0
2026-05-18 21:32:29,712 [WARN] PackLoader:240 - Cannot read IP mode file for STMicroelectronics.X-CUBE-ISPU.2.1.0
2026-05-18 21:32:29,723 [WARN] PackLoader:240 - Cannot read IP mode file for STMicroelectronics.X-CUBE-IPS.3.2.0
2026-05-18 21:32:29,734 [WARN] PackLoader:240 - Cannot read IP mode file for STMicroelectronics.eDS-WB_DPC_TT-BIDIR.2.1.1
2026-05-18 21:32:29,742 [WARN] PackLoader:240 - Cannot read IP mode file for STMicroelectronics.X-CUBE-NFC12.1.0.0
2026-05-18 21:32:29,757 [WARN] PackLoader:240 - Cannot read IP mode file for STMicroelectronics.X-CUBE-AZRTOS-L5.2.0.0
2026-05-18 21:32:29,764 [WARN] PackLoader:240 - Cannot read IP mode file for STMicroelectronics.X-CUBE-NFC6.3.1.0
2026-05-18 21:32:29,784 [WARN] PackLoader:240 - Cannot read IP mode file for STMicroelectronics.eDS-WB_DPC_VIENNA.1.2.0
2026-05-18 21:32:29,790 [WARN] PackLoader:240 - Cannot read IP mode file for STMicroelectronics.eDS-WB_DPC_3PH2L-BIDIR.1.1.1
2026-05-18 21:32:29,793 [ERROR] Engine:466 - C:\Users\elena\.stm32cubemx\thirdparties\pdsc\STMicroelectronics.X-CUBE-ST67W61.1.3.0.pdsc: PDSC version is not supported
2026-05-18 21:32:29,798 [WARN] PackLoader:240 - Cannot read IP mode file for STMicroelectronics.X-CUBE-FREERTOS.1.3.1
2026-05-18 21:32:29,802 [WARN] PackLoader:240 - Cannot read IP mode file for STMicroelectronics.X-CUBE-TOUCHGFX.4.26.0
2026-05-18 21:32:29,807 [WARN] PackLoader:240 - Cannot read IP mode file for STMicroelectronics.X-CUBE-TOUCHGFX.4.26.1
2026-05-18 21:32:29,810 [WARN] PackLoader:240 - Cannot read IP mode file for STMicroelectronics.FP-SNS-STAIOTCFT.1.0.0
2026-05-18 21:32:29,815 [WARN] PackLoader:240 - Cannot read IP mode file for STMicroelectronics.X-CUBE-DPower.1.3.0
2026-05-18 21:32:29,829 [WARN] ConditionMgr:438 - getConditionDescription Invalid condition id : LAN8742 Phy interface Condition cause : null
2026-05-18 21:32:29,830 [WARN] PackLoader:240 - Cannot read IP mode file for STMicroelectronics.X-CUBE-AZRTOS-L4.2.0.0
2026-05-18 21:32:29,830 [WARN] ConditionMgr:1044 - genDependencies : Invalid condition id : LAN8742 Phy interface Condition cause : null
2026-05-18 21:32:29,831 [WARN] ConditionMgr:1044 - genDependencies : Invalid condition id : LAN8742 Phy interface Condition cause : null
2026-05-18 21:32:29,831 [WARN] ConditionMgr:1044 - genDependencies : Invalid condition id : LAN8742 Phy interface Condition cause : null
2026-05-18 21:32:29,837 [WARN] PackLoader:240 - Cannot read IP mode file for STMicroelectronics.X-CUBE-SFXS2LP1.4.0.0
2026-05-18 21:32:29,842 [WARN] PackLoader:240 - Cannot read IP mode file for STMicroelectronics.X-CUBE-WB05N.2.1.0
2026-05-18 21:32:29,856 [WARN] PackLoader:240 - Cannot read IP mode file for STMicroelectronics.X-CUBE-AZRTOS-H7.3.3.0
2026-05-18 21:32:29,864 [WARN] PackLoader:240 - Cannot read IP mode file for STMicroelectronics.X-CUBE-BLEMGR.4.1.0
2026-05-18 21:32:29,876 [WARN] ConditionMgr:438 - getConditionDescription Invalid condition id : UX DEVICE CLASS RTOS Condition cause : null
2026-05-18 21:32:29,877 [WARN] ConditionMgr:438 - getConditionDescription Invalid condition id : UX DEVICE CLASS RTOS Condition cause : null
2026-05-18 21:32:29,878 [WARN] PackLoader:240 - Cannot read IP mode file for STMicroelectronics.X-CUBE-AZRTOS-WB.2.0.0
2026-05-18 21:32:29,878 [WARN] ConditionMgr:1044 - genDependencies : Invalid condition id : UX DEVICE CLASS RTOS Condition cause : null
2026-05-18 21:32:29,878 [WARN] ConditionMgr:1044 - genDependencies : Invalid condition id : UX DEVICE CLASS RTOS Condition cause : null
2026-05-18 21:32:29,879 [WARN] ConditionMgr:1044 - genDependencies : Invalid condition id : UX DEVICE CLASS RTOS Condition cause : null
2026-05-18 21:32:29,879 [WARN] ConditionMgr:1044 - genDependencies : Invalid condition id : UX DEVICE CLASS RTOS Condition cause : null
2026-05-18 21:32:29,879 [WARN] ConditionMgr:1044 - genDependencies : Invalid condition id : UX DEVICE CLASS RTOS Condition cause : null
2026-05-18 21:32:29,883 [WARN] PackLoader:240 - Cannot read IP mode file for STMicroelectronics.X-CUBE-GNSS1.7.0.1
2026-05-18 21:32:29,888 [WARN] PackLoader:240 - Cannot read IP mode file for STMicroelectronics.X-CUBE-TOUCHGFX.4.25.0
2026-05-18 21:32:29,891 [ERROR] LogOutputStream:75 - [STDERR_REDIRECT] [Fatal Error] :1:1: Premature end of file.
2026-05-18 21:32:29,891 [ERROR] LogOutputStream:75 - [STDERR_REDIRECT] 
2026-05-18 21:32:29,893 [WARN] PackLoader:240 - Cannot read IP mode file for STMicroelectronics.FP-SNS-STBOX1.2.0.0
2026-05-18 21:32:29,900 [WARN] PackLoader:240 - Cannot read IP mode file for STMicroelectronics.X-CUBE-STSE01.2.0.0
2026-05-18 21:32:29,908 [WARN] PackLoader:240 - Cannot read IP mode file for STMicroelectronics.X-CUBE-SUBG2.5.0.0
2026-05-18 21:32:29,924 [WARN] PackLoader:240 - Cannot read IP mode file for STMicroelectronics.X-CUBE-AZRTOS-H7RS.1.1.0
2026-05-18 21:32:29,930 [WARN] PackLoader:240 - Cannot read IP mode file for Cesanta.I-CUBE-Mongoose.7.13.0
2026-05-18 21:32:29,941 [WARN] PackLoader:240 - Cannot read IP mode file for STMicroelectronics.X-CUBE-AZRTOS-G4.2.0.0
2026-05-18 21:32:29,946 [WARN] PackLoader:240 - Cannot read IP mode file for wolfSSL.I-CUBE-wolfSSH.1.4.20
2026-05-18 21:32:29,952 [WARN] PackLoader:240 - Cannot read IP mode file for STMicroelectronics.X-CUBE-NFC7.2.0.0
2026-05-18 21:32:29,961 [WARN] PackLoader:240 - Cannot read IP mode file for STMicroelectronics.X-CUBE-IPS.3.1.0
2026-05-18 21:32:29,972 [WARN] PackLoader:240 - Cannot read IP mode file for STMicroelectronics.X-CUBE-ALS.1.0.2
2026-05-18 21:32:29,977 [WARN] PackLoader:240 - Cannot read IP mode file for STMicroelectronics.X-CUBE-STSE01.1.0.0
2026-05-18 21:32:29,983 [WARN] PackLoader:240 - Cannot read IP mode file for portGmbH.I-Cube-SoM-uGOAL.1.1.0
2026-05-18 21:32:29,994 [WARN] PackLoader:240 - Cannot read IP mode file for STMicroelectronics.X-CUBE-TOF1.3.4.3
2026-05-18 21:32:29,998 [INFO] ThirdParty:978 - Integrity check success = true
2026-05-18 21:32:29,998 [INFO] IntegrityCheckThread:100 - exiting critical section [integrity check]
2026-05-18 21:32:29,998 [INFO] IntegrityCheckThread:103 - End integrity checks thread
2026-05-18 21:32:30,884 [ERROR] LogOutputStream:75 - [STDERR_REDIRECT] [Fatal Error] :1:1: Premature end of file.
2026-05-18 21:32:30,884 [ERROR] LogOutputStream:75 - [STDERR_REDIRECT] 
2026-05-18 21:32:31,896 [ERROR] LogOutputStream:75 - [STDERR_REDIRECT] [Fatal Error] :1:1: Premature end of file.
2026-05-18 21:32:31,897 [ERROR] LogOutputStream:75 - [STDERR_REDIRECT] 
2026-05-18 21:32:32,894 [ERROR] LogOutputStream:75 - [STDERR_REDIRECT] [Fatal Error] :1:1: Premature end of file.
2026-05-18 21:32:32,894 [ERROR] LogOutputStream:75 - [STDERR_REDIRECT] 
2026-05-18 21:32:33,885 [ERROR] LogOutputStream:75 - [STDERR_REDIRECT] [Fatal Error] :1:1: Premature end of file.
2026-05-18 21:32:33,885 [ERROR] LogOutputStream:75 - [STDERR_REDIRECT] 
2026-05-18 21:32:34,887 [ERROR] LogOutputStream:75 - [STDERR_REDIRECT] [Fatal Error] :1:1: Premature end of file.
2026-05-18 21:32:34,887 [ERROR] LogOutputStream:75 - [STDERR_REDIRECT] 
2026-05-18 21:32:35,879 [ERROR] LogOutputStream:75 - [STDERR_REDIRECT] [Fatal Error] :1:1: Premature end of file.
2026-05-18 21:32:35,879 [ERROR] LogOutputStream:75 - [STDERR_REDIRECT] 
2026-05-18 21:32:36,881 [ERROR] LogOutputStream:75 - [STDERR_REDIRECT] [Fatal Error] :1:1: Premature end of file.
2026-05-18 21:32:36,881 [ERROR] LogOutputStream:75 - [STDERR_REDIRECT] 
2026-05-18 21:32:37,889 [ERROR] LogOutputStream:75 - [STDERR_REDIRECT] [Fatal Error] :1:1: Premature end of file.
2026-05-18 21:32:37,890 [ERROR] LogOutputStream:75 - [STDERR_REDIRECT] 
2026-05-18 21:32:38,891 [ERROR] LogOutputStream:75 - [STDERR_REDIRECT] [Fatal Error] :1:1: Premature end of file.
2026-05-18 21:32:38,891 [ERROR] LogOutputStream:75 - [STDERR_REDIRECT] 
2026-05-18 21:32:39,879 [ERROR] LogOutputStream:75 - [STDERR_REDIRECT] [Fatal Error] :1:1: Premature end of file.
2026-05-18 21:32:39,879 [ERROR] LogOutputStream:75 - [STDERR_REDIRECT] 
2026-05-18 21:32:40,885 [ERROR] LogOutputStream:75 - [STDERR_REDIRECT] [Fatal Error] :1:1: Premature end of file.
2026-05-18 21:32:40,885 [ERROR] LogOutputStream:75 - [STDERR_REDIRECT] 
2026-05-18 21:32:41,905 [ERROR] LogOutputStream:75 - [STDERR_REDIRECT] [Fatal Error] :1:1: Premature end of file.
2026-05-18 21:32:41,905 [ERROR] LogOutputStream:75 - [STDERR_REDIRECT] 
2026-05-18 21:32:42,908 [ERROR] LogOutputStream:75 - [STDERR_REDIRECT] [Fatal Error] :1:1: Premature end of file.
2026-05-18 21:32:42,908 [ERROR] LogOutputStream:75 - [STDERR_REDIRECT] 
2026-05-18 21:32:43,882 [ERROR] LogOutputStream:75 - [STDERR_REDIRECT] [Fatal Error] :1:1: Premature end of file.
2026-05-18 21:32:43,882 [ERROR] LogOutputStream:75 - [STDERR_REDIRECT] 
2026-05-18 21:32:44,884 [ERROR] LogOutputStream:75 - [STDERR_REDIRECT] [Fatal Error] :1:1: Premature end of file.
2026-05-18 21:32:44,884 [ERROR] LogOutputStream:75 - [STDERR_REDIRECT] 
2026-05-18 21:32:45,884 [ERROR] LogOutputStream:75 - [STDERR_REDIRECT] [Fatal Error] :1:1: Premature end of file.
2026-05-18 21:32:45,884 [ERROR] LogOutputStream:75 - [STDERR_REDIRECT] 
2026-05-18 21:32:46,884 [ERROR] LogOutputStream:75 - [STDERR_REDIRECT] [Fatal Error] :1:1: Premature end of file.
2026-05-18 21:32:46,884 [ERROR] LogOutputStream:75 - [STDERR_REDIRECT] 
2026-05-18 21:32:47,892 [ERROR] LogOutputStream:75 - [STDERR_REDIRECT] [Fatal Error] :1:1: Premature end of file.
2026-05-18 21:32:47,893 [ERROR] LogOutputStream:75 - [STDERR_REDIRECT] 
2026-05-18 21:32:48,895 [ERROR] LogOutputStream:75 - [STDERR_REDIRECT] [Fatal Error] :1:1: Premature end of file.
2026-05-18 21:32:48,895 [ERROR] LogOutputStream:75 - [STDERR_REDIRECT] 
2026-05-18 21:32:49,880 [ERROR] LogOutputStream:75 - [STDERR_REDIRECT] [Fatal Error] :1:1: Premature end of file.
2026-05-18 21:32:49,880 [ERROR] LogOutputStream:75 - [STDERR_REDIRECT] 
2026-05-18 21:32:50,893 [ERROR] LogOutputStream:75 - [STDERR_REDIRECT] [Fatal Error] :1:1: Premature end of file.
2026-05-18 21:32:50,893 [ERROR] LogOutputStream:75 - [STDERR_REDIRECT] 
2026-05-18 21:32:51,892 [ERROR] LogOutputStream:75 - [STDERR_REDIRECT] [Fatal Error] :1:1: Premature end of file.
2026-05-18 21:32:51,892 [ERROR] LogOutputStream:75 - [STDERR_REDIRECT] 
2026-05-18 21:32:52,880 [ERROR] LogOutputStream:75 - [STDERR_REDIRECT] [Fatal Error] :1:1: Premature end of file.
2026-05-18 21:32:52,880 [ERROR] LogOutputStream:75 - [STDERR_REDIRECT] 
2026-05-18 21:32:53,881 [ERROR] LogOutputStream:75 - [STDERR_REDIRECT] [Fatal Error] :1:1: Premature end of file.
2026-05-18 21:32:53,881 [ERROR] LogOutputStream:75 - [STDERR_REDIRECT] 
2026-05-18 21:32:54,881 [ERROR] LogOutputStream:75 - [STDERR_REDIRECT] [Fatal Error] :1:1: Premature end of file.
2026-05-18 21:32:54,881 [ERROR] LogOutputStream:75 - [STDERR_REDIRECT] 
2026-05-18 21:32:55,896 [ERROR] LogOutputStream:75 - [STDERR_REDIRECT] [Fatal Error] :1:1: Premature end of file.
2026-05-18 21:32:55,896 [ERROR] LogOutputStream:75 - [STDERR_REDIRECT] 
2026-05-18 21:32:56,884 [ERROR] LogOutputStream:75 - [STDERR_REDIRECT] [Fatal Error] :1:1: Premature end of file.
2026-05-18 21:32:56,884 [ERROR] LogOutputStream:75 - [STDERR_REDIRECT] 
2026-05-18 21:32:57,882 [ERROR] LogOutputStream:75 - [STDERR_REDIRECT] [Fatal Error] :1:1: Premature end of file.
2026-05-18 21:32:57,884 [ERROR] LogOutputStream:75 - [STDERR_REDIRECT] 
2026-05-18 21:32:58,880 [ERROR] LogOutputStream:75 - [STDERR_REDIRECT] [Fatal Error] :1:1: Premature end of file.
2026-05-18 21:32:58,880 [ERROR] LogOutputStream:75 - [STDERR_REDIRECT] 
2026-05-18 21:32:59,892 [ERROR] LogOutputStream:75 - [STDERR_REDIRECT] [Fatal Error] :1:1: Premature end of file.
2026-05-18 21:32:59,892 [ERROR] LogOutputStream:75 - [STDERR_REDIRECT] 
2026-05-18 21:33:00,902 [ERROR] LogOutputStream:75 - [STDERR_REDIRECT] [Fatal Error] :1:1: Premature end of file.
2026-05-18 21:33:00,902 [ERROR] LogOutputStream:75 - [STDERR_REDIRECT] 
2026-05-18 21:33:01,880 [ERROR] LogOutputStream:75 - [STDERR_REDIRECT] [Fatal Error] :1:1: Premature end of file.
2026-05-18 21:33:01,880 [ERROR] LogOutputStream:75 - [STDERR_REDIRECT] 
2026-05-18 21:33:02,884 [ERROR] LogOutputStream:75 - [STDERR_REDIRECT] [Fatal Error] :1:1: Premature end of file.
2026-05-18 21:33:02,884 [ERROR] LogOutputStream:75 - [STDERR_REDIRECT] 
2026-05-18 21:33:03,895 [ERROR] LogOutputStream:75 - [STDERR_REDIRECT] [Fatal Error] :1:1: Premature end of file.
2026-05-18 21:33:03,895 [ERROR] LogOutputStream:75 - [STDERR_REDIRECT] 
2026-05-18 21:33:04,881 [ERROR] LogOutputStream:75 - [STDERR_REDIRECT] [Fatal Error] :1:1: Premature end of file.
2026-05-18 21:33:04,881 [ERROR] LogOutputStream:75 - [STDERR_REDIRECT] 
2026-05-18 21:33:05,882 [ERROR] LogOutputStream:75 - [STDERR_REDIRECT] [Fatal Error] :1:1: Premature end of file.
2026-05-18 21:33:05,882 [ERROR] LogOutputStream:75 - [STDERR_REDIRECT] 
2026-05-18 21:33:06,890 [ERROR] LogOutputStream:75 - [STDERR_REDIRECT] [Fatal Error] :1:1: Premature end of file.
2026-05-18 21:33:06,891 [ERROR] LogOutputStream:75 - [STDERR_REDIRECT] 
2026-05-18 21:33:07,879 [ERROR] LogOutputStream:75 - [STDERR_REDIRECT] [Fatal Error] :1:1: Premature end of file.
2026-05-18 21:33:07,880 [ERROR] LogOutputStream:75 - [STDERR_REDIRECT] 
2026-05-18 21:33:08,879 [ERROR] LogOutputStream:75 - [STDERR_REDIRECT] [Fatal Error] :1:1: Premature end of file.
2026-05-18 21:33:08,879 [ERROR] LogOutputStream:75 - [STDERR_REDIRECT] 
2026-05-18 21:33:09,894 [ERROR] LogOutputStream:75 - [STDERR_REDIRECT] [Fatal Error] :1:1: Premature end of file.
2026-05-18 21:33:09,894 [ERROR] LogOutputStream:75 - [STDERR_REDIRECT] 
2026-05-18 21:33:10,885 [ERROR] LogOutputStream:75 - [STDERR_REDIRECT] [Fatal Error] :1:1: Premature end of file.
2026-05-18 21:33:10,886 [ERROR] LogOutputStream:75 - [STDERR_REDIRECT] 
2026-05-18 21:33:11,880 [ERROR] LogOutputStream:75 - [STDERR_REDIRECT] [Fatal Error] :1:1: Premature end of file.
2026-05-18 21:33:11,881 [ERROR] LogOutputStream:75 - [STDERR_REDIRECT] 
2026-05-18 21:33:12,885 [ERROR] LogOutputStream:75 - [STDERR_REDIRECT] [Fatal Error] :1:1: Premature end of file.
2026-05-18 21:33:12,885 [ERROR] LogOutputStream:75 - [STDERR_REDIRECT] 
2026-05-18 21:33:13,888 [ERROR] LogOutputStream:75 - [STDERR_REDIRECT] [Fatal Error] :1:1: Premature end of file.
2026-05-18 21:33:13,889 [ERROR] LogOutputStream:75 - [STDERR_REDIRECT] 
2026-05-18 21:33:14,892 [ERROR] LogOutputStream:75 - [STDERR_REDIRECT] [Fatal Error] :1:1: Premature end of file.
2026-05-18 21:33:14,892 [ERROR] LogOutputStream:75 - [STDERR_REDIRECT] 
2026-05-18 21:33:15,898 [ERROR] LogOutputStream:75 - [STDERR_REDIRECT] [Fatal Error] :1:1: Premature end of file.
2026-05-18 21:33:15,898 [ERROR] LogOutputStream:75 - [STDERR_REDIRECT] 
2026-05-18 21:33:16,882 [ERROR] LogOutputStream:75 - [STDERR_REDIRECT] [Fatal Error] :1:1: Premature end of file.
2026-05-18 21:33:16,883 [ERROR] LogOutputStream:75 - [STDERR_REDIRECT] 
2026-05-18 21:33:17,896 [ERROR] LogOutputStream:75 - [STDERR_REDIRECT] [Fatal Error] :1:1: Premature end of file.
2026-05-18 21:33:17,897 [ERROR] LogOutputStream:75 - [STDERR_REDIRECT] 
2026-05-18 21:33:18,891 [ERROR] LogOutputStream:75 - [STDERR_REDIRECT] [Fatal Error] :1:1: Premature end of file.
2026-05-18 21:33:18,893 [ERROR] LogOutputStream:75 - [STDERR_REDIRECT] 
2026-05-18 21:33:19,886 [ERROR] LogOutputStream:75 - [STDERR_REDIRECT] [Fatal Error] :1:1: Premature end of file.
2026-05-18 21:33:19,887 [ERROR] LogOutputStream:75 - [STDERR_REDIRECT] 
2026-05-18 21:33:20,882 [ERROR] LogOutputStream:75 - [STDERR_REDIRECT] [Fatal Error] :1:1: Premature end of file.
2026-05-18 21:33:20,882 [ERROR] LogOutputStream:75 - [STDERR_REDIRECT] 
2026-05-18 21:33:21,883 [ERROR] LogOutputStream:75 - [STDERR_REDIRECT] [Fatal Error] :1:1: Premature end of file.
2026-05-18 21:33:21,883 [ERROR] LogOutputStream:75 - [STDERR_REDIRECT] 
2026-05-18 21:33:22,881 [ERROR] LogOutputStream:75 - [STDERR_REDIRECT] [Fatal Error] :1:1: Premature end of file.
2026-05-18 21:33:22,881 [ERROR] LogOutputStream:75 - [STDERR_REDIRECT] 
2026-05-18 21:33:23,885 [ERROR] LogOutputStream:75 - [STDERR_REDIRECT] [Fatal Error] :1:1: Premature end of file.
2026-05-18 21:33:23,885 [ERROR] LogOutputStream:75 - [STDERR_REDIRECT] 
2026-05-18 21:33:24,879 [ERROR] LogOutputStream:75 - [STDERR_REDIRECT] [Fatal Error] :1:1: Premature end of file.
2026-05-18 21:33:24,879 [ERROR] LogOutputStream:75 - [STDERR_REDIRECT] 
2026-05-18 21:33:25,883 [ERROR] LogOutputStream:75 - [STDERR_REDIRECT] [Fatal Error] :1:1: Premature end of file.
2026-05-18 21:33:25,884 [ERROR] LogOutputStream:75 - [STDERR_REDIRECT] 
2026-05-18 21:33:26,887 [ERROR] LogOutputStream:75 - [STDERR_REDIRECT] [Fatal Error] :1:1: Premature end of file.
2026-05-18 21:33:26,888 [ERROR] LogOutputStream:75 - [STDERR_REDIRECT] 
2026-05-18 21:33:27,894 [ERROR] LogOutputStream:75 - [STDERR_REDIRECT] [Fatal Error] :1:1: Premature end of file.
2026-05-18 21:33:27,895 [ERROR] LogOutputStream:75 - [STDERR_REDIRECT] 
2026-05-18 21:33:28,890 [ERROR] LogOutputStream:75 - [STDERR_REDIRECT] [Fatal Error] :1:1: Premature end of file.
2026-05-18 21:33:28,890 [ERROR] LogOutputStream:75 - [STDERR_REDIRECT] 
2026-05-18 21:33:29,885 [ERROR] LogOutputStream:75 - [STDERR_REDIRECT] [Fatal Error] :1:1: Premature end of file.
2026-05-18 21:33:29,886 [ERROR] LogOutputStream:75 - [STDERR_REDIRECT] 
2026-05-18 21:33:30,879 [ERROR] LogOutputStream:75 - [STDERR_REDIRECT] [Fatal Error] :1:1: Premature end of file.
2026-05-18 21:33:30,879 [ERROR] LogOutputStream:75 - [STDERR_REDIRECT] 
2026-05-18 21:33:31,881 [ERROR] LogOutputStream:75 - [STDERR_REDIRECT] [Fatal Error] :1:1: Premature end of file.
2026-05-18 21:33:31,881 [ERROR] LogOutputStream:75 - [STDERR_REDIRECT] 
2026-05-18 21:33:32,891 [ERROR] LogOutputStream:75 - [STDERR_REDIRECT] [Fatal Error] :1:1: Premature end of file.
2026-05-18 21:33:32,892 [ERROR] LogOutputStream:75 - [STDERR_REDIRECT] 
2026-05-18 21:33:33,881 [ERROR] LogOutputStream:75 - [STDERR_REDIRECT] [Fatal Error] :1:1: Premature end of file.
2026-05-18 21:33:33,881 [ERROR] LogOutputStream:75 - [STDERR_REDIRECT] 
2026-05-18 21:33:34,894 [ERROR] LogOutputStream:75 - [STDERR_REDIRECT] [Fatal Error] :1:1: Premature end of file.
2026-05-18 21:33:34,894 [ERROR] LogOutputStream:75 - [STDERR_REDIRECT] 
2026-05-18 21:33:35,882 [ERROR] LogOutputStream:75 - [STDERR_REDIRECT] [Fatal Error] :1:1: Premature end of file.
2026-05-18 21:33:35,882 [ERROR] LogOutputStream:75 - [STDERR_REDIRECT] 
2026-05-18 21:33:36,880 [ERROR] LogOutputStream:75 - [STDERR_REDIRECT] [Fatal Error] :1:1: Premature end of file.
2026-05-18 21:33:36,880 [ERROR] LogOutputStream:75 - [STDERR_REDIRECT] 
2026-05-18 21:33:37,890 [ERROR] LogOutputStream:75 - [STDERR_REDIRECT] [Fatal Error] :1:1: Premature end of file.
2026-05-18 21:33:37,890 [ERROR] LogOutputStream:75 - [STDERR_REDIRECT] 
2026-05-18 21:33:38,884 [ERROR] LogOutputStream:75 - [STDERR_REDIRECT] [Fatal Error] :1:1: Premature end of file.
2026-05-18 21:33:38,884 [ERROR] LogOutputStream:75 - [STDERR_REDIRECT] 
2026-05-18 21:33:39,884 [ERROR] LogOutputStream:75 - [STDERR_REDIRECT] [Fatal Error] :1:1: Premature end of file.
2026-05-18 21:33:39,884 [ERROR] LogOutputStream:75 - [STDERR_REDIRECT] 
2026-05-18 21:33:40,898 [ERROR] LogOutputStream:75 - [STDERR_REDIRECT] [Fatal Error] :1:1: Premature end of file.
2026-05-18 21:33:40,898 [ERROR] LogOutputStream:75 - [STDERR_REDIRECT] 
2026-05-18 21:33:41,887 [ERROR] LogOutputStream:75 - [STDERR_REDIRECT] [Fatal Error] :1:1: Premature end of file.
2026-05-18 21:33:41,887 [ERROR] LogOutputStream:75 - [STDERR_REDIRECT] 
2026-05-18 21:33:42,900 [ERROR] LogOutputStream:75 - [STDERR_REDIRECT] [Fatal Error] :1:1: Premature end of file.
2026-05-18 21:33:42,901 [ERROR] LogOutputStream:75 - [STDERR_REDIRECT] 
2026-05-18 21:33:43,887 [ERROR] LogOutputStream:75 - [STDERR_REDIRECT] [Fatal Error] :1:1: Premature end of file.
2026-05-18 21:33:43,887 [ERROR] LogOutputStream:75 - [STDERR_REDIRECT] 
2026-05-18 21:33:44,885 [ERROR] LogOutputStream:75 - [STDERR_REDIRECT] [Fatal Error] :1:1: Premature end of file.
2026-05-18 21:33:44,885 [ERROR] LogOutputStream:75 - [STDERR_REDIRECT] 
2026-05-18 21:33:45,888 [ERROR] LogOutputStream:75 - [STDERR_REDIRECT] [Fatal Error] :1:1: Premature end of file.
2026-05-18 21:33:45,888 [ERROR] LogOutputStream:75 - [STDERR_REDIRECT] 
2026-05-18 21:33:46,889 [ERROR] LogOutputStream:75 - [STDERR_REDIRECT] [Fatal Error] :1:1: Premature end of file.
2026-05-18 21:33:46,889 [ERROR] LogOutputStream:75 - [STDERR_REDIRECT] 
2026-05-18 21:33:47,881 [ERROR] LogOutputStream:75 - [STDERR_REDIRECT] [Fatal Error] :1:1: Premature end of file.
2026-05-18 21:33:47,882 [ERROR] LogOutputStream:75 - [STDERR_REDIRECT] 
2026-05-18 21:33:48,886 [ERROR] LogOutputStream:75 - [STDERR_REDIRECT] [Fatal Error] :1:1: Premature end of file.
2026-05-18 21:33:48,887 [ERROR] LogOutputStream:75 - [STDERR_REDIRECT] 
2026-05-18 21:33:49,917 [ERROR] LogOutputStream:75 - [STDERR_REDIRECT] [Fatal Error] :1:1: Premature end of file.
2026-05-18 21:33:49,917 [ERROR] LogOutputStream:75 - [STDERR_REDIRECT] 
2026-05-18 21:33:50,890 [ERROR] LogOutputStream:75 - [STDERR_REDIRECT] [Fatal Error] :1:1: Premature end of file.
2026-05-18 21:33:50,890 [ERROR] LogOutputStream:75 - [STDERR_REDIRECT] 
2026-05-18 21:33:51,885 [ERROR] LogOutputStream:75 - [STDERR_REDIRECT] [Fatal Error] :1:1: Premature end of file.
2026-05-18 21:33:51,885 [ERROR] LogOutputStream:75 - [STDERR_REDIRECT] 
2026-05-18 21:33:52,888 [ERROR] LogOutputStream:75 - [STDERR_REDIRECT] [Fatal Error] :1:1: Premature end of file.
2026-05-18 21:33:52,888 [ERROR] LogOutputStream:75 - [STDERR_REDIRECT] 
2026-05-18 21:33:53,888 [ERROR] LogOutputStream:75 - [STDERR_REDIRECT] [Fatal Error] :1:1: Premature end of file.
2026-05-18 21:33:53,889 [ERROR] LogOutputStream:75 - [STDERR_REDIRECT] 
2026-05-18 21:33:54,885 [ERROR] LogOutputStream:75 - [STDERR_REDIRECT] [Fatal Error] :1:1: Premature end of file.
2026-05-18 21:33:54,885 [ERROR] LogOutputStream:75 - [STDERR_REDIRECT] 
2026-05-18 21:33:55,882 [ERROR] LogOutputStream:75 - [STDERR_REDIRECT] [Fatal Error] :1:1: Premature end of file.
2026-05-18 21:33:55,884 [ERROR] LogOutputStream:75 - [STDERR_REDIRECT] 
2026-05-18 21:33:56,890 [ERROR] LogOutputStream:75 - [STDERR_REDIRECT] [Fatal Error] :1:1: Premature end of file.
2026-05-18 21:33:56,890 [ERROR] LogOutputStream:75 - [STDERR_REDIRECT] 
2026-05-18 21:33:57,881 [ERROR] LogOutputStream:75 - [STDERR_REDIRECT] [Fatal Error] :1:1: Premature end of file.
2026-05-18 21:33:57,881 [ERROR] LogOutputStream:75 - [STDERR_REDIRECT] 
2026-05-18 21:33:58,883 [ERROR] LogOutputStream:75 - [STDERR_REDIRECT] [Fatal Error] :1:1: Premature end of file.
2026-05-18 21:33:58,884 [ERROR] LogOutputStream:75 - [STDERR_REDIRECT] 
2026-05-18 21:33:59,883 [ERROR] LogOutputStream:75 - [STDERR_REDIRECT] [Fatal Error] :1:1: Premature end of file.
2026-05-18 21:33:59,884 [ERROR] LogOutputStream:75 - [STDERR_REDIRECT] 
2026-05-18 21:34:00,880 [ERROR] LogOutputStream:75 - [STDERR_REDIRECT] [Fatal Error] :1:1: Premature end of file.
2026-05-18 21:34:00,880 [ERROR] LogOutputStream:75 - [STDERR_REDIRECT] 
2026-05-18 21:34:01,880 [ERROR] LogOutputStream:75 - [STDERR_REDIRECT] [Fatal Error] :1:1: Premature end of file.
2026-05-18 21:34:01,880 [ERROR] LogOutputStream:75 - [STDERR_REDIRECT] 
2026-05-18 21:34:02,883 [ERROR] LogOutputStream:75 - [STDERR_REDIRECT] [Fatal Error] :1:1: Premature end of file.
2026-05-18 21:34:02,883 [ERROR] LogOutputStream:75 - [STDERR_REDIRECT] 
2026-05-18 21:34:03,882 [ERROR] LogOutputStream:75 - [STDERR_REDIRECT] [Fatal Error] :1:1: Premature end of file.
2026-05-18 21:34:03,883 [ERROR] LogOutputStream:75 - [STDERR_REDIRECT] 
2026-05-18 21:34:04,880 [ERROR] LogOutputStream:75 - [STDERR_REDIRECT] [Fatal Error] :1:1: Premature end of file.
2026-05-18 21:34:04,881 [ERROR] LogOutputStream:75 - [STDERR_REDIRECT] 
2026-05-18 21:34:05,883 [ERROR] LogOutputStream:75 - [STDERR_REDIRECT] [Fatal Error] :1:1: Premature end of file.
2026-05-18 21:34:05,883 [ERROR] LogOutputStream:75 - [STDERR_REDIRECT] 
2026-05-18 21:34:06,885 [ERROR] LogOutputStream:75 - [STDERR_REDIRECT] [Fatal Error] :1:1: Premature end of file.
2026-05-18 21:34:06,886 [ERROR] LogOutputStream:75 - [STDERR_REDIRECT] 
2026-05-18 21:34:07,890 [ERROR] LogOutputStream:75 - [STDERR_REDIRECT] [Fatal Error] :1:1: Premature end of file.
2026-05-18 21:34:07,890 [ERROR] LogOutputStream:75 - [STDERR_REDIRECT] 
2026-05-18 21:34:08,881 [ERROR] LogOutputStream:75 - [STDERR_REDIRECT] [Fatal Error] :1:1: Premature end of file.
2026-05-18 21:34:08,881 [ERROR] LogOutputStream:75 - [STDERR_REDIRECT] 
2026-05-18 21:34:09,880 [ERROR] LogOutputStream:75 - [STDERR_REDIRECT] [Fatal Error] :1:1: Premature end of file.
2026-05-18 21:34:09,880 [ERROR] LogOutputStream:75 - [STDERR_REDIRECT] 
2026-05-18 21:34:10,893 [ERROR] LogOutputStream:75 - [STDERR_REDIRECT] [Fatal Error] :1:1: Premature end of file.
2026-05-18 21:34:10,893 [ERROR] LogOutputStream:75 - [STDERR_REDIRECT] 
2026-05-18 21:34:11,882 [ERROR] LogOutputStream:75 - [STDERR_REDIRECT] [Fatal Error] :1:1: Premature end of file.
2026-05-18 21:34:11,883 [ERROR] LogOutputStream:75 - [STDERR_REDIRECT] 
2026-05-18 21:34:12,885 [ERROR] LogOutputStream:75 - [STDERR_REDIRECT] [Fatal Error] :1:1: Premature end of file.
2026-05-18 21:34:12,887 [ERROR] LogOutputStream:75 - [STDERR_REDIRECT] 
2026-05-18 21:34:13,881 [ERROR] LogOutputStream:75 - [STDERR_REDIRECT] [Fatal Error] :1:1: Premature end of file.
2026-05-18 21:34:13,881 [ERROR] LogOutputStream:75 - [STDERR_REDIRECT] 
2026-05-18 21:34:14,890 [ERROR] LogOutputStream:75 - [STDERR_REDIRECT] [Fatal Error] :1:1: Premature end of file.
2026-05-18 21:34:14,890 [ERROR] LogOutputStream:75 - [STDERR_REDIRECT] 
2026-05-18 21:34:15,880 [ERROR] LogOutputStream:75 - [STDERR_REDIRECT] [Fatal Error] :1:1: Premature end of file.
2026-05-18 21:34:15,880 [ERROR] LogOutputStream:75 - [STDERR_REDIRECT] 
2026-05-18 21:34:16,881 [ERROR] LogOutputStream:75 - [STDERR_REDIRECT] [Fatal Error] :1:1: Premature end of file.
2026-05-18 21:34:16,881 [ERROR] LogOutputStream:75 - [STDERR_REDIRECT] 
2026-05-18 21:34:17,882 [ERROR] LogOutputStream:75 - [STDERR_REDIRECT] [Fatal Error] :1:1: Premature end of file.
2026-05-18 21:34:17,882 [ERROR] LogOutputStream:75 - [STDERR_REDIRECT] 
2026-05-18 21:34:18,899 [ERROR] LogOutputStream:75 - [STDERR_REDIRECT] [Fatal Error] :1:1: Premature end of file.
2026-05-18 21:34:18,899 [ERROR] LogOutputStream:75 - [STDERR_REDIRECT] 
2026-05-18 21:34:19,881 [ERROR] LogOutputStream:75 - [STDERR_REDIRECT] [Fatal Error] :1:1: Premature end of file.
2026-05-18 21:34:19,881 [ERROR] LogOutputStream:75 - [STDERR_REDIRECT] 
2026-05-18 21:34:20,897 [ERROR] LogOutputStream:75 - [STDERR_REDIRECT] [Fatal Error] :1:1: Premature end of file.
2026-05-18 21:34:20,897 [ERROR] LogOutputStream:75 - [STDERR_REDIRECT] 
2026-05-18 21:34:21,881 [ERROR] LogOutputStream:75 - [STDERR_REDIRECT] [Fatal Error] :1:1: Premature end of file.
2026-05-18 21:34:21,883 [ERROR] LogOutputStream:75 - [STDERR_REDIRECT] 
2026-05-18 21:34:22,887 [ERROR] LogOutputStream:75 - [STDERR_REDIRECT] [Fatal Error] :1:1: Premature end of file.
2026-05-18 21:34:22,888 [ERROR] LogOutputStream:75 - [STDERR_REDIRECT] 
2026-05-18 21:34:23,881 [ERROR] LogOutputStream:75 - [STDERR_REDIRECT] [Fatal Error] :1:1: Premature end of file.
2026-05-18 21:34:23,881 [ERROR] LogOutputStream:75 - [STDERR_REDIRECT] 
2026-05-18 21:34:24,885 [ERROR] LogOutputStream:75 - [STDERR_REDIRECT] [Fatal Error] :1:1: Premature end of file.
2026-05-18 21:34:24,885 [ERROR] LogOutputStream:75 - [STDERR_REDIRECT] 
2026-05-18 21:34:25,885 [ERROR] LogOutputStream:75 - [STDERR_REDIRECT] [Fatal Error] :1:1: Premature end of file.
2026-05-18 21:34:25,885 [ERROR] LogOutputStream:75 - [STDERR_REDIRECT] 
2026-05-18 21:34:26,893 [ERROR] LogOutputStream:75 - [STDERR_REDIRECT] [Fatal Error] :1:1: Premature end of file.
2026-05-18 21:34:26,893 [ERROR] LogOutputStream:75 - [STDERR_REDIRECT] 
2026-05-18 21:34:27,884 [ERROR] LogOutputStream:75 - [STDERR_REDIRECT] [Fatal Error] :1:1: Premature end of file.
2026-05-18 21:34:27,885 [ERROR] LogOutputStream:75 - [STDERR_REDIRECT] 
2026-05-18 21:34:28,890 [ERROR] LogOutputStream:75 - [STDERR_REDIRECT] [Fatal Error] :1:1: Premature end of file.
2026-05-18 21:34:28,890 [ERROR] LogOutputStream:75 - [STDERR_REDIRECT] 
2026-05-18 21:34:29,884 [ERROR] LogOutputStream:75 - [STDERR_REDIRECT] [Fatal Error] :1:1: Premature end of file.
2026-05-18 21:34:29,884 [ERROR] LogOutputStream:75 - [STDERR_REDIRECT] 
2026-05-18 21:34:30,892 [ERROR] LogOutputStream:75 - [STDERR_REDIRECT] [Fatal Error] :1:1: Premature end of file.
2026-05-18 21:34:30,892 [ERROR] LogOutputStream:75 - [STDERR_REDIRECT] 
2026-05-18 21:34:31,893 [ERROR] LogOutputStream:75 - [STDERR_REDIRECT] [Fatal Error] :1:1: Premature end of file.
2026-05-18 21:34:31,893 [ERROR] LogOutputStream:75 - [STDERR_REDIRECT] 
2026-05-18 21:34:32,882 [ERROR] LogOutputStream:75 - [STDERR_REDIRECT] [Fatal Error] :1:1: Premature end of file.
2026-05-18 21:34:32,882 [ERROR] LogOutputStream:75 - [STDERR_REDIRECT] 
2026-05-18 21:34:33,886 [ERROR] LogOutputStream:75 - [STDERR_REDIRECT] [Fatal Error] :1:1: Premature end of file.
2026-05-18 21:34:33,886 [ERROR] LogOutputStream:75 - [STDERR_REDIRECT] 
2026-05-18 21:34:34,899 [ERROR] LogOutputStream:75 - [STDERR_REDIRECT] [Fatal Error] :1:1: Premature end of file.
2026-05-18 21:34:34,900 [ERROR] LogOutputStream:75 - [STDERR_REDIRECT] 
2026-05-18 21:34:35,885 [ERROR] LogOutputStream:75 - [STDERR_REDIRECT] [Fatal Error] :1:1: Premature end of file.
2026-05-18 21:34:35,885 [ERROR] LogOutputStream:75 - [STDERR_REDIRECT] 
2026-05-18 21:34:36,883 [ERROR] LogOutputStream:75 - [STDERR_REDIRECT] [Fatal Error] :1:1: Premature end of file.
2026-05-18 21:34:36,883 [ERROR] LogOutputStream:75 - [STDERR_REDIRECT] 
2026-05-18 21:34:37,900 [ERROR] LogOutputStream:75 - [STDERR_REDIRECT] [Fatal Error] :1:1: Premature end of file.
2026-05-18 21:34:37,900 [ERROR] LogOutputStream:75 - [STDERR_REDIRECT] 
2026-05-18 21:34:38,885 [ERROR] LogOutputStream:75 - [STDERR_REDIRECT] [Fatal Error] :1:1: Premature end of file.
2026-05-18 21:34:38,885 [ERROR] LogOutputStream:75 - [STDERR_REDIRECT] 
2026-05-18 21:34:39,880 [ERROR] LogOutputStream:75 - [STDERR_REDIRECT] [Fatal Error] :1:1: Premature end of file.
2026-05-18 21:34:39,880 [ERROR] LogOutputStream:75 - [STDERR_REDIRECT] 
2026-05-18 21:34:40,883 [ERROR] LogOutputStream:75 - [STDERR_REDIRECT] [Fatal Error] :1:1: Premature end of file.
2026-05-18 21:34:40,883 [ERROR] LogOutputStream:75 - [STDERR_REDIRECT] 
2026-05-18 21:34:41,880 [ERROR] LogOutputStream:75 - [STDERR_REDIRECT] [Fatal Error] :1:1: Premature end of file.
2026-05-18 21:34:41,880 [ERROR] LogOutputStream:75 - [STDERR_REDIRECT] 
2026-05-18 21:34:42,893 [ERROR] LogOutputStream:75 - [STDERR_REDIRECT] [Fatal Error] :1:1: Premature end of file.
2026-05-18 21:34:42,894 [ERROR] LogOutputStream:75 - [STDERR_REDIRECT] 
2026-05-18 21:34:43,889 [ERROR] LogOutputStream:75 - [STDERR_REDIRECT] [Fatal Error] :1:1: Premature end of file.
2026-05-18 21:34:43,890 [ERROR] LogOutputStream:75 - [STDERR_REDIRECT] 
2026-05-18 21:34:44,893 [ERROR] LogOutputStream:75 - [STDERR_REDIRECT] [Fatal Error] :1:1: Premature end of file.
2026-05-18 21:34:44,893 [ERROR] LogOutputStream:75 - [STDERR_REDIRECT] 
2026-05-18 21:34:45,883 [ERROR] LogOutputStream:75 - [STDERR_REDIRECT] [Fatal Error] :1:1: Premature end of file.
2026-05-18 21:34:45,883 [ERROR] LogOutputStream:75 - [STDERR_REDIRECT] 
2026-05-18 21:34:46,889 [ERROR] LogOutputStream:75 - [STDERR_REDIRECT] [Fatal Error] :1:1: Premature end of file.
2026-05-18 21:34:46,889 [ERROR] LogOutputStream:75 - [STDERR_REDIRECT] 
2026-05-18 21:34:47,890 [ERROR] LogOutputStream:75 - [STDERR_REDIRECT] [Fatal Error] :1:1: Premature end of file.
2026-05-18 21:34:47,890 [ERROR] LogOutputStream:75 - [STDERR_REDIRECT] 
2026-05-18 21:34:48,888 [ERROR] LogOutputStream:75 - [STDERR_REDIRECT] [Fatal Error] :1:1: Premature end of file.
2026-05-18 21:34:48,889 [ERROR] LogOutputStream:75 - [STDERR_REDIRECT] 
2026-05-18 21:34:49,891 [ERROR] LogOutputStream:75 - [STDERR_REDIRECT] [Fatal Error] :1:1: Premature end of file.
2026-05-18 21:34:49,891 [ERROR] LogOutputStream:75 - [STDERR_REDIRECT] 
2026-05-18 21:34:50,880 [ERROR] LogOutputStream:75 - [STDERR_REDIRECT] [Fatal Error] :1:1: Premature end of file.
2026-05-18 21:34:50,880 [ERROR] LogOutputStream:75 - [STDERR_REDIRECT] 
2026-05-18 21:34:51,886 [ERROR] LogOutputStream:75 - [STDERR_REDIRECT] [Fatal Error] :1:1: Premature end of file.
2026-05-18 21:34:51,886 [ERROR] LogOutputStream:75 - [STDERR_REDIRECT] 
2026-05-18 21:34:52,886 [ERROR] LogOutputStream:75 - [STDERR_REDIRECT] [Fatal Error] :1:1: Premature end of file.
2026-05-18 21:34:52,886 [ERROR] LogOutputStream:75 - [STDERR_REDIRECT] 
2026-05-18 21:34:53,883 [ERROR] LogOutputStream:75 - [STDERR_REDIRECT] [Fatal Error] :1:1: Premature end of file.
2026-05-18 21:34:53,883 [ERROR] LogOutputStream:75 - [STDERR_REDIRECT] 
2026-05-18 21:34:54,897 [ERROR] LogOutputStream:75 - [STDERR_REDIRECT] [Fatal Error] :1:1: Premature end of file.
2026-05-18 21:34:54,897 [ERROR] LogOutputStream:75 - [STDERR_REDIRECT] 
2026-05-18 21:34:55,881 [ERROR] LogOutputStream:75 - [STDERR_REDIRECT] [Fatal Error] :1:1: Premature end of file.
2026-05-18 21:34:55,881 [ERROR] LogOutputStream:75 - [STDERR_REDIRECT] 
2026-05-18 21:34:56,897 [ERROR] LogOutputStream:75 - [STDERR_REDIRECT] [Fatal Error] :1:1: Premature end of file.
2026-05-18 21:34:56,897 [ERROR] LogOutputStream:75 - [STDERR_REDIRECT] 
2026-05-18 21:34:57,883 [ERROR] LogOutputStream:75 - [STDERR_REDIRECT] [Fatal Error] :1:1: Premature end of file.
2026-05-18 21:34:57,883 [ERROR] LogOutputStream:75 - [STDERR_REDIRECT] 
2026-05-18 21:34:58,883 [ERROR] LogOutputStream:75 - [STDERR_REDIRECT] [Fatal Error] :1:1: Premature end of file.
2026-05-18 21:34:58,883 [ERROR] LogOutputStream:75 - [STDERR_REDIRECT] 
2026-05-18 21:34:59,886 [ERROR] LogOutputStream:75 - [STDERR_REDIRECT] [Fatal Error] :1:1: Premature end of file.
2026-05-18 21:34:59,887 [ERROR] LogOutputStream:75 - [STDERR_REDIRECT] 
2026-05-18 21:35:00,891 [ERROR] LogOutputStream:75 - [STDERR_REDIRECT] [Fatal Error] :1:1: Premature end of file.
2026-05-18 21:35:00,891 [ERROR] LogOutputStream:75 - [STDERR_REDIRECT] 
2026-05-18 21:35:01,884 [ERROR] LogOutputStream:75 - [STDERR_REDIRECT] [Fatal Error] :1:1: Premature end of file.
2026-05-18 21:35:01,884 [ERROR] LogOutputStream:75 - [STDERR_REDIRECT] 
2026-05-18 21:35:02,882 [ERROR] LogOutputStream:75 - [STDERR_REDIRECT] [Fatal Error] :1:1: Premature end of file.
2026-05-18 21:35:02,882 [ERROR] LogOutputStream:75 - [STDERR_REDIRECT] 
2026-05-18 21:35:03,886 [ERROR] LogOutputStream:75 - [STDERR_REDIRECT] [Fatal Error] :1:1: Premature end of file.
2026-05-18 21:35:03,887 [ERROR] LogOutputStream:75 - [STDERR_REDIRECT] 
2026-05-18 21:35:04,881 [ERROR] LogOutputStream:75 - [STDERR_REDIRECT] [Fatal Error] :1:1: Premature end of file.
2026-05-18 21:35:04,881 [ERROR] LogOutputStream:75 - [STDERR_REDIRECT] 
2026-05-18 21:35:05,880 [ERROR] LogOutputStream:75 - [STDERR_REDIRECT] [Fatal Error] :1:1: Premature end of file.
2026-05-18 21:35:05,880 [ERROR] LogOutputStream:75 - [STDERR_REDIRECT] 
2026-05-18 21:35:06,881 [ERROR] LogOutputStream:75 - [STDERR_REDIRECT] [Fatal Error] :1:1: Premature end of file.
2026-05-18 21:35:06,881 [ERROR] LogOutputStream:75 - [STDERR_REDIRECT] 
2026-05-18 21:35:07,880 [ERROR] LogOutputStream:75 - [STDERR_REDIRECT] [Fatal Error] :1:1: Premature end of file.
2026-05-18 21:35:07,880 [ERROR] LogOutputStream:75 - [STDERR_REDIRECT] 
2026-05-18 21:35:08,891 [ERROR] LogOutputStream:75 - [STDERR_REDIRECT] [Fatal Error] :1:1: Premature end of file.
2026-05-18 21:35:08,892 [ERROR] LogOutputStream:75 - [STDERR_REDIRECT] 
2026-05-18 21:35:09,879 [ERROR] LogOutputStream:75 - [STDERR_REDIRECT] [Fatal Error] :1:1: Premature end of file.
2026-05-18 21:35:09,880 [ERROR] LogOutputStream:75 - [STDERR_REDIRECT] 
2026-05-18 21:35:10,885 [ERROR] LogOutputStream:75 - [STDERR_REDIRECT] [Fatal Error] :1:1: Premature end of file.
2026-05-18 21:35:10,885 [ERROR] LogOutputStream:75 - [STDERR_REDIRECT] 
2026-05-18 21:35:11,880 [ERROR] LogOutputStream:75 - [STDERR_REDIRECT] [Fatal Error] :1:1: Premature end of file.
2026-05-18 21:35:11,880 [ERROR] LogOutputStream:75 - [STDERR_REDIRECT] 
2026-05-18 21:35:12,883 [ERROR] LogOutputStream:75 - [STDERR_REDIRECT] [Fatal Error] :1:1: Premature end of file.
2026-05-18 21:35:12,883 [ERROR] LogOutputStream:75 - [STDERR_REDIRECT] 
2026-05-18 21:35:13,879 [ERROR] LogOutputStream:75 - [STDERR_REDIRECT] [Fatal Error] :1:1: Premature end of file.
2026-05-18 21:35:13,879 [ERROR] LogOutputStream:75 - [STDERR_REDIRECT] 
2026-05-18 21:35:14,882 [ERROR] LogOutputStream:75 - [STDERR_REDIRECT] [Fatal Error] :1:1: Premature end of file.
2026-05-18 21:35:14,882 [ERROR] LogOutputStream:75 - [STDERR_REDIRECT] 
2026-05-18 21:35:15,884 [ERROR] LogOutputStream:75 - [STDERR_REDIRECT] [Fatal Error] :1:1: Premature end of file.
2026-05-18 21:35:15,885 [ERROR] LogOutputStream:75 - [STDERR_REDIRECT] 
2026-05-18 21:35:16,882 [ERROR] LogOutputStream:75 - [STDERR_REDIRECT] [Fatal Error] :1:1: Premature end of file.
2026-05-18 21:35:16,883 [ERROR] LogOutputStream:75 - [STDERR_REDIRECT] 
2026-05-18 21:35:17,885 [ERROR] LogOutputStream:75 - [STDERR_REDIRECT] [Fatal Error] :1:1: Premature end of file.
2026-05-18 21:35:17,885 [ERROR] LogOutputStream:75 - [STDERR_REDIRECT] 
2026-05-18 21:35:18,890 [ERROR] LogOutputStream:75 - [STDERR_REDIRECT] [Fatal Error] :1:1: Premature end of file.
2026-05-18 21:35:18,890 [ERROR] LogOutputStream:75 - [STDERR_REDIRECT] 
2026-05-18 21:35:19,880 [ERROR] LogOutputStream:75 - [STDERR_REDIRECT] [Fatal Error] :1:1: Premature end of file.
2026-05-18 21:35:19,881 [ERROR] LogOutputStream:75 - [STDERR_REDIRECT] 
2026-05-18 21:35:20,879 [ERROR] LogOutputStream:75 - [STDERR_REDIRECT] [Fatal Error] :1:1: Premature end of file.
2026-05-18 21:35:20,879 [ERROR] LogOutputStream:75 - [STDERR_REDIRECT] 
2026-05-18 21:35:21,883 [ERROR] LogOutputStream:75 - [STDERR_REDIRECT] [Fatal Error] :1:1: Premature end of file.
2026-05-18 21:35:21,883 [ERROR] LogOutputStream:75 - [STDERR_REDIRECT] 
2026-05-18 21:35:22,894 [ERROR] LogOutputStream:75 - [STDERR_REDIRECT] [Fatal Error] :1:1: Premature end of file.
2026-05-18 21:35:22,894 [ERROR] LogOutputStream:75 - [STDERR_REDIRECT] 
2026-05-18 21:35:23,880 [ERROR] LogOutputStream:75 - [STDERR_REDIRECT] [Fatal Error] :1:1: Premature end of file.
2026-05-18 21:35:23,880 [ERROR] LogOutputStream:75 - [STDERR_REDIRECT] 
2026-05-18 21:35:24,893 [ERROR] LogOutputStream:75 - [STDERR_REDIRECT] [Fatal Error] :1:1: Premature end of file.
2026-05-18 21:35:24,893 [ERROR] LogOutputStream:75 - [STDERR_REDIRECT] 
2026-05-18 21:35:25,892 [ERROR] LogOutputStream:75 - [STDERR_REDIRECT] [Fatal Error] :1:1: Premature end of file.
2026-05-18 21:35:25,892 [ERROR] LogOutputStream:75 - [STDERR_REDIRECT] 
2026-05-18 21:35:26,880 [ERROR] LogOutputStream:75 - [STDERR_REDIRECT] [Fatal Error] :1:1: Premature end of file.
2026-05-18 21:35:26,880 [ERROR] LogOutputStream:75 - [STDERR_REDIRECT] 
2026-05-18 21:35:27,886 [ERROR] LogOutputStream:75 - [STDERR_REDIRECT] [Fatal Error] :1:1: Premature end of file.
2026-05-18 21:35:27,887 [ERROR] LogOutputStream:75 - [STDERR_REDIRECT] 
2026-05-18 21:35:28,885 [ERROR] LogOutputStream:75 - [STDERR_REDIRECT] [Fatal Error] :1:1: Premature end of file.
2026-05-18 21:35:28,885 [ERROR] LogOutputStream:75 - [STDERR_REDIRECT] 
2026-05-18 21:35:29,886 [ERROR] LogOutputStream:75 - [STDERR_REDIRECT] [Fatal Error] :1:1: Premature end of file.
2026-05-18 21:35:29,886 [ERROR] LogOutputStream:75 - [STDERR_REDIRECT] 
2026-05-18 21:35:30,897 [ERROR] LogOutputStream:75 - [STDERR_REDIRECT] [Fatal Error] :1:1: Premature end of file.
2026-05-18 21:35:30,897 [ERROR] LogOutputStream:75 - [STDERR_REDIRECT] 
2026-05-18 21:35:31,890 [ERROR] LogOutputStream:75 - [STDERR_REDIRECT] [Fatal Error] :1:1: Premature end of file.
2026-05-18 21:35:31,890 [ERROR] LogOutputStream:75 - [STDERR_REDIRECT] 
2026-05-18 21:35:32,885 [ERROR] LogOutputStream:75 - [STDERR_REDIRECT] [Fatal Error] :1:1: Premature end of file.
2026-05-18 21:35:32,886 [ERROR] LogOutputStream:75 - [STDERR_REDIRECT] 
2026-05-18 21:35:33,891 [ERROR] LogOutputStream:75 - [STDERR_REDIRECT] [Fatal Error] :1:1: Premature end of file.
2026-05-18 21:35:33,892 [ERROR] LogOutputStream:75 - [STDERR_REDIRECT] 
2026-05-18 21:35:34,894 [ERROR] LogOutputStream:75 - [STDERR_REDIRECT] [Fatal Error] :1:1: Premature end of file.
2026-05-18 21:35:34,894 [ERROR] LogOutputStream:75 - [STDERR_REDIRECT] 
2026-05-18 21:35:35,880 [ERROR] LogOutputStream:75 - [STDERR_REDIRECT] [Fatal Error] :1:1: Premature end of file.
2026-05-18 21:35:35,880 [ERROR] LogOutputStream:75 - [STDERR_REDIRECT] 
2026-05-18 21:35:36,895 [ERROR] LogOutputStream:75 - [STDERR_REDIRECT] [Fatal Error] :1:1: Premature end of file.
2026-05-18 21:35:36,895 [ERROR] LogOutputStream:75 - [STDERR_REDIRECT] 
2026-05-18 21:35:37,882 [ERROR] LogOutputStream:75 - [STDERR_REDIRECT] [Fatal Error] :1:1: Premature end of file.
2026-05-18 21:35:37,882 [ERROR] LogOutputStream:75 - [STDERR_REDIRECT] 
2026-05-18 21:35:38,891 [ERROR] LogOutputStream:75 - [STDERR_REDIRECT] [Fatal Error] :1:1: Premature end of file.
2026-05-18 21:35:38,891 [ERROR] LogOutputStream:75 - [STDERR_REDIRECT] 
2026-05-18 21:35:39,885 [ERROR] LogOutputStream:75 - [STDERR_REDIRECT] [Fatal Error] :1:1: Premature end of file.
2026-05-18 21:35:39,885 [ERROR] LogOutputStream:75 - [STDERR_REDIRECT] 
2026-05-18 21:35:40,884 [ERROR] LogOutputStream:75 - [STDERR_REDIRECT] [Fatal Error] :1:1: Premature end of file.
2026-05-18 21:35:40,885 [ERROR] LogOutputStream:75 - [STDERR_REDIRECT] 
2026-05-18 21:35:41,883 [ERROR] LogOutputStream:75 - [STDERR_REDIRECT] [Fatal Error] :1:1: Premature end of file.
2026-05-18 21:35:41,884 [ERROR] LogOutputStream:75 - [STDERR_REDIRECT] 
2026-05-18 21:35:42,886 [ERROR] LogOutputStream:75 - [STDERR_REDIRECT] [Fatal Error] :1:1: Premature end of file.
2026-05-18 21:35:42,886 [ERROR] LogOutputStream:75 - [STDERR_REDIRECT] 
2026-05-18 21:35:43,909 [ERROR] LogOutputStream:75 - [STDERR_REDIRECT] [Fatal Error] :1:1: Premature end of file.
2026-05-18 21:35:43,910 [ERROR] LogOutputStream:75 - [STDERR_REDIRECT] 
2026-05-18 21:35:44,883 [ERROR] LogOutputStream:75 - [STDERR_REDIRECT] [Fatal Error] :1:1: Premature end of file.
2026-05-18 21:35:44,883 [ERROR] LogOutputStream:75 - [STDERR_REDIRECT] 
2026-05-18 21:35:45,885 [ERROR] LogOutputStream:75 - [STDERR_REDIRECT] [Fatal Error] :1:1: Premature end of file.
2026-05-18 21:35:45,885 [ERROR] LogOutputStream:75 - [STDERR_REDIRECT] 
2026-05-18 21:35:46,893 [ERROR] LogOutputStream:75 - [STDERR_REDIRECT] [Fatal Error] :1:1: Premature end of file.
2026-05-18 21:35:46,894 [ERROR] LogOutputStream:75 - [STDERR_REDIRECT] 
2026-05-18 21:35:47,884 [ERROR] LogOutputStream:75 - [STDERR_REDIRECT] [Fatal Error] :1:1: Premature end of file.
2026-05-18 21:35:47,885 [ERROR] LogOutputStream:75 - [STDERR_REDIRECT] 
2026-05-18 21:35:48,886 [ERROR] LogOutputStream:75 - [STDERR_REDIRECT] [Fatal Error] :1:1: Premature end of file.
2026-05-18 21:35:48,886 [ERROR] LogOutputStream:75 - [STDERR_REDIRECT] 
2026-05-18 21:35:49,883 [ERROR] LogOutputStream:75 - [STDERR_REDIRECT] [Fatal Error] :1:1: Premature end of file.
2026-05-18 21:35:49,883 [ERROR] LogOutputStream:75 - [STDERR_REDIRECT] 
2026-05-18 21:35:50,881 [ERROR] LogOutputStream:75 - [STDERR_REDIRECT] [Fatal Error] :1:1: Premature end of file.
2026-05-18 21:35:50,881 [ERROR] LogOutputStream:75 - [STDERR_REDIRECT] 
2026-05-18 21:35:51,883 [ERROR] LogOutputStream:75 - [STDERR_REDIRECT] [Fatal Error] :1:1: Premature end of file.
2026-05-18 21:35:51,884 [ERROR] LogOutputStream:75 - [STDERR_REDIRECT] 
2026-05-18 21:35:52,883 [ERROR] LogOutputStream:75 - [STDERR_REDIRECT] [Fatal Error] :1:1: Premature end of file.
2026-05-18 21:35:52,883 [ERROR] LogOutputStream:75 - [STDERR_REDIRECT] 
2026-05-18 21:35:53,883 [ERROR] LogOutputStream:75 - [STDERR_REDIRECT] [Fatal Error] :1:1: Premature end of file.
2026-05-18 21:35:53,883 [ERROR] LogOutputStream:75 - [STDERR_REDIRECT] 
2026-05-18 21:35:54,886 [ERROR] LogOutputStream:75 - [STDERR_REDIRECT] [Fatal Error] :1:1: Premature end of file.
2026-05-18 21:35:54,887 [ERROR] LogOutputStream:75 - [STDERR_REDIRECT] 
2026-05-18 21:35:55,891 [ERROR] LogOutputStream:75 - [STDERR_REDIRECT] [Fatal Error] :1:1: Premature end of file.
2026-05-18 21:35:55,892 [ERROR] LogOutputStream:75 - [STDERR_REDIRECT] 
2026-05-18 21:35:56,893 [ERROR] LogOutputStream:75 - [STDERR_REDIRECT] [Fatal Error] :1:1: Premature end of file.
2026-05-18 21:35:56,893 [ERROR] LogOutputStream:75 - [STDERR_REDIRECT] 
2026-05-18 21:35:57,884 [ERROR] LogOutputStream:75 - [STDERR_REDIRECT] [Fatal Error] :1:1: Premature end of file.
2026-05-18 21:35:57,884 [ERROR] LogOutputStream:75 - [STDERR_REDIRECT] 
2026-05-18 21:35:58,884 [ERROR] LogOutputStream:75 - [STDERR_REDIRECT] [Fatal Error] :1:1: Premature end of file.
2026-05-18 21:35:58,884 [ERROR] LogOutputStream:75 - [STDERR_REDIRECT] 
2026-05-18 21:35:59,883 [ERROR] LogOutputStream:75 - [STDERR_REDIRECT] [Fatal Error] :1:1: Premature end of file.
2026-05-18 21:35:59,884 [ERROR] LogOutputStream:75 - [STDERR_REDIRECT] 
2026-05-18 21:36:00,884 [ERROR] LogOutputStream:75 - [STDERR_REDIRECT] [Fatal Error] :1:1: Premature end of file.
2026-05-18 21:36:00,884 [ERROR] LogOutputStream:75 - [STDERR_REDIRECT] 
2026-05-18 21:36:01,886 [ERROR] LogOutputStream:75 - [STDERR_REDIRECT] [Fatal Error] :1:1: Premature end of file.
2026-05-18 21:36:01,886 [ERROR] LogOutputStream:75 - [STDERR_REDIRECT] 
2026-05-18 21:36:02,881 [ERROR] LogOutputStream:75 - [STDERR_REDIRECT] [Fatal Error] :1:1: Premature end of file.
2026-05-18 21:36:02,881 [ERROR] LogOutputStream:75 - [STDERR_REDIRECT] 
2026-05-18 21:36:03,883 [ERROR] LogOutputStream:75 - [STDERR_REDIRECT] [Fatal Error] :1:1: Premature end of file.
2026-05-18 21:36:03,883 [ERROR] LogOutputStream:75 - [STDERR_REDIRECT] 
2026-05-18 21:36:04,884 [ERROR] LogOutputStream:75 - [STDERR_REDIRECT] [Fatal Error] :1:1: Premature end of file.
2026-05-18 21:36:04,884 [ERROR] LogOutputStream:75 - [STDERR_REDIRECT] 
2026-05-18 21:36:05,888 [ERROR] LogOutputStream:75 - [STDERR_REDIRECT] [Fatal Error] :1:1: Premature end of file.
2026-05-18 21:36:05,888 [ERROR] LogOutputStream:75 - [STDERR_REDIRECT] 
2026-05-18 21:36:06,884 [ERROR] LogOutputStream:75 - [STDERR_REDIRECT] [Fatal Error] :1:1: Premature end of file.
2026-05-18 21:36:06,884 [ERROR] LogOutputStream:75 - [STDERR_REDIRECT] 
2026-05-18 21:36:07,885 [ERROR] LogOutputStream:75 - [STDERR_REDIRECT] [Fatal Error] :1:1: Premature end of file.
2026-05-18 21:36:07,885 [ERROR] LogOutputStream:75 - [STDERR_REDIRECT] 
2026-05-18 21:36:08,892 [ERROR] LogOutputStream:75 - [STDERR_REDIRECT] [Fatal Error] :1:1: Premature end of file.
2026-05-18 21:36:08,892 [ERROR] LogOutputStream:75 - [STDERR_REDIRECT] 
2026-05-18 21:36:09,885 [ERROR] LogOutputStream:75 - [STDERR_REDIRECT] [Fatal Error] :1:1: Premature end of file.
2026-05-18 21:36:09,885 [ERROR] LogOutputStream:75 - [STDERR_REDIRECT] 
2026-05-18 21:36:10,893 [ERROR] LogOutputStream:75 - [STDERR_REDIRECT] [Fatal Error] :1:1: Premature end of file.
2026-05-18 21:36:10,893 [ERROR] LogOutputStream:75 - [STDERR_REDIRECT] 
2026-05-18 21:36:11,889 [ERROR] LogOutputStream:75 - [STDERR_REDIRECT] [Fatal Error] :1:1: Premature end of file.
2026-05-18 21:36:11,890 [ERROR] LogOutputStream:75 - [STDERR_REDIRECT] 
2026-05-18 21:36:12,883 [ERROR] LogOutputStream:75 - [STDERR_REDIRECT] [Fatal Error] :1:1: Premature end of file.
2026-05-18 21:36:12,884 [ERROR] LogOutputStream:75 - [STDERR_REDIRECT] 
2026-05-18 21:36:13,882 [ERROR] LogOutputStream:75 - [STDERR_REDIRECT] [Fatal Error] :1:1: Premature end of file.
2026-05-18 21:36:13,883 [ERROR] LogOutputStream:75 - [STDERR_REDIRECT] 
2026-05-18 21:36:14,887 [ERROR] LogOutputStream:75 - [STDERR_REDIRECT] [Fatal Error] :1:1: Premature end of file.
2026-05-18 21:36:14,888 [ERROR] LogOutputStream:75 - [STDERR_REDIRECT] 
2026-05-18 21:36:15,883 [ERROR] LogOutputStream:75 - [STDERR_REDIRECT] [Fatal Error] :1:1: Premature end of file.
2026-05-18 21:36:15,883 [ERROR] LogOutputStream:75 - [STDERR_REDIRECT] 
2026-05-18 21:36:16,878 [ERROR] LogOutputStream:75 - [STDERR_REDIRECT] [Fatal Error] :1:1: Premature end of file.
2026-05-18 21:36:16,878 [ERROR] LogOutputStream:75 - [STDERR_REDIRECT] 
2026-05-18 21:36:17,883 [ERROR] LogOutputStream:75 - [STDERR_REDIRECT] [Fatal Error] :1:1: Premature end of file.
2026-05-18 21:36:17,883 [ERROR] LogOutputStream:75 - [STDERR_REDIRECT] 
2026-05-18 21:36:18,891 [ERROR] LogOutputStream:75 - [STDERR_REDIRECT] [Fatal Error] :1:1: Premature end of file.
2026-05-18 21:36:18,891 [ERROR] LogOutputStream:75 - [STDERR_REDIRECT] 
2026-05-18 21:36:19,895 [ERROR] LogOutputStream:75 - [STDERR_REDIRECT] [Fatal Error] :1:1: Premature end of file.
2026-05-18 21:36:19,895 [ERROR] LogOutputStream:75 - [STDERR_REDIRECT] 
2026-05-18 21:36:20,887 [ERROR] LogOutputStream:75 - [STDERR_REDIRECT] [Fatal Error] :1:1: Premature end of file.
2026-05-18 21:36:20,887 [ERROR] LogOutputStream:75 - [STDERR_REDIRECT] 
2026-05-18 21:36:21,890 [ERROR] LogOutputStream:75 - [STDERR_REDIRECT] [Fatal Error] :1:1: Premature end of file.
2026-05-18 21:36:21,890 [ERROR] LogOutputStream:75 - [STDERR_REDIRECT] 
2026-05-18 21:36:22,886 [ERROR] LogOutputStream:75 - [STDERR_REDIRECT] [Fatal Error] :1:1: Premature end of file.
2026-05-18 21:36:22,886 [ERROR] LogOutputStream:75 - [STDERR_REDIRECT] 
2026-05-18 21:36:23,891 [ERROR] LogOutputStream:75 - [STDERR_REDIRECT] [Fatal Error] :1:1: Premature end of file.
2026-05-18 21:36:23,891 [ERROR] LogOutputStream:75 - [STDERR_REDIRECT] 
2026-05-18 21:36:24,884 [ERROR] LogOutputStream:75 - [STDERR_REDIRECT] [Fatal Error] :1:1: Premature end of file.
2026-05-18 21:36:24,884 [ERROR] LogOutputStream:75 - [STDERR_REDIRECT] 
2026-05-18 21:36:25,885 [ERROR] LogOutputStream:75 - [STDERR_REDIRECT] [Fatal Error] :1:1: Premature end of file.
2026-05-18 21:36:25,885 [ERROR] LogOutputStream:75 - [STDERR_REDIRECT] 
2026-05-18 21:36:26,885 [ERROR] LogOutputStream:75 - [STDERR_REDIRECT] [Fatal Error] :1:1: Premature end of file.
2026-05-18 21:36:26,885 [ERROR] LogOutputStream:75 - [STDERR_REDIRECT] 
2026-05-18 21:36:27,880 [ERROR] LogOutputStream:75 - [STDERR_REDIRECT] [Fatal Error] :1:1: Premature end of file.
2026-05-18 21:36:27,880 [ERROR] LogOutputStream:75 - [STDERR_REDIRECT] 
2026-05-18 21:36:28,883 [ERROR] LogOutputStream:75 - [STDERR_REDIRECT] [Fatal Error] :1:1: Premature end of file.
2026-05-18 21:36:28,883 [ERROR] LogOutputStream:75 - [STDERR_REDIRECT] 
2026-05-18 21:36:29,890 [ERROR] LogOutputStream:75 - [STDERR_REDIRECT] [Fatal Error] :1:1: Premature end of file.
2026-05-18 21:36:29,890 [ERROR] LogOutputStream:75 - [STDERR_REDIRECT] 
2026-05-18 21:36:30,890 [ERROR] LogOutputStream:75 - [STDERR_REDIRECT] [Fatal Error] :1:1: Premature end of file.
2026-05-18 21:36:30,891 [ERROR] LogOutputStream:75 - [STDERR_REDIRECT] 
2026-05-18 21:36:31,884 [ERROR] LogOutputStream:75 - [STDERR_REDIRECT] [Fatal Error] :1:1: Premature end of file.
2026-05-18 21:36:31,884 [ERROR] LogOutputStream:75 - [STDERR_REDIRECT] 
2026-05-18 21:36:32,882 [ERROR] LogOutputStream:75 - [STDERR_REDIRECT] [Fatal Error] :1:1: Premature end of file.
2026-05-18 21:36:32,882 [ERROR] LogOutputStream:75 - [STDERR_REDIRECT] 
2026-05-18 21:36:33,896 [ERROR] LogOutputStream:75 - [STDERR_REDIRECT] [Fatal Error] :1:1: Premature end of file.
2026-05-18 21:36:33,896 [ERROR] LogOutputStream:75 - [STDERR_REDIRECT] 
2026-05-18 21:36:34,884 [ERROR] LogOutputStream:75 - [STDERR_REDIRECT] [Fatal Error] :1:1: Premature end of file.
2026-05-18 21:36:34,884 [ERROR] LogOutputStream:75 - [STDERR_REDIRECT] 
2026-05-18 21:36:35,886 [ERROR] LogOutputStream:75 - [STDERR_REDIRECT] [Fatal Error] :1:1: Premature end of file.
2026-05-18 21:36:35,887 [ERROR] LogOutputStream:75 - [STDERR_REDIRECT] 
2026-05-18 21:36:36,892 [ERROR] LogOutputStream:75 - [STDERR_REDIRECT] [Fatal Error] :1:1: Premature end of file.
2026-05-18 21:36:36,892 [ERROR] LogOutputStream:75 - [STDERR_REDIRECT] 
2026-05-18 21:36:37,889 [ERROR] LogOutputStream:75 - [STDERR_REDIRECT] [Fatal Error] :1:1: Premature end of file.
2026-05-18 21:36:37,890 [ERROR] LogOutputStream:75 - [STDERR_REDIRECT] 
2026-05-18 21:36:38,891 [ERROR] LogOutputStream:75 - [STDERR_REDIRECT] [Fatal Error] :1:1: Premature end of file.
2026-05-18 21:36:38,891 [ERROR] LogOutputStream:75 - [STDERR_REDIRECT] 
2026-05-18 21:36:39,884 [ERROR] LogOutputStream:75 - [STDERR_REDIRECT] [Fatal Error] :1:1: Premature end of file.
2026-05-18 21:36:39,885 [ERROR] LogOutputStream:75 - [STDERR_REDIRECT] 
2026-05-18 21:36:40,888 [ERROR] LogOutputStream:75 - [STDERR_REDIRECT] [Fatal Error] :1:1: Premature end of file.
2026-05-18 21:36:40,889 [ERROR] LogOutputStream:75 - [STDERR_REDIRECT] 
2026-05-18 21:36:41,880 [ERROR] LogOutputStream:75 - [STDERR_REDIRECT] [Fatal Error] :1:1: Premature end of file.
2026-05-18 21:36:41,880 [ERROR] LogOutputStream:75 - [STDERR_REDIRECT] 
2026-05-18 21:36:42,884 [ERROR] LogOutputStream:75 - [STDERR_REDIRECT] [Fatal Error] :1:1: Premature end of file.
2026-05-18 21:36:42,885 [ERROR] LogOutputStream:75 - [STDERR_REDIRECT] 
2026-05-18 21:36:43,880 [ERROR] LogOutputStream:75 - [STDERR_REDIRECT] [Fatal Error] :1:1: Premature end of file.
2026-05-18 21:36:43,880 [ERROR] LogOutputStream:75 - [STDERR_REDIRECT] 
2026-05-18 21:36:44,882 [ERROR] LogOutputStream:75 - [STDERR_REDIRECT] [Fatal Error] :1:1: Premature end of file.
2026-05-18 21:36:44,882 [ERROR] LogOutputStream:75 - [STDERR_REDIRECT] 
2026-05-18 21:36:45,889 [ERROR] LogOutputStream:75 - [STDERR_REDIRECT] [Fatal Error] :1:1: Premature end of file.
2026-05-18 21:36:45,889 [ERROR] LogOutputStream:75 - [STDERR_REDIRECT] 
2026-05-18 21:36:46,885 [ERROR] LogOutputStream:75 - [STDERR_REDIRECT] [Fatal Error] :1:1: Premature end of file.
2026-05-18 21:36:46,885 [ERROR] LogOutputStream:75 - [STDERR_REDIRECT] 
2026-05-18 21:36:47,884 [ERROR] LogOutputStream:75 - [STDERR_REDIRECT] [Fatal Error] :1:1: Premature end of file.
2026-05-18 21:36:47,885 [ERROR] LogOutputStream:75 - [STDERR_REDIRECT] 
2026-05-18 21:36:48,889 [ERROR] LogOutputStream:75 - [STDERR_REDIRECT] [Fatal Error] :1:1: Premature end of file.
2026-05-18 21:36:48,889 [ERROR] LogOutputStream:75 - [STDERR_REDIRECT] 
2026-05-18 21:36:49,886 [ERROR] LogOutputStream:75 - [STDERR_REDIRECT] [Fatal Error] :1:1: Premature end of file.
2026-05-18 21:36:49,886 [ERROR] LogOutputStream:75 - [STDERR_REDIRECT] 
2026-05-18 21:36:50,896 [ERROR] LogOutputStream:75 - [STDERR_REDIRECT] [Fatal Error] :1:1: Premature end of file.
2026-05-18 21:36:50,897 [ERROR] LogOutputStream:75 - [STDERR_REDIRECT] 
2026-05-18 21:36:51,884 [ERROR] LogOutputStream:75 - [STDERR_REDIRECT] [Fatal Error] :1:1: Premature end of file.
2026-05-18 21:36:51,884 [ERROR] LogOutputStream:75 - [STDERR_REDIRECT] 
2026-05-18 21:36:52,891 [ERROR] LogOutputStream:75 - [STDERR_REDIRECT] [Fatal Error] :1:1: Premature end of file.
2026-05-18 21:36:52,891 [ERROR] LogOutputStream:75 - [STDERR_REDIRECT] 
2026-05-18 21:36:53,884 [ERROR] LogOutputStream:75 - [STDERR_REDIRECT] [Fatal Error] :1:1: Premature end of file.
2026-05-18 21:36:53,884 [ERROR] LogOutputStream:75 - [STDERR_REDIRECT] 
2026-05-18 21:36:54,893 [ERROR] LogOutputStream:75 - [STDERR_REDIRECT] [Fatal Error] :1:1: Premature end of file.
2026-05-18 21:36:54,893 [ERROR] LogOutputStream:75 - [STDERR_REDIRECT] 
2026-05-18 21:36:55,882 [ERROR] LogOutputStream:75 - [STDERR_REDIRECT] [Fatal Error] :1:1: Premature end of file.
2026-05-18 21:36:55,882 [ERROR] LogOutputStream:75 - [STDERR_REDIRECT] 
2026-05-18 21:36:56,882 [ERROR] LogOutputStream:75 - [STDERR_REDIRECT] [Fatal Error] :1:1: Premature end of file.
2026-05-18 21:36:56,882 [ERROR] LogOutputStream:75 - [STDERR_REDIRECT] 
2026-05-18 21:36:57,886 [ERROR] LogOutputStream:75 - [STDERR_REDIRECT] [Fatal Error] :1:1: Premature end of file.
2026-05-18 21:36:57,886 [ERROR] LogOutputStream:75 - [STDERR_REDIRECT] 
2026-05-18 21:36:58,880 [ERROR] LogOutputStream:75 - [STDERR_REDIRECT] [Fatal Error] :1:1: Premature end of file.
2026-05-18 21:36:58,880 [ERROR] LogOutputStream:75 - [STDERR_REDIRECT] 
2026-05-18 21:36:59,881 [ERROR] LogOutputStream:75 - [STDERR_REDIRECT] [Fatal Error] :1:1: Premature end of file.
2026-05-18 21:36:59,881 [ERROR] LogOutputStream:75 - [STDERR_REDIRECT] 
2026-05-18 21:37:00,880 [ERROR] LogOutputStream:75 - [STDERR_REDIRECT] [Fatal Error] :1:1: Premature end of file.
2026-05-18 21:37:00,880 [ERROR] LogOutputStream:75 - [STDERR_REDIRECT] 
2026-05-18 21:37:01,879 [ERROR] LogOutputStream:75 - [STDERR_REDIRECT] [Fatal Error] :1:1: Premature end of file.
2026-05-18 21:37:01,879 [ERROR] LogOutputStream:75 - [STDERR_REDIRECT] 
2026-05-18 21:37:02,882 [ERROR] LogOutputStream:75 - [STDERR_REDIRECT] [Fatal Error] :1:1: Premature end of file.
2026-05-18 21:37:02,883 [ERROR] LogOutputStream:75 - [STDERR_REDIRECT] 
2026-05-18 21:37:03,893 [ERROR] LogOutputStream:75 - [STDERR_REDIRECT] [Fatal Error] :1:1: Premature end of file.
2026-05-18 21:37:03,893 [ERROR] LogOutputStream:75 - [STDERR_REDIRECT] 
2026-05-18 21:37:04,880 [ERROR] LogOutputStream:75 - [STDERR_REDIRECT] [Fatal Error] :1:1: Premature end of file.
2026-05-18 21:37:04,880 [ERROR] LogOutputStream:75 - [STDERR_REDIRECT] 
2026-05-18 21:37:05,886 [ERROR] LogOutputStream:75 - [STDERR_REDIRECT] [Fatal Error] :1:1: Premature end of file.
2026-05-18 21:37:05,886 [ERROR] LogOutputStream:75 - [STDERR_REDIRECT] 
2026-05-18 21:37:06,881 [ERROR] LogOutputStream:75 - [STDERR_REDIRECT] [Fatal Error] :1:1: Premature end of file.
2026-05-18 21:37:06,881 [ERROR] LogOutputStream:75 - [STDERR_REDIRECT] 
2026-05-18 21:37:07,896 [ERROR] LogOutputStream:75 - [STDERR_REDIRECT] [Fatal Error] :1:1: Premature end of file.
2026-05-18 21:37:07,896 [ERROR] LogOutputStream:75 - [STDERR_REDIRECT] 
2026-05-18 21:37:08,893 [ERROR] LogOutputStream:75 - [STDERR_REDIRECT] [Fatal Error] :1:1: Premature end of file.
2026-05-18 21:37:08,893 [ERROR] LogOutputStream:75 - [STDERR_REDIRECT] 
2026-05-18 21:37:09,884 [ERROR] LogOutputStream:75 - [STDERR_REDIRECT] [Fatal Error] :1:1: Premature end of file.
2026-05-18 21:37:09,884 [ERROR] LogOutputStream:75 - [STDERR_REDIRECT] 
2026-05-18 21:37:10,884 [ERROR] LogOutputStream:75 - [STDERR_REDIRECT] [Fatal Error] :1:1: Premature end of file.
2026-05-18 21:37:10,884 [ERROR] LogOutputStream:75 - [STDERR_REDIRECT] 
2026-05-18 21:37:11,903 [ERROR] LogOutputStream:75 - [STDERR_REDIRECT] [Fatal Error] :1:1: Premature end of file.
2026-05-18 21:37:11,903 [ERROR] LogOutputStream:75 - [STDERR_REDIRECT] 
2026-05-18 21:37:12,900 [ERROR] LogOutputStream:75 - [STDERR_REDIRECT] [Fatal Error] :1:1: Premature end of file.
2026-05-18 21:37:12,901 [ERROR] LogOutputStream:75 - [STDERR_REDIRECT] 
2026-05-18 21:37:13,880 [ERROR] LogOutputStream:75 - [STDERR_REDIRECT] [Fatal Error] :1:1: Premature end of file.
2026-05-18 21:37:13,880 [ERROR] LogOutputStream:75 - [STDERR_REDIRECT] 
2026-05-18 21:37:14,884 [ERROR] LogOutputStream:75 - [STDERR_REDIRECT] [Fatal Error] :1:1: Premature end of file.
2026-05-18 21:37:14,885 [ERROR] LogOutputStream:75 - [STDERR_REDIRECT] 
2026-05-18 21:37:15,888 [ERROR] LogOutputStream:75 - [STDERR_REDIRECT] [Fatal Error] :1:1: Premature end of file.
2026-05-18 21:37:15,889 [ERROR] LogOutputStream:75 - [STDERR_REDIRECT] 
2026-05-18 21:37:16,882 [ERROR] LogOutputStream:75 - [STDERR_REDIRECT] [Fatal Error] :1:1: Premature end of file.
2026-05-18 21:37:16,882 [ERROR] LogOutputStream:75 - [STDERR_REDIRECT] 
2026-05-18 21:37:17,883 [ERROR] LogOutputStream:75 - [STDERR_REDIRECT] [Fatal Error] :1:1: Premature end of file.
2026-05-18 21:37:17,883 [ERROR] LogOutputStream:75 - [STDERR_REDIRECT] 
2026-05-18 21:37:18,891 [ERROR] LogOutputStream:75 - [STDERR_REDIRECT] [Fatal Error] :1:1: Premature end of file.
2026-05-18 21:37:18,891 [ERROR] LogOutputStream:75 - [STDERR_REDIRECT] 
2026-05-18 21:37:19,908 [ERROR] LogOutputStream:75 - [STDERR_REDIRECT] [Fatal Error] :1:1: Premature end of file.
2026-05-18 21:37:19,908 [ERROR] LogOutputStream:75 - [STDERR_REDIRECT] 
2026-05-18 21:37:20,892 [ERROR] LogOutputStream:75 - [STDERR_REDIRECT] [Fatal Error] :1:1: Premature end of file.
2026-05-18 21:37:20,892 [ERROR] LogOutputStream:75 - [STDERR_REDIRECT] 
2026-05-18 21:37:21,892 [ERROR] LogOutputStream:75 - [STDERR_REDIRECT] [Fatal Error] :1:1: Premature end of file.
2026-05-18 21:37:21,892 [ERROR] LogOutputStream:75 - [STDERR_REDIRECT] 
2026-05-18 21:37:22,882 [ERROR] LogOutputStream:75 - [STDERR_REDIRECT] [Fatal Error] :1:1: Premature end of file.
2026-05-18 21:37:22,883 [ERROR] LogOutputStream:75 - [STDERR_REDIRECT] 
2026-05-18 21:37:23,887 [ERROR] LogOutputStream:75 - [STDERR_REDIRECT] [Fatal Error] :1:1: Premature end of file.
2026-05-18 21:37:23,887 [ERROR] LogOutputStream:75 - [STDERR_REDIRECT] 
2026-05-18 21:37:24,908 [ERROR] LogOutputStream:75 - [STDERR_REDIRECT] [Fatal Error] :1:1: Premature end of file.
2026-05-18 21:37:24,908 [ERROR] LogOutputStream:75 - [STDERR_REDIRECT] 
2026-05-18 21:37:25,895 [ERROR] LogOutputStream:75 - [STDERR_REDIRECT] [Fatal Error] :1:1: Premature end of file.
2026-05-18 21:37:25,895 [ERROR] LogOutputStream:75 - [STDERR_REDIRECT] 
2026-05-18 21:37:26,898 [ERROR] LogOutputStream:75 - [STDERR_REDIRECT] [Fatal Error] :1:1: Premature end of file.
2026-05-18 21:37:26,898 [ERROR] LogOutputStream:75 - [STDERR_REDIRECT] 
2026-05-18 21:37:27,893 [ERROR] LogOutputStream:75 - [STDERR_REDIRECT] [Fatal Error] :1:1: Premature end of file.
2026-05-18 21:37:27,893 [ERROR] LogOutputStream:75 - [STDERR_REDIRECT] 
2026-05-18 21:37:28,885 [ERROR] LogOutputStream:75 - [STDERR_REDIRECT] [Fatal Error] :1:1: Premature end of file.
2026-05-18 21:37:28,885 [ERROR] LogOutputStream:75 - [STDERR_REDIRECT] 
2026-05-18 21:37:29,886 [ERROR] LogOutputStream:75 - [STDERR_REDIRECT] [Fatal Error] :1:1: Premature end of file.
2026-05-18 21:37:29,886 [ERROR] LogOutputStream:75 - [STDERR_REDIRECT] 
2026-05-18 21:37:30,889 [ERROR] LogOutputStream:75 - [STDERR_REDIRECT] [Fatal Error] :1:1: Premature end of file.
2026-05-18 21:37:30,890 [ERROR] LogOutputStream:75 - [STDERR_REDIRECT] 
2026-05-18 21:37:31,885 [ERROR] LogOutputStream:75 - [STDERR_REDIRECT] [Fatal Error] :1:1: Premature end of file.
2026-05-18 21:37:31,885 [ERROR] LogOutputStream:75 - [STDERR_REDIRECT] 
2026-05-18 21:37:32,886 [ERROR] LogOutputStream:75 - [STDERR_REDIRECT] [Fatal Error] :1:1: Premature end of file.
2026-05-18 21:37:32,886 [ERROR] LogOutputStream:75 - [STDERR_REDIRECT] 
2026-05-18 21:37:33,889 [ERROR] LogOutputStream:75 - [STDERR_REDIRECT] [Fatal Error] :1:1: Premature end of file.
2026-05-18 21:37:33,889 [ERROR] LogOutputStream:75 - [STDERR_REDIRECT] 
2026-05-18 21:37:34,882 [ERROR] LogOutputStream:75 - [STDERR_REDIRECT] [Fatal Error] :1:1: Premature end of file.
2026-05-18 21:37:34,882 [ERROR] LogOutputStream:75 - [STDERR_REDIRECT] 
2026-05-18 21:37:35,884 [ERROR] LogOutputStream:75 - [STDERR_REDIRECT] [Fatal Error] :1:1: Premature end of file.
2026-05-18 21:37:35,884 [ERROR] LogOutputStream:75 - [STDERR_REDIRECT] 
2026-05-18 21:37:36,885 [ERROR] LogOutputStream:75 - [STDERR_REDIRECT] [Fatal Error] :1:1: Premature end of file.
2026-05-18 21:37:36,885 [ERROR] LogOutputStream:75 - [STDERR_REDIRECT] 
2026-05-18 21:37:37,884 [ERROR] LogOutputStream:75 - [STDERR_REDIRECT] [Fatal Error] :1:1: Premature end of file.
2026-05-18 21:37:37,884 [ERROR] LogOutputStream:75 - [STDERR_REDIRECT] 
2026-05-18 21:37:38,884 [ERROR] LogOutputStream:75 - [STDERR_REDIRECT] [Fatal Error] :1:1: Premature end of file.
2026-05-18 21:37:38,884 [ERROR] LogOutputStream:75 - [STDERR_REDIRECT] 
2026-05-18 21:37:39,889 [ERROR] LogOutputStream:75 - [STDERR_REDIRECT] [Fatal Error] :1:1: Premature end of file.
2026-05-18 21:37:39,890 [ERROR] LogOutputStream:75 - [STDERR_REDIRECT] 
2026-05-18 21:37:40,881 [ERROR] LogOutputStream:75 - [STDERR_REDIRECT] [Fatal Error] :1:1: Premature end of file.
2026-05-18 21:37:40,881 [ERROR] LogOutputStream:75 - [STDERR_REDIRECT] 
2026-05-18 21:37:41,879 [ERROR] LogOutputStream:75 - [STDERR_REDIRECT] [Fatal Error] :1:1: Premature end of file.
2026-05-18 21:37:41,879 [ERROR] LogOutputStream:75 - [STDERR_REDIRECT] 
2026-05-18 21:37:42,880 [ERROR] LogOutputStream:75 - [STDERR_REDIRECT] [Fatal Error] :1:1: Premature end of file.
2026-05-18 21:37:42,880 [ERROR] LogOutputStream:75 - [STDERR_REDIRECT] 
2026-05-18 21:37:43,887 [ERROR] LogOutputStream:75 - [STDERR_REDIRECT] [Fatal Error] :1:1: Premature end of file.
2026-05-18 21:37:43,887 [ERROR] LogOutputStream:75 - [STDERR_REDIRECT] 
2026-05-18 21:37:44,880 [ERROR] LogOutputStream:75 - [STDERR_REDIRECT] [Fatal Error] :1:1: Premature end of file.
2026-05-18 21:37:44,880 [ERROR] LogOutputStream:75 - [STDERR_REDIRECT] 
2026-05-18 21:37:45,908 [ERROR] LogOutputStream:75 - [STDERR_REDIRECT] [Fatal Error] :1:1: Premature end of file.
2026-05-18 21:37:45,908 [ERROR] LogOutputStream:75 - [STDERR_REDIRECT] 
2026-05-18 21:37:46,893 [ERROR] LogOutputStream:75 - [STDERR_REDIRECT] [Fatal Error] :1:1: Premature end of file.
2026-05-18 21:37:46,893 [ERROR] LogOutputStream:75 - [STDERR_REDIRECT] 
2026-05-18 21:37:47,894 [ERROR] LogOutputStream:75 - [STDERR_REDIRECT] [Fatal Error] :1:1: Premature end of file.
2026-05-18 21:37:47,894 [ERROR] LogOutputStream:75 - [STDERR_REDIRECT] 
2026-05-18 21:37:48,881 [ERROR] LogOutputStream:75 - [STDERR_REDIRECT] [Fatal Error] :1:1: Premature end of file.
2026-05-18 21:37:48,881 [ERROR] LogOutputStream:75 - [STDERR_REDIRECT] 
2026-05-18 21:37:49,882 [ERROR] LogOutputStream:75 - [STDERR_REDIRECT] [Fatal Error] :1:1: Premature end of file.
2026-05-18 21:37:49,882 [ERROR] LogOutputStream:75 - [STDERR_REDIRECT] 
2026-05-18 21:37:50,886 [ERROR] LogOutputStream:75 - [STDERR_REDIRECT] [Fatal Error] :1:1: Premature end of file.
2026-05-18 21:37:50,887 [ERROR] LogOutputStream:75 - [STDERR_REDIRECT] 
2026-05-18 21:37:51,884 [ERROR] LogOutputStream:75 - [STDERR_REDIRECT] [Fatal Error] :1:1: Premature end of file.
2026-05-18 21:37:51,884 [ERROR] LogOutputStream:75 - [STDERR_REDIRECT] 
2026-05-18 21:37:52,885 [ERROR] LogOutputStream:75 - [STDERR_REDIRECT] [Fatal Error] :1:1: Premature end of file.
2026-05-18 21:37:52,885 [ERROR] LogOutputStream:75 - [STDERR_REDIRECT] 
2026-05-18 21:37:53,891 [ERROR] LogOutputStream:75 - [STDERR_REDIRECT] [Fatal Error] :1:1: Premature end of file.
2026-05-18 21:37:53,893 [ERROR] LogOutputStream:75 - [STDERR_REDIRECT] 
2026-05-18 21:37:54,886 [ERROR] LogOutputStream:75 - [STDERR_REDIRECT] [Fatal Error] :1:1: Premature end of file.
2026-05-18 21:37:54,886 [ERROR] LogOutputStream:75 - [STDERR_REDIRECT] 
2026-05-18 21:37:55,883 [ERROR] LogOutputStream:75 - [STDERR_REDIRECT] [Fatal Error] :1:1: Premature end of file.
2026-05-18 21:37:55,883 [ERROR] LogOutputStream:75 - [STDERR_REDIRECT] 
2026-05-18 21:37:56,887 [ERROR] LogOutputStream:75 - [STDERR_REDIRECT] [Fatal Error] :1:1: Premature end of file.
2026-05-18 21:37:56,887 [ERROR] LogOutputStream:75 - [STDERR_REDIRECT] 
2026-05-18 21:37:57,892 [ERROR] LogOutputStream:75 - [STDERR_REDIRECT] [Fatal Error] :1:1: Premature end of file.
2026-05-18 21:37:57,892 [ERROR] LogOutputStream:75 - [STDERR_REDIRECT] 
2026-05-18 21:37:58,881 [ERROR] LogOutputStream:75 - [STDERR_REDIRECT] [Fatal Error] :1:1: Premature end of file.
2026-05-18 21:37:58,881 [ERROR] LogOutputStream:75 - [STDERR_REDIRECT] 
2026-05-18 21:37:59,884 [ERROR] LogOutputStream:75 - [STDERR_REDIRECT] [Fatal Error] :1:1: Premature end of file.
2026-05-18 21:37:59,884 [ERROR] LogOutputStream:75 - [STDERR_REDIRECT] 
2026-05-18 21:38:00,882 [ERROR] LogOutputStream:75 - [STDERR_REDIRECT] [Fatal Error] :1:1: Premature end of file.
2026-05-18 21:38:00,882 [ERROR] LogOutputStream:75 - [STDERR_REDIRECT] 
2026-05-18 21:38:01,891 [ERROR] LogOutputStream:75 - [STDERR_REDIRECT] [Fatal Error] :1:1: Premature end of file.
2026-05-18 21:38:01,891 [ERROR] LogOutputStream:75 - [STDERR_REDIRECT] 
2026-05-18 21:38:02,882 [ERROR] LogOutputStream:75 - [STDERR_REDIRECT] [Fatal Error] :1:1: Premature end of file.
2026-05-18 21:38:02,882 [ERROR] LogOutputStream:75 - [STDERR_REDIRECT] 
2026-05-18 21:38:03,887 [ERROR] LogOutputStream:75 - [STDERR_REDIRECT] [Fatal Error] :1:1: Premature end of file.
2026-05-18 21:38:03,889 [ERROR] LogOutputStream:75 - [STDERR_REDIRECT] 
2026-05-18 21:38:04,901 [ERROR] LogOutputStream:75 - [STDERR_REDIRECT] [Fatal Error] :1:1: Premature end of file.
2026-05-18 21:38:04,901 [ERROR] LogOutputStream:75 - [STDERR_REDIRECT] 
2026-05-18 21:38:05,892 [ERROR] LogOutputStream:75 - [STDERR_REDIRECT] [Fatal Error] :1:1: Premature end of file.
2026-05-18 21:38:05,892 [ERROR] LogOutputStream:75 - [STDERR_REDIRECT] 
2026-05-18 21:38:06,886 [ERROR] LogOutputStream:75 - [STDERR_REDIRECT] [Fatal Error] :1:1: Premature end of file.
2026-05-18 21:38:06,886 [ERROR] LogOutputStream:75 - [STDERR_REDIRECT] 
2026-05-18 21:38:07,885 [ERROR] LogOutputStream:75 - [STDERR_REDIRECT] [Fatal Error] :1:1: Premature end of file.
2026-05-18 21:38:07,885 [ERROR] LogOutputStream:75 - [STDERR_REDIRECT] 
2026-05-18 21:38:08,883 [ERROR] LogOutputStream:75 - [STDERR_REDIRECT] [Fatal Error] :1:1: Premature end of file.
2026-05-18 21:38:08,884 [ERROR] LogOutputStream:75 - [STDERR_REDIRECT] 
2026-05-18 21:38:09,903 [ERROR] LogOutputStream:75 - [STDERR_REDIRECT] [Fatal Error] :1:1: Premature end of file.
2026-05-18 21:38:09,904 [ERROR] LogOutputStream:75 - [STDERR_REDIRECT] 
2026-05-18 21:38:10,886 [ERROR] LogOutputStream:75 - [STDERR_REDIRECT] [Fatal Error] :1:1: Premature end of file.
2026-05-18 21:38:10,886 [ERROR] LogOutputStream:75 - [STDERR_REDIRECT] 
2026-05-18 21:38:11,889 [ERROR] LogOutputStream:75 - [STDERR_REDIRECT] [Fatal Error] :1:1: Premature end of file.
2026-05-18 21:38:11,889 [ERROR] LogOutputStream:75 - [STDERR_REDIRECT] 
2026-05-18 21:38:12,887 [ERROR] LogOutputStream:75 - [STDERR_REDIRECT] [Fatal Error] :1:1: Premature end of file.
2026-05-18 21:38:12,888 [ERROR] LogOutputStream:75 - [STDERR_REDIRECT] 
2026-05-18 21:38:13,886 [ERROR] LogOutputStream:75 - [STDERR_REDIRECT] [Fatal Error] :1:1: Premature end of file.
2026-05-18 21:38:13,886 [ERROR] LogOutputStream:75 - [STDERR_REDIRECT] 
2026-05-18 21:38:14,901 [ERROR] LogOutputStream:75 - [STDERR_REDIRECT] [Fatal Error] :1:1: Premature end of file.
2026-05-18 21:38:14,901 [ERROR] LogOutputStream:75 - [STDERR_REDIRECT] 
2026-05-18 21:38:15,883 [ERROR] LogOutputStream:75 - [STDERR_REDIRECT] [Fatal Error] :1:1: Premature end of file.
2026-05-18 21:38:15,883 [ERROR] LogOutputStream:75 - [STDERR_REDIRECT] 
2026-05-18 21:38:16,881 [ERROR] LogOutputStream:75 - [STDERR_REDIRECT] [Fatal Error] :1:1: Premature end of file.
2026-05-18 21:38:16,882 [ERROR] LogOutputStream:75 - [STDERR_REDIRECT] 
2026-05-18 21:38:17,885 [ERROR] LogOutputStream:75 - [STDERR_REDIRECT] [Fatal Error] :1:1: Premature end of file.
2026-05-18 21:38:17,885 [ERROR] LogOutputStream:75 - [STDERR_REDIRECT] 
2026-05-18 21:38:18,883 [ERROR] LogOutputStream:75 - [STDERR_REDIRECT] [Fatal Error] :1:1: Premature end of file.
2026-05-18 21:38:18,884 [ERROR] LogOutputStream:75 - [STDERR_REDIRECT] 
2026-05-18 21:38:19,887 [ERROR] LogOutputStream:75 - [STDERR_REDIRECT] [Fatal Error] :1:1: Premature end of file.
2026-05-18 21:38:19,887 [ERROR] LogOutputStream:75 - [STDERR_REDIRECT] 
2026-05-18 21:38:20,882 [ERROR] LogOutputStream:75 - [STDERR_REDIRECT] [Fatal Error] :1:1: Premature end of file.
2026-05-18 21:38:20,883 [ERROR] LogOutputStream:75 - [STDERR_REDIRECT] 
2026-05-18 21:38:21,881 [ERROR] LogOutputStream:75 - [STDERR_REDIRECT] [Fatal Error] :1:1: Premature end of file.
2026-05-18 21:38:21,881 [ERROR] LogOutputStream:75 - [STDERR_REDIRECT] 
2026-05-18 21:38:22,879 [ERROR] LogOutputStream:75 - [STDERR_REDIRECT] [Fatal Error] :1:1: Premature end of file.
2026-05-18 21:38:22,880 [ERROR] LogOutputStream:75 - [STDERR_REDIRECT] 
2026-05-18 21:38:23,883 [ERROR] LogOutputStream:75 - [STDERR_REDIRECT] [Fatal Error] :1:1: Premature end of file.
2026-05-18 21:38:23,883 [ERROR] LogOutputStream:75 - [STDERR_REDIRECT] 
2026-05-18 21:38:24,885 [ERROR] LogOutputStream:75 - [STDERR_REDIRECT] [Fatal Error] :1:1: Premature end of file.
2026-05-18 21:38:24,885 [ERROR] LogOutputStream:75 - [STDERR_REDIRECT] 
2026-05-18 21:38:25,882 [ERROR] LogOutputStream:75 - [STDERR_REDIRECT] [Fatal Error] :1:1: Premature end of file.
2026-05-18 21:38:25,882 [ERROR] LogOutputStream:75 - [STDERR_REDIRECT] 
2026-05-18 21:38:26,881 [ERROR] LogOutputStream:75 - [STDERR_REDIRECT] [Fatal Error] :1:1: Premature end of file.
2026-05-18 21:38:26,882 [ERROR] LogOutputStream:75 - [STDERR_REDIRECT] 
2026-05-18 21:38:27,886 [ERROR] LogOutputStream:75 - [STDERR_REDIRECT] [Fatal Error] :1:1: Premature end of file.
2026-05-18 21:38:27,886 [ERROR] LogOutputStream:75 - [STDERR_REDIRECT] 
2026-05-18 21:38:28,885 [ERROR] LogOutputStream:75 - [STDERR_REDIRECT] [Fatal Error] :1:1: Premature end of file.
2026-05-18 21:38:28,885 [ERROR] LogOutputStream:75 - [STDERR_REDIRECT] 
2026-05-18 21:38:29,887 [ERROR] LogOutputStream:75 - [STDERR_REDIRECT] [Fatal Error] :1:1: Premature end of file.
2026-05-18 21:38:29,887 [ERROR] LogOutputStream:75 - [STDERR_REDIRECT] 
2026-05-18 21:38:30,883 [ERROR] LogOutputStream:75 - [STDERR_REDIRECT] [Fatal Error] :1:1: Premature end of file.
2026-05-18 21:38:30,884 [ERROR] LogOutputStream:75 - [STDERR_REDIRECT] 
2026-05-18 21:38:31,881 [ERROR] LogOutputStream:75 - [STDERR_REDIRECT] [Fatal Error] :1:1: Premature end of file.
2026-05-18 21:38:31,882 [ERROR] LogOutputStream:75 - [STDERR_REDIRECT] 
2026-05-18 21:38:32,897 [ERROR] LogOutputStream:75 - [STDERR_REDIRECT] [Fatal Error] :1:1: Premature end of file.
2026-05-18 21:38:32,897 [ERROR] LogOutputStream:75 - [STDERR_REDIRECT] 
2026-05-18 21:38:33,881 [ERROR] LogOutputStream:75 - [STDERR_REDIRECT] [Fatal Error] :1:1: Premature end of file.
2026-05-18 21:38:33,881 [ERROR] LogOutputStream:75 - [STDERR_REDIRECT] 
2026-05-18 21:38:34,883 [ERROR] LogOutputStream:75 - [STDERR_REDIRECT] [Fatal Error] :1:1: Premature end of file.
2026-05-18 21:38:34,883 [ERROR] LogOutputStream:75 - [STDERR_REDIRECT] 
2026-05-18 21:38:35,881 [ERROR] LogOutputStream:75 - [STDERR_REDIRECT] [Fatal Error] :1:1: Premature end of file.
2026-05-18 21:38:35,883 [ERROR] LogOutputStream:75 - [STDERR_REDIRECT] 
2026-05-18 21:38:36,881 [ERROR] LogOutputStream:75 - [STDERR_REDIRECT] [Fatal Error] :1:1: Premature end of file.
2026-05-18 21:38:36,881 [ERROR] LogOutputStream:75 - [STDERR_REDIRECT] 
2026-05-18 21:38:37,885 [ERROR] LogOutputStream:75 - [STDERR_REDIRECT] [Fatal Error] :1:1: Premature end of file.
2026-05-18 21:38:37,885 [ERROR] LogOutputStream:75 - [STDERR_REDIRECT] 
2026-05-18 21:38:38,881 [ERROR] LogOutputStream:75 - [STDERR_REDIRECT] [Fatal Error] :1:1: Premature end of file.
2026-05-18 21:38:38,882 [ERROR] LogOutputStream:75 - [STDERR_REDIRECT] 
2026-05-18 21:38:39,887 [ERROR] LogOutputStream:75 - [STDERR_REDIRECT] [Fatal Error] :1:1: Premature end of file.
2026-05-18 21:38:39,888 [ERROR] LogOutputStream:75 - [STDERR_REDIRECT] 
2026-05-18 21:38:40,880 [ERROR] LogOutputStream:75 - [STDERR_REDIRECT] [Fatal Error] :1:1: Premature end of file.
2026-05-18 21:38:40,881 [ERROR] LogOutputStream:75 - [STDERR_REDIRECT] 
2026-05-18 21:38:41,886 [ERROR] LogOutputStream:75 - [STDERR_REDIRECT] [Fatal Error] :1:1: Premature end of file.
2026-05-18 21:38:41,886 [ERROR] LogOutputStream:75 - [STDERR_REDIRECT] 
2026-05-18 21:38:42,892 [ERROR] LogOutputStream:75 - [STDERR_REDIRECT] [Fatal Error] :1:1: Premature end of file.
2026-05-18 21:38:42,892 [ERROR] LogOutputStream:75 - [STDERR_REDIRECT] 
2026-05-18 21:38:43,881 [ERROR] LogOutputStream:75 - [STDERR_REDIRECT] [Fatal Error] :1:1: Premature end of file.
2026-05-18 21:38:43,881 [ERROR] LogOutputStream:75 - [STDERR_REDIRECT] 
2026-05-18 21:38:44,886 [ERROR] LogOutputStream:75 - [STDERR_REDIRECT] [Fatal Error] :1:1: Premature end of file.
2026-05-18 21:38:44,886 [ERROR] LogOutputStream:75 - [STDERR_REDIRECT] 
2026-05-18 21:38:45,896 [ERROR] LogOutputStream:75 - [STDERR_REDIRECT] [Fatal Error] :1:1: Premature end of file.
2026-05-18 21:38:45,896 [ERROR] LogOutputStream:75 - [STDERR_REDIRECT] 
2026-05-18 21:38:46,884 [ERROR] LogOutputStream:75 - [STDERR_REDIRECT] [Fatal Error] :1:1: Premature end of file.
2026-05-18 21:38:46,884 [ERROR] LogOutputStream:75 - [STDERR_REDIRECT] 
2026-05-18 21:38:47,886 [ERROR] LogOutputStream:75 - [STDERR_REDIRECT] [Fatal Error] :1:1: Premature end of file.
2026-05-18 21:38:47,886 [ERROR] LogOutputStream:75 - [STDERR_REDIRECT] 
2026-05-18 21:38:48,895 [ERROR] LogOutputStream:75 - [STDERR_REDIRECT] [Fatal Error] :1:1: Premature end of file.
2026-05-18 21:38:48,895 [ERROR] LogOutputStream:75 - [STDERR_REDIRECT] 
2026-05-18 21:38:49,885 [ERROR] LogOutputStream:75 - [STDERR_REDIRECT] [Fatal Error] :1:1: Premature end of file.
2026-05-18 21:38:49,885 [ERROR] LogOutputStream:75 - [STDERR_REDIRECT] 
2026-05-18 21:38:50,893 [ERROR] LogOutputStream:75 - [STDERR_REDIRECT] [Fatal Error] :1:1: Premature end of file.
2026-05-18 21:38:50,893 [ERROR] LogOutputStream:75 - [STDERR_REDIRECT] 
2026-05-18 21:38:51,896 [ERROR] LogOutputStream:75 - [STDERR_REDIRECT] [Fatal Error] :1:1: Premature end of file.
2026-05-18 21:38:51,896 [ERROR] LogOutputStream:75 - [STDERR_REDIRECT] 
2026-05-18 21:38:52,890 [ERROR] LogOutputStream:75 - [STDERR_REDIRECT] [Fatal Error] :1:1: Premature end of file.
2026-05-18 21:38:52,890 [ERROR] LogOutputStream:75 - [STDERR_REDIRECT] 
2026-05-18 21:38:53,893 [ERROR] LogOutputStream:75 - [STDERR_REDIRECT] [Fatal Error] :1:1: Premature end of file.
2026-05-18 21:38:53,893 [ERROR] LogOutputStream:75 - [STDERR_REDIRECT] 
2026-05-18 21:38:54,901 [ERROR] LogOutputStream:75 - [STDERR_REDIRECT] [Fatal Error] :1:1: Premature end of file.
2026-05-18 21:38:54,901 [ERROR] LogOutputStream:75 - [STDERR_REDIRECT] 
2026-05-18 21:38:55,882 [ERROR] LogOutputStream:75 - [STDERR_REDIRECT] [Fatal Error] :1:1: Premature end of file.
2026-05-18 21:38:55,883 [ERROR] LogOutputStream:75 - [STDERR_REDIRECT] 
2026-05-18 21:38:56,883 [ERROR] LogOutputStream:75 - [STDERR_REDIRECT] [Fatal Error] :1:1: Premature end of file.
2026-05-18 21:38:56,883 [ERROR] LogOutputStream:75 - [STDERR_REDIRECT] 
2026-05-18 21:38:57,892 [ERROR] LogOutputStream:75 - [STDERR_REDIRECT] [Fatal Error] :1:1: Premature end of file.
2026-05-18 21:38:57,892 [ERROR] LogOutputStream:75 - [STDERR_REDIRECT] 
2026-05-18 21:38:58,897 [ERROR] LogOutputStream:75 - [STDERR_REDIRECT] [Fatal Error] :1:1: Premature end of file.
2026-05-18 21:38:58,897 [ERROR] LogOutputStream:75 - [STDERR_REDIRECT] 
2026-05-18 21:38:59,890 [ERROR] LogOutputStream:75 - [STDERR_REDIRECT] [Fatal Error] :1:1: Premature end of file.
2026-05-18 21:38:59,890 [ERROR] LogOutputStream:75 - [STDERR_REDIRECT] 
2026-05-18 21:39:00,891 [ERROR] LogOutputStream:75 - [STDERR_REDIRECT] [Fatal Error] :1:1: Premature end of file.
2026-05-18 21:39:00,891 [ERROR] LogOutputStream:75 - [STDERR_REDIRECT] 
2026-05-18 21:39:01,889 [ERROR] LogOutputStream:75 - [STDERR_REDIRECT] [Fatal Error] :1:1: Premature end of file.
2026-05-18 21:39:01,889 [ERROR] LogOutputStream:75 - [STDERR_REDIRECT] 
2026-05-18 21:39:02,894 [ERROR] LogOutputStream:75 - [STDERR_REDIRECT] [Fatal Error] :1:1: Premature end of file.
2026-05-18 21:39:02,894 [ERROR] LogOutputStream:75 - [STDERR_REDIRECT] 
2026-05-18 21:39:03,889 [ERROR] LogOutputStream:75 - [STDERR_REDIRECT] [Fatal Error] :1:1: Premature end of file.
2026-05-18 21:39:03,890 [ERROR] LogOutputStream:75 - [STDERR_REDIRECT] 
2026-05-18 21:39:04,891 [ERROR] LogOutputStream:75 - [STDERR_REDIRECT] [Fatal Error] :1:1: Premature end of file.
2026-05-18 21:39:04,891 [ERROR] LogOutputStream:75 - [STDERR_REDIRECT] 
2026-05-18 21:39:05,896 [ERROR] LogOutputStream:75 - [STDERR_REDIRECT] [Fatal Error] :1:1: Premature end of file.
2026-05-18 21:39:05,896 [ERROR] LogOutputStream:75 - [STDERR_REDIRECT] 
2026-05-18 21:39:06,886 [ERROR] LogOutputStream:75 - [STDERR_REDIRECT] [Fatal Error] :1:1: Premature end of file.
2026-05-18 21:39:06,886 [ERROR] LogOutputStream:75 - [STDERR_REDIRECT] 
2026-05-18 21:39:07,886 [ERROR] LogOutputStream:75 - [STDERR_REDIRECT] [Fatal Error] :1:1: Premature end of file.
2026-05-18 21:39:07,886 [ERROR] LogOutputStream:75 - [STDERR_REDIRECT] 
2026-05-18 21:39:08,886 [ERROR] LogOutputStream:75 - [STDERR_REDIRECT] [Fatal Error] :1:1: Premature end of file.
2026-05-18 21:39:08,887 [ERROR] LogOutputStream:75 - [STDERR_REDIRECT] 
2026-05-18 21:39:09,889 [ERROR] LogOutputStream:75 - [STDERR_REDIRECT] [Fatal Error] :1:1: Premature end of file.
2026-05-18 21:39:09,889 [ERROR] LogOutputStream:75 - [STDERR_REDIRECT] 
2026-05-18 21:39:10,881 [ERROR] LogOutputStream:75 - [STDERR_REDIRECT] [Fatal Error] :1:1: Premature end of file.
2026-05-18 21:39:10,881 [ERROR] LogOutputStream:75 - [STDERR_REDIRECT] 
2026-05-18 21:39:11,881 [ERROR] LogOutputStream:75 - [STDERR_REDIRECT] [Fatal Error] :1:1: Premature end of file.
2026-05-18 21:39:11,881 [ERROR] LogOutputStream:75 - [STDERR_REDIRECT] 
2026-05-18 21:39:12,882 [ERROR] LogOutputStream:75 - [STDERR_REDIRECT] [Fatal Error] :1:1: Premature end of file.
2026-05-18 21:39:12,882 [ERROR] LogOutputStream:75 - [STDERR_REDIRECT] 
2026-05-18 21:39:13,885 [ERROR] LogOutputStream:75 - [STDERR_REDIRECT] [Fatal Error] :1:1: Premature end of file.
2026-05-18 21:39:13,885 [ERROR] LogOutputStream:75 - [STDERR_REDIRECT] 
2026-05-18 21:39:14,883 [ERROR] LogOutputStream:75 - [STDERR_REDIRECT] [Fatal Error] :1:1: Premature end of file.
2026-05-18 21:39:14,883 [ERROR] LogOutputStream:75 - [STDERR_REDIRECT] 
2026-05-18 21:39:15,893 [ERROR] LogOutputStream:75 - [STDERR_REDIRECT] [Fatal Error] :1:1: Premature end of file.
2026-05-18 21:39:15,893 [ERROR] LogOutputStream:75 - [STDERR_REDIRECT] 
2026-05-18 21:39:16,878 [ERROR] LogOutputStream:75 - [STDERR_REDIRECT] [Fatal Error] :1:1: Premature end of file.
2026-05-18 21:39:16,878 [ERROR] LogOutputStream:75 - [STDERR_REDIRECT] 
2026-05-18 21:39:17,882 [ERROR] LogOutputStream:75 - [STDERR_REDIRECT] [Fatal Error] :1:1: Premature end of file.
2026-05-18 21:39:17,883 [ERROR] LogOutputStream:75 - [STDERR_REDIRECT] 
2026-05-18 21:39:18,878 [ERROR] LogOutputStream:75 - [STDERR_REDIRECT] [Fatal Error] :1:1: Premature end of file.
2026-05-18 21:39:18,879 [ERROR] LogOutputStream:75 - [STDERR_REDIRECT] 
2026-05-18 21:39:19,890 [ERROR] LogOutputStream:75 - [STDERR_REDIRECT] [Fatal Error] :1:1: Premature end of file.
2026-05-18 21:39:19,890 [ERROR] LogOutputStream:75 - [STDERR_REDIRECT] 
2026-05-18 21:39:20,889 [ERROR] LogOutputStream:75 - [STDERR_REDIRECT] [Fatal Error] :1:1: Premature end of file.
2026-05-18 21:39:20,889 [ERROR] LogOutputStream:75 - [STDERR_REDIRECT] 
2026-05-18 21:39:21,880 [ERROR] LogOutputStream:75 - [STDERR_REDIRECT] [Fatal Error] :1:1: Premature end of file.
2026-05-18 21:39:21,880 [ERROR] LogOutputStream:75 - [STDERR_REDIRECT] 
2026-05-18 21:39:22,880 [ERROR] LogOutputStream:75 - [STDERR_REDIRECT] [Fatal Error] :1:1: Premature end of file.
2026-05-18 21:39:22,880 [ERROR] LogOutputStream:75 - [STDERR_REDIRECT] 
2026-05-18 21:39:23,880 [ERROR] LogOutputStream:75 - [STDERR_REDIRECT] [Fatal Error] :1:1: Premature end of file.
2026-05-18 21:39:23,881 [ERROR] LogOutputStream:75 - [STDERR_REDIRECT] 
2026-05-18 21:39:24,877 [ERROR] LogOutputStream:75 - [STDERR_REDIRECT] [Fatal Error] :1:1: Premature end of file.
2026-05-18 21:39:24,877 [ERROR] LogOutputStream:75 - [STDERR_REDIRECT] 
2026-05-18 21:39:25,885 [ERROR] LogOutputStream:75 - [STDERR_REDIRECT] [Fatal Error] :1:1: Premature end of file.
2026-05-18 21:39:25,885 [ERROR] LogOutputStream:75 - [STDERR_REDIRECT] 
2026-05-18 21:39:26,885 [ERROR] LogOutputStream:75 - [STDERR_REDIRECT] [Fatal Error] :1:1: Premature end of file.
2026-05-18 21:39:26,885 [ERROR] LogOutputStream:75 - [STDERR_REDIRECT] 
2026-05-18 21:39:27,879 [ERROR] LogOutputStream:75 - [STDERR_REDIRECT] [Fatal Error] :1:1: Premature end of file.
2026-05-18 21:39:27,879 [ERROR] LogOutputStream:75 - [STDERR_REDIRECT] 
2026-05-18 21:39:28,882 [ERROR] LogOutputStream:75 - [STDERR_REDIRECT] [Fatal Error] :1:1: Premature end of file.
2026-05-18 21:39:28,882 [ERROR] LogOutputStream:75 - [STDERR_REDIRECT] 
2026-05-18 21:39:29,880 [ERROR] LogOutputStream:75 - [STDERR_REDIRECT] [Fatal Error] :1:1: Premature end of file.
2026-05-18 21:39:29,880 [ERROR] LogOutputStream:75 - [STDERR_REDIRECT] 
2026-05-18 21:39:30,897 [ERROR] LogOutputStream:75 - [STDERR_REDIRECT] [Fatal Error] :1:1: Premature end of file.
2026-05-18 21:39:30,897 [ERROR] LogOutputStream:75 - [STDERR_REDIRECT] 
2026-05-18 21:39:31,894 [ERROR] LogOutputStream:75 - [STDERR_REDIRECT] [Fatal Error] :1:1: Premature end of file.
2026-05-18 21:39:31,894 [ERROR] LogOutputStream:75 - [STDERR_REDIRECT] 
2026-05-18 21:39:32,891 [ERROR] LogOutputStream:75 - [STDERR_REDIRECT] [Fatal Error] :1:1: Premature end of file.
2026-05-18 21:39:32,893 [ERROR] LogOutputStream:75 - [STDERR_REDIRECT] 
2026-05-18 21:39:33,883 [ERROR] LogOutputStream:75 - [STDERR_REDIRECT] [Fatal Error] :1:1: Premature end of file.
2026-05-18 21:39:33,883 [ERROR] LogOutputStream:75 - [STDERR_REDIRECT] 
2026-05-18 21:39:34,893 [ERROR] LogOutputStream:75 - [STDERR_REDIRECT] [Fatal Error] :1:1: Premature end of file.
2026-05-18 21:39:34,893 [ERROR] LogOutputStream:75 - [STDERR_REDIRECT] 
2026-05-18 21:39:35,886 [ERROR] LogOutputStream:75 - [STDERR_REDIRECT] [Fatal Error] :1:1: Premature end of file.
2026-05-18 21:39:35,886 [ERROR] LogOutputStream:75 - [STDERR_REDIRECT] 
2026-05-18 21:39:36,887 [ERROR] LogOutputStream:75 - [STDERR_REDIRECT] [Fatal Error] :1:1: Premature end of file.
2026-05-18 21:39:36,887 [ERROR] LogOutputStream:75 - [STDERR_REDIRECT] 
2026-05-18 21:39:37,887 [ERROR] LogOutputStream:75 - [STDERR_REDIRECT] [Fatal Error] :1:1: Premature end of file.
2026-05-18 21:39:37,887 [ERROR] LogOutputStream:75 - [STDERR_REDIRECT] 
2026-05-18 21:39:38,885 [ERROR] LogOutputStream:75 - [STDERR_REDIRECT] [Fatal Error] :1:1: Premature end of file.
2026-05-18 21:39:38,885 [ERROR] LogOutputStream:75 - [STDERR_REDIRECT] 
2026-05-18 21:39:39,882 [ERROR] LogOutputStream:75 - [STDERR_REDIRECT] [Fatal Error] :1:1: Premature end of file.
2026-05-18 21:39:39,882 [ERROR] LogOutputStream:75 - [STDERR_REDIRECT] 
2026-05-18 21:39:40,884 [ERROR] LogOutputStream:75 - [STDERR_REDIRECT] [Fatal Error] :1:1: Premature end of file.
2026-05-18 21:39:40,884 [ERROR] LogOutputStream:75 - [STDERR_REDIRECT] 
2026-05-18 21:39:41,879 [ERROR] LogOutputStream:75 - [STDERR_REDIRECT] [Fatal Error] :1:1: Premature end of file.
2026-05-18 21:39:41,879 [ERROR] LogOutputStream:75 - [STDERR_REDIRECT] 
2026-05-18 21:39:42,881 [ERROR] LogOutputStream:75 - [STDERR_REDIRECT] [Fatal Error] :1:1: Premature end of file.
2026-05-18 21:39:42,881 [ERROR] LogOutputStream:75 - [STDERR_REDIRECT] 
2026-05-18 21:39:43,886 [ERROR] LogOutputStream:75 - [STDERR_REDIRECT] [Fatal Error] :1:1: Premature end of file.
2026-05-18 21:39:43,886 [ERROR] LogOutputStream:75 - [STDERR_REDIRECT] 
2026-05-18 21:39:44,885 [ERROR] LogOutputStream:75 - [STDERR_REDIRECT] [Fatal Error] :1:1: Premature end of file.
2026-05-18 21:39:44,885 [ERROR] LogOutputStream:75 - [STDERR_REDIRECT] 
2026-05-18 21:39:45,883 [ERROR] LogOutputStream:75 - [STDERR_REDIRECT] [Fatal Error] :1:1: Premature end of file.
2026-05-18 21:39:45,883 [ERROR] LogOutputStream:75 - [STDERR_REDIRECT] 
2026-05-18 21:39:46,886 [ERROR] LogOutputStream:75 - [STDERR_REDIRECT] [Fatal Error] :1:1: Premature end of file.
2026-05-18 21:39:46,887 [ERROR] LogOutputStream:75 - [STDERR_REDIRECT] 
2026-05-18 21:39:47,893 [ERROR] LogOutputStream:75 - [STDERR_REDIRECT] [Fatal Error] :1:1: Premature end of file.
2026-05-18 21:39:47,894 [ERROR] LogOutputStream:75 - [STDERR_REDIRECT] 
2026-05-18 21:39:48,881 [ERROR] LogOutputStream:75 - [STDERR_REDIRECT] [Fatal Error] :1:1: Premature end of file.
2026-05-18 21:39:48,882 [ERROR] LogOutputStream:75 - [STDERR_REDIRECT] 
2026-05-18 21:39:49,880 [ERROR] LogOutputStream:75 - [STDERR_REDIRECT] [Fatal Error] :1:1: Premature end of file.
2026-05-18 21:39:49,880 [ERROR] LogOutputStream:75 - [STDERR_REDIRECT] 
2026-05-18 21:39:50,881 [ERROR] LogOutputStream:75 - [STDERR_REDIRECT] [Fatal Error] :1:1: Premature end of file.
2026-05-18 21:39:50,881 [ERROR] LogOutputStream:75 - [STDERR_REDIRECT] 
2026-05-18 21:39:51,880 [ERROR] LogOutputStream:75 - [STDERR_REDIRECT] [Fatal Error] :1:1: Premature end of file.
2026-05-18 21:39:51,880 [ERROR] LogOutputStream:75 - [STDERR_REDIRECT] 
2026-05-18 21:39:52,887 [ERROR] LogOutputStream:75 - [STDERR_REDIRECT] [Fatal Error] :1:1: Premature end of file.
2026-05-18 21:39:52,887 [ERROR] LogOutputStream:75 - [STDERR_REDIRECT] 
2026-05-18 21:39:53,887 [ERROR] LogOutputStream:75 - [STDERR_REDIRECT] [Fatal Error] :1:1: Premature end of file.
2026-05-18 21:39:53,887 [ERROR] LogOutputStream:75 - [STDERR_REDIRECT] 
2026-05-18 21:39:54,888 [ERROR] LogOutputStream:75 - [STDERR_REDIRECT] [Fatal Error] :1:1: Premature end of file.
2026-05-18 21:39:54,889 [ERROR] LogOutputStream:75 - [STDERR_REDIRECT] 
2026-05-18 21:39:55,890 [ERROR] LogOutputStream:75 - [STDERR_REDIRECT] [Fatal Error] :1:1: Premature end of file.
2026-05-18 21:39:55,891 [ERROR] LogOutputStream:75 - [STDERR_REDIRECT] 
2026-05-18 21:39:56,893 [ERROR] LogOutputStream:75 - [STDERR_REDIRECT] [Fatal Error] :1:1: Premature end of file.
2026-05-18 21:39:56,893 [ERROR] LogOutputStream:75 - [STDERR_REDIRECT] 
2026-05-18 21:39:57,883 [ERROR] LogOutputStream:75 - [STDERR_REDIRECT] [Fatal Error] :1:1: Premature end of file.
2026-05-18 21:39:57,883 [ERROR] LogOutputStream:75 - [STDERR_REDIRECT] 
2026-05-18 21:39:58,887 [ERROR] LogOutputStream:75 - [STDERR_REDIRECT] [Fatal Error] :1:1: Premature end of file.
2026-05-18 21:39:58,887 [ERROR] LogOutputStream:75 - [STDERR_REDIRECT] 
2026-05-18 21:39:59,885 [ERROR] LogOutputStream:75 - [STDERR_REDIRECT] [Fatal Error] :1:1: Premature end of file.
2026-05-18 21:39:59,885 [ERROR] LogOutputStream:75 - [STDERR_REDIRECT] 
2026-05-18 21:40:00,881 [ERROR] LogOutputStream:75 - [STDERR_REDIRECT] [Fatal Error] :1:1: Premature end of file.
2026-05-18 21:40:00,881 [ERROR] LogOutputStream:75 - [STDERR_REDIRECT] 
2026-05-18 21:40:01,880 [ERROR] LogOutputStream:75 - [STDERR_REDIRECT] [Fatal Error] :1:1: Premature end of file.
2026-05-18 21:40:01,880 [ERROR] LogOutputStream:75 - [STDERR_REDIRECT] 
2026-05-18 21:40:02,883 [ERROR] LogOutputStream:75 - [STDERR_REDIRECT] [Fatal Error] :1:1: Premature end of file.
2026-05-18 21:40:02,883 [ERROR] LogOutputStream:75 - [STDERR_REDIRECT] 
2026-05-18 21:40:03,882 [ERROR] LogOutputStream:75 - [STDERR_REDIRECT] [Fatal Error] :1:1: Premature end of file.
2026-05-18 21:40:03,882 [ERROR] LogOutputStream:75 - [STDERR_REDIRECT] 
2026-05-18 21:40:04,884 [ERROR] LogOutputStream:75 - [STDERR_REDIRECT] [Fatal Error] :1:1: Premature end of file.
2026-05-18 21:40:04,884 [ERROR] LogOutputStream:75 - [STDERR_REDIRECT] 
2026-05-18 21:40:05,887 [ERROR] LogOutputStream:75 - [STDERR_REDIRECT] [Fatal Error] :1:1: Premature end of file.
2026-05-18 21:40:05,887 [ERROR] LogOutputStream:75 - [STDERR_REDIRECT] 
2026-05-18 21:40:06,884 [ERROR] LogOutputStream:75 - [STDERR_REDIRECT] [Fatal Error] :1:1: Premature end of file.
2026-05-18 21:40:06,884 [ERROR] LogOutputStream:75 - [STDERR_REDIRECT] 
2026-05-18 21:40:07,879 [ERROR] LogOutputStream:75 - [STDERR_REDIRECT] [Fatal Error] :1:1: Premature end of file.
2026-05-18 21:40:07,880 [ERROR] LogOutputStream:75 - [STDERR_REDIRECT] 
2026-05-18 21:40:08,879 [ERROR] LogOutputStream:75 - [STDERR_REDIRECT] [Fatal Error] :1:1: Premature end of file.
2026-05-18 21:40:08,880 [ERROR] LogOutputStream:75 - [STDERR_REDIRECT] 
2026-05-18 21:40:09,881 [ERROR] LogOutputStream:75 - [STDERR_REDIRECT] [Fatal Error] :1:1: Premature end of file.
2026-05-18 21:40:09,881 [ERROR] LogOutputStream:75 - [STDERR_REDIRECT] 
2026-05-18 21:40:10,896 [ERROR] LogOutputStream:75 - [STDERR_REDIRECT] [Fatal Error] :1:1: Premature end of file.
2026-05-18 21:40:10,897 [ERROR] LogOutputStream:75 - [STDERR_REDIRECT] 
2026-05-18 21:40:11,881 [ERROR] LogOutputStream:75 - [STDERR_REDIRECT] [Fatal Error] :1:1: Premature end of file.
2026-05-18 21:40:11,881 [ERROR] LogOutputStream:75 - [STDERR_REDIRECT] 
2026-05-18 21:40:12,892 [ERROR] LogOutputStream:75 - [STDERR_REDIRECT] [Fatal Error] :1:1: Premature end of file.
2026-05-18 21:40:12,894 [ERROR] LogOutputStream:75 - [STDERR_REDIRECT] 
2026-05-18 21:40:13,886 [ERROR] LogOutputStream:75 - [STDERR_REDIRECT] [Fatal Error] :1:1: Premature end of file.
2026-05-18 21:40:13,886 [ERROR] LogOutputStream:75 - [STDERR_REDIRECT] 
2026-05-18 21:40:14,905 [ERROR] LogOutputStream:75 - [STDERR_REDIRECT] [Fatal Error] :1:1: Premature end of file.
2026-05-18 21:40:14,905 [ERROR] LogOutputStream:75 - [STDERR_REDIRECT] 
2026-05-18 21:40:15,895 [ERROR] LogOutputStream:75 - [STDERR_REDIRECT] [Fatal Error] :1:1: Premature end of file.
2026-05-18 21:40:15,895 [ERROR] LogOutputStream:75 - [STDERR_REDIRECT] 
2026-05-18 21:40:16,882 [ERROR] LogOutputStream:75 - [STDERR_REDIRECT] [Fatal Error] :1:1: Premature end of file.
2026-05-18 21:40:16,882 [ERROR] LogOutputStream:75 - [STDERR_REDIRECT] 
2026-05-18 21:40:17,881 [ERROR] LogOutputStream:75 - [STDERR_REDIRECT] [Fatal Error] :1:1: Premature end of file.
2026-05-18 21:40:17,881 [ERROR] LogOutputStream:75 - [STDERR_REDIRECT] 
2026-05-18 21:40:18,893 [ERROR] LogOutputStream:75 - [STDERR_REDIRECT] [Fatal Error] :1:1: Premature end of file.
2026-05-18 21:40:18,893 [ERROR] LogOutputStream:75 - [STDERR_REDIRECT] 
2026-05-18 21:40:19,887 [ERROR] LogOutputStream:75 - [STDERR_REDIRECT] [Fatal Error] :1:1: Premature end of file.
2026-05-18 21:40:19,887 [ERROR] LogOutputStream:75 - [STDERR_REDIRECT] 
2026-05-18 21:40:20,888 [ERROR] LogOutputStream:75 - [STDERR_REDIRECT] [Fatal Error] :1:1: Premature end of file.
2026-05-18 21:40:20,888 [ERROR] LogOutputStream:75 - [STDERR_REDIRECT] 
2026-05-18 21:40:21,885 [ERROR] LogOutputStream:75 - [STDERR_REDIRECT] [Fatal Error] :1:1: Premature end of file.
2026-05-18 21:40:21,885 [ERROR] LogOutputStream:75 - [STDERR_REDIRECT] 
2026-05-18 21:40:22,887 [ERROR] LogOutputStream:75 - [STDERR_REDIRECT] [Fatal Error] :1:1: Premature end of file.
2026-05-18 21:40:22,887 [ERROR] LogOutputStream:75 - [STDERR_REDIRECT] 
2026-05-18 21:40:23,888 [ERROR] LogOutputStream:75 - [STDERR_REDIRECT] [Fatal Error] :1:1: Premature end of file.
2026-05-18 21:40:23,889 [ERROR] LogOutputStream:75 - [STDERR_REDIRECT] 
2026-05-18 21:40:24,884 [ERROR] LogOutputStream:75 - [STDERR_REDIRECT] [Fatal Error] :1:1: Premature end of file.
2026-05-18 21:40:24,884 [ERROR] LogOutputStream:75 - [STDERR_REDIRECT] 
2026-05-18 21:40:25,881 [ERROR] LogOutputStream:75 - [STDERR_REDIRECT] [Fatal Error] :1:1: Premature end of file.
2026-05-18 21:40:25,881 [ERROR] LogOutputStream:75 - [STDERR_REDIRECT] 
2026-05-18 21:40:26,884 [ERROR] LogOutputStream:75 - [STDERR_REDIRECT] [Fatal Error] :1:1: Premature end of file.
2026-05-18 21:40:26,884 [ERROR] LogOutputStream:75 - [STDERR_REDIRECT] 
2026-05-18 21:40:27,880 [ERROR] LogOutputStream:75 - [STDERR_REDIRECT] [Fatal Error] :1:1: Premature end of file.
2026-05-18 21:40:27,880 [ERROR] LogOutputStream:75 - [STDERR_REDIRECT] 
2026-05-18 21:40:28,883 [ERROR] LogOutputStream:75 - [STDERR_REDIRECT] [Fatal Error] :1:1: Premature end of file.
2026-05-18 21:40:28,884 [ERROR] LogOutputStream:75 - [STDERR_REDIRECT] 
2026-05-18 21:40:29,893 [ERROR] LogOutputStream:75 - [STDERR_REDIRECT] [Fatal Error] :1:1: Premature end of file.
2026-05-18 21:40:29,893 [ERROR] LogOutputStream:75 - [STDERR_REDIRECT] 
2026-05-18 21:40:30,883 [ERROR] LogOutputStream:75 - [STDERR_REDIRECT] [Fatal Error] :1:1: Premature end of file.
2026-05-18 21:40:30,883 [ERROR] LogOutputStream:75 - [STDERR_REDIRECT] 
2026-05-18 21:40:31,885 [ERROR] LogOutputStream:75 - [STDERR_REDIRECT] [Fatal Error] :1:1: Premature end of file.
2026-05-18 21:40:31,885 [ERROR] LogOutputStream:75 - [STDERR_REDIRECT] 
2026-05-18 21:40:32,879 [ERROR] LogOutputStream:75 - [STDERR_REDIRECT] [Fatal Error] :1:1: Premature end of file.
2026-05-18 21:40:32,879 [ERROR] LogOutputStream:75 - [STDERR_REDIRECT] 
2026-05-18 21:40:33,880 [ERROR] LogOutputStream:75 - [STDERR_REDIRECT] [Fatal Error] :1:1: Premature end of file.
2026-05-18 21:40:33,880 [ERROR] LogOutputStream:75 - [STDERR_REDIRECT] 
2026-05-18 21:40:34,893 [ERROR] LogOutputStream:75 - [STDERR_REDIRECT] [Fatal Error] :1:1: Premature end of file.
2026-05-18 21:40:34,893 [ERROR] LogOutputStream:75 - [STDERR_REDIRECT] 
2026-05-18 21:40:35,884 [ERROR] LogOutputStream:75 - [STDERR_REDIRECT] [Fatal Error] :1:1: Premature end of file.
2026-05-18 21:40:35,884 [ERROR] LogOutputStream:75 - [STDERR_REDIRECT] 
2026-05-18 21:40:36,891 [ERROR] LogOutputStream:75 - [STDERR_REDIRECT] [Fatal Error] :1:1: Premature end of file.
2026-05-18 21:40:36,891 [ERROR] LogOutputStream:75 - [STDERR_REDIRECT] 
2026-05-18 21:40:37,884 [ERROR] LogOutputStream:75 - [STDERR_REDIRECT] [Fatal Error] :1:1: Premature end of file.
2026-05-18 21:40:37,884 [ERROR] LogOutputStream:75 - [STDERR_REDIRECT] 
2026-05-18 21:40:38,889 [ERROR] LogOutputStream:75 - [STDERR_REDIRECT] [Fatal Error] :1:1: Premature end of file.
2026-05-18 21:40:38,889 [ERROR] LogOutputStream:75 - [STDERR_REDIRECT] 
2026-05-18 21:40:39,906 [ERROR] LogOutputStream:75 - [STDERR_REDIRECT] [Fatal Error] :1:1: Premature end of file.
2026-05-18 21:40:39,906 [ERROR] LogOutputStream:75 - [STDERR_REDIRECT] 
2026-05-18 21:40:40,886 [ERROR] LogOutputStream:75 - [STDERR_REDIRECT] [Fatal Error] :1:1: Premature end of file.
2026-05-18 21:40:40,886 [ERROR] LogOutputStream:75 - [STDERR_REDIRECT] 
2026-05-18 21:40:41,884 [ERROR] LogOutputStream:75 - [STDERR_REDIRECT] [Fatal Error] :1:1: Premature end of file.
2026-05-18 21:40:41,884 [ERROR] LogOutputStream:75 - [STDERR_REDIRECT] 
2026-05-18 21:40:42,885 [ERROR] LogOutputStream:75 - [STDERR_REDIRECT] [Fatal Error] :1:1: Premature end of file.
2026-05-18 21:40:42,885 [ERROR] LogOutputStream:75 - [STDERR_REDIRECT] 
2026-05-18 21:40:43,883 [ERROR] LogOutputStream:75 - [STDERR_REDIRECT] [Fatal Error] :1:1: Premature end of file.
2026-05-18 21:40:43,883 [ERROR] LogOutputStream:75 - [STDERR_REDIRECT] 
2026-05-18 21:40:44,885 [ERROR] LogOutputStream:75 - [STDERR_REDIRECT] [Fatal Error] :1:1: Premature end of file.
2026-05-18 21:40:44,885 [ERROR] LogOutputStream:75 - [STDERR_REDIRECT] 
2026-05-18 21:40:45,882 [ERROR] LogOutputStream:75 - [STDERR_REDIRECT] [Fatal Error] :1:1: Premature end of file.
2026-05-18 21:40:45,883 [ERROR] LogOutputStream:75 - [STDERR_REDIRECT] 
2026-05-18 21:40:46,883 [ERROR] LogOutputStream:75 - [STDERR_REDIRECT] [Fatal Error] :1:1: Premature end of file.
2026-05-18 21:40:46,884 [ERROR] LogOutputStream:75 - [STDERR_REDIRECT] 
2026-05-18 21:40:47,889 [ERROR] LogOutputStream:75 - [STDERR_REDIRECT] [Fatal Error] :1:1: Premature end of file.
2026-05-18 21:40:47,889 [ERROR] LogOutputStream:75 - [STDERR_REDIRECT] 
2026-05-18 21:40:48,881 [ERROR] LogOutputStream:75 - [STDERR_REDIRECT] [Fatal Error] :1:1: Premature end of file.
2026-05-18 21:40:48,881 [ERROR] LogOutputStream:75 - [STDERR_REDIRECT] 
2026-05-18 21:40:49,903 [ERROR] LogOutputStream:75 - [STDERR_REDIRECT] [Fatal Error] :1:1: Premature end of file.
2026-05-18 21:40:49,903 [ERROR] LogOutputStream:75 - [STDERR_REDIRECT] 
2026-05-18 21:40:50,895 [ERROR] LogOutputStream:75 - [STDERR_REDIRECT] [Fatal Error] :1:1: Premature end of file.
2026-05-18 21:40:50,895 [ERROR] LogOutputStream:75 - [STDERR_REDIRECT] 
2026-05-18 21:40:51,887 [ERROR] LogOutputStream:75 - [STDERR_REDIRECT] [Fatal Error] :1:1: Premature end of file.
2026-05-18 21:40:51,887 [ERROR] LogOutputStream:75 - [STDERR_REDIRECT] 
2026-05-18 21:40:52,885 [ERROR] LogOutputStream:75 - [STDERR_REDIRECT] [Fatal Error] :1:1: Premature end of file.
2026-05-18 21:40:52,885 [ERROR] LogOutputStream:75 - [STDERR_REDIRECT] 
2026-05-18 21:40:53,899 [ERROR] LogOutputStream:75 - [STDERR_REDIRECT] [Fatal Error] :1:1: Premature end of file.
2026-05-18 21:40:53,899 [ERROR] LogOutputStream:75 - [STDERR_REDIRECT] 
2026-05-18 21:40:54,881 [ERROR] LogOutputStream:75 - [STDERR_REDIRECT] [Fatal Error] :1:1: Premature end of file.
2026-05-18 21:40:54,881 [ERROR] LogOutputStream:75 - [STDERR_REDIRECT] 
2026-05-18 21:40:55,884 [ERROR] LogOutputStream:75 - [STDERR_REDIRECT] [Fatal Error] :1:1: Premature end of file.
2026-05-18 21:40:55,884 [ERROR] LogOutputStream:75 - [STDERR_REDIRECT] 
2026-05-18 21:40:56,887 [ERROR] LogOutputStream:75 - [STDERR_REDIRECT] [Fatal Error] :1:1: Premature end of file.
2026-05-18 21:40:56,887 [ERROR] LogOutputStream:75 - [STDERR_REDIRECT] 
2026-05-18 21:40:57,886 [ERROR] LogOutputStream:75 - [STDERR_REDIRECT] [Fatal Error] :1:1: Premature end of file.
2026-05-18 21:40:57,886 [ERROR] LogOutputStream:75 - [STDERR_REDIRECT] 
2026-05-18 21:40:58,887 [ERROR] LogOutputStream:75 - [STDERR_REDIRECT] [Fatal Error] :1:1: Premature end of file.
2026-05-18 21:40:58,887 [ERROR] LogOutputStream:75 - [STDERR_REDIRECT] 
2026-05-18 21:40:59,895 [ERROR] LogOutputStream:75 - [STDERR_REDIRECT] [Fatal Error] :1:1: Premature end of file.
2026-05-18 21:40:59,895 [ERROR] LogOutputStream:75 - [STDERR_REDIRECT] 
2026-05-18 21:41:00,888 [ERROR] LogOutputStream:75 - [STDERR_REDIRECT] [Fatal Error] :1:1: Premature end of file.
2026-05-18 21:41:00,888 [ERROR] LogOutputStream:75 - [STDERR_REDIRECT] 
2026-05-18 21:41:01,881 [ERROR] LogOutputStream:75 - [STDERR_REDIRECT] [Fatal Error] :1:1: Premature end of file.
2026-05-18 21:41:01,883 [ERROR] LogOutputStream:75 - [STDERR_REDIRECT] 
2026-05-18 21:41:02,886 [ERROR] LogOutputStream:75 - [STDERR_REDIRECT] [Fatal Error] :1:1: Premature end of file.
2026-05-18 21:41:02,886 [ERROR] LogOutputStream:75 - [STDERR_REDIRECT] 
2026-05-18 21:41:03,882 [ERROR] LogOutputStream:75 - [STDERR_REDIRECT] [Fatal Error] :1:1: Premature end of file.
2026-05-18 21:41:03,882 [ERROR] LogOutputStream:75 - [STDERR_REDIRECT] 
2026-05-18 21:41:04,881 [ERROR] LogOutputStream:75 - [STDERR_REDIRECT] [Fatal Error] :1:1: Premature end of file.
2026-05-18 21:41:04,882 [ERROR] LogOutputStream:75 - [STDERR_REDIRECT] 
2026-05-18 21:41:05,881 [ERROR] LogOutputStream:75 - [STDERR_REDIRECT] [Fatal Error] :1:1: Premature end of file.
2026-05-18 21:41:05,881 [ERROR] LogOutputStream:75 - [STDERR_REDIRECT] 
2026-05-18 21:41:06,880 [ERROR] LogOutputStream:75 - [STDERR_REDIRECT] [Fatal Error] :1:1: Premature end of file.
2026-05-18 21:41:06,880 [ERROR] LogOutputStream:75 - [STDERR_REDIRECT] 
2026-05-18 21:41:07,890 [ERROR] LogOutputStream:75 - [STDERR_REDIRECT] [Fatal Error] :1:1: Premature end of file.
2026-05-18 21:41:07,890 [ERROR] LogOutputStream:75 - [STDERR_REDIRECT] 
2026-05-18 21:41:08,882 [ERROR] LogOutputStream:75 - [STDERR_REDIRECT] [Fatal Error] :1:1: Premature end of file.
2026-05-18 21:41:08,882 [ERROR] LogOutputStream:75 - [STDERR_REDIRECT] 
2026-05-18 21:41:09,891 [ERROR] LogOutputStream:75 - [STDERR_REDIRECT] [Fatal Error] :1:1: Premature end of file.
2026-05-18 21:41:09,891 [ERROR] LogOutputStream:75 - [STDERR_REDIRECT] 
2026-05-18 21:41:10,890 [ERROR] LogOutputStream:75 - [STDERR_REDIRECT] [Fatal Error] :1:1: Premature end of file.
2026-05-18 21:41:10,890 [ERROR] LogOutputStream:75 - [STDERR_REDIRECT] 
2026-05-18 21:41:11,898 [ERROR] LogOutputStream:75 - [STDERR_REDIRECT] [Fatal Error] :1:1: Premature end of file.
2026-05-18 21:41:11,898 [ERROR] LogOutputStream:75 - [STDERR_REDIRECT] 
2026-05-18 21:41:12,881 [ERROR] LogOutputStream:75 - [STDERR_REDIRECT] [Fatal Error] :1:1: Premature end of file.
2026-05-18 21:41:12,881 [ERROR] LogOutputStream:75 - [STDERR_REDIRECT] 
2026-05-18 21:41:13,883 [ERROR] LogOutputStream:75 - [STDERR_REDIRECT] [Fatal Error] :1:1: Premature end of file.
2026-05-18 21:41:13,883 [ERROR] LogOutputStream:75 - [STDERR_REDIRECT] 
2026-05-18 21:41:14,884 [ERROR] LogOutputStream:75 - [STDERR_REDIRECT] [Fatal Error] :1:1: Premature end of file.
2026-05-18 21:41:14,884 [ERROR] LogOutputStream:75 - [STDERR_REDIRECT] 
2026-05-18 21:41:15,891 [ERROR] LogOutputStream:75 - [STDERR_REDIRECT] [Fatal Error] :1:1: Premature end of file.
2026-05-18 21:41:15,892 [ERROR] LogOutputStream:75 - [STDERR_REDIRECT] 
2026-05-18 21:41:16,883 [ERROR] LogOutputStream:75 - [STDERR_REDIRECT] [Fatal Error] :1:1: Premature end of file.
2026-05-18 21:41:16,883 [ERROR] LogOutputStream:75 - [STDERR_REDIRECT] 
2026-05-18 21:41:17,885 [ERROR] LogOutputStream:75 - [STDERR_REDIRECT] [Fatal Error] :1:1: Premature end of file.
2026-05-18 21:41:17,885 [ERROR] LogOutputStream:75 - [STDERR_REDIRECT] 
2026-05-18 21:41:18,883 [ERROR] LogOutputStream:75 - [STDERR_REDIRECT] [Fatal Error] :1:1: Premature end of file.
2026-05-18 21:41:18,883 [ERROR] LogOutputStream:75 - [STDERR_REDIRECT] 
2026-05-18 21:41:19,896 [ERROR] LogOutputStream:75 - [STDERR_REDIRECT] [Fatal Error] :1:1: Premature end of file.
2026-05-18 21:41:19,896 [ERROR] LogOutputStream:75 - [STDERR_REDIRECT] 
2026-05-18 21:41:20,896 [ERROR] LogOutputStream:75 - [STDERR_REDIRECT] [Fatal Error] :1:1: Premature end of file.
2026-05-18 21:41:20,896 [ERROR] LogOutputStream:75 - [STDERR_REDIRECT] 
2026-05-18 21:41:21,886 [ERROR] LogOutputStream:75 - [STDERR_REDIRECT] [Fatal Error] :1:1: Premature end of file.
2026-05-18 21:41:21,888 [ERROR] LogOutputStream:75 - [STDERR_REDIRECT] 
2026-05-18 21:41:22,883 [ERROR] LogOutputStream:75 - [STDERR_REDIRECT] [Fatal Error] :1:1: Premature end of file.
2026-05-18 21:41:22,883 [ERROR] LogOutputStream:75 - [STDERR_REDIRECT] 
2026-05-18 21:41:23,891 [ERROR] LogOutputStream:75 - [STDERR_REDIRECT] [Fatal Error] :1:1: Premature end of file.
2026-05-18 21:41:23,891 [ERROR] LogOutputStream:75 - [STDERR_REDIRECT] 
2026-05-18 21:41:24,890 [ERROR] LogOutputStream:75 - [STDERR_REDIRECT] [Fatal Error] :1:1: Premature end of file.
2026-05-18 21:41:24,890 [ERROR] LogOutputStream:75 - [STDERR_REDIRECT] 
2026-05-18 21:41:25,888 [ERROR] LogOutputStream:75 - [STDERR_REDIRECT] [Fatal Error] :1:1: Premature end of file.
2026-05-18 21:41:25,889 [ERROR] LogOutputStream:75 - [STDERR_REDIRECT] 
2026-05-18 21:41:26,893 [ERROR] LogOutputStream:75 - [STDERR_REDIRECT] [Fatal Error] :1:1: Premature end of file.
2026-05-18 21:41:26,895 [ERROR] LogOutputStream:75 - [STDERR_REDIRECT] 
2026-05-18 21:41:27,892 [ERROR] LogOutputStream:75 - [STDERR_REDIRECT] [Fatal Error] :1:1: Premature end of file.
2026-05-18 21:41:27,893 [ERROR] LogOutputStream:75 - [STDERR_REDIRECT] 
2026-05-18 21:41:28,891 [ERROR] LogOutputStream:75 - [STDERR_REDIRECT] [Fatal Error] :1:1: Premature end of file.
2026-05-18 21:41:28,891 [ERROR] LogOutputStream:75 - [STDERR_REDIRECT] 
2026-05-18 21:41:29,887 [ERROR] LogOutputStream:75 - [STDERR_REDIRECT] [Fatal Error] :1:1: Premature end of file.
2026-05-18 21:41:29,887 [ERROR] LogOutputStream:75 - [STDERR_REDIRECT] 
2026-05-18 21:41:30,890 [ERROR] LogOutputStream:75 - [STDERR_REDIRECT] [Fatal Error] :1:1: Premature end of file.
2026-05-18 21:41:30,890 [ERROR] LogOutputStream:75 - [STDERR_REDIRECT] 
2026-05-18 21:41:31,885 [ERROR] LogOutputStream:75 - [STDERR_REDIRECT] [Fatal Error] :1:1: Premature end of file.
2026-05-18 21:41:31,885 [ERROR] LogOutputStream:75 - [STDERR_REDIRECT] 
2026-05-18 21:41:32,889 [ERROR] LogOutputStream:75 - [STDERR_REDIRECT] [Fatal Error] :1:1: Premature end of file.
2026-05-18 21:41:32,890 [ERROR] LogOutputStream:75 - [STDERR_REDIRECT] 
2026-05-18 21:41:33,894 [ERROR] LogOutputStream:75 - [STDERR_REDIRECT] [Fatal Error] :1:1: Premature end of file.
2026-05-18 21:41:33,894 [ERROR] LogOutputStream:75 - [STDERR_REDIRECT] 
2026-05-18 21:41:34,885 [ERROR] LogOutputStream:75 - [STDERR_REDIRECT] [Fatal Error] :1:1: Premature end of file.
2026-05-18 21:41:34,885 [ERROR] LogOutputStream:75 - [STDERR_REDIRECT] 
2026-05-18 21:41:35,889 [ERROR] LogOutputStream:75 - [STDERR_REDIRECT] [Fatal Error] :1:1: Premature end of file.
2026-05-18 21:41:35,889 [ERROR] LogOutputStream:75 - [STDERR_REDIRECT] 
2026-05-18 21:41:36,890 [ERROR] LogOutputStream:75 - [STDERR_REDIRECT] [Fatal Error] :1:1: Premature end of file.
2026-05-18 21:41:36,890 [ERROR] LogOutputStream:75 - [STDERR_REDIRECT] 
2026-05-18 21:41:37,888 [ERROR] LogOutputStream:75 - [STDERR_REDIRECT] [Fatal Error] :1:1: Premature end of file.
2026-05-18 21:41:37,889 [ERROR] LogOutputStream:75 - [STDERR_REDIRECT] 
2026-05-18 21:41:38,880 [ERROR] LogOutputStream:75 - [STDERR_REDIRECT] [Fatal Error] :1:1: Premature end of file.
2026-05-18 21:41:38,880 [ERROR] LogOutputStream:75 - [STDERR_REDIRECT] 
2026-05-18 21:41:39,886 [ERROR] LogOutputStream:75 - [STDERR_REDIRECT] [Fatal Error] :1:1: Premature end of file.
2026-05-18 21:41:39,886 [ERROR] LogOutputStream:75 - [STDERR_REDIRECT] 
2026-05-18 21:41:40,890 [ERROR] LogOutputStream:75 - [STDERR_REDIRECT] [Fatal Error] :1:1: Premature end of file.
2026-05-18 21:41:40,890 [ERROR] LogOutputStream:75 - [STDERR_REDIRECT] 
2026-05-18 21:41:41,885 [ERROR] LogOutputStream:75 - [STDERR_REDIRECT] [Fatal Error] :1:1: Premature end of file.
2026-05-18 21:41:41,885 [ERROR] LogOutputStream:75 - [STDERR_REDIRECT] 
2026-05-18 21:41:42,885 [ERROR] LogOutputStream:75 - [STDERR_REDIRECT] [Fatal Error] :1:1: Premature end of file.
2026-05-18 21:41:42,885 [ERROR] LogOutputStream:75 - [STDERR_REDIRECT] 
2026-05-18 21:41:43,894 [ERROR] LogOutputStream:75 - [STDERR_REDIRECT] [Fatal Error] :1:1: Premature end of file.
2026-05-18 21:41:43,894 [ERROR] LogOutputStream:75 - [STDERR_REDIRECT] 
2026-05-18 21:41:44,895 [ERROR] LogOutputStream:75 - [STDERR_REDIRECT] [Fatal Error] :1:1: Premature end of file.
2026-05-18 21:41:44,895 [ERROR] LogOutputStream:75 - [STDERR_REDIRECT] 
2026-05-18 21:41:45,885 [ERROR] LogOutputStream:75 - [STDERR_REDIRECT] [Fatal Error] :1:1: Premature end of file.
2026-05-18 21:41:45,886 [ERROR] LogOutputStream:75 - [STDERR_REDIRECT] 
2026-05-18 21:41:46,887 [ERROR] LogOutputStream:75 - [STDERR_REDIRECT] [Fatal Error] :1:1: Premature end of file.
2026-05-18 21:41:46,887 [ERROR] LogOutputStream:75 - [STDERR_REDIRECT] 
2026-05-18 21:41:47,895 [ERROR] LogOutputStream:75 - [STDERR_REDIRECT] [Fatal Error] :1:1: Premature end of file.
2026-05-18 21:41:47,895 [ERROR] LogOutputStream:75 - [STDERR_REDIRECT] 
2026-05-18 21:41:48,892 [ERROR] LogOutputStream:75 - [STDERR_REDIRECT] [Fatal Error] :1:1: Premature end of file.
2026-05-18 21:41:48,893 [ERROR] LogOutputStream:75 - [STDERR_REDIRECT] 
2026-05-18 21:41:49,897 [ERROR] LogOutputStream:75 - [STDERR_REDIRECT] [Fatal Error] :1:1: Premature end of file.
2026-05-18 21:41:49,897 [ERROR] LogOutputStream:75 - [STDERR_REDIRECT] 
2026-05-18 21:41:50,884 [ERROR] LogOutputStream:75 - [STDERR_REDIRECT] [Fatal Error] :1:1: Premature end of file.
2026-05-18 21:41:50,884 [ERROR] LogOutputStream:75 - [STDERR_REDIRECT] 
2026-05-18 21:41:51,888 [ERROR] LogOutputStream:75 - [STDERR_REDIRECT] [Fatal Error] :1:1: Premature end of file.
2026-05-18 21:41:51,888 [ERROR] LogOutputStream:75 - [STDERR_REDIRECT] 
2026-05-18 21:41:52,886 [ERROR] LogOutputStream:75 - [STDERR_REDIRECT] [Fatal Error] :1:1: Premature end of file.
2026-05-18 21:41:52,886 [ERROR] LogOutputStream:75 - [STDERR_REDIRECT] 
2026-05-18 21:41:53,885 [ERROR] LogOutputStream:75 - [STDERR_REDIRECT] [Fatal Error] :1:1: Premature end of file.
2026-05-18 21:41:53,885 [ERROR] LogOutputStream:75 - [STDERR_REDIRECT] 
2026-05-18 21:41:54,895 [ERROR] LogOutputStream:75 - [STDERR_REDIRECT] [Fatal Error] :1:1: Premature end of file.
2026-05-18 21:41:54,895 [ERROR] LogOutputStream:75 - [STDERR_REDIRECT] 
2026-05-18 21:41:55,884 [ERROR] LogOutputStream:75 - [STDERR_REDIRECT] [Fatal Error] :1:1: Premature end of file.
2026-05-18 21:41:55,884 [ERROR] LogOutputStream:75 - [STDERR_REDIRECT] 
2026-05-18 21:41:56,885 [ERROR] LogOutputStream:75 - [STDERR_REDIRECT] [Fatal Error] :1:1: Premature end of file.
2026-05-18 21:41:56,885 [ERROR] LogOutputStream:75 - [STDERR_REDIRECT] 
2026-05-18 21:41:57,879 [ERROR] LogOutputStream:75 - [STDERR_REDIRECT] [Fatal Error] :1:1: Premature end of file.
2026-05-18 21:41:57,881 [ERROR] LogOutputStream:75 - [STDERR_REDIRECT] 
2026-05-18 21:41:58,884 [ERROR] LogOutputStream:75 - [STDERR_REDIRECT] [Fatal Error] :1:1: Premature end of file.
2026-05-18 21:41:58,884 [ERROR] LogOutputStream:75 - [STDERR_REDIRECT] 
2026-05-18 21:41:59,882 [ERROR] LogOutputStream:75 - [STDERR_REDIRECT] [Fatal Error] :1:1: Premature end of file.
2026-05-18 21:41:59,882 [ERROR] LogOutputStream:75 - [STDERR_REDIRECT] 
2026-05-18 21:42:00,891 [ERROR] LogOutputStream:75 - [STDERR_REDIRECT] [Fatal Error] :1:1: Premature end of file.
2026-05-18 21:42:00,891 [ERROR] LogOutputStream:75 - [STDERR_REDIRECT] 
2026-05-18 21:42:01,895 [ERROR] LogOutputStream:75 - [STDERR_REDIRECT] [Fatal Error] :1:1: Premature end of file.
2026-05-18 21:42:01,896 [ERROR] LogOutputStream:75 - [STDERR_REDIRECT] 
2026-05-18 21:42:02,891 [ERROR] LogOutputStream:75 - [STDERR_REDIRECT] [Fatal Error] :1:1: Premature end of file.
2026-05-18 21:42:02,891 [ERROR] LogOutputStream:75 - [STDERR_REDIRECT] 
2026-05-18 21:42:03,887 [ERROR] LogOutputStream:75 - [STDERR_REDIRECT] [Fatal Error] :1:1: Premature end of file.
2026-05-18 21:42:03,887 [ERROR] LogOutputStream:75 - [STDERR_REDIRECT] 
2026-05-18 21:42:04,901 [ERROR] LogOutputStream:75 - [STDERR_REDIRECT] [Fatal Error] :1:1: Premature end of file.
2026-05-18 21:42:04,901 [ERROR] LogOutputStream:75 - [STDERR_REDIRECT] 
2026-05-18 21:42:05,885 [ERROR] LogOutputStream:75 - [STDERR_REDIRECT] [Fatal Error] :1:1: Premature end of file.
2026-05-18 21:42:05,885 [ERROR] LogOutputStream:75 - [STDERR_REDIRECT] 
2026-05-18 21:42:06,897 [ERROR] LogOutputStream:75 - [STDERR_REDIRECT] [Fatal Error] :1:1: Premature end of file.
2026-05-18 21:42:06,897 [ERROR] LogOutputStream:75 - [STDERR_REDIRECT] 
2026-05-18 21:42:07,884 [ERROR] LogOutputStream:75 - [STDERR_REDIRECT] [Fatal Error] :1:1: Premature end of file.
2026-05-18 21:42:07,884 [ERROR] LogOutputStream:75 - [STDERR_REDIRECT] 
2026-05-18 21:42:08,890 [ERROR] LogOutputStream:75 - [STDERR_REDIRECT] [Fatal Error] :1:1: Premature end of file.
2026-05-18 21:42:08,890 [ERROR] LogOutputStream:75 - [STDERR_REDIRECT] 
2026-05-18 21:42:09,886 [ERROR] LogOutputStream:75 - [STDERR_REDIRECT] [Fatal Error] :1:1: Premature end of file.
2026-05-18 21:42:09,886 [ERROR] LogOutputStream:75 - [STDERR_REDIRECT] 
2026-05-18 21:42:10,886 [ERROR] LogOutputStream:75 - [STDERR_REDIRECT] [Fatal Error] :1:1: Premature end of file.
2026-05-18 21:42:10,886 [ERROR] LogOutputStream:75 - [STDERR_REDIRECT] 
2026-05-18 21:42:11,891 [ERROR] LogOutputStream:75 - [STDERR_REDIRECT] [Fatal Error] :1:1: Premature end of file.
2026-05-18 21:42:11,891 [ERROR] LogOutputStream:75 - [STDERR_REDIRECT] 
2026-05-18 21:42:12,880 [ERROR] LogOutputStream:75 - [STDERR_REDIRECT] [Fatal Error] :1:1: Premature end of file.
2026-05-18 21:42:12,880 [ERROR] LogOutputStream:75 - [STDERR_REDIRECT] 
2026-05-18 21:42:13,886 [ERROR] LogOutputStream:75 - [STDERR_REDIRECT] [Fatal Error] :1:1: Premature end of file.
2026-05-18 21:42:13,886 [ERROR] LogOutputStream:75 - [STDERR_REDIRECT] 
2026-05-18 21:42:14,901 [ERROR] LogOutputStream:75 - [STDERR_REDIRECT] [Fatal Error] :1:1: Premature end of file.
2026-05-18 21:42:14,901 [ERROR] LogOutputStream:75 - [STDERR_REDIRECT] 
2026-05-18 21:42:15,884 [ERROR] LogOutputStream:75 - [STDERR_REDIRECT] [Fatal Error] :1:1: Premature end of file.
2026-05-18 21:42:15,885 [ERROR] LogOutputStream:75 - [STDERR_REDIRECT] 
2026-05-18 21:42:16,887 [ERROR] LogOutputStream:75 - [STDERR_REDIRECT] [Fatal Error] :1:1: Premature end of file.
2026-05-18 21:42:16,887 [ERROR] LogOutputStream:75 - [STDERR_REDIRECT] 
2026-05-18 21:42:17,881 [ERROR] LogOutputStream:75 - [STDERR_REDIRECT] [Fatal Error] :1:1: Premature end of file.
2026-05-18 21:42:17,881 [ERROR] LogOutputStream:75 - [STDERR_REDIRECT] 
2026-05-18 21:42:18,884 [ERROR] LogOutputStream:75 - [STDERR_REDIRECT] [Fatal Error] :1:1: Premature end of file.
2026-05-18 21:42:18,884 [ERROR] LogOutputStream:75 - [STDERR_REDIRECT] 
2026-05-18 21:42:19,879 [ERROR] LogOutputStream:75 - [STDERR_REDIRECT] [Fatal Error] :1:1: Premature end of file.
2026-05-18 21:42:19,879 [ERROR] LogOutputStream:75 - [STDERR_REDIRECT] 
2026-05-18 21:42:20,880 [ERROR] LogOutputStream:75 - [STDERR_REDIRECT] [Fatal Error] :1:1: Premature end of file.
2026-05-18 21:42:20,880 [ERROR] LogOutputStream:75 - [STDERR_REDIRECT] 
2026-05-18 21:42:21,881 [ERROR] LogOutputStream:75 - [STDERR_REDIRECT] [Fatal Error] :1:1: Premature end of file.
2026-05-18 21:42:21,881 [ERROR] LogOutputStream:75 - [STDERR_REDIRECT] 
2026-05-18 21:42:22,879 [ERROR] LogOutputStream:75 - [STDERR_REDIRECT] [Fatal Error] :1:1: Premature end of file.
2026-05-18 21:42:22,880 [ERROR] LogOutputStream:75 - [STDERR_REDIRECT] 
2026-05-18 21:42:23,881 [ERROR] LogOutputStream:75 - [STDERR_REDIRECT] [Fatal Error] :1:1: Premature end of file.
2026-05-18 21:42:23,881 [ERROR] LogOutputStream:75 - [STDERR_REDIRECT] 
2026-05-18 21:42:24,880 [ERROR] LogOutputStream:75 - [STDERR_REDIRECT] [Fatal Error] :1:1: Premature end of file.
2026-05-18 21:42:24,880 [ERROR] LogOutputStream:75 - [STDERR_REDIRECT] 
2026-05-18 21:42:25,885 [ERROR] LogOutputStream:75 - [STDERR_REDIRECT] [Fatal Error] :1:1: Premature end of file.
2026-05-18 21:42:25,885 [ERROR] LogOutputStream:75 - [STDERR_REDIRECT] 
2026-05-18 21:42:26,880 [ERROR] LogOutputStream:75 - [STDERR_REDIRECT] [Fatal Error] :1:1: Premature end of file.
2026-05-18 21:42:26,880 [ERROR] LogOutputStream:75 - [STDERR_REDIRECT] 
2026-05-18 21:42:27,883 [ERROR] LogOutputStream:75 - [STDERR_REDIRECT] [Fatal Error] :1:1: Premature end of file.
2026-05-18 21:42:27,883 [ERROR] LogOutputStream:75 - [STDERR_REDIRECT] 
2026-05-18 21:42:28,887 [ERROR] LogOutputStream:75 - [STDERR_REDIRECT] [Fatal Error] :1:1: Premature end of file.
2026-05-18 21:42:28,887 [ERROR] LogOutputStream:75 - [STDERR_REDIRECT] 
2026-05-18 21:42:29,894 [ERROR] LogOutputStream:75 - [STDERR_REDIRECT] [Fatal Error] :1:1: Premature end of file.
2026-05-18 21:42:29,894 [ERROR] LogOutputStream:75 - [STDERR_REDIRECT] 
2026-05-18 21:42:30,899 [ERROR] LogOutputStream:75 - [STDERR_REDIRECT] [Fatal Error] :1:1: Premature end of file.
2026-05-18 21:42:30,899 [ERROR] LogOutputStream:75 - [STDERR_REDIRECT] 
2026-05-18 21:42:31,895 [ERROR] LogOutputStream:75 - [STDERR_REDIRECT] [Fatal Error] :1:1: Premature end of file.
2026-05-18 21:42:31,896 [ERROR] LogOutputStream:75 - [STDERR_REDIRECT] 
2026-05-18 21:42:32,889 [ERROR] LogOutputStream:75 - [STDERR_REDIRECT] [Fatal Error] :1:1: Premature end of file.
2026-05-18 21:42:32,889 [ERROR] LogOutputStream:75 - [STDERR_REDIRECT] 
2026-05-18 21:42:33,887 [ERROR] LogOutputStream:75 - [STDERR_REDIRECT] [Fatal Error] :1:1: Premature end of file.
2026-05-18 21:42:33,889 [ERROR] LogOutputStream:75 - [STDERR_REDIRECT] 
2026-05-18 21:42:34,892 [ERROR] LogOutputStream:75 - [STDERR_REDIRECT] [Fatal Error] :1:1: Premature end of file.
2026-05-18 21:42:34,892 [ERROR] LogOutputStream:75 - [STDERR_REDIRECT] 
2026-05-18 21:42:35,886 [ERROR] LogOutputStream:75 - [STDERR_REDIRECT] [Fatal Error] :1:1: Premature end of file.
2026-05-18 21:42:35,886 [ERROR] LogOutputStream:75 - [STDERR_REDIRECT] 
2026-05-18 21:42:36,902 [ERROR] LogOutputStream:75 - [STDERR_REDIRECT] [Fatal Error] :1:1: Premature end of file.
2026-05-18 21:42:36,902 [ERROR] LogOutputStream:75 - [STDERR_REDIRECT] 
2026-05-18 21:42:37,888 [ERROR] LogOutputStream:75 - [STDERR_REDIRECT] [Fatal Error] :1:1: Premature end of file.
2026-05-18 21:42:37,888 [ERROR] LogOutputStream:75 - [STDERR_REDIRECT] 
2026-05-18 21:42:38,887 [ERROR] LogOutputStream:75 - [STDERR_REDIRECT] [Fatal Error] :1:1: Premature end of file.
2026-05-18 21:42:38,887 [ERROR] LogOutputStream:75 - [STDERR_REDIRECT] 
2026-05-18 21:42:39,885 [ERROR] LogOutputStream:75 - [STDERR_REDIRECT] [Fatal Error] :1:1: Premature end of file.
2026-05-18 21:42:39,885 [ERROR] LogOutputStream:75 - [STDERR_REDIRECT] 
2026-05-18 21:42:40,881 [ERROR] LogOutputStream:75 - [STDERR_REDIRECT] [Fatal Error] :1:1: Premature end of file.
2026-05-18 21:42:40,881 [ERROR] LogOutputStream:75 - [STDERR_REDIRECT] 
2026-05-18 21:42:41,886 [ERROR] LogOutputStream:75 - [STDERR_REDIRECT] [Fatal Error] :1:1: Premature end of file.
2026-05-18 21:42:41,886 [ERROR] LogOutputStream:75 - [STDERR_REDIRECT] 
2026-05-18 21:42:42,890 [ERROR] LogOutputStream:75 - [STDERR_REDIRECT] [Fatal Error] :1:1: Premature end of file.
2026-05-18 21:42:42,890 [ERROR] LogOutputStream:75 - [STDERR_REDIRECT] 
2026-05-18 21:42:43,883 [ERROR] LogOutputStream:75 - [STDERR_REDIRECT] [Fatal Error] :1:1: Premature end of file.
2026-05-18 21:42:43,883 [ERROR] LogOutputStream:75 - [STDERR_REDIRECT] 
2026-05-18 21:42:44,894 [ERROR] LogOutputStream:75 - [STDERR_REDIRECT] [Fatal Error] :1:1: Premature end of file.
2026-05-18 21:42:44,894 [ERROR] LogOutputStream:75 - [STDERR_REDIRECT] 
2026-05-18 21:42:45,889 [ERROR] LogOutputStream:75 - [STDERR_REDIRECT] [Fatal Error] :1:1: Premature end of file.
2026-05-18 21:42:45,890 [ERROR] LogOutputStream:75 - [STDERR_REDIRECT] 
2026-05-18 21:42:46,883 [ERROR] LogOutputStream:75 - [STDERR_REDIRECT] [Fatal Error] :1:1: Premature end of file.
2026-05-18 21:42:46,883 [ERROR] LogOutputStream:75 - [STDERR_REDIRECT] 
2026-05-18 21:42:47,887 [ERROR] LogOutputStream:75 - [STDERR_REDIRECT] [Fatal Error] :1:1: Premature end of file.
2026-05-18 21:42:47,887 [ERROR] LogOutputStream:75 - [STDERR_REDIRECT] 
2026-05-18 21:42:48,884 [ERROR] LogOutputStream:75 - [STDERR_REDIRECT] [Fatal Error] :1:1: Premature end of file.
2026-05-18 21:42:48,884 [ERROR] LogOutputStream:75 - [STDERR_REDIRECT] 
2026-05-18 21:42:49,889 [ERROR] LogOutputStream:75 - [STDERR_REDIRECT] [Fatal Error] :1:1: Premature end of file.
2026-05-18 21:42:49,889 [ERROR] LogOutputStream:75 - [STDERR_REDIRECT] 
2026-05-18 21:42:50,895 [ERROR] LogOutputStream:75 - [STDERR_REDIRECT] [Fatal Error] :1:1: Premature end of file.
2026-05-18 21:42:50,895 [ERROR] LogOutputStream:75 - [STDERR_REDIRECT] 
2026-05-18 21:42:51,891 [ERROR] LogOutputStream:75 - [STDERR_REDIRECT] [Fatal Error] :1:1: Premature end of file.
2026-05-18 21:42:51,891 [ERROR] LogOutputStream:75 - [STDERR_REDIRECT] 
2026-05-18 21:42:52,886 [ERROR] LogOutputStream:75 - [STDERR_REDIRECT] [Fatal Error] :1:1: Premature end of file.
2026-05-18 21:42:52,886 [ERROR] LogOutputStream:75 - [STDERR_REDIRECT] 
2026-05-18 21:42:53,887 [ERROR] LogOutputStream:75 - [STDERR_REDIRECT] [Fatal Error] :1:1: Premature end of file.
2026-05-18 21:42:53,887 [ERROR] LogOutputStream:75 - [STDERR_REDIRECT] 
2026-05-18 21:42:54,879 [ERROR] LogOutputStream:75 - [STDERR_REDIRECT] [Fatal Error] :1:1: Premature end of file.
2026-05-18 21:42:54,880 [ERROR] LogOutputStream:75 - [STDERR_REDIRECT] 
2026-05-18 21:42:55,882 [ERROR] LogOutputStream:75 - [STDERR_REDIRECT] [Fatal Error] :1:1: Premature end of file.
2026-05-18 21:42:55,882 [ERROR] LogOutputStream:75 - [STDERR_REDIRECT] 
2026-05-18 21:42:56,883 [ERROR] LogOutputStream:75 - [STDERR_REDIRECT] [Fatal Error] :1:1: Premature end of file.
2026-05-18 21:42:56,883 [ERROR] LogOutputStream:75 - [STDERR_REDIRECT] 
2026-05-18 21:42:57,890 [ERROR] LogOutputStream:75 - [STDERR_REDIRECT] [Fatal Error] :1:1: Premature end of file.
2026-05-18 21:42:57,890 [ERROR] LogOutputStream:75 - [STDERR_REDIRECT] 
2026-05-18 21:42:58,892 [ERROR] LogOutputStream:75 - [STDERR_REDIRECT] [Fatal Error] :1:1: Premature end of file.
2026-05-18 21:42:58,892 [ERROR] LogOutputStream:75 - [STDERR_REDIRECT] 
2026-05-18 21:42:59,900 [ERROR] LogOutputStream:75 - [STDERR_REDIRECT] [Fatal Error] :1:1: Premature end of file.
2026-05-18 21:42:59,900 [ERROR] LogOutputStream:75 - [STDERR_REDIRECT] 
2026-05-18 21:43:00,885 [ERROR] LogOutputStream:75 - [STDERR_REDIRECT] [Fatal Error] :1:1: Premature end of file.
2026-05-18 21:43:00,885 [ERROR] LogOutputStream:75 - [STDERR_REDIRECT] 
2026-05-18 21:43:01,881 [ERROR] LogOutputStream:75 - [STDERR_REDIRECT] [Fatal Error] :1:1: Premature end of file.
2026-05-18 21:43:01,881 [ERROR] LogOutputStream:75 - [STDERR_REDIRECT] 
2026-05-18 21:43:02,901 [ERROR] LogOutputStream:75 - [STDERR_REDIRECT] [Fatal Error] :1:1: Premature end of file.
2026-05-18 21:43:02,903 [ERROR] LogOutputStream:75 - [STDERR_REDIRECT] 
2026-05-18 21:43:03,880 [ERROR] LogOutputStream:75 - [STDERR_REDIRECT] [Fatal Error] :1:1: Premature end of file.
2026-05-18 21:43:03,881 [ERROR] LogOutputStream:75 - [STDERR_REDIRECT] 
2026-05-18 21:43:04,903 [ERROR] LogOutputStream:75 - [STDERR_REDIRECT] [Fatal Error] :1:1: Premature end of file.
2026-05-18 21:43:04,903 [ERROR] LogOutputStream:75 - [STDERR_REDIRECT] 
2026-05-18 21:43:05,901 [ERROR] LogOutputStream:75 - [STDERR_REDIRECT] [Fatal Error] :1:1: Premature end of file.
2026-05-18 21:43:05,901 [ERROR] LogOutputStream:75 - [STDERR_REDIRECT] 
2026-05-18 21:43:06,888 [ERROR] LogOutputStream:75 - [STDERR_REDIRECT] [Fatal Error] :1:1: Premature end of file.
2026-05-18 21:43:06,888 [ERROR] LogOutputStream:75 - [STDERR_REDIRECT] 
2026-05-18 21:43:07,885 [ERROR] LogOutputStream:75 - [STDERR_REDIRECT] [Fatal Error] :1:1: Premature end of file.
2026-05-18 21:43:07,885 [ERROR] LogOutputStream:75 - [STDERR_REDIRECT] 
2026-05-18 21:43:08,896 [ERROR] LogOutputStream:75 - [STDERR_REDIRECT] [Fatal Error] :1:1: Premature end of file.
2026-05-18 21:43:08,896 [ERROR] LogOutputStream:75 - [STDERR_REDIRECT] 
2026-05-18 21:43:09,883 [ERROR] LogOutputStream:75 - [STDERR_REDIRECT] [Fatal Error] :1:1: Premature end of file.
2026-05-18 21:43:09,883 [ERROR] LogOutputStream:75 - [STDERR_REDIRECT] 
2026-05-18 21:43:10,897 [ERROR] LogOutputStream:75 - [STDERR_REDIRECT] [Fatal Error] :1:1: Premature end of file.
2026-05-18 21:43:10,897 [ERROR] LogOutputStream:75 - [STDERR_REDIRECT] 
2026-05-18 21:43:11,884 [ERROR] LogOutputStream:75 - [STDERR_REDIRECT] [Fatal Error] :1:1: Premature end of file.
2026-05-18 21:43:11,884 [ERROR] LogOutputStream:75 - [STDERR_REDIRECT] 
2026-05-18 21:43:12,897 [ERROR] LogOutputStream:75 - [STDERR_REDIRECT] [Fatal Error] :1:1: Premature end of file.
2026-05-18 21:43:12,897 [ERROR] LogOutputStream:75 - [STDERR_REDIRECT] 
2026-05-18 21:43:13,894 [ERROR] LogOutputStream:75 - [STDERR_REDIRECT] [Fatal Error] :1:1: Premature end of file.
2026-05-18 21:43:13,895 [ERROR] LogOutputStream:75 - [STDERR_REDIRECT] 
2026-05-18 21:43:14,896 [ERROR] LogOutputStream:75 - [STDERR_REDIRECT] [Fatal Error] :1:1: Premature end of file.
2026-05-18 21:43:14,896 [ERROR] LogOutputStream:75 - [STDERR_REDIRECT] 
2026-05-18 21:43:15,883 [ERROR] LogOutputStream:75 - [STDERR_REDIRECT] [Fatal Error] :1:1: Premature end of file.
2026-05-18 21:43:15,883 [ERROR] LogOutputStream:75 - [STDERR_REDIRECT] 
2026-05-18 21:43:16,878 [ERROR] LogOutputStream:75 - [STDERR_REDIRECT] [Fatal Error] :1:1: Premature end of file.
2026-05-18 21:43:16,878 [ERROR] LogOutputStream:75 - [STDERR_REDIRECT] 
2026-05-18 21:43:17,885 [ERROR] LogOutputStream:75 - [STDERR_REDIRECT] [Fatal Error] :1:1: Premature end of file.
2026-05-18 21:43:17,885 [ERROR] LogOutputStream:75 - [STDERR_REDIRECT] 
2026-05-18 21:43:18,885 [ERROR] LogOutputStream:75 - [STDERR_REDIRECT] [Fatal Error] :1:1: Premature end of file.
2026-05-18 21:43:18,887 [ERROR] LogOutputStream:75 - [STDERR_REDIRECT] 
2026-05-18 21:43:19,897 [ERROR] LogOutputStream:75 - [STDERR_REDIRECT] [Fatal Error] :1:1: Premature end of file.
2026-05-18 21:43:19,897 [ERROR] LogOutputStream:75 - [STDERR_REDIRECT] 
2026-05-18 21:43:20,882 [ERROR] LogOutputStream:75 - [STDERR_REDIRECT] [Fatal Error] :1:1: Premature end of file.
2026-05-18 21:43:20,882 [ERROR] LogOutputStream:75 - [STDERR_REDIRECT] 
2026-05-18 21:43:21,887 [ERROR] LogOutputStream:75 - [STDERR_REDIRECT] [Fatal Error] :1:1: Premature end of file.
2026-05-18 21:43:21,887 [ERROR] LogOutputStream:75 - [STDERR_REDIRECT] 
2026-05-18 21:43:22,888 [ERROR] LogOutputStream:75 - [STDERR_REDIRECT] [Fatal Error] :1:1: Premature end of file.
2026-05-18 21:43:22,888 [ERROR] LogOutputStream:75 - [STDERR_REDIRECT] 
2026-05-18 21:43:23,889 [ERROR] LogOutputStream:75 - [STDERR_REDIRECT] [Fatal Error] :1:1: Premature end of file.
2026-05-18 21:43:23,889 [ERROR] LogOutputStream:75 - [STDERR_REDIRECT] 
2026-05-18 21:43:24,885 [ERROR] LogOutputStream:75 - [STDERR_REDIRECT] [Fatal Error] :1:1: Premature end of file.
2026-05-18 21:43:24,885 [ERROR] LogOutputStream:75 - [STDERR_REDIRECT] 
2026-05-18 21:43:25,886 [ERROR] LogOutputStream:75 - [STDERR_REDIRECT] [Fatal Error] :1:1: Premature end of file.
2026-05-18 21:43:25,886 [ERROR] LogOutputStream:75 - [STDERR_REDIRECT] 
2026-05-18 21:43:26,885 [ERROR] LogOutputStream:75 - [STDERR_REDIRECT] [Fatal Error] :1:1: Premature end of file.
2026-05-18 21:43:26,885 [ERROR] LogOutputStream:75 - [STDERR_REDIRECT] 
2026-05-18 21:43:27,884 [ERROR] LogOutputStream:75 - [STDERR_REDIRECT] [Fatal Error] :1:1: Premature end of file.
2026-05-18 21:43:27,884 [ERROR] LogOutputStream:75 - [STDERR_REDIRECT] 
2026-05-18 21:43:28,901 [ERROR] LogOutputStream:75 - [STDERR_REDIRECT] [Fatal Error] :1:1: Premature end of file.
2026-05-18 21:43:28,902 [ERROR] LogOutputStream:75 - [STDERR_REDIRECT] 
2026-05-18 21:43:29,894 [ERROR] LogOutputStream:75 - [STDERR_REDIRECT] [Fatal Error] :1:1: Premature end of file.
2026-05-18 21:43:29,894 [ERROR] LogOutputStream:75 - [STDERR_REDIRECT] 
2026-05-18 21:43:30,885 [ERROR] LogOutputStream:75 - [STDERR_REDIRECT] [Fatal Error] :1:1: Premature end of file.
2026-05-18 21:43:30,885 [ERROR] LogOutputStream:75 - [STDERR_REDIRECT] 
2026-05-18 21:43:31,887 [ERROR] LogOutputStream:75 - [STDERR_REDIRECT] [Fatal Error] :1:1: Premature end of file.
2026-05-18 21:43:31,887 [ERROR] LogOutputStream:75 - [STDERR_REDIRECT] 
2026-05-18 21:43:32,914 [ERROR] LogOutputStream:75 - [STDERR_REDIRECT] [Fatal Error] :1:1: Premature end of file.
2026-05-18 21:43:32,914 [ERROR] LogOutputStream:75 - [STDERR_REDIRECT] 
2026-05-18 21:43:33,889 [ERROR] LogOutputStream:75 - [STDERR_REDIRECT] [Fatal Error] :1:1: Premature end of file.
2026-05-18 21:43:33,889 [ERROR] LogOutputStream:75 - [STDERR_REDIRECT] 
2026-05-18 21:43:34,883 [ERROR] LogOutputStream:75 - [STDERR_REDIRECT] [Fatal Error] :1:1: Premature end of file.
2026-05-18 21:43:34,883 [ERROR] LogOutputStream:75 - [STDERR_REDIRECT] 
2026-05-18 21:43:35,905 [ERROR] LogOutputStream:75 - [STDERR_REDIRECT] [Fatal Error] :1:1: Premature end of file.
2026-05-18 21:43:35,905 [ERROR] LogOutputStream:75 - [STDERR_REDIRECT] 
2026-05-18 21:43:36,885 [ERROR] LogOutputStream:75 - [STDERR_REDIRECT] [Fatal Error] :1:1: Premature end of file.
2026-05-18 21:43:36,885 [ERROR] LogOutputStream:75 - [STDERR_REDIRECT] 
2026-05-18 21:43:37,890 [ERROR] LogOutputStream:75 - [STDERR_REDIRECT] [Fatal Error] :1:1: Premature end of file.
2026-05-18 21:43:37,890 [ERROR] LogOutputStream:75 - [STDERR_REDIRECT] 
2026-05-18 21:43:38,886 [ERROR] LogOutputStream:75 - [STDERR_REDIRECT] [Fatal Error] :1:1: Premature end of file.
2026-05-18 21:43:38,887 [ERROR] LogOutputStream:75 - [STDERR_REDIRECT] 
2026-05-18 21:43:39,883 [ERROR] LogOutputStream:75 - [STDERR_REDIRECT] [Fatal Error] :1:1: Premature end of file.
2026-05-18 21:43:39,883 [ERROR] LogOutputStream:75 - [STDERR_REDIRECT] 
2026-05-18 21:43:40,892 [ERROR] LogOutputStream:75 - [STDERR_REDIRECT] [Fatal Error] :1:1: Premature end of file.
2026-05-18 21:43:40,892 [ERROR] LogOutputStream:75 - [STDERR_REDIRECT] 
2026-05-18 21:43:41,889 [ERROR] LogOutputStream:75 - [STDERR_REDIRECT] [Fatal Error] :1:1: Premature end of file.
2026-05-18 21:43:41,889 [ERROR] LogOutputStream:75 - [STDERR_REDIRECT] 
2026-05-18 21:43:42,888 [ERROR] LogOutputStream:75 - [STDERR_REDIRECT] [Fatal Error] :1:1: Premature end of file.
2026-05-18 21:43:42,888 [ERROR] LogOutputStream:75 - [STDERR_REDIRECT] 
2026-05-18 21:43:43,891 [ERROR] LogOutputStream:75 - [STDERR_REDIRECT] [Fatal Error] :1:1: Premature end of file.
2026-05-18 21:43:43,892 [ERROR] LogOutputStream:75 - [STDERR_REDIRECT] 
2026-05-18 21:43:44,898 [ERROR] LogOutputStream:75 - [STDERR_REDIRECT] [Fatal Error] :1:1: Premature end of file.
2026-05-18 21:43:44,898 [ERROR] LogOutputStream:75 - [STDERR_REDIRECT] 
2026-05-18 21:43:45,894 [ERROR] LogOutputStream:75 - [STDERR_REDIRECT] [Fatal Error] :1:1: Premature end of file.
2026-05-18 21:43:45,894 [ERROR] LogOutputStream:75 - [STDERR_REDIRECT] 
2026-05-18 21:43:46,890 [ERROR] LogOutputStream:75 - [STDERR_REDIRECT] [Fatal Error] :1:1: Premature end of file.
2026-05-18 21:43:46,890 [ERROR] LogOutputStream:75 - [STDERR_REDIRECT] 
2026-05-18 21:43:47,887 [ERROR] LogOutputStream:75 - [STDERR_REDIRECT] [Fatal Error] :1:1: Premature end of file.
2026-05-18 21:43:47,887 [ERROR] LogOutputStream:75 - [STDERR_REDIRECT] 
2026-05-18 21:43:48,897 [ERROR] LogOutputStream:75 - [STDERR_REDIRECT] [Fatal Error] :1:1: Premature end of file.
2026-05-18 21:43:48,897 [ERROR] LogOutputStream:75 - [STDERR_REDIRECT] 
2026-05-18 21:43:49,884 [ERROR] LogOutputStream:75 - [STDERR_REDIRECT] [Fatal Error] :1:1: Premature end of file.
2026-05-18 21:43:49,884 [ERROR] LogOutputStream:75 - [STDERR_REDIRECT] 
2026-05-18 21:43:50,885 [ERROR] LogOutputStream:75 - [STDERR_REDIRECT] [Fatal Error] :1:1: Premature end of file.
2026-05-18 21:43:50,885 [ERROR] LogOutputStream:75 - [STDERR_REDIRECT] 
2026-05-18 21:43:51,884 [ERROR] LogOutputStream:75 - [STDERR_REDIRECT] [Fatal Error] :1:1: Premature end of file.
2026-05-18 21:43:51,884 [ERROR] LogOutputStream:75 - [STDERR_REDIRECT] 
2026-05-18 21:43:52,886 [ERROR] LogOutputStream:75 - [STDERR_REDIRECT] [Fatal Error] :1:1: Premature end of file.
2026-05-18 21:43:52,886 [ERROR] LogOutputStream:75 - [STDERR_REDIRECT] 
2026-05-18 21:43:53,890 [ERROR] LogOutputStream:75 - [STDERR_REDIRECT] [Fatal Error] :1:1: Premature end of file.
2026-05-18 21:43:53,890 [ERROR] LogOutputStream:75 - [STDERR_REDIRECT] 
2026-05-18 21:43:54,885 [ERROR] LogOutputStream:75 - [STDERR_REDIRECT] [Fatal Error] :1:1: Premature end of file.
2026-05-18 21:43:54,886 [ERROR] LogOutputStream:75 - [STDERR_REDIRECT] 
2026-05-18 21:43:55,893 [ERROR] LogOutputStream:75 - [STDERR_REDIRECT] [Fatal Error] :1:1: Premature end of file.
2026-05-18 21:43:55,893 [ERROR] LogOutputStream:75 - [STDERR_REDIRECT] 
2026-05-18 21:43:56,890 [ERROR] LogOutputStream:75 - [STDERR_REDIRECT] [Fatal Error] :1:1: Premature end of file.
2026-05-18 21:43:56,890 [ERROR] LogOutputStream:75 - [STDERR_REDIRECT] 
2026-05-18 21:43:57,893 [ERROR] LogOutputStream:75 - [STDERR_REDIRECT] [Fatal Error] :1:1: Premature end of file.
2026-05-18 21:43:57,893 [ERROR] LogOutputStream:75 - [STDERR_REDIRECT] 
2026-05-18 21:43:58,888 [ERROR] LogOutputStream:75 - [STDERR_REDIRECT] [Fatal Error] :1:1: Premature end of file.
2026-05-18 21:43:58,889 [ERROR] LogOutputStream:75 - [STDERR_REDIRECT] 
2026-05-18 21:43:59,891 [ERROR] LogOutputStream:75 - [STDERR_REDIRECT] [Fatal Error] :1:1: Premature end of file.
2026-05-18 21:43:59,891 [ERROR] LogOutputStream:75 - [STDERR_REDIRECT] 
2026-05-18 21:44:00,885 [ERROR] LogOutputStream:75 - [STDERR_REDIRECT] [Fatal Error] :1:1: Premature end of file.
2026-05-18 21:44:00,885 [ERROR] LogOutputStream:75 - [STDERR_REDIRECT] 
2026-05-18 21:44:01,879 [ERROR] LogOutputStream:75 - [STDERR_REDIRECT] [Fatal Error] :1:1: Premature end of file.
2026-05-18 21:44:01,879 [ERROR] LogOutputStream:75 - [STDERR_REDIRECT] 
2026-05-18 21:44:02,883 [ERROR] LogOutputStream:75 - [STDERR_REDIRECT] [Fatal Error] :1:1: Premature end of file.
2026-05-18 21:44:02,883 [ERROR] LogOutputStream:75 - [STDERR_REDIRECT] 
2026-05-18 21:44:03,882 [ERROR] LogOutputStream:75 - [STDERR_REDIRECT] [Fatal Error] :1:1: Premature end of file.
2026-05-18 21:44:03,882 [ERROR] LogOutputStream:75 - [STDERR_REDIRECT] 
2026-05-18 21:44:04,880 [ERROR] LogOutputStream:75 - [STDERR_REDIRECT] [Fatal Error] :1:1: Premature end of file.
2026-05-18 21:44:04,880 [ERROR] LogOutputStream:75 - [STDERR_REDIRECT] 
2026-05-18 21:44:05,891 [ERROR] LogOutputStream:75 - [STDERR_REDIRECT] [Fatal Error] :1:1: Premature end of file.
2026-05-18 21:44:05,891 [ERROR] LogOutputStream:75 - [STDERR_REDIRECT] 
2026-05-18 21:44:06,891 [ERROR] LogOutputStream:75 - [STDERR_REDIRECT] [Fatal Error] :1:1: Premature end of file.
2026-05-18 21:44:06,891 [ERROR] LogOutputStream:75 - [STDERR_REDIRECT] 
2026-05-18 21:44:07,885 [ERROR] LogOutputStream:75 - [STDERR_REDIRECT] [Fatal Error] :1:1: Premature end of file.
2026-05-18 21:44:07,885 [ERROR] LogOutputStream:75 - [STDERR_REDIRECT] 
2026-05-18 21:44:08,885 [ERROR] LogOutputStream:75 - [STDERR_REDIRECT] [Fatal Error] :1:1: Premature end of file.
2026-05-18 21:44:08,887 [ERROR] LogOutputStream:75 - [STDERR_REDIRECT] 
2026-05-18 21:44:09,887 [ERROR] LogOutputStream:75 - [STDERR_REDIRECT] [Fatal Error] :1:1: Premature end of file.
2026-05-18 21:44:09,888 [ERROR] LogOutputStream:75 - [STDERR_REDIRECT] 
2026-05-18 21:44:10,882 [ERROR] LogOutputStream:75 - [STDERR_REDIRECT] [Fatal Error] :1:1: Premature end of file.
2026-05-18 21:44:10,883 [ERROR] LogOutputStream:75 - [STDERR_REDIRECT] 
2026-05-18 21:44:11,889 [ERROR] LogOutputStream:75 - [STDERR_REDIRECT] [Fatal Error] :1:1: Premature end of file.
2026-05-18 21:44:11,889 [ERROR] LogOutputStream:75 - [STDERR_REDIRECT] 
2026-05-18 21:44:12,887 [ERROR] LogOutputStream:75 - [STDERR_REDIRECT] [Fatal Error] :1:1: Premature end of file.
2026-05-18 21:44:12,887 [ERROR] LogOutputStream:75 - [STDERR_REDIRECT] 
2026-05-18 21:44:13,883 [ERROR] LogOutputStream:75 - [STDERR_REDIRECT] [Fatal Error] :1:1: Premature end of file.
2026-05-18 21:44:13,883 [ERROR] LogOutputStream:75 - [STDERR_REDIRECT] 
2026-05-18 21:44:14,885 [ERROR] LogOutputStream:75 - [STDERR_REDIRECT] [Fatal Error] :1:1: Premature end of file.
2026-05-18 21:44:14,885 [ERROR] LogOutputStream:75 - [STDERR_REDIRECT] 
2026-05-18 21:44:15,895 [ERROR] LogOutputStream:75 - [STDERR_REDIRECT] [Fatal Error] :1:1: Premature end of file.
2026-05-18 21:44:15,895 [ERROR] LogOutputStream:75 - [STDERR_REDIRECT] 
2026-05-18 21:44:16,883 [ERROR] LogOutputStream:75 - [STDERR_REDIRECT] [Fatal Error] :1:1: Premature end of file.
2026-05-18 21:44:16,883 [ERROR] LogOutputStream:75 - [STDERR_REDIRECT] 
2026-05-18 21:44:17,883 [ERROR] LogOutputStream:75 - [STDERR_REDIRECT] [Fatal Error] :1:1: Premature end of file.
2026-05-18 21:44:17,883 [ERROR] LogOutputStream:75 - [STDERR_REDIRECT] 
2026-05-18 21:44:18,882 [ERROR] LogOutputStream:75 - [STDERR_REDIRECT] [Fatal Error] :1:1: Premature end of file.
2026-05-18 21:44:18,882 [ERROR] LogOutputStream:75 - [STDERR_REDIRECT] 
2026-05-18 21:44:19,894 [ERROR] LogOutputStream:75 - [STDERR_REDIRECT] [Fatal Error] :1:1: Premature end of file.
2026-05-18 21:44:19,894 [ERROR] LogOutputStream:75 - [STDERR_REDIRECT] 
2026-05-18 21:44:20,888 [ERROR] LogOutputStream:75 - [STDERR_REDIRECT] [Fatal Error] :1:1: Premature end of file.
2026-05-18 21:44:20,888 [ERROR] LogOutputStream:75 - [STDERR_REDIRECT] 
2026-05-18 21:44:21,894 [ERROR] LogOutputStream:75 - [STDERR_REDIRECT] [Fatal Error] :1:1: Premature end of file.
2026-05-18 21:44:21,894 [ERROR] LogOutputStream:75 - [STDERR_REDIRECT] 
2026-05-18 21:44:22,885 [ERROR] LogOutputStream:75 - [STDERR_REDIRECT] [Fatal Error] :1:1: Premature end of file.
2026-05-18 21:44:22,885 [ERROR] LogOutputStream:75 - [STDERR_REDIRECT] 
2026-05-18 21:44:23,890 [ERROR] LogOutputStream:75 - [STDERR_REDIRECT] [Fatal Error] :1:1: Premature end of file.
2026-05-18 21:44:23,891 [ERROR] LogOutputStream:75 - [STDERR_REDIRECT] 
2026-05-18 21:44:24,893 [ERROR] LogOutputStream:75 - [STDERR_REDIRECT] [Fatal Error] :1:1: Premature end of file.
2026-05-18 21:44:24,893 [ERROR] LogOutputStream:75 - [STDERR_REDIRECT] 
2026-05-18 21:44:25,889 [ERROR] LogOutputStream:75 - [STDERR_REDIRECT] [Fatal Error] :1:1: Premature end of file.
2026-05-18 21:44:25,889 [ERROR] LogOutputStream:75 - [STDERR_REDIRECT] 
2026-05-18 21:44:26,883 [ERROR] LogOutputStream:75 - [STDERR_REDIRECT] [Fatal Error] :1:1: Premature end of file.
2026-05-18 21:44:26,883 [ERROR] LogOutputStream:75 - [STDERR_REDIRECT] 
2026-05-18 21:44:27,882 [ERROR] LogOutputStream:75 - [STDERR_REDIRECT] [Fatal Error] :1:1: Premature end of file.
2026-05-18 21:44:27,882 [ERROR] LogOutputStream:75 - [STDERR_REDIRECT] 
2026-05-18 21:44:28,881 [ERROR] LogOutputStream:75 - [STDERR_REDIRECT] [Fatal Error] :1:1: Premature end of file.
2026-05-18 21:44:28,881 [ERROR] LogOutputStream:75 - [STDERR_REDIRECT] 
2026-05-18 21:44:29,888 [ERROR] LogOutputStream:75 - [STDERR_REDIRECT] [Fatal Error] :1:1: Premature end of file.
2026-05-18 21:44:29,888 [ERROR] LogOutputStream:75 - [STDERR_REDIRECT] 
2026-05-18 21:44:30,888 [ERROR] LogOutputStream:75 - [STDERR_REDIRECT] [Fatal Error] :1:1: Premature end of file.
2026-05-18 21:44:30,888 [ERROR] LogOutputStream:75 - [STDERR_REDIRECT] 
2026-05-18 21:44:31,888 [ERROR] LogOutputStream:75 - [STDERR_REDIRECT] [Fatal Error] :1:1: Premature end of file.
2026-05-18 21:44:31,888 [ERROR] LogOutputStream:75 - [STDERR_REDIRECT] 
2026-05-18 21:44:32,896 [ERROR] LogOutputStream:75 - [STDERR_REDIRECT] [Fatal Error] :1:1: Premature end of file.
2026-05-18 21:44:32,896 [ERROR] LogOutputStream:75 - [STDERR_REDIRECT] 
2026-05-18 21:44:33,885 [ERROR] LogOutputStream:75 - [STDERR_REDIRECT] [Fatal Error] :1:1: Premature end of file.
2026-05-18 21:44:33,885 [ERROR] LogOutputStream:75 - [STDERR_REDIRECT] 
2026-05-18 21:44:34,887 [ERROR] LogOutputStream:75 - [STDERR_REDIRECT] [Fatal Error] :1:1: Premature end of file.
2026-05-18 21:44:34,887 [ERROR] LogOutputStream:75 - [STDERR_REDIRECT] 
2026-05-18 21:44:35,889 [ERROR] LogOutputStream:75 - [STDERR_REDIRECT] [Fatal Error] :1:1: Premature end of file.
2026-05-18 21:44:35,889 [ERROR] LogOutputStream:75 - [STDERR_REDIRECT] 
2026-05-18 21:44:36,891 [ERROR] LogOutputStream:75 - [STDERR_REDIRECT] [Fatal Error] :1:1: Premature end of file.
2026-05-18 21:44:36,891 [ERROR] LogOutputStream:75 - [STDERR_REDIRECT] 
2026-05-18 21:44:37,886 [ERROR] LogOutputStream:75 - [STDERR_REDIRECT] [Fatal Error] :1:1: Premature end of file.
2026-05-18 21:44:37,886 [ERROR] LogOutputStream:75 - [STDERR_REDIRECT] 
2026-05-18 21:44:38,894 [ERROR] LogOutputStream:75 - [STDERR_REDIRECT] [Fatal Error] :1:1: Premature end of file.
2026-05-18 21:44:38,895 [ERROR] LogOutputStream:75 - [STDERR_REDIRECT] 
2026-05-18 21:44:39,885 [ERROR] LogOutputStream:75 - [STDERR_REDIRECT] [Fatal Error] :1:1: Premature end of file.
2026-05-18 21:44:39,886 [ERROR] LogOutputStream:75 - [STDERR_REDIRECT] 
2026-05-18 21:44:40,892 [ERROR] LogOutputStream:75 - [STDERR_REDIRECT] [Fatal Error] :1:1: Premature end of file.
2026-05-18 21:44:40,892 [ERROR] LogOutputStream:75 - [STDERR_REDIRECT] 
2026-05-18 21:44:41,890 [ERROR] LogOutputStream:75 - [STDERR_REDIRECT] [Fatal Error] :1:1: Premature end of file.
2026-05-18 21:44:41,890 [ERROR] LogOutputStream:75 - [STDERR_REDIRECT] 
2026-05-18 21:44:42,890 [ERROR] LogOutputStream:75 - [STDERR_REDIRECT] [Fatal Error] :1:1: Premature end of file.
2026-05-18 21:44:42,891 [ERROR] LogOutputStream:75 - [STDERR_REDIRECT] 
2026-05-18 21:44:43,894 [ERROR] LogOutputStream:75 - [STDERR_REDIRECT] [Fatal Error] :1:1: Premature end of file.
2026-05-18 21:44:43,894 [ERROR] LogOutputStream:75 - [STDERR_REDIRECT] 
2026-05-18 21:44:44,880 [ERROR] LogOutputStream:75 - [STDERR_REDIRECT] [Fatal Error] :1:1: Premature end of file.
2026-05-18 21:44:44,880 [ERROR] LogOutputStream:75 - [STDERR_REDIRECT] 
2026-05-18 21:44:45,903 [ERROR] LogOutputStream:75 - [STDERR_REDIRECT] [Fatal Error] :1:1: Premature end of file.
2026-05-18 21:44:45,903 [ERROR] LogOutputStream:75 - [STDERR_REDIRECT] 
2026-05-18 21:44:46,893 [ERROR] LogOutputStream:75 - [STDERR_REDIRECT] [Fatal Error] :1:1: Premature end of file.
2026-05-18 21:44:46,893 [ERROR] LogOutputStream:75 - [STDERR_REDIRECT] 
2026-05-18 21:44:47,894 [ERROR] LogOutputStream:75 - [STDERR_REDIRECT] [Fatal Error] :1:1: Premature end of file.
2026-05-18 21:44:47,894 [ERROR] LogOutputStream:75 - [STDERR_REDIRECT] 
2026-05-18 21:44:48,885 [ERROR] LogOutputStream:75 - [STDERR_REDIRECT] [Fatal Error] :1:1: Premature end of file.
2026-05-18 21:44:48,885 [ERROR] LogOutputStream:75 - [STDERR_REDIRECT] 
2026-05-18 21:44:49,887 [ERROR] LogOutputStream:75 - [STDERR_REDIRECT] [Fatal Error] :1:1: Premature end of file.
2026-05-18 21:44:49,887 [ERROR] LogOutputStream:75 - [STDERR_REDIRECT] 
2026-05-18 21:44:50,894 [ERROR] LogOutputStream:75 - [STDERR_REDIRECT] [Fatal Error] :1:1: Premature end of file.
2026-05-18 21:44:50,894 [ERROR] LogOutputStream:75 - [STDERR_REDIRECT] 
2026-05-18 21:44:51,885 [ERROR] LogOutputStream:75 - [STDERR_REDIRECT] [Fatal Error] :1:1: Premature end of file.
2026-05-18 21:44:51,885 [ERROR] LogOutputStream:75 - [STDERR_REDIRECT] 
2026-05-18 21:44:52,891 [ERROR] LogOutputStream:75 - [STDERR_REDIRECT] [Fatal Error] :1:1: Premature end of file.
2026-05-18 21:44:52,891 [ERROR] LogOutputStream:75 - [STDERR_REDIRECT] 
2026-05-18 21:44:53,886 [ERROR] LogOutputStream:75 - [STDERR_REDIRECT] [Fatal Error] :1:1: Premature end of file.
2026-05-18 21:44:53,887 [ERROR] LogOutputStream:75 - [STDERR_REDIRECT] 
2026-05-18 21:44:54,883 [ERROR] LogOutputStream:75 - [STDERR_REDIRECT] [Fatal Error] :1:1: Premature end of file.
2026-05-18 21:44:54,883 [ERROR] LogOutputStream:75 - [STDERR_REDIRECT] 
2026-05-18 21:44:55,883 [ERROR] LogOutputStream:75 - [STDERR_REDIRECT] [Fatal Error] :1:1: Premature end of file.
2026-05-18 21:44:55,883 [ERROR] LogOutputStream:75 - [STDERR_REDIRECT] 
2026-05-18 21:44:56,894 [ERROR] LogOutputStream:75 - [STDERR_REDIRECT] [Fatal Error] :1:1: Premature end of file.
2026-05-18 21:44:56,895 [ERROR] LogOutputStream:75 - [STDERR_REDIRECT] 
2026-05-18 21:44:57,885 [ERROR] LogOutputStream:75 - [STDERR_REDIRECT] [Fatal Error] :1:1: Premature end of file.
2026-05-18 21:44:57,885 [ERROR] LogOutputStream:75 - [STDERR_REDIRECT] 
2026-05-18 21:44:58,886 [ERROR] LogOutputStream:75 - [STDERR_REDIRECT] [Fatal Error] :1:1: Premature end of file.
2026-05-18 21:44:58,886 [ERROR] LogOutputStream:75 - [STDERR_REDIRECT] 
2026-05-18 21:44:59,881 [ERROR] LogOutputStream:75 - [STDERR_REDIRECT] [Fatal Error] :1:1: Premature end of file.
2026-05-18 21:44:59,881 [ERROR] LogOutputStream:75 - [STDERR_REDIRECT] 
2026-05-18 21:45:00,881 [ERROR] LogOutputStream:75 - [STDERR_REDIRECT] [Fatal Error] :1:1: Premature end of file.
2026-05-18 21:45:00,881 [ERROR] LogOutputStream:75 - [STDERR_REDIRECT] 
2026-05-18 21:45:01,894 [ERROR] LogOutputStream:75 - [STDERR_REDIRECT] [Fatal Error] :1:1: Premature end of file.
2026-05-18 21:45:01,894 [ERROR] LogOutputStream:75 - [STDERR_REDIRECT] 
2026-05-18 21:45:02,880 [ERROR] LogOutputStream:75 - [STDERR_REDIRECT] [Fatal Error] :1:1: Premature end of file.
2026-05-18 21:45:02,882 [ERROR] LogOutputStream:75 - [STDERR_REDIRECT] 
2026-05-18 21:45:03,886 [ERROR] LogOutputStream:75 - [STDERR_REDIRECT] [Fatal Error] :1:1: Premature end of file.
2026-05-18 21:45:03,886 [ERROR] LogOutputStream:75 - [STDERR_REDIRECT] 
2026-05-18 21:45:04,907 [ERROR] LogOutputStream:75 - [STDERR_REDIRECT] [Fatal Error] :1:1: Premature end of file.
2026-05-18 21:45:04,907 [ERROR] LogOutputStream:75 - [STDERR_REDIRECT] 
2026-05-18 21:45:05,880 [ERROR] LogOutputStream:75 - [STDERR_REDIRECT] [Fatal Error] :1:1: Premature end of file.
2026-05-18 21:45:05,880 [ERROR] LogOutputStream:75 - [STDERR_REDIRECT] 
2026-05-18 21:45:06,883 [ERROR] LogOutputStream:75 - [STDERR_REDIRECT] [Fatal Error] :1:1: Premature end of file.
2026-05-18 21:45:06,883 [ERROR] LogOutputStream:75 - [STDERR_REDIRECT] 
2026-05-18 21:45:07,888 [ERROR] LogOutputStream:75 - [STDERR_REDIRECT] [Fatal Error] :1:1: Premature end of file.
2026-05-18 21:45:07,888 [ERROR] LogOutputStream:75 - [STDERR_REDIRECT] 
2026-05-18 21:45:08,883 [ERROR] LogOutputStream:75 - [STDERR_REDIRECT] [Fatal Error] :1:1: Premature end of file.
2026-05-18 21:45:08,885 [ERROR] LogOutputStream:75 - [STDERR_REDIRECT] 
2026-05-18 21:45:09,885 [ERROR] LogOutputStream:75 - [STDERR_REDIRECT] [Fatal Error] :1:1: Premature end of file.
2026-05-18 21:45:09,885 [ERROR] LogOutputStream:75 - [STDERR_REDIRECT] 
2026-05-18 21:45:10,884 [ERROR] LogOutputStream:75 - [STDERR_REDIRECT] [Fatal Error] :1:1: Premature end of file.
2026-05-18 21:45:10,884 [ERROR] LogOutputStream:75 - [STDERR_REDIRECT] 
2026-05-18 21:45:11,886 [ERROR] LogOutputStream:75 - [STDERR_REDIRECT] [Fatal Error] :1:1: Premature end of file.
2026-05-18 21:45:11,886 [ERROR] LogOutputStream:75 - [STDERR_REDIRECT] 
2026-05-18 21:45:12,886 [ERROR] LogOutputStream:75 - [STDERR_REDIRECT] [Fatal Error] :1:1: Premature end of file.
2026-05-18 21:45:12,886 [ERROR] LogOutputStream:75 - [STDERR_REDIRECT] 
2026-05-18 21:45:13,901 [ERROR] LogOutputStream:75 - [STDERR_REDIRECT] [Fatal Error] :1:1: Premature end of file.
2026-05-18 21:45:13,901 [ERROR] LogOutputStream:75 - [STDERR_REDIRECT] 
2026-05-18 21:45:14,886 [ERROR] LogOutputStream:75 - [STDERR_REDIRECT] [Fatal Error] :1:1: Premature end of file.
2026-05-18 21:45:14,886 [ERROR] LogOutputStream:75 - [STDERR_REDIRECT] 
2026-05-18 21:45:15,889 [ERROR] LogOutputStream:75 - [STDERR_REDIRECT] [Fatal Error] :1:1: Premature end of file.
2026-05-18 21:45:15,889 [ERROR] LogOutputStream:75 - [STDERR_REDIRECT] 
2026-05-18 21:45:16,890 [ERROR] LogOutputStream:75 - [STDERR_REDIRECT] [Fatal Error] :1:1: Premature end of file.
2026-05-18 21:45:16,891 [ERROR] LogOutputStream:75 - [STDERR_REDIRECT] 
2026-05-18 21:45:17,898 [ERROR] LogOutputStream:75 - [STDERR_REDIRECT] [Fatal Error] :1:1: Premature end of file.
2026-05-18 21:45:17,898 [ERROR] LogOutputStream:75 - [STDERR_REDIRECT] 
2026-05-18 21:45:18,886 [ERROR] LogOutputStream:75 - [STDERR_REDIRECT] [Fatal Error] :1:1: Premature end of file.
2026-05-18 21:45:18,886 [ERROR] LogOutputStream:75 - [STDERR_REDIRECT] 
2026-05-18 21:45:19,884 [ERROR] LogOutputStream:75 - [STDERR_REDIRECT] [Fatal Error] :1:1: Premature end of file.
2026-05-18 21:45:19,884 [ERROR] LogOutputStream:75 - [STDERR_REDIRECT] 
2026-05-18 21:45:20,891 [ERROR] LogOutputStream:75 - [STDERR_REDIRECT] [Fatal Error] :1:1: Premature end of file.
2026-05-18 21:45:20,891 [ERROR] LogOutputStream:75 - [STDERR_REDIRECT] 
2026-05-18 21:45:21,898 [ERROR] LogOutputStream:75 - [STDERR_REDIRECT] [Fatal Error] :1:1: Premature end of file.
2026-05-18 21:45:21,898 [ERROR] LogOutputStream:75 - [STDERR_REDIRECT] 
2026-05-18 21:45:22,886 [ERROR] LogOutputStream:75 - [STDERR_REDIRECT] [Fatal Error] :1:1: Premature end of file.
2026-05-18 21:45:22,886 [ERROR] LogOutputStream:75 - [STDERR_REDIRECT] 
2026-05-18 21:45:23,884 [ERROR] LogOutputStream:75 - [STDERR_REDIRECT] [Fatal Error] :1:1: Premature end of file.
2026-05-18 21:45:23,884 [ERROR] LogOutputStream:75 - [STDERR_REDIRECT] 
2026-05-18 21:45:24,882 [ERROR] LogOutputStream:75 - [STDERR_REDIRECT] [Fatal Error] :1:1: Premature end of file.
2026-05-18 21:45:24,882 [ERROR] LogOutputStream:75 - [STDERR_REDIRECT] 
2026-05-18 21:45:25,885 [ERROR] LogOutputStream:75 - [STDERR_REDIRECT] [Fatal Error] :1:1: Premature end of file.
2026-05-18 21:45:25,886 [ERROR] LogOutputStream:75 - [STDERR_REDIRECT] 
2026-05-18 21:45:26,885 [ERROR] LogOutputStream:75 - [STDERR_REDIRECT] [Fatal Error] :1:1: Premature end of file.
2026-05-18 21:45:26,885 [ERROR] LogOutputStream:75 - [STDERR_REDIRECT] 
2026-05-18 21:45:27,895 [ERROR] LogOutputStream:75 - [STDERR_REDIRECT] [Fatal Error] :1:1: Premature end of file.
2026-05-18 21:45:27,896 [ERROR] LogOutputStream:75 - [STDERR_REDIRECT] 
2026-05-18 21:45:28,887 [ERROR] LogOutputStream:75 - [STDERR_REDIRECT] [Fatal Error] :1:1: Premature end of file.
2026-05-18 21:45:28,887 [ERROR] LogOutputStream:75 - [STDERR_REDIRECT] 
2026-05-18 21:45:29,885 [ERROR] LogOutputStream:75 - [STDERR_REDIRECT] [Fatal Error] :1:1: Premature end of file.
2026-05-18 21:45:29,886 [ERROR] LogOutputStream:75 - [STDERR_REDIRECT] 
2026-05-18 21:45:30,885 [ERROR] LogOutputStream:75 - [STDERR_REDIRECT] [Fatal Error] :1:1: Premature end of file.
2026-05-18 21:45:30,885 [ERROR] LogOutputStream:75 - [STDERR_REDIRECT] 
2026-05-18 21:45:31,887 [ERROR] LogOutputStream:75 - [STDERR_REDIRECT] [Fatal Error] :1:1: Premature end of file.
2026-05-18 21:45:31,887 [ERROR] LogOutputStream:75 - [STDERR_REDIRECT] 
2026-05-18 21:45:32,893 [ERROR] LogOutputStream:75 - [STDERR_REDIRECT] [Fatal Error] :1:1: Premature end of file.
2026-05-18 21:45:32,893 [ERROR] LogOutputStream:75 - [STDERR_REDIRECT] 
2026-05-18 21:45:33,889 [ERROR] LogOutputStream:75 - [STDERR_REDIRECT] [Fatal Error] :1:1: Premature end of file.
2026-05-18 21:45:33,889 [ERROR] LogOutputStream:75 - [STDERR_REDIRECT] 
2026-05-18 21:45:34,882 [ERROR] LogOutputStream:75 - [STDERR_REDIRECT] [Fatal Error] :1:1: Premature end of file.
2026-05-18 21:45:34,882 [ERROR] LogOutputStream:75 - [STDERR_REDIRECT] 
2026-05-18 21:45:35,893 [ERROR] LogOutputStream:75 - [STDERR_REDIRECT] [Fatal Error] :1:1: Premature end of file.
2026-05-18 21:45:35,893 [ERROR] LogOutputStream:75 - [STDERR_REDIRECT] 
2026-05-18 21:45:36,883 [ERROR] LogOutputStream:75 - [STDERR_REDIRECT] [Fatal Error] :1:1: Premature end of file.
2026-05-18 21:45:36,883 [ERROR] LogOutputStream:75 - [STDERR_REDIRECT] 
2026-05-18 21:45:37,891 [ERROR] LogOutputStream:75 - [STDERR_REDIRECT] [Fatal Error] :1:1: Premature end of file.
2026-05-18 21:45:37,892 [ERROR] LogOutputStream:75 - [STDERR_REDIRECT] 
2026-05-18 21:45:38,881 [ERROR] LogOutputStream:75 - [STDERR_REDIRECT] [Fatal Error] :1:1: Premature end of file.
2026-05-18 21:45:38,881 [ERROR] LogOutputStream:75 - [STDERR_REDIRECT] 
2026-05-18 21:45:39,885 [ERROR] LogOutputStream:75 - [STDERR_REDIRECT] [Fatal Error] :1:1: Premature end of file.
2026-05-18 21:45:39,885 [ERROR] LogOutputStream:75 - [STDERR_REDIRECT] 
2026-05-18 21:45:40,890 [ERROR] LogOutputStream:75 - [STDERR_REDIRECT] [Fatal Error] :1:1: Premature end of file.
2026-05-18 21:45:40,890 [ERROR] LogOutputStream:75 - [STDERR_REDIRECT] 
2026-05-18 21:45:41,888 [ERROR] LogOutputStream:75 - [STDERR_REDIRECT] [Fatal Error] :1:1: Premature end of file.
2026-05-18 21:45:41,888 [ERROR] LogOutputStream:75 - [STDERR_REDIRECT] 
2026-05-18 21:45:42,889 [ERROR] LogOutputStream:75 - [STDERR_REDIRECT] [Fatal Error] :1:1: Premature end of file.
2026-05-18 21:45:42,889 [ERROR] LogOutputStream:75 - [STDERR_REDIRECT] 
2026-05-18 21:45:43,895 [ERROR] LogOutputStream:75 - [STDERR_REDIRECT] [Fatal Error] :1:1: Premature end of file.
2026-05-18 21:45:43,895 [ERROR] LogOutputStream:75 - [STDERR_REDIRECT] 
2026-05-18 21:45:44,893 [ERROR] LogOutputStream:75 - [STDERR_REDIRECT] [Fatal Error] :1:1: Premature end of file.
2026-05-18 21:45:44,893 [ERROR] LogOutputStream:75 - [STDERR_REDIRECT] 
2026-05-18 21:45:45,889 [ERROR] LogOutputStream:75 - [STDERR_REDIRECT] [Fatal Error] :1:1: Premature end of file.
2026-05-18 21:45:45,889 [ERROR] LogOutputStream:75 - [STDERR_REDIRECT] 
2026-05-18 21:45:46,888 [ERROR] LogOutputStream:75 - [STDERR_REDIRECT] [Fatal Error] :1:1: Premature end of file.
2026-05-18 21:45:46,888 [ERROR] LogOutputStream:75 - [STDERR_REDIRECT] 
2026-05-18 21:45:47,891 [ERROR] LogOutputStream:75 - [STDERR_REDIRECT] [Fatal Error] :1:1: Premature end of file.
2026-05-18 21:45:47,891 [ERROR] LogOutputStream:75 - [STDERR_REDIRECT] 
2026-05-18 21:45:48,889 [ERROR] LogOutputStream:75 - [STDERR_REDIRECT] [Fatal Error] :1:1: Premature end of file.
2026-05-18 21:45:48,890 [ERROR] LogOutputStream:75 - [STDERR_REDIRECT] 
2026-05-18 21:45:49,885 [ERROR] LogOutputStream:75 - [STDERR_REDIRECT] [Fatal Error] :1:1: Premature end of file.
2026-05-18 21:45:49,885 [ERROR] LogOutputStream:75 - [STDERR_REDIRECT] 
2026-05-18 21:45:50,892 [ERROR] LogOutputStream:75 - [STDERR_REDIRECT] [Fatal Error] :1:1: Premature end of file.
2026-05-18 21:45:50,892 [ERROR] LogOutputStream:75 - [STDERR_REDIRECT] 
2026-05-18 21:45:51,886 [ERROR] LogOutputStream:75 - [STDERR_REDIRECT] [Fatal Error] :1:1: Premature end of file.
2026-05-18 21:45:51,886 [ERROR] LogOutputStream:75 - [STDERR_REDIRECT] 
2026-05-18 21:45:52,880 [ERROR] LogOutputStream:75 - [STDERR_REDIRECT] [Fatal Error] :1:1: Premature end of file.
2026-05-18 21:45:52,880 [ERROR] LogOutputStream:75 - [STDERR_REDIRECT] 
2026-05-18 21:45:53,894 [ERROR] LogOutputStream:75 - [STDERR_REDIRECT] [Fatal Error] :1:1: Premature end of file.
2026-05-18 21:45:53,894 [ERROR] LogOutputStream:75 - [STDERR_REDIRECT] 
2026-05-18 21:45:54,881 [ERROR] LogOutputStream:75 - [STDERR_REDIRECT] [Fatal Error] :1:1: Premature end of file.
2026-05-18 21:45:54,881 [ERROR] LogOutputStream:75 - [STDERR_REDIRECT] 
2026-05-18 21:45:55,887 [ERROR] LogOutputStream:75 - [STDERR_REDIRECT] [Fatal Error] :1:1: Premature end of file.
2026-05-18 21:45:55,887 [ERROR] LogOutputStream:75 - [STDERR_REDIRECT] 
2026-05-18 21:45:56,888 [ERROR] LogOutputStream:75 - [STDERR_REDIRECT] [Fatal Error] :1:1: Premature end of file.
2026-05-18 21:45:56,888 [ERROR] LogOutputStream:75 - [STDERR_REDIRECT] 
2026-05-18 21:45:57,891 [ERROR] LogOutputStream:75 - [STDERR_REDIRECT] [Fatal Error] :1:1: Premature end of file.
2026-05-18 21:45:57,891 [ERROR] LogOutputStream:75 - [STDERR_REDIRECT] 
2026-05-18 21:45:58,883 [ERROR] LogOutputStream:75 - [STDERR_REDIRECT] [Fatal Error] :1:1: Premature end of file.
2026-05-18 21:45:58,883 [ERROR] LogOutputStream:75 - [STDERR_REDIRECT] 
2026-05-18 21:45:59,887 [ERROR] LogOutputStream:75 - [STDERR_REDIRECT] [Fatal Error] :1:1: Premature end of file.
2026-05-18 21:45:59,887 [ERROR] LogOutputStream:75 - [STDERR_REDIRECT] 
2026-05-18 21:46:00,888 [ERROR] LogOutputStream:75 - [STDERR_REDIRECT] [Fatal Error] :1:1: Premature end of file.
2026-05-18 21:46:00,888 [ERROR] LogOutputStream:75 - [STDERR_REDIRECT] 
2026-05-18 21:46:01,890 [ERROR] LogOutputStream:75 - [STDERR_REDIRECT] [Fatal Error] :1:1: Premature end of file.
2026-05-18 21:46:01,890 [ERROR] LogOutputStream:75 - [STDERR_REDIRECT] 
2026-05-18 21:46:02,886 [ERROR] LogOutputStream:75 - [STDERR_REDIRECT] [Fatal Error] :1:1: Premature end of file.
2026-05-18 21:46:02,886 [ERROR] LogOutputStream:75 - [STDERR_REDIRECT] 
2026-05-18 21:46:03,889 [ERROR] LogOutputStream:75 - [STDERR_REDIRECT] [Fatal Error] :1:1: Premature end of file.
2026-05-18 21:46:03,889 [ERROR] LogOutputStream:75 - [STDERR_REDIRECT] 
2026-05-18 21:46:04,880 [ERROR] LogOutputStream:75 - [STDERR_REDIRECT] [Fatal Error] :1:1: Premature end of file.
2026-05-18 21:46:04,880 [ERROR] LogOutputStream:75 - [STDERR_REDIRECT] 
2026-05-18 21:46:05,907 [ERROR] LogOutputStream:75 - [STDERR_REDIRECT] [Fatal Error] :1:1: Premature end of file.
2026-05-18 21:46:05,907 [ERROR] LogOutputStream:75 - [STDERR_REDIRECT] 
2026-05-18 21:46:06,884 [ERROR] LogOutputStream:75 - [STDERR_REDIRECT] [Fatal Error] :1:1: Premature end of file.
2026-05-18 21:46:06,884 [ERROR] LogOutputStream:75 - [STDERR_REDIRECT] 
2026-05-18 21:46:07,887 [ERROR] LogOutputStream:75 - [STDERR_REDIRECT] [Fatal Error] :1:1: Premature end of file.
2026-05-18 21:46:07,887 [ERROR] LogOutputStream:75 - [STDERR_REDIRECT] 
2026-05-18 21:46:08,883 [ERROR] LogOutputStream:75 - [STDERR_REDIRECT] [Fatal Error] :1:1: Premature end of file.
2026-05-18 21:46:08,883 [ERROR] LogOutputStream:75 - [STDERR_REDIRECT] 
2026-05-18 21:46:09,885 [ERROR] LogOutputStream:75 - [STDERR_REDIRECT] [Fatal Error] :1:1: Premature end of file.
2026-05-18 21:46:09,885 [ERROR] LogOutputStream:75 - [STDERR_REDIRECT] 
2026-05-18 21:46:10,891 [ERROR] LogOutputStream:75 - [STDERR_REDIRECT] [Fatal Error] :1:1: Premature end of file.
2026-05-18 21:46:10,891 [ERROR] LogOutputStream:75 - [STDERR_REDIRECT] 
2026-05-18 21:46:11,904 [ERROR] LogOutputStream:75 - [STDERR_REDIRECT] [Fatal Error] :1:1: Premature end of file.
2026-05-18 21:46:11,904 [ERROR] LogOutputStream:75 - [STDERR_REDIRECT] 
2026-05-18 21:46:12,882 [ERROR] LogOutputStream:75 - [STDERR_REDIRECT] [Fatal Error] :1:1: Premature end of file.
2026-05-18 21:46:12,882 [ERROR] LogOutputStream:75 - [STDERR_REDIRECT] 
2026-05-18 21:46:13,886 [ERROR] LogOutputStream:75 - [STDERR_REDIRECT] [Fatal Error] :1:1: Premature end of file.
2026-05-18 21:46:13,886 [ERROR] LogOutputStream:75 - [STDERR_REDIRECT] 
2026-05-18 21:46:14,901 [ERROR] LogOutputStream:75 - [STDERR_REDIRECT] [Fatal Error] :1:1: Premature end of file.
2026-05-18 21:46:14,901 [ERROR] LogOutputStream:75 - [STDERR_REDIRECT] 
2026-05-18 21:46:15,882 [ERROR] LogOutputStream:75 - [STDERR_REDIRECT] [Fatal Error] :1:1: Premature end of file.
2026-05-18 21:46:15,882 [ERROR] LogOutputStream:75 - [STDERR_REDIRECT] 
2026-05-18 21:46:16,884 [ERROR] LogOutputStream:75 - [STDERR_REDIRECT] [Fatal Error] :1:1: Premature end of file.
2026-05-18 21:46:16,884 [ERROR] LogOutputStream:75 - [STDERR_REDIRECT] 
2026-05-18 21:46:17,887 [ERROR] LogOutputStream:75 - [STDERR_REDIRECT] [Fatal Error] :1:1: Premature end of file.
2026-05-18 21:46:17,887 [ERROR] LogOutputStream:75 - [STDERR_REDIRECT] 
2026-05-18 21:46:18,880 [ERROR] LogOutputStream:75 - [STDERR_REDIRECT] [Fatal Error] :1:1: Premature end of file.
2026-05-18 21:46:18,880 [ERROR] LogOutputStream:75 - [STDERR_REDIRECT] 
2026-05-18 21:46:19,890 [ERROR] LogOutputStream:75 - [STDERR_REDIRECT] [Fatal Error] :1:1: Premature end of file.
2026-05-18 21:46:19,891 [ERROR] LogOutputStream:75 - [STDERR_REDIRECT] 
2026-05-18 21:46:20,892 [ERROR] LogOutputStream:75 - [STDERR_REDIRECT] [Fatal Error] :1:1: Premature end of file.
2026-05-18 21:46:20,892 [ERROR] LogOutputStream:75 - [STDERR_REDIRECT] 
2026-05-18 21:46:21,885 [ERROR] LogOutputStream:75 - [STDERR_REDIRECT] [Fatal Error] :1:1: Premature end of file.
2026-05-18 21:46:21,885 [ERROR] LogOutputStream:75 - [STDERR_REDIRECT] 
2026-05-18 21:46:22,889 [ERROR] LogOutputStream:75 - [STDERR_REDIRECT] [Fatal Error] :1:1: Premature end of file.
2026-05-18 21:46:22,890 [ERROR] LogOutputStream:75 - [STDERR_REDIRECT] 
2026-05-18 21:46:23,891 [ERROR] LogOutputStream:75 - [STDERR_REDIRECT] [Fatal Error] :1:1: Premature end of file.
2026-05-18 21:46:23,891 [ERROR] LogOutputStream:75 - [STDERR_REDIRECT] 
2026-05-18 21:46:24,892 [ERROR] LogOutputStream:75 - [STDERR_REDIRECT] [Fatal Error] :1:1: Premature end of file.
2026-05-18 21:46:24,892 [ERROR] LogOutputStream:75 - [STDERR_REDIRECT] 
2026-05-18 21:46:25,885 [ERROR] LogOutputStream:75 - [STDERR_REDIRECT] [Fatal Error] :1:1: Premature end of file.
2026-05-18 21:46:25,885 [ERROR] LogOutputStream:75 - [STDERR_REDIRECT] 
2026-05-18 21:46:26,891 [ERROR] LogOutputStream:75 - [STDERR_REDIRECT] [Fatal Error] :1:1: Premature end of file.
2026-05-18 21:46:26,891 [ERROR] LogOutputStream:75 - [STDERR_REDIRECT] 
2026-05-18 21:46:27,884 [ERROR] LogOutputStream:75 - [STDERR_REDIRECT] [Fatal Error] :1:1: Premature end of file.
2026-05-18 21:46:27,884 [ERROR] LogOutputStream:75 - [STDERR_REDIRECT] 
2026-05-18 21:46:28,899 [ERROR] LogOutputStream:75 - [STDERR_REDIRECT] [Fatal Error] :1:1: Premature end of file.
2026-05-18 21:46:28,899 [ERROR] LogOutputStream:75 - [STDERR_REDIRECT] 
2026-05-18 21:46:29,900 [ERROR] LogOutputStream:75 - [STDERR_REDIRECT] [Fatal Error] :1:1: Premature end of file.
2026-05-18 21:46:29,900 [ERROR] LogOutputStream:75 - [STDERR_REDIRECT] 
2026-05-18 21:46:30,892 [ERROR] LogOutputStream:75 - [STDERR_REDIRECT] [Fatal Error] :1:1: Premature end of file.
2026-05-18 21:46:30,892 [ERROR] LogOutputStream:75 - [STDERR_REDIRECT] 
2026-05-18 21:46:31,889 [ERROR] LogOutputStream:75 - [STDERR_REDIRECT] [Fatal Error] :1:1: Premature end of file.
2026-05-18 21:46:31,890 [ERROR] LogOutputStream:75 - [STDERR_REDIRECT] 
2026-05-18 21:46:32,883 [ERROR] LogOutputStream:75 - [STDERR_REDIRECT] [Fatal Error] :1:1: Premature end of file.
2026-05-18 21:46:32,883 [ERROR] LogOutputStream:75 - [STDERR_REDIRECT] 
2026-05-18 21:46:33,891 [ERROR] LogOutputStream:75 - [STDERR_REDIRECT] [Fatal Error] :1:1: Premature end of file.
2026-05-18 21:46:33,891 [ERROR] LogOutputStream:75 - [STDERR_REDIRECT] 
2026-05-18 21:46:34,888 [ERROR] LogOutputStream:75 - [STDERR_REDIRECT] [Fatal Error] :1:1: Premature end of file.
2026-05-18 21:46:34,888 [ERROR] LogOutputStream:75 - [STDERR_REDIRECT] 
2026-05-18 21:46:35,885 [ERROR] LogOutputStream:75 - [STDERR_REDIRECT] [Fatal Error] :1:1: Premature end of file.
2026-05-18 21:46:35,885 [ERROR] LogOutputStream:75 - [STDERR_REDIRECT] 
2026-05-18 21:46:36,880 [ERROR] LogOutputStream:75 - [STDERR_REDIRECT] [Fatal Error] :1:1: Premature end of file.
2026-05-18 21:46:36,880 [ERROR] LogOutputStream:75 - [STDERR_REDIRECT] 
2026-05-18 21:46:37,880 [ERROR] LogOutputStream:75 - [STDERR_REDIRECT] [Fatal Error] :1:1: Premature end of file.
2026-05-18 21:46:37,880 [ERROR] LogOutputStream:75 - [STDERR_REDIRECT] 
2026-05-18 21:46:38,886 [ERROR] LogOutputStream:75 - [STDERR_REDIRECT] [Fatal Error] :1:1: Premature end of file.
2026-05-18 21:46:38,886 [ERROR] LogOutputStream:75 - [STDERR_REDIRECT] 
2026-05-18 21:46:39,883 [ERROR] LogOutputStream:75 - [STDERR_REDIRECT] [Fatal Error] :1:1: Premature end of file.
2026-05-18 21:46:39,884 [ERROR] LogOutputStream:75 - [STDERR_REDIRECT] 
2026-05-18 21:46:40,887 [ERROR] LogOutputStream:75 - [STDERR_REDIRECT] [Fatal Error] :1:1: Premature end of file.
2026-05-18 21:46:40,887 [ERROR] LogOutputStream:75 - [STDERR_REDIRECT] 
2026-05-18 21:46:41,888 [ERROR] LogOutputStream:75 - [STDERR_REDIRECT] [Fatal Error] :1:1: Premature end of file.
2026-05-18 21:46:41,888 [ERROR] LogOutputStream:75 - [STDERR_REDIRECT] 
2026-05-18 21:46:42,883 [ERROR] LogOutputStream:75 - [STDERR_REDIRECT] [Fatal Error] :1:1: Premature end of file.
2026-05-18 21:46:42,883 [ERROR] LogOutputStream:75 - [STDERR_REDIRECT] 
2026-05-18 21:46:43,886 [ERROR] LogOutputStream:75 - [STDERR_REDIRECT] [Fatal Error] :1:1: Premature end of file.
2026-05-18 21:46:43,886 [ERROR] LogOutputStream:75 - [STDERR_REDIRECT] 
2026-05-18 21:46:44,887 [ERROR] LogOutputStream:75 - [STDERR_REDIRECT] [Fatal Error] :1:1: Premature end of file.
2026-05-18 21:46:44,887 [ERROR] LogOutputStream:75 - [STDERR_REDIRECT] 
2026-05-18 21:46:45,885 [ERROR] LogOutputStream:75 - [STDERR_REDIRECT] [Fatal Error] :1:1: Premature end of file.
2026-05-18 21:46:45,886 [ERROR] LogOutputStream:75 - [STDERR_REDIRECT] 
2026-05-18 21:46:46,885 [ERROR] LogOutputStream:75 - [STDERR_REDIRECT] [Fatal Error] :1:1: Premature end of file.
2026-05-18 21:46:46,886 [ERROR] LogOutputStream:75 - [STDERR_REDIRECT] 
2026-05-18 21:46:47,894 [ERROR] LogOutputStream:75 - [STDERR_REDIRECT] [Fatal Error] :1:1: Premature end of file.
2026-05-18 21:46:47,894 [ERROR] LogOutputStream:75 - [STDERR_REDIRECT] 
2026-05-18 21:46:48,888 [ERROR] LogOutputStream:75 - [STDERR_REDIRECT] [Fatal Error] :1:1: Premature end of file.
2026-05-18 21:46:48,888 [ERROR] LogOutputStream:75 - [STDERR_REDIRECT] 
2026-05-18 21:46:49,884 [ERROR] LogOutputStream:75 - [STDERR_REDIRECT] [Fatal Error] :1:1: Premature end of file.
2026-05-18 21:46:49,884 [ERROR] LogOutputStream:75 - [STDERR_REDIRECT] 
2026-05-18 21:46:50,883 [ERROR] LogOutputStream:75 - [STDERR_REDIRECT] [Fatal Error] :1:1: Premature end of file.
2026-05-18 21:46:50,883 [ERROR] LogOutputStream:75 - [STDERR_REDIRECT] 
2026-05-18 21:46:51,889 [ERROR] LogOutputStream:75 - [STDERR_REDIRECT] [Fatal Error] :1:1: Premature end of file.
2026-05-18 21:46:51,889 [ERROR] LogOutputStream:75 - [STDERR_REDIRECT] 
2026-05-18 21:46:52,888 [ERROR] LogOutputStream:75 - [STDERR_REDIRECT] [Fatal Error] :1:1: Premature end of file.
2026-05-18 21:46:52,888 [ERROR] LogOutputStream:75 - [STDERR_REDIRECT] 
2026-05-18 21:46:53,885 [ERROR] LogOutputStream:75 - [STDERR_REDIRECT] [Fatal Error] :1:1: Premature end of file.
2026-05-18 21:46:53,885 [ERROR] LogOutputStream:75 - [STDERR_REDIRECT] 
2026-05-18 21:46:54,882 [ERROR] LogOutputStream:75 - [STDERR_REDIRECT] [Fatal Error] :1:1: Premature end of file.
2026-05-18 21:46:54,882 [ERROR] LogOutputStream:75 - [STDERR_REDIRECT] 
2026-05-18 21:46:55,884 [ERROR] LogOutputStream:75 - [STDERR_REDIRECT] [Fatal Error] :1:1: Premature end of file.
2026-05-18 21:46:55,884 [ERROR] LogOutputStream:75 - [STDERR_REDIRECT] 
2026-05-18 21:46:56,889 [ERROR] LogOutputStream:75 - [STDERR_REDIRECT] [Fatal Error] :1:1: Premature end of file.
2026-05-18 21:46:56,889 [ERROR] LogOutputStream:75 - [STDERR_REDIRECT] 
2026-05-18 21:46:57,881 [ERROR] LogOutputStream:75 - [STDERR_REDIRECT] [Fatal Error] :1:1: Premature end of file.
2026-05-18 21:46:57,881 [ERROR] LogOutputStream:75 - [STDERR_REDIRECT] 
2026-05-18 21:46:58,887 [ERROR] LogOutputStream:75 - [STDERR_REDIRECT] [Fatal Error] :1:1: Premature end of file.
2026-05-18 21:46:58,887 [ERROR] LogOutputStream:75 - [STDERR_REDIRECT] 
2026-05-18 21:46:59,897 [ERROR] LogOutputStream:75 - [STDERR_REDIRECT] [Fatal Error] :1:1: Premature end of file.
2026-05-18 21:46:59,897 [ERROR] LogOutputStream:75 - [STDERR_REDIRECT] 
2026-05-18 21:47:00,890 [ERROR] LogOutputStream:75 - [STDERR_REDIRECT] [Fatal Error] :1:1: Premature end of file.
2026-05-18 21:47:00,890 [ERROR] LogOutputStream:75 - [STDERR_REDIRECT] 
2026-05-18 21:47:01,901 [ERROR] LogOutputStream:75 - [STDERR_REDIRECT] [Fatal Error] :1:1: Premature end of file.
2026-05-18 21:47:01,901 [ERROR] LogOutputStream:75 - [STDERR_REDIRECT] 
2026-05-18 21:47:02,885 [ERROR] LogOutputStream:75 - [STDERR_REDIRECT] [Fatal Error] :1:1: Premature end of file.
2026-05-18 21:47:02,885 [ERROR] LogOutputStream:75 - [STDERR_REDIRECT] 
2026-05-18 21:47:03,880 [ERROR] LogOutputStream:75 - [STDERR_REDIRECT] [Fatal Error] :1:1: Premature end of file.
2026-05-18 21:47:03,880 [ERROR] LogOutputStream:75 - [STDERR_REDIRECT] 
2026-05-18 21:47:04,885 [ERROR] LogOutputStream:75 - [STDERR_REDIRECT] [Fatal Error] :1:1: Premature end of file.
2026-05-18 21:47:04,885 [ERROR] LogOutputStream:75 - [STDERR_REDIRECT] 
2026-05-18 21:47:05,883 [ERROR] LogOutputStream:75 - [STDERR_REDIRECT] [Fatal Error] :1:1: Premature end of file.
2026-05-18 21:47:05,884 [ERROR] LogOutputStream:75 - [STDERR_REDIRECT] 
2026-05-18 21:47:06,880 [ERROR] LogOutputStream:75 - [STDERR_REDIRECT] [Fatal Error] :1:1: Premature end of file.
2026-05-18 21:47:06,881 [ERROR] LogOutputStream:75 - [STDERR_REDIRECT] 
2026-05-18 21:47:07,886 [ERROR] LogOutputStream:75 - [STDERR_REDIRECT] [Fatal Error] :1:1: Premature end of file.
2026-05-18 21:47:07,886 [ERROR] LogOutputStream:75 - [STDERR_REDIRECT] 
2026-05-18 21:47:08,885 [ERROR] LogOutputStream:75 - [STDERR_REDIRECT] [Fatal Error] :1:1: Premature end of file.
2026-05-18 21:47:08,885 [ERROR] LogOutputStream:75 - [STDERR_REDIRECT] 
2026-05-18 21:47:09,881 [ERROR] LogOutputStream:75 - [STDERR_REDIRECT] [Fatal Error] :1:1: Premature end of file.
2026-05-18 21:47:09,881 [ERROR] LogOutputStream:75 - [STDERR_REDIRECT] 
2026-05-18 21:47:10,883 [ERROR] LogOutputStream:75 - [STDERR_REDIRECT] [Fatal Error] :1:1: Premature end of file.
2026-05-18 21:47:10,883 [ERROR] LogOutputStream:75 - [STDERR_REDIRECT] 
2026-05-18 21:47:11,886 [ERROR] LogOutputStream:75 - [STDERR_REDIRECT] [Fatal Error] :1:1: Premature end of file.
2026-05-18 21:47:11,886 [ERROR] LogOutputStream:75 - [STDERR_REDIRECT] 
2026-05-18 21:47:12,879 [ERROR] LogOutputStream:75 - [STDERR_REDIRECT] [Fatal Error] :1:1: Premature end of file.
2026-05-18 21:47:12,879 [ERROR] LogOutputStream:75 - [STDERR_REDIRECT] 
2026-05-18 21:47:13,891 [ERROR] LogOutputStream:75 - [STDERR_REDIRECT] [Fatal Error] :1:1: Premature end of file.
2026-05-18 21:47:13,891 [ERROR] LogOutputStream:75 - [STDERR_REDIRECT] 
2026-05-18 21:47:14,887 [ERROR] LogOutputStream:75 - [STDERR_REDIRECT] [Fatal Error] :1:1: Premature end of file.
2026-05-18 21:47:14,887 [ERROR] LogOutputStream:75 - [STDERR_REDIRECT] 
2026-05-18 21:47:15,881 [ERROR] LogOutputStream:75 - [STDERR_REDIRECT] [Fatal Error] :1:1: Premature end of file.
2026-05-18 21:47:15,881 [ERROR] LogOutputStream:75 - [STDERR_REDIRECT] 
2026-05-18 21:47:16,881 [ERROR] LogOutputStream:75 - [STDERR_REDIRECT] [Fatal Error] :1:1: Premature end of file.
2026-05-18 21:47:16,881 [ERROR] LogOutputStream:75 - [STDERR_REDIRECT] 
2026-05-18 21:47:17,889 [ERROR] LogOutputStream:75 - [STDERR_REDIRECT] [Fatal Error] :1:1: Premature end of file.
2026-05-18 21:47:17,889 [ERROR] LogOutputStream:75 - [STDERR_REDIRECT] 
2026-05-18 21:47:18,886 [ERROR] LogOutputStream:75 - [STDERR_REDIRECT] [Fatal Error] :1:1: Premature end of file.
2026-05-18 21:47:18,886 [ERROR] LogOutputStream:75 - [STDERR_REDIRECT] 
2026-05-18 21:47:19,887 [ERROR] LogOutputStream:75 - [STDERR_REDIRECT] [Fatal Error] :1:1: Premature end of file.
2026-05-18 21:47:19,889 [ERROR] LogOutputStream:75 - [STDERR_REDIRECT] 
2026-05-18 21:47:20,892 [ERROR] LogOutputStream:75 - [STDERR_REDIRECT] [Fatal Error] :1:1: Premature end of file.
2026-05-18 21:47:20,892 [ERROR] LogOutputStream:75 - [STDERR_REDIRECT] 
2026-05-18 21:47:21,887 [ERROR] LogOutputStream:75 - [STDERR_REDIRECT] [Fatal Error] :1:1: Premature end of file.
2026-05-18 21:47:21,887 [ERROR] LogOutputStream:75 - [STDERR_REDIRECT] 
2026-05-18 21:47:22,885 [ERROR] LogOutputStream:75 - [STDERR_REDIRECT] [Fatal Error] :1:1: Premature end of file.
2026-05-18 21:47:22,885 [ERROR] LogOutputStream:75 - [STDERR_REDIRECT] 
2026-05-18 21:47:23,890 [ERROR] LogOutputStream:75 - [STDERR_REDIRECT] [Fatal Error] :1:1: Premature end of file.
2026-05-18 21:47:23,890 [ERROR] LogOutputStream:75 - [STDERR_REDIRECT] 
2026-05-18 21:47:24,889 [ERROR] LogOutputStream:75 - [STDERR_REDIRECT] [Fatal Error] :1:1: Premature end of file.
2026-05-18 21:47:24,889 [ERROR] LogOutputStream:75 - [STDERR_REDIRECT] 
2026-05-18 21:47:25,883 [ERROR] LogOutputStream:75 - [STDERR_REDIRECT] [Fatal Error] :1:1: Premature end of file.
2026-05-18 21:47:25,883 [ERROR] LogOutputStream:75 - [STDERR_REDIRECT] 
2026-05-18 21:47:26,903 [ERROR] LogOutputStream:75 - [STDERR_REDIRECT] [Fatal Error] :1:1: Premature end of file.
2026-05-18 21:47:26,903 [ERROR] LogOutputStream:75 - [STDERR_REDIRECT] 
2026-05-18 21:47:27,893 [ERROR] LogOutputStream:75 - [STDERR_REDIRECT] [Fatal Error] :1:1: Premature end of file.
2026-05-18 21:47:27,894 [ERROR] LogOutputStream:75 - [STDERR_REDIRECT] 
2026-05-18 21:47:28,889 [ERROR] LogOutputStream:75 - [STDERR_REDIRECT] [Fatal Error] :1:1: Premature end of file.
2026-05-18 21:47:28,889 [ERROR] LogOutputStream:75 - [STDERR_REDIRECT] 
2026-05-18 21:47:29,891 [ERROR] LogOutputStream:75 - [STDERR_REDIRECT] [Fatal Error] :1:1: Premature end of file.
2026-05-18 21:47:29,891 [ERROR] LogOutputStream:75 - [STDERR_REDIRECT] 
2026-05-18 21:47:30,883 [ERROR] LogOutputStream:75 - [STDERR_REDIRECT] [Fatal Error] :1:1: Premature end of file.
2026-05-18 21:47:30,883 [ERROR] LogOutputStream:75 - [STDERR_REDIRECT] 
2026-05-18 21:47:31,896 [ERROR] LogOutputStream:75 - [STDERR_REDIRECT] [Fatal Error] :1:1: Premature end of file.
2026-05-18 21:47:31,896 [ERROR] LogOutputStream:75 - [STDERR_REDIRECT] 
2026-05-18 21:47:32,886 [ERROR] LogOutputStream:75 - [STDERR_REDIRECT] [Fatal Error] :1:1: Premature end of file.
2026-05-18 21:47:32,886 [ERROR] LogOutputStream:75 - [STDERR_REDIRECT] 
2026-05-18 21:47:33,887 [ERROR] LogOutputStream:75 - [STDERR_REDIRECT] [Fatal Error] :1:1: Premature end of file.
2026-05-18 21:47:33,887 [ERROR] LogOutputStream:75 - [STDERR_REDIRECT] 
2026-05-18 21:47:34,881 [ERROR] LogOutputStream:75 - [STDERR_REDIRECT] [Fatal Error] :1:1: Premature end of file.
2026-05-18 21:47:34,881 [ERROR] LogOutputStream:75 - [STDERR_REDIRECT] 
2026-05-18 21:47:35,887 [ERROR] LogOutputStream:75 - [STDERR_REDIRECT] [Fatal Error] :1:1: Premature end of file.
2026-05-18 21:47:35,887 [ERROR] LogOutputStream:75 - [STDERR_REDIRECT] 
2026-05-18 21:47:36,881 [ERROR] LogOutputStream:75 - [STDERR_REDIRECT] [Fatal Error] :1:1: Premature end of file.
2026-05-18 21:47:36,881 [ERROR] LogOutputStream:75 - [STDERR_REDIRECT] 
2026-05-18 21:47:37,883 [ERROR] LogOutputStream:75 - [STDERR_REDIRECT] [Fatal Error] :1:1: Premature end of file.
2026-05-18 21:47:37,883 [ERROR] LogOutputStream:75 - [STDERR_REDIRECT] 
2026-05-18 21:47:38,891 [ERROR] LogOutputStream:75 - [STDERR_REDIRECT] [Fatal Error] :1:1: Premature end of file.
2026-05-18 21:47:38,893 [ERROR] LogOutputStream:75 - [STDERR_REDIRECT] 
2026-05-18 21:47:39,886 [ERROR] LogOutputStream:75 - [STDERR_REDIRECT] [Fatal Error] :1:1: Premature end of file.
2026-05-18 21:47:39,886 [ERROR] LogOutputStream:75 - [STDERR_REDIRECT] 
2026-05-18 21:47:40,882 [ERROR] LogOutputStream:75 - [STDERR_REDIRECT] [Fatal Error] :1:1: Premature end of file.
2026-05-18 21:47:40,882 [ERROR] LogOutputStream:75 - [STDERR_REDIRECT] 
2026-05-18 21:47:41,892 [ERROR] LogOutputStream:75 - [STDERR_REDIRECT] [Fatal Error] :1:1: Premature end of file.
2026-05-18 21:47:41,894 [ERROR] LogOutputStream:75 - [STDERR_REDIRECT] 
2026-05-18 21:47:42,880 [ERROR] LogOutputStream:75 - [STDERR_REDIRECT] [Fatal Error] :1:1: Premature end of file.
2026-05-18 21:47:42,880 [ERROR] LogOutputStream:75 - [STDERR_REDIRECT] 
2026-05-18 21:47:43,891 [ERROR] LogOutputStream:75 - [STDERR_REDIRECT] [Fatal Error] :1:1: Premature end of file.
2026-05-18 21:47:43,891 [ERROR] LogOutputStream:75 - [STDERR_REDIRECT] 
2026-05-18 21:47:44,888 [ERROR] LogOutputStream:75 - [STDERR_REDIRECT] [Fatal Error] :1:1: Premature end of file.
2026-05-18 21:47:44,888 [ERROR] LogOutputStream:75 - [STDERR_REDIRECT] 
2026-05-18 21:47:45,881 [ERROR] LogOutputStream:75 - [STDERR_REDIRECT] [Fatal Error] :1:1: Premature end of file.
2026-05-18 21:47:45,881 [ERROR] LogOutputStream:75 - [STDERR_REDIRECT] 
2026-05-18 21:47:46,882 [ERROR] LogOutputStream:75 - [STDERR_REDIRECT] [Fatal Error] :1:1: Premature end of file.
2026-05-18 21:47:46,882 [ERROR] LogOutputStream:75 - [STDERR_REDIRECT] 
2026-05-18 21:47:47,881 [ERROR] LogOutputStream:75 - [STDERR_REDIRECT] [Fatal Error] :1:1: Premature end of file.
2026-05-18 21:47:47,881 [ERROR] LogOutputStream:75 - [STDERR_REDIRECT] 
2026-05-18 21:47:48,883 [ERROR] LogOutputStream:75 - [STDERR_REDIRECT] [Fatal Error] :1:1: Premature end of file.
2026-05-18 21:47:48,883 [ERROR] LogOutputStream:75 - [STDERR_REDIRECT] 
2026-05-18 21:47:49,901 [ERROR] LogOutputStream:75 - [STDERR_REDIRECT] [Fatal Error] :1:1: Premature end of file.
2026-05-18 21:47:49,901 [ERROR] LogOutputStream:75 - [STDERR_REDIRECT] 
2026-05-18 21:47:50,880 [ERROR] LogOutputStream:75 - [STDERR_REDIRECT] [Fatal Error] :1:1: Premature end of file.
2026-05-18 21:47:50,880 [ERROR] LogOutputStream:75 - [STDERR_REDIRECT] 
2026-05-18 21:47:51,888 [ERROR] LogOutputStream:75 - [STDERR_REDIRECT] [Fatal Error] :1:1: Premature end of file.
2026-05-18 21:47:51,888 [ERROR] LogOutputStream:75 - [STDERR_REDIRECT] 
2026-05-18 21:47:52,896 [ERROR] LogOutputStream:75 - [STDERR_REDIRECT] [Fatal Error] :1:1: Premature end of file.
2026-05-18 21:47:52,896 [ERROR] LogOutputStream:75 - [STDERR_REDIRECT] 
2026-05-18 21:47:53,892 [ERROR] LogOutputStream:75 - [STDERR_REDIRECT] [Fatal Error] :1:1: Premature end of file.
2026-05-18 21:47:53,893 [ERROR] LogOutputStream:75 - [STDERR_REDIRECT] 
2026-05-18 21:47:54,887 [ERROR] LogOutputStream:75 - [STDERR_REDIRECT] [Fatal Error] :1:1: Premature end of file.
2026-05-18 21:47:54,888 [ERROR] LogOutputStream:75 - [STDERR_REDIRECT] 
2026-05-18 21:47:55,882 [ERROR] LogOutputStream:75 - [STDERR_REDIRECT] [Fatal Error] :1:1: Premature end of file.
2026-05-18 21:47:55,882 [ERROR] LogOutputStream:75 - [STDERR_REDIRECT] 
2026-05-18 21:47:56,896 [ERROR] LogOutputStream:75 - [STDERR_REDIRECT] [Fatal Error] :1:1: Premature end of file.
2026-05-18 21:47:56,896 [ERROR] LogOutputStream:75 - [STDERR_REDIRECT] 
2026-05-18 21:47:57,888 [ERROR] LogOutputStream:75 - [STDERR_REDIRECT] [Fatal Error] :1:1: Premature end of file.
2026-05-18 21:47:57,888 [ERROR] LogOutputStream:75 - [STDERR_REDIRECT] 
2026-05-18 21:47:58,898 [ERROR] LogOutputStream:75 - [STDERR_REDIRECT] [Fatal Error] :1:1: Premature end of file.
2026-05-18 21:47:58,898 [ERROR] LogOutputStream:75 - [STDERR_REDIRECT] 
2026-05-18 21:47:59,892 [ERROR] LogOutputStream:75 - [STDERR_REDIRECT] [Fatal Error] :1:1: Premature end of file.
2026-05-18 21:47:59,892 [ERROR] LogOutputStream:75 - [STDERR_REDIRECT] 
2026-05-18 21:48:00,884 [ERROR] LogOutputStream:75 - [STDERR_REDIRECT] [Fatal Error] :1:1: Premature end of file.
2026-05-18 21:48:00,884 [ERROR] LogOutputStream:75 - [STDERR_REDIRECT] 
2026-05-18 21:48:01,886 [ERROR] LogOutputStream:75 - [STDERR_REDIRECT] [Fatal Error] :1:1: Premature end of file.
2026-05-18 21:48:01,886 [ERROR] LogOutputStream:75 - [STDERR_REDIRECT] 
2026-05-18 21:48:02,888 [ERROR] LogOutputStream:75 - [STDERR_REDIRECT] [Fatal Error] :1:1: Premature end of file.
2026-05-18 21:48:02,888 [ERROR] LogOutputStream:75 - [STDERR_REDIRECT] 
2026-05-18 21:48:03,884 [ERROR] LogOutputStream:75 - [STDERR_REDIRECT] [Fatal Error] :1:1: Premature end of file.
2026-05-18 21:48:03,884 [ERROR] LogOutputStream:75 - [STDERR_REDIRECT] 
2026-05-18 21:48:04,881 [ERROR] LogOutputStream:75 - [STDERR_REDIRECT] [Fatal Error] :1:1: Premature end of file.
2026-05-18 21:48:04,881 [ERROR] LogOutputStream:75 - [STDERR_REDIRECT] 
2026-05-18 21:48:05,893 [ERROR] LogOutputStream:75 - [STDERR_REDIRECT] [Fatal Error] :1:1: Premature end of file.
2026-05-18 21:48:05,893 [ERROR] LogOutputStream:75 - [STDERR_REDIRECT] 
2026-05-18 21:48:06,890 [ERROR] LogOutputStream:75 - [STDERR_REDIRECT] [Fatal Error] :1:1: Premature end of file.
2026-05-18 21:48:06,890 [ERROR] LogOutputStream:75 - [STDERR_REDIRECT] 
2026-05-18 21:48:07,885 [ERROR] LogOutputStream:75 - [STDERR_REDIRECT] [Fatal Error] :1:1: Premature end of file.
2026-05-18 21:48:07,885 [ERROR] LogOutputStream:75 - [STDERR_REDIRECT] 
2026-05-18 21:48:08,891 [ERROR] LogOutputStream:75 - [STDERR_REDIRECT] [Fatal Error] :1:1: Premature end of file.
2026-05-18 21:48:08,891 [ERROR] LogOutputStream:75 - [STDERR_REDIRECT] 
2026-05-18 21:48:09,883 [ERROR] LogOutputStream:75 - [STDERR_REDIRECT] [Fatal Error] :1:1: Premature end of file.
2026-05-18 21:48:09,883 [ERROR] LogOutputStream:75 - [STDERR_REDIRECT] 
2026-05-18 21:48:10,883 [ERROR] LogOutputStream:75 - [STDERR_REDIRECT] [Fatal Error] :1:1: Premature end of file.
2026-05-18 21:48:10,883 [ERROR] LogOutputStream:75 - [STDERR_REDIRECT] 
2026-05-18 21:48:11,891 [ERROR] LogOutputStream:75 - [STDERR_REDIRECT] [Fatal Error] :1:1: Premature end of file.
2026-05-18 21:48:11,891 [ERROR] LogOutputStream:75 - [STDERR_REDIRECT] 
2026-05-18 21:48:12,889 [ERROR] LogOutputStream:75 - [STDERR_REDIRECT] [Fatal Error] :1:1: Premature end of file.
2026-05-18 21:48:12,889 [ERROR] LogOutputStream:75 - [STDERR_REDIRECT] 
2026-05-18 21:48:13,883 [ERROR] LogOutputStream:75 - [STDERR_REDIRECT] [Fatal Error] :1:1: Premature end of file.
2026-05-18 21:48:13,883 [ERROR] LogOutputStream:75 - [STDERR_REDIRECT] 
2026-05-18 21:48:14,883 [ERROR] LogOutputStream:75 - [STDERR_REDIRECT] [Fatal Error] :1:1: Premature end of file.
2026-05-18 21:48:14,883 [ERROR] LogOutputStream:75 - [STDERR_REDIRECT] 
2026-05-18 21:48:15,889 [ERROR] LogOutputStream:75 - [STDERR_REDIRECT] [Fatal Error] :1:1: Premature end of file.
2026-05-18 21:48:15,889 [ERROR] LogOutputStream:75 - [STDERR_REDIRECT] 
2026-05-18 21:48:16,887 [ERROR] LogOutputStream:75 - [STDERR_REDIRECT] [Fatal Error] :1:1: Premature end of file.
2026-05-18 21:48:16,887 [ERROR] LogOutputStream:75 - [STDERR_REDIRECT] 
2026-05-18 21:48:17,883 [ERROR] LogOutputStream:75 - [STDERR_REDIRECT] [Fatal Error] :1:1: Premature end of file.
2026-05-18 21:48:17,883 [ERROR] LogOutputStream:75 - [STDERR_REDIRECT] 
2026-05-18 21:48:18,885 [ERROR] LogOutputStream:75 - [STDERR_REDIRECT] [Fatal Error] :1:1: Premature end of file.
2026-05-18 21:48:18,885 [ERROR] LogOutputStream:75 - [STDERR_REDIRECT] 
2026-05-18 21:48:19,901 [ERROR] LogOutputStream:75 - [STDERR_REDIRECT] [Fatal Error] :1:1: Premature end of file.
2026-05-18 21:48:19,901 [ERROR] LogOutputStream:75 - [STDERR_REDIRECT] 
2026-05-18 21:48:20,891 [ERROR] LogOutputStream:75 - [STDERR_REDIRECT] [Fatal Error] :1:1: Premature end of file.
2026-05-18 21:48:20,891 [ERROR] LogOutputStream:75 - [STDERR_REDIRECT] 
2026-05-18 21:48:21,889 [ERROR] LogOutputStream:75 - [STDERR_REDIRECT] [Fatal Error] :1:1: Premature end of file.
2026-05-18 21:48:21,889 [ERROR] LogOutputStream:75 - [STDERR_REDIRECT] 
2026-05-18 21:48:22,888 [ERROR] LogOutputStream:75 - [STDERR_REDIRECT] [Fatal Error] :1:1: Premature end of file.
2026-05-18 21:48:22,889 [ERROR] LogOutputStream:75 - [STDERR_REDIRECT] 
2026-05-18 21:48:23,889 [ERROR] LogOutputStream:75 - [STDERR_REDIRECT] [Fatal Error] :1:1: Premature end of file.
2026-05-18 21:48:23,889 [ERROR] LogOutputStream:75 - [STDERR_REDIRECT] 
2026-05-18 21:48:24,888 [ERROR] LogOutputStream:75 - [STDERR_REDIRECT] [Fatal Error] :1:1: Premature end of file.
2026-05-18 21:48:24,888 [ERROR] LogOutputStream:75 - [STDERR_REDIRECT] 
2026-05-18 21:48:25,883 [ERROR] LogOutputStream:75 - [STDERR_REDIRECT] [Fatal Error] :1:1: Premature end of file.
2026-05-18 21:48:25,883 [ERROR] LogOutputStream:75 - [STDERR_REDIRECT] 
2026-05-18 21:48:26,892 [ERROR] LogOutputStream:75 - [STDERR_REDIRECT] [Fatal Error] :1:1: Premature end of file.
2026-05-18 21:48:26,892 [ERROR] LogOutputStream:75 - [STDERR_REDIRECT] 
2026-05-18 21:48:27,892 [ERROR] LogOutputStream:75 - [STDERR_REDIRECT] [Fatal Error] :1:1: Premature end of file.
2026-05-18 21:48:27,893 [ERROR] LogOutputStream:75 - [STDERR_REDIRECT] 
2026-05-18 21:48:28,885 [ERROR] LogOutputStream:75 - [STDERR_REDIRECT] [Fatal Error] :1:1: Premature end of file.
2026-05-18 21:48:28,885 [ERROR] LogOutputStream:75 - [STDERR_REDIRECT] 
2026-05-18 21:48:29,888 [ERROR] LogOutputStream:75 - [STDERR_REDIRECT] [Fatal Error] :1:1: Premature end of file.
2026-05-18 21:48:29,888 [ERROR] LogOutputStream:75 - [STDERR_REDIRECT] 
2026-05-18 21:48:30,890 [ERROR] LogOutputStream:75 - [STDERR_REDIRECT] [Fatal Error] :1:1: Premature end of file.
2026-05-18 21:48:30,890 [ERROR] LogOutputStream:75 - [STDERR_REDIRECT] 
2026-05-18 21:48:31,887 [ERROR] LogOutputStream:75 - [STDERR_REDIRECT] [Fatal Error] :1:1: Premature end of file.
2026-05-18 21:48:31,888 [ERROR] LogOutputStream:75 - [STDERR_REDIRECT] 
2026-05-18 21:48:32,890 [ERROR] LogOutputStream:75 - [STDERR_REDIRECT] [Fatal Error] :1:1: Premature end of file.
2026-05-18 21:48:32,891 [ERROR] LogOutputStream:75 - [STDERR_REDIRECT] 
2026-05-18 21:48:33,899 [ERROR] LogOutputStream:75 - [STDERR_REDIRECT] [Fatal Error] :1:1: Premature end of file.
2026-05-18 21:48:33,899 [ERROR] LogOutputStream:75 - [STDERR_REDIRECT] 
2026-05-18 21:48:34,893 [ERROR] LogOutputStream:75 - [STDERR_REDIRECT] [Fatal Error] :1:1: Premature end of file.
2026-05-18 21:48:34,893 [ERROR] LogOutputStream:75 - [STDERR_REDIRECT] 
2026-05-18 21:48:35,882 [ERROR] LogOutputStream:75 - [STDERR_REDIRECT] [Fatal Error] :1:1: Premature end of file.
2026-05-18 21:48:35,882 [ERROR] LogOutputStream:75 - [STDERR_REDIRECT] 
2026-05-18 21:48:36,887 [ERROR] LogOutputStream:75 - [STDERR_REDIRECT] [Fatal Error] :1:1: Premature end of file.
2026-05-18 21:48:36,887 [ERROR] LogOutputStream:75 - [STDERR_REDIRECT] 
2026-05-18 21:48:37,891 [ERROR] LogOutputStream:75 - [STDERR_REDIRECT] [Fatal Error] :1:1: Premature end of file.
2026-05-18 21:48:37,892 [ERROR] LogOutputStream:75 - [STDERR_REDIRECT] 
2026-05-18 21:48:38,897 [ERROR] LogOutputStream:75 - [STDERR_REDIRECT] [Fatal Error] :1:1: Premature end of file.
2026-05-18 21:48:38,897 [ERROR] LogOutputStream:75 - [STDERR_REDIRECT] 
2026-05-18 21:48:39,891 [ERROR] LogOutputStream:75 - [STDERR_REDIRECT] [Fatal Error] :1:1: Premature end of file.
2026-05-18 21:48:39,891 [ERROR] LogOutputStream:75 - [STDERR_REDIRECT] 
2026-05-18 21:48:40,886 [ERROR] LogOutputStream:75 - [STDERR_REDIRECT] [Fatal Error] :1:1: Premature end of file.
2026-05-18 21:48:40,886 [ERROR] LogOutputStream:75 - [STDERR_REDIRECT] 
2026-05-18 21:48:41,888 [ERROR] LogOutputStream:75 - [STDERR_REDIRECT] [Fatal Error] :1:1: Premature end of file.
2026-05-18 21:48:41,888 [ERROR] LogOutputStream:75 - [STDERR_REDIRECT] 
2026-05-18 21:48:42,891 [ERROR] LogOutputStream:75 - [STDERR_REDIRECT] [Fatal Error] :1:1: Premature end of file.
2026-05-18 21:48:42,891 [ERROR] LogOutputStream:75 - [STDERR_REDIRECT] 
2026-05-18 21:48:43,880 [ERROR] LogOutputStream:75 - [STDERR_REDIRECT] [Fatal Error] :1:1: Premature end of file.
2026-05-18 21:48:43,880 [ERROR] LogOutputStream:75 - [STDERR_REDIRECT] 
2026-05-18 21:48:44,882 [ERROR] LogOutputStream:75 - [STDERR_REDIRECT] [Fatal Error] :1:1: Premature end of file.
2026-05-18 21:48:44,882 [ERROR] LogOutputStream:75 - [STDERR_REDIRECT] 
2026-05-18 21:48:45,887 [ERROR] LogOutputStream:75 - [STDERR_REDIRECT] [Fatal Error] :1:1: Premature end of file.
2026-05-18 21:48:45,887 [ERROR] LogOutputStream:75 - [STDERR_REDIRECT] 
2026-05-18 21:48:46,890 [ERROR] LogOutputStream:75 - [STDERR_REDIRECT] [Fatal Error] :1:1: Premature end of file.
2026-05-18 21:48:46,890 [ERROR] LogOutputStream:75 - [STDERR_REDIRECT] 
2026-05-18 21:48:47,888 [ERROR] LogOutputStream:75 - [STDERR_REDIRECT] [Fatal Error] :1:1: Premature end of file.
2026-05-18 21:48:47,889 [ERROR] LogOutputStream:75 - [STDERR_REDIRECT] 
2026-05-18 21:48:48,886 [ERROR] LogOutputStream:75 - [STDERR_REDIRECT] [Fatal Error] :1:1: Premature end of file.
2026-05-18 21:48:48,886 [ERROR] LogOutputStream:75 - [STDERR_REDIRECT] 
2026-05-18 21:48:49,891 [ERROR] LogOutputStream:75 - [STDERR_REDIRECT] [Fatal Error] :1:1: Premature end of file.
2026-05-18 21:48:49,891 [ERROR] LogOutputStream:75 - [STDERR_REDIRECT] 
2026-05-18 21:48:50,882 [ERROR] LogOutputStream:75 - [STDERR_REDIRECT] [Fatal Error] :1:1: Premature end of file.
2026-05-18 21:48:50,882 [ERROR] LogOutputStream:75 - [STDERR_REDIRECT] 
2026-05-18 21:48:51,881 [ERROR] LogOutputStream:75 - [STDERR_REDIRECT] [Fatal Error] :1:1: Premature end of file.
2026-05-18 21:48:51,881 [ERROR] LogOutputStream:75 - [STDERR_REDIRECT] 
2026-05-18 21:48:52,889 [ERROR] LogOutputStream:75 - [STDERR_REDIRECT] [Fatal Error] :1:1: Premature end of file.
2026-05-18 21:48:52,889 [ERROR] LogOutputStream:75 - [STDERR_REDIRECT] 
2026-05-18 21:48:53,881 [ERROR] LogOutputStream:75 - [STDERR_REDIRECT] [Fatal Error] :1:1: Premature end of file.
2026-05-18 21:48:53,881 [ERROR] LogOutputStream:75 - [STDERR_REDIRECT] 
2026-05-18 21:48:54,890 [ERROR] LogOutputStream:75 - [STDERR_REDIRECT] [Fatal Error] :1:1: Premature end of file.
2026-05-18 21:48:54,890 [ERROR] LogOutputStream:75 - [STDERR_REDIRECT] 
2026-05-18 21:48:55,885 [ERROR] LogOutputStream:75 - [STDERR_REDIRECT] [Fatal Error] :1:1: Premature end of file.
2026-05-18 21:48:55,885 [ERROR] LogOutputStream:75 - [STDERR_REDIRECT] 
2026-05-18 21:48:56,893 [ERROR] LogOutputStream:75 - [STDERR_REDIRECT] [Fatal Error] :1:1: Premature end of file.
2026-05-18 21:48:56,893 [ERROR] LogOutputStream:75 - [STDERR_REDIRECT] 
2026-05-18 21:48:57,887 [ERROR] LogOutputStream:75 - [STDERR_REDIRECT] [Fatal Error] :1:1: Premature end of file.
2026-05-18 21:48:57,887 [ERROR] LogOutputStream:75 - [STDERR_REDIRECT] 
2026-05-18 21:48:58,886 [ERROR] LogOutputStream:75 - [STDERR_REDIRECT] [Fatal Error] :1:1: Premature end of file.
2026-05-18 21:48:58,886 [ERROR] LogOutputStream:75 - [STDERR_REDIRECT] 
2026-05-18 21:48:59,885 [ERROR] LogOutputStream:75 - [STDERR_REDIRECT] [Fatal Error] :1:1: Premature end of file.
2026-05-18 21:48:59,885 [ERROR] LogOutputStream:75 - [STDERR_REDIRECT] 
2026-05-18 21:49:00,883 [ERROR] LogOutputStream:75 - [STDERR_REDIRECT] [Fatal Error] :1:1: Premature end of file.
2026-05-18 21:49:00,883 [ERROR] LogOutputStream:75 - [STDERR_REDIRECT] 
2026-05-18 21:49:01,889 [ERROR] LogOutputStream:75 - [STDERR_REDIRECT] [Fatal Error] :1:1: Premature end of file.
2026-05-18 21:49:01,889 [ERROR] LogOutputStream:75 - [STDERR_REDIRECT] 
2026-05-18 21:49:02,886 [ERROR] LogOutputStream:75 - [STDERR_REDIRECT] [Fatal Error] :1:1: Premature end of file.
2026-05-18 21:49:02,886 [ERROR] LogOutputStream:75 - [STDERR_REDIRECT] 
2026-05-18 21:49:03,886 [ERROR] LogOutputStream:75 - [STDERR_REDIRECT] [Fatal Error] :1:1: Premature end of file.
2026-05-18 21:49:03,886 [ERROR] LogOutputStream:75 - [STDERR_REDIRECT] 
2026-05-18 21:49:04,891 [ERROR] LogOutputStream:75 - [STDERR_REDIRECT] [Fatal Error] :1:1: Premature end of file.
2026-05-18 21:49:04,891 [ERROR] LogOutputStream:75 - [STDERR_REDIRECT] 
2026-05-18 21:49:05,895 [ERROR] LogOutputStream:75 - [STDERR_REDIRECT] [Fatal Error] :1:1: Premature end of file.
2026-05-18 21:49:05,895 [ERROR] LogOutputStream:75 - [STDERR_REDIRECT] 
2026-05-18 21:49:06,881 [ERROR] LogOutputStream:75 - [STDERR_REDIRECT] [Fatal Error] :1:1: Premature end of file.
2026-05-18 21:49:06,881 [ERROR] LogOutputStream:75 - [STDERR_REDIRECT] 
2026-05-18 21:49:07,896 [ERROR] LogOutputStream:75 - [STDERR_REDIRECT] [Fatal Error] :1:1: Premature end of file.
2026-05-18 21:49:07,896 [ERROR] LogOutputStream:75 - [STDERR_REDIRECT] 
2026-05-18 21:49:08,895 [ERROR] LogOutputStream:75 - [STDERR_REDIRECT] [Fatal Error] :1:1: Premature end of file.
2026-05-18 21:49:08,895 [ERROR] LogOutputStream:75 - [STDERR_REDIRECT] 
2026-05-18 21:49:09,886 [ERROR] LogOutputStream:75 - [STDERR_REDIRECT] [Fatal Error] :1:1: Premature end of file.
2026-05-18 21:49:09,886 [ERROR] LogOutputStream:75 - [STDERR_REDIRECT] 
2026-05-18 21:49:10,889 [ERROR] LogOutputStream:75 - [STDERR_REDIRECT] [Fatal Error] :1:1: Premature end of file.
2026-05-18 21:49:10,889 [ERROR] LogOutputStream:75 - [STDERR_REDIRECT] 
2026-05-18 21:49:11,885 [ERROR] LogOutputStream:75 - [STDERR_REDIRECT] [Fatal Error] :1:1: Premature end of file.
2026-05-18 21:49:11,885 [ERROR] LogOutputStream:75 - [STDERR_REDIRECT] 
2026-05-18 21:49:12,885 [ERROR] LogOutputStream:75 - [STDERR_REDIRECT] [Fatal Error] :1:1: Premature end of file.
2026-05-18 21:49:12,885 [ERROR] LogOutputStream:75 - [STDERR_REDIRECT] 
2026-05-18 21:49:13,888 [ERROR] LogOutputStream:75 - [STDERR_REDIRECT] [Fatal Error] :1:1: Premature end of file.
2026-05-18 21:49:13,888 [ERROR] LogOutputStream:75 - [STDERR_REDIRECT] 
2026-05-18 21:49:14,890 [ERROR] LogOutputStream:75 - [STDERR_REDIRECT] [Fatal Error] :1:1: Premature end of file.
2026-05-18 21:49:14,890 [ERROR] LogOutputStream:75 - [STDERR_REDIRECT] 
2026-05-18 21:49:15,884 [ERROR] LogOutputStream:75 - [STDERR_REDIRECT] [Fatal Error] :1:1: Premature end of file.
2026-05-18 21:49:15,884 [ERROR] LogOutputStream:75 - [STDERR_REDIRECT] 
2026-05-18 21:49:16,894 [ERROR] LogOutputStream:75 - [STDERR_REDIRECT] [Fatal Error] :1:1: Premature end of file.
2026-05-18 21:49:16,894 [ERROR] LogOutputStream:75 - [STDERR_REDIRECT] 
2026-05-18 21:49:17,885 [ERROR] LogOutputStream:75 - [STDERR_REDIRECT] [Fatal Error] :1:1: Premature end of file.
2026-05-18 21:49:17,885 [ERROR] LogOutputStream:75 - [STDERR_REDIRECT] 
2026-05-18 21:49:18,888 [ERROR] LogOutputStream:75 - [STDERR_REDIRECT] [Fatal Error] :1:1: Premature end of file.
2026-05-18 21:49:18,889 [ERROR] LogOutputStream:75 - [STDERR_REDIRECT] 
2026-05-18 21:49:19,886 [ERROR] LogOutputStream:75 - [STDERR_REDIRECT] [Fatal Error] :1:1: Premature end of file.
2026-05-18 21:49:19,887 [ERROR] LogOutputStream:75 - [STDERR_REDIRECT] 
2026-05-18 21:49:20,883 [ERROR] LogOutputStream:75 - [STDERR_REDIRECT] [Fatal Error] :1:1: Premature end of file.
2026-05-18 21:49:20,883 [ERROR] LogOutputStream:75 - [STDERR_REDIRECT] 
2026-05-18 21:49:21,892 [ERROR] LogOutputStream:75 - [STDERR_REDIRECT] [Fatal Error] :1:1: Premature end of file.
2026-05-18 21:49:21,893 [ERROR] LogOutputStream:75 - [STDERR_REDIRECT] 
2026-05-18 21:49:22,888 [ERROR] LogOutputStream:75 - [STDERR_REDIRECT] [Fatal Error] :1:1: Premature end of file.
2026-05-18 21:49:22,888 [ERROR] LogOutputStream:75 - [STDERR_REDIRECT] 
2026-05-18 21:49:23,890 [ERROR] LogOutputStream:75 - [STDERR_REDIRECT] [Fatal Error] :1:1: Premature end of file.
2026-05-18 21:49:23,890 [ERROR] LogOutputStream:75 - [STDERR_REDIRECT] 
2026-05-18 21:49:24,882 [ERROR] LogOutputStream:75 - [STDERR_REDIRECT] [Fatal Error] :1:1: Premature end of file.
2026-05-18 21:49:24,882 [ERROR] LogOutputStream:75 - [STDERR_REDIRECT] 
2026-05-18 21:49:25,886 [ERROR] LogOutputStream:75 - [STDERR_REDIRECT] [Fatal Error] :1:1: Premature end of file.
2026-05-18 21:49:25,886 [ERROR] LogOutputStream:75 - [STDERR_REDIRECT] 
2026-05-18 21:49:26,881 [ERROR] LogOutputStream:75 - [STDERR_REDIRECT] [Fatal Error] :1:1: Premature end of file.
2026-05-18 21:49:26,881 [ERROR] LogOutputStream:75 - [STDERR_REDIRECT] 
2026-05-18 21:49:27,884 [ERROR] LogOutputStream:75 - [STDERR_REDIRECT] [Fatal Error] :1:1: Premature end of file.
2026-05-18 21:49:27,885 [ERROR] LogOutputStream:75 - [STDERR_REDIRECT] 
2026-05-18 21:49:28,886 [ERROR] LogOutputStream:75 - [STDERR_REDIRECT] [Fatal Error] :1:1: Premature end of file.
2026-05-18 21:49:28,886 [ERROR] LogOutputStream:75 - [STDERR_REDIRECT] 
2026-05-18 21:49:29,885 [ERROR] LogOutputStream:75 - [STDERR_REDIRECT] [Fatal Error] :1:1: Premature end of file.
2026-05-18 21:49:29,886 [ERROR] LogOutputStream:75 - [STDERR_REDIRECT] 
2026-05-18 21:49:30,883 [ERROR] LogOutputStream:75 - [STDERR_REDIRECT] [Fatal Error] :1:1: Premature end of file.
2026-05-18 21:49:30,883 [ERROR] LogOutputStream:75 - [STDERR_REDIRECT] 
2026-05-18 21:49:31,890 [ERROR] LogOutputStream:75 - [STDERR_REDIRECT] [Fatal Error] :1:1: Premature end of file.
2026-05-18 21:49:31,890 [ERROR] LogOutputStream:75 - [STDERR_REDIRECT] 
2026-05-18 21:49:32,897 [ERROR] LogOutputStream:75 - [STDERR_REDIRECT] [Fatal Error] :1:1: Premature end of file.
2026-05-18 21:49:32,897 [ERROR] LogOutputStream:75 - [STDERR_REDIRECT] 
2026-05-18 21:49:33,889 [ERROR] LogOutputStream:75 - [STDERR_REDIRECT] [Fatal Error] :1:1: Premature end of file.
2026-05-18 21:49:33,889 [ERROR] LogOutputStream:75 - [STDERR_REDIRECT] 
2026-05-18 21:49:34,881 [ERROR] LogOutputStream:75 - [STDERR_REDIRECT] [Fatal Error] :1:1: Premature end of file.
2026-05-18 21:49:34,881 [ERROR] LogOutputStream:75 - [STDERR_REDIRECT] 
2026-05-18 21:49:35,882 [ERROR] LogOutputStream:75 - [STDERR_REDIRECT] [Fatal Error] :1:1: Premature end of file.
2026-05-18 21:49:35,882 [ERROR] LogOutputStream:75 - [STDERR_REDIRECT] 
2026-05-18 21:49:36,885 [ERROR] LogOutputStream:75 - [STDERR_REDIRECT] [Fatal Error] :1:1: Premature end of file.
2026-05-18 21:49:36,885 [ERROR] LogOutputStream:75 - [STDERR_REDIRECT] 
2026-05-18 21:49:37,881 [ERROR] LogOutputStream:75 - [STDERR_REDIRECT] [Fatal Error] :1:1: Premature end of file.
2026-05-18 21:49:37,881 [ERROR] LogOutputStream:75 - [STDERR_REDIRECT] 
2026-05-18 21:49:38,898 [ERROR] LogOutputStream:75 - [STDERR_REDIRECT] [Fatal Error] :1:1: Premature end of file.
2026-05-18 21:49:38,898 [ERROR] LogOutputStream:75 - [STDERR_REDIRECT] 
2026-05-18 21:49:39,881 [ERROR] LogOutputStream:75 - [STDERR_REDIRECT] [Fatal Error] :1:1: Premature end of file.
2026-05-18 21:49:39,881 [ERROR] LogOutputStream:75 - [STDERR_REDIRECT] 
2026-05-18 21:49:40,888 [ERROR] LogOutputStream:75 - [STDERR_REDIRECT] [Fatal Error] :1:1: Premature end of file.
2026-05-18 21:49:40,888 [ERROR] LogOutputStream:75 - [STDERR_REDIRECT] 
2026-05-18 21:49:41,886 [ERROR] LogOutputStream:75 - [STDERR_REDIRECT] [Fatal Error] :1:1: Premature end of file.
2026-05-18 21:49:41,886 [ERROR] LogOutputStream:75 - [STDERR_REDIRECT] 
2026-05-18 21:49:42,893 [ERROR] LogOutputStream:75 - [STDERR_REDIRECT] [Fatal Error] :1:1: Premature end of file.
2026-05-18 21:49:42,893 [ERROR] LogOutputStream:75 - [STDERR_REDIRECT] 
2026-05-18 21:49:43,886 [ERROR] LogOutputStream:75 - [STDERR_REDIRECT] [Fatal Error] :1:1: Premature end of file.
2026-05-18 21:49:43,886 [ERROR] LogOutputStream:75 - [STDERR_REDIRECT] 
2026-05-18 21:49:44,904 [ERROR] LogOutputStream:75 - [STDERR_REDIRECT] [Fatal Error] :1:1: Premature end of file.
2026-05-18 21:49:44,904 [ERROR] LogOutputStream:75 - [STDERR_REDIRECT] 
2026-05-18 21:49:45,887 [ERROR] LogOutputStream:75 - [STDERR_REDIRECT] [Fatal Error] :1:1: Premature end of file.
2026-05-18 21:49:45,889 [ERROR] LogOutputStream:75 - [STDERR_REDIRECT] 
2026-05-18 21:49:46,896 [ERROR] LogOutputStream:75 - [STDERR_REDIRECT] [Fatal Error] :1:1: Premature end of file.
2026-05-18 21:49:46,896 [ERROR] LogOutputStream:75 - [STDERR_REDIRECT] 
2026-05-18 21:49:47,893 [ERROR] LogOutputStream:75 - [STDERR_REDIRECT] [Fatal Error] :1:1: Premature end of file.
2026-05-18 21:49:47,893 [ERROR] LogOutputStream:75 - [STDERR_REDIRECT] 
2026-05-18 21:49:48,889 [ERROR] LogOutputStream:75 - [STDERR_REDIRECT] [Fatal Error] :1:1: Premature end of file.
2026-05-18 21:49:48,890 [ERROR] LogOutputStream:75 - [STDERR_REDIRECT] 
2026-05-18 21:49:49,882 [ERROR] LogOutputStream:75 - [STDERR_REDIRECT] [Fatal Error] :1:1: Premature end of file.
2026-05-18 21:49:49,882 [ERROR] LogOutputStream:75 - [STDERR_REDIRECT] 
2026-05-18 21:49:50,886 [ERROR] LogOutputStream:75 - [STDERR_REDIRECT] [Fatal Error] :1:1: Premature end of file.
2026-05-18 21:49:50,886 [ERROR] LogOutputStream:75 - [STDERR_REDIRECT] 
2026-05-18 21:49:51,890 [ERROR] LogOutputStream:75 - [STDERR_REDIRECT] [Fatal Error] :1:1: Premature end of file.
2026-05-18 21:49:51,891 [ERROR] LogOutputStream:75 - [STDERR_REDIRECT] 
2026-05-18 21:49:52,897 [ERROR] LogOutputStream:75 - [STDERR_REDIRECT] [Fatal Error] :1:1: Premature end of file.
2026-05-18 21:49:52,898 [ERROR] LogOutputStream:75 - [STDERR_REDIRECT] 
2026-05-18 21:49:53,889 [ERROR] LogOutputStream:75 - [STDERR_REDIRECT] [Fatal Error] :1:1: Premature end of file.
2026-05-18 21:49:53,889 [ERROR] LogOutputStream:75 - [STDERR_REDIRECT] 
2026-05-18 21:49:54,897 [ERROR] LogOutputStream:75 - [STDERR_REDIRECT] [Fatal Error] :1:1: Premature end of file.
2026-05-18 21:49:54,897 [ERROR] LogOutputStream:75 - [STDERR_REDIRECT] 
2026-05-18 21:49:55,891 [ERROR] LogOutputStream:75 - [STDERR_REDIRECT] [Fatal Error] :1:1: Premature end of file.
2026-05-18 21:49:55,891 [ERROR] LogOutputStream:75 - [STDERR_REDIRECT] 
2026-05-18 21:49:56,885 [ERROR] LogOutputStream:75 - [STDERR_REDIRECT] [Fatal Error] :1:1: Premature end of file.
2026-05-18 21:49:56,886 [ERROR] LogOutputStream:75 - [STDERR_REDIRECT] 
2026-05-18 21:49:57,886 [ERROR] LogOutputStream:75 - [STDERR_REDIRECT] [Fatal Error] :1:1: Premature end of file.
2026-05-18 21:49:57,886 [ERROR] LogOutputStream:75 - [STDERR_REDIRECT] 
2026-05-18 21:49:58,892 [ERROR] LogOutputStream:75 - [STDERR_REDIRECT] [Fatal Error] :1:1: Premature end of file.
2026-05-18 21:49:58,892 [ERROR] LogOutputStream:75 - [STDERR_REDIRECT] 
2026-05-18 21:49:59,888 [ERROR] LogOutputStream:75 - [STDERR_REDIRECT] [Fatal Error] :1:1: Premature end of file.
2026-05-18 21:49:59,888 [ERROR] LogOutputStream:75 - [STDERR_REDIRECT] 
2026-05-18 21:50:00,891 [ERROR] LogOutputStream:75 - [STDERR_REDIRECT] [Fatal Error] :1:1: Premature end of file.
2026-05-18 21:50:00,891 [ERROR] LogOutputStream:75 - [STDERR_REDIRECT] 
2026-05-18 21:50:01,885 [ERROR] LogOutputStream:75 - [STDERR_REDIRECT] [Fatal Error] :1:1: Premature end of file.
2026-05-18 21:50:01,885 [ERROR] LogOutputStream:75 - [STDERR_REDIRECT] 
2026-05-18 21:50:02,896 [ERROR] LogOutputStream:75 - [STDERR_REDIRECT] [Fatal Error] :1:1: Premature end of file.
2026-05-18 21:50:02,896 [ERROR] LogOutputStream:75 - [STDERR_REDIRECT] 
2026-05-18 21:50:03,884 [ERROR] LogOutputStream:75 - [STDERR_REDIRECT] [Fatal Error] :1:1: Premature end of file.
2026-05-18 21:50:03,884 [ERROR] LogOutputStream:75 - [STDERR_REDIRECT] 
2026-05-18 21:50:04,884 [ERROR] LogOutputStream:75 - [STDERR_REDIRECT] [Fatal Error] :1:1: Premature end of file.
2026-05-18 21:50:04,885 [ERROR] LogOutputStream:75 - [STDERR_REDIRECT] 
2026-05-18 21:50:05,888 [ERROR] LogOutputStream:75 - [STDERR_REDIRECT] [Fatal Error] :1:1: Premature end of file.
2026-05-18 21:50:05,888 [ERROR] LogOutputStream:75 - [STDERR_REDIRECT] 
2026-05-18 21:50:06,888 [ERROR] LogOutputStream:75 - [STDERR_REDIRECT] [Fatal Error] :1:1: Premature end of file.
2026-05-18 21:50:06,888 [ERROR] LogOutputStream:75 - [STDERR_REDIRECT] 
2026-05-18 21:50:07,889 [ERROR] LogOutputStream:75 - [STDERR_REDIRECT] [Fatal Error] :1:1: Premature end of file.
2026-05-18 21:50:07,889 [ERROR] LogOutputStream:75 - [STDERR_REDIRECT] 
2026-05-18 21:50:08,888 [ERROR] LogOutputStream:75 - [STDERR_REDIRECT] [Fatal Error] :1:1: Premature end of file.
2026-05-18 21:50:08,888 [ERROR] LogOutputStream:75 - [STDERR_REDIRECT] 
2026-05-18 21:50:09,889 [ERROR] LogOutputStream:75 - [STDERR_REDIRECT] [Fatal Error] :1:1: Premature end of file.
2026-05-18 21:50:09,889 [ERROR] LogOutputStream:75 - [STDERR_REDIRECT] 
2026-05-18 21:50:10,886 [ERROR] LogOutputStream:75 - [STDERR_REDIRECT] [Fatal Error] :1:1: Premature end of file.
2026-05-18 21:50:10,887 [ERROR] LogOutputStream:75 - [STDERR_REDIRECT] 
2026-05-18 21:50:11,884 [ERROR] LogOutputStream:75 - [STDERR_REDIRECT] [Fatal Error] :1:1: Premature end of file.
2026-05-18 21:50:11,884 [ERROR] LogOutputStream:75 - [STDERR_REDIRECT] 
2026-05-18 21:50:12,883 [ERROR] LogOutputStream:75 - [STDERR_REDIRECT] [Fatal Error] :1:1: Premature end of file.
2026-05-18 21:50:12,883 [ERROR] LogOutputStream:75 - [STDERR_REDIRECT] 
2026-05-18 21:50:13,888 [ERROR] LogOutputStream:75 - [STDERR_REDIRECT] [Fatal Error] :1:1: Premature end of file.
2026-05-18 21:50:13,888 [ERROR] LogOutputStream:75 - [STDERR_REDIRECT] 
2026-05-18 21:50:14,884 [ERROR] LogOutputStream:75 - [STDERR_REDIRECT] [Fatal Error] :1:1: Premature end of file.
2026-05-18 21:50:14,884 [ERROR] LogOutputStream:75 - [STDERR_REDIRECT] 
2026-05-18 21:50:15,882 [ERROR] LogOutputStream:75 - [STDERR_REDIRECT] [Fatal Error] :1:1: Premature end of file.
2026-05-18 21:50:15,882 [ERROR] LogOutputStream:75 - [STDERR_REDIRECT] 
2026-05-18 21:50:16,883 [ERROR] LogOutputStream:75 - [STDERR_REDIRECT] [Fatal Error] :1:1: Premature end of file.
2026-05-18 21:50:16,883 [ERROR] LogOutputStream:75 - [STDERR_REDIRECT] 
2026-05-18 21:50:17,890 [ERROR] LogOutputStream:75 - [STDERR_REDIRECT] [Fatal Error] :1:1: Premature end of file.
2026-05-18 21:50:17,890 [ERROR] LogOutputStream:75 - [STDERR_REDIRECT] 
2026-05-18 21:50:18,891 [ERROR] LogOutputStream:75 - [STDERR_REDIRECT] [Fatal Error] :1:1: Premature end of file.
2026-05-18 21:50:18,891 [ERROR] LogOutputStream:75 - [STDERR_REDIRECT] 
2026-05-18 21:50:19,895 [ERROR] LogOutputStream:75 - [STDERR_REDIRECT] [Fatal Error] :1:1: Premature end of file.
2026-05-18 21:50:19,895 [ERROR] LogOutputStream:75 - [STDERR_REDIRECT] 
2026-05-18 21:50:20,891 [ERROR] LogOutputStream:75 - [STDERR_REDIRECT] [Fatal Error] :1:1: Premature end of file.
2026-05-18 21:50:20,891 [ERROR] LogOutputStream:75 - [STDERR_REDIRECT] 
2026-05-18 21:50:21,885 [ERROR] LogOutputStream:75 - [STDERR_REDIRECT] [Fatal Error] :1:1: Premature end of file.
2026-05-18 21:50:21,885 [ERROR] LogOutputStream:75 - [STDERR_REDIRECT] 
2026-05-18 21:50:22,885 [ERROR] LogOutputStream:75 - [STDERR_REDIRECT] [Fatal Error] :1:1: Premature end of file.
2026-05-18 21:50:22,885 [ERROR] LogOutputStream:75 - [STDERR_REDIRECT] 
2026-05-18 21:50:23,884 [ERROR] LogOutputStream:75 - [STDERR_REDIRECT] [Fatal Error] :1:1: Premature end of file.
2026-05-18 21:50:23,884 [ERROR] LogOutputStream:75 - [STDERR_REDIRECT] 
2026-05-18 21:50:24,891 [ERROR] LogOutputStream:75 - [STDERR_REDIRECT] [Fatal Error] :1:1: Premature end of file.
2026-05-18 21:50:24,891 [ERROR] LogOutputStream:75 - [STDERR_REDIRECT] 
2026-05-18 21:50:25,885 [ERROR] LogOutputStream:75 - [STDERR_REDIRECT] [Fatal Error] :1:1: Premature end of file.
2026-05-18 21:50:25,885 [ERROR] LogOutputStream:75 - [STDERR_REDIRECT] 
2026-05-18 21:50:26,886 [ERROR] LogOutputStream:75 - [STDERR_REDIRECT] [Fatal Error] :1:1: Premature end of file.
2026-05-18 21:50:26,886 [ERROR] LogOutputStream:75 - [STDERR_REDIRECT] 
2026-05-18 21:50:27,884 [ERROR] LogOutputStream:75 - [STDERR_REDIRECT] [Fatal Error] :1:1: Premature end of file.
2026-05-18 21:50:27,884 [ERROR] LogOutputStream:75 - [STDERR_REDIRECT] 
2026-05-18 21:50:28,889 [ERROR] LogOutputStream:75 - [STDERR_REDIRECT] [Fatal Error] :1:1: Premature end of file.
2026-05-18 21:50:28,889 [ERROR] LogOutputStream:75 - [STDERR_REDIRECT] 
2026-05-18 21:50:29,886 [ERROR] LogOutputStream:75 - [STDERR_REDIRECT] [Fatal Error] :1:1: Premature end of file.
2026-05-18 21:50:29,886 [ERROR] LogOutputStream:75 - [STDERR_REDIRECT] 
2026-05-18 21:50:30,889 [ERROR] LogOutputStream:75 - [STDERR_REDIRECT] [Fatal Error] :1:1: Premature end of file.
2026-05-18 21:50:30,889 [ERROR] LogOutputStream:75 - [STDERR_REDIRECT] 
2026-05-18 21:50:31,888 [ERROR] LogOutputStream:75 - [STDERR_REDIRECT] [Fatal Error] :1:1: Premature end of file.
2026-05-18 21:50:31,888 [ERROR] LogOutputStream:75 - [STDERR_REDIRECT] 
2026-05-18 21:50:32,887 [ERROR] LogOutputStream:75 - [STDERR_REDIRECT] [Fatal Error] :1:1: Premature end of file.
2026-05-18 21:50:32,887 [ERROR] LogOutputStream:75 - [STDERR_REDIRECT] 
2026-05-18 21:50:33,885 [ERROR] LogOutputStream:75 - [STDERR_REDIRECT] [Fatal Error] :1:1: Premature end of file.
2026-05-18 21:50:33,885 [ERROR] LogOutputStream:75 - [STDERR_REDIRECT] 
2026-05-18 21:50:34,883 [ERROR] LogOutputStream:75 - [STDERR_REDIRECT] [Fatal Error] :1:1: Premature end of file.
2026-05-18 21:50:34,883 [ERROR] LogOutputStream:75 - [STDERR_REDIRECT] 
2026-05-18 21:50:35,892 [ERROR] LogOutputStream:75 - [STDERR_REDIRECT] [Fatal Error] :1:1: Premature end of file.
2026-05-18 21:50:35,892 [ERROR] LogOutputStream:75 - [STDERR_REDIRECT] 
2026-05-18 21:50:36,885 [ERROR] LogOutputStream:75 - [STDERR_REDIRECT] [Fatal Error] :1:1: Premature end of file.
2026-05-18 21:50:36,885 [ERROR] LogOutputStream:75 - [STDERR_REDIRECT] 
2026-05-18 21:50:37,887 [ERROR] LogOutputStream:75 - [STDERR_REDIRECT] [Fatal Error] :1:1: Premature end of file.
2026-05-18 21:50:37,887 [ERROR] LogOutputStream:75 - [STDERR_REDIRECT] 
2026-05-18 21:50:38,897 [ERROR] LogOutputStream:75 - [STDERR_REDIRECT] [Fatal Error] :1:1: Premature end of file.
2026-05-18 21:50:38,897 [ERROR] LogOutputStream:75 - [STDERR_REDIRECT] 
2026-05-18 21:50:39,885 [ERROR] LogOutputStream:75 - [STDERR_REDIRECT] [Fatal Error] :1:1: Premature end of file.
2026-05-18 21:50:39,885 [ERROR] LogOutputStream:75 - [STDERR_REDIRECT] 
2026-05-18 21:50:40,893 [ERROR] LogOutputStream:75 - [STDERR_REDIRECT] [Fatal Error] :1:1: Premature end of file.
2026-05-18 21:50:40,893 [ERROR] LogOutputStream:75 - [STDERR_REDIRECT] 
2026-05-18 21:50:41,888 [ERROR] LogOutputStream:75 - [STDERR_REDIRECT] [Fatal Error] :1:1: Premature end of file.
2026-05-18 21:50:41,888 [ERROR] LogOutputStream:75 - [STDERR_REDIRECT] 
2026-05-18 21:50:42,899 [ERROR] LogOutputStream:75 - [STDERR_REDIRECT] [Fatal Error] :1:1: Premature end of file.
2026-05-18 21:50:42,899 [ERROR] LogOutputStream:75 - [STDERR_REDIRECT] 
2026-05-18 21:50:43,887 [ERROR] LogOutputStream:75 - [STDERR_REDIRECT] [Fatal Error] :1:1: Premature end of file.
2026-05-18 21:50:43,888 [ERROR] LogOutputStream:75 - [STDERR_REDIRECT] 
2026-05-18 21:50:44,892 [ERROR] LogOutputStream:75 - [STDERR_REDIRECT] [Fatal Error] :1:1: Premature end of file.
2026-05-18 21:50:44,893 [ERROR] LogOutputStream:75 - [STDERR_REDIRECT] 
2026-05-18 21:50:45,885 [ERROR] LogOutputStream:75 - [STDERR_REDIRECT] [Fatal Error] :1:1: Premature end of file.
2026-05-18 21:50:45,886 [ERROR] LogOutputStream:75 - [STDERR_REDIRECT] 
2026-05-18 21:50:46,899 [ERROR] LogOutputStream:75 - [STDERR_REDIRECT] [Fatal Error] :1:1: Premature end of file.
2026-05-18 21:50:46,899 [ERROR] LogOutputStream:75 - [STDERR_REDIRECT] 
2026-05-18 21:50:47,885 [ERROR] LogOutputStream:75 - [STDERR_REDIRECT] [Fatal Error] :1:1: Premature end of file.
2026-05-18 21:50:47,886 [ERROR] LogOutputStream:75 - [STDERR_REDIRECT] 
2026-05-18 21:50:48,883 [ERROR] LogOutputStream:75 - [STDERR_REDIRECT] [Fatal Error] :1:1: Premature end of file.
2026-05-18 21:50:48,883 [ERROR] LogOutputStream:75 - [STDERR_REDIRECT] 
2026-05-18 21:50:49,891 [ERROR] LogOutputStream:75 - [STDERR_REDIRECT] [Fatal Error] :1:1: Premature end of file.
2026-05-18 21:50:49,891 [ERROR] LogOutputStream:75 - [STDERR_REDIRECT] 
2026-05-18 21:50:50,888 [ERROR] LogOutputStream:75 - [STDERR_REDIRECT] [Fatal Error] :1:1: Premature end of file.
2026-05-18 21:50:50,888 [ERROR] LogOutputStream:75 - [STDERR_REDIRECT] 
2026-05-18 21:50:51,887 [ERROR] LogOutputStream:75 - [STDERR_REDIRECT] [Fatal Error] :1:1: Premature end of file.
2026-05-18 21:50:51,887 [ERROR] LogOutputStream:75 - [STDERR_REDIRECT] 
2026-05-18 21:50:52,886 [ERROR] LogOutputStream:75 - [STDERR_REDIRECT] [Fatal Error] :1:1: Premature end of file.
2026-05-18 21:50:52,886 [ERROR] LogOutputStream:75 - [STDERR_REDIRECT] 
2026-05-18 21:50:53,891 [ERROR] LogOutputStream:75 - [STDERR_REDIRECT] [Fatal Error] :1:1: Premature end of file.
2026-05-18 21:50:53,891 [ERROR] LogOutputStream:75 - [STDERR_REDIRECT] 
2026-05-18 21:50:54,887 [ERROR] LogOutputStream:75 - [STDERR_REDIRECT] [Fatal Error] :1:1: Premature end of file.
2026-05-18 21:50:54,887 [ERROR] LogOutputStream:75 - [STDERR_REDIRECT] 
2026-05-18 21:50:55,888 [ERROR] LogOutputStream:75 - [STDERR_REDIRECT] [Fatal Error] :1:1: Premature end of file.
2026-05-18 21:50:55,888 [ERROR] LogOutputStream:75 - [STDERR_REDIRECT] 
2026-05-18 21:50:56,888 [ERROR] LogOutputStream:75 - [STDERR_REDIRECT] [Fatal Error] :1:1: Premature end of file.
2026-05-18 21:50:56,889 [ERROR] LogOutputStream:75 - [STDERR_REDIRECT] 
2026-05-18 21:50:57,882 [ERROR] LogOutputStream:75 - [STDERR_REDIRECT] [Fatal Error] :1:1: Premature end of file.
2026-05-18 21:50:57,882 [ERROR] LogOutputStream:75 - [STDERR_REDIRECT] 
2026-05-18 21:50:58,883 [ERROR] LogOutputStream:75 - [STDERR_REDIRECT] [Fatal Error] :1:1: Premature end of file.
2026-05-18 21:50:58,883 [ERROR] LogOutputStream:75 - [STDERR_REDIRECT] 
2026-05-18 21:50:59,892 [ERROR] LogOutputStream:75 - [STDERR_REDIRECT] [Fatal Error] :1:1: Premature end of file.
2026-05-18 21:50:59,892 [ERROR] LogOutputStream:75 - [STDERR_REDIRECT] 
2026-05-18 21:51:00,885 [ERROR] LogOutputStream:75 - [STDERR_REDIRECT] [Fatal Error] :1:1: Premature end of file.
2026-05-18 21:51:00,885 [ERROR] LogOutputStream:75 - [STDERR_REDIRECT] 
2026-05-18 21:51:01,885 [ERROR] LogOutputStream:75 - [STDERR_REDIRECT] [Fatal Error] :1:1: Premature end of file.
2026-05-18 21:51:01,885 [ERROR] LogOutputStream:75 - [STDERR_REDIRECT] 
2026-05-18 21:51:02,887 [ERROR] LogOutputStream:75 - [STDERR_REDIRECT] [Fatal Error] :1:1: Premature end of file.
2026-05-18 21:51:02,887 [ERROR] LogOutputStream:75 - [STDERR_REDIRECT] 
2026-05-18 21:51:03,884 [ERROR] LogOutputStream:75 - [STDERR_REDIRECT] [Fatal Error] :1:1: Premature end of file.
2026-05-18 21:51:03,884 [ERROR] LogOutputStream:75 - [STDERR_REDIRECT] 
2026-05-18 21:51:04,891 [ERROR] LogOutputStream:75 - [STDERR_REDIRECT] [Fatal Error] :1:1: Premature end of file.
2026-05-18 21:51:04,891 [ERROR] LogOutputStream:75 - [STDERR_REDIRECT] 
2026-05-18 21:51:05,894 [ERROR] LogOutputStream:75 - [STDERR_REDIRECT] [Fatal Error] :1:1: Premature end of file.
2026-05-18 21:51:05,894 [ERROR] LogOutputStream:75 - [STDERR_REDIRECT] 
2026-05-18 21:51:06,894 [ERROR] LogOutputStream:75 - [STDERR_REDIRECT] [Fatal Error] :1:1: Premature end of file.
2026-05-18 21:51:06,894 [ERROR] LogOutputStream:75 - [STDERR_REDIRECT] 
2026-05-18 21:51:07,884 [ERROR] LogOutputStream:75 - [STDERR_REDIRECT] [Fatal Error] :1:1: Premature end of file.
2026-05-18 21:51:07,884 [ERROR] LogOutputStream:75 - [STDERR_REDIRECT] 
2026-05-18 21:51:08,885 [ERROR] LogOutputStream:75 - [STDERR_REDIRECT] [Fatal Error] :1:1: Premature end of file.
2026-05-18 21:51:08,885 [ERROR] LogOutputStream:75 - [STDERR_REDIRECT] 
2026-05-18 21:51:09,893 [ERROR] LogOutputStream:75 - [STDERR_REDIRECT] [Fatal Error] :1:1: Premature end of file.
2026-05-18 21:51:09,893 [ERROR] LogOutputStream:75 - [STDERR_REDIRECT] 
2026-05-18 21:51:10,884 [ERROR] LogOutputStream:75 - [STDERR_REDIRECT] [Fatal Error] :1:1: Premature end of file.
2026-05-18 21:51:10,884 [ERROR] LogOutputStream:75 - [STDERR_REDIRECT] 
2026-05-18 21:51:11,883 [ERROR] LogOutputStream:75 - [STDERR_REDIRECT] [Fatal Error] :1:1: Premature end of file.
2026-05-18 21:51:11,883 [ERROR] LogOutputStream:75 - [STDERR_REDIRECT] 
2026-05-18 21:51:12,885 [ERROR] LogOutputStream:75 - [STDERR_REDIRECT] [Fatal Error] :1:1: Premature end of file.
2026-05-18 21:51:12,886 [ERROR] LogOutputStream:75 - [STDERR_REDIRECT] 
2026-05-18 21:51:13,883 [ERROR] LogOutputStream:75 - [STDERR_REDIRECT] [Fatal Error] :1:1: Premature end of file.
2026-05-18 21:51:13,883 [ERROR] LogOutputStream:75 - [STDERR_REDIRECT] 
2026-05-18 21:51:14,890 [ERROR] LogOutputStream:75 - [STDERR_REDIRECT] [Fatal Error] :1:1: Premature end of file.
2026-05-18 21:51:14,891 [ERROR] LogOutputStream:75 - [STDERR_REDIRECT] 
2026-05-18 21:51:15,881 [ERROR] LogOutputStream:75 - [STDERR_REDIRECT] [Fatal Error] :1:1: Premature end of file.
2026-05-18 21:51:15,881 [ERROR] LogOutputStream:75 - [STDERR_REDIRECT] 
2026-05-18 21:51:16,889 [ERROR] LogOutputStream:75 - [STDERR_REDIRECT] [Fatal Error] :1:1: Premature end of file.
2026-05-18 21:51:16,889 [ERROR] LogOutputStream:75 - [STDERR_REDIRECT] 
2026-05-18 21:51:17,888 [ERROR] LogOutputStream:75 - [STDERR_REDIRECT] [Fatal Error] :1:1: Premature end of file.
2026-05-18 21:51:17,889 [ERROR] LogOutputStream:75 - [STDERR_REDIRECT] 
2026-05-18 21:51:18,891 [ERROR] LogOutputStream:75 - [STDERR_REDIRECT] [Fatal Error] :1:1: Premature end of file.
2026-05-18 21:51:18,891 [ERROR] LogOutputStream:75 - [STDERR_REDIRECT] 
2026-05-18 21:51:19,886 [ERROR] LogOutputStream:75 - [STDERR_REDIRECT] [Fatal Error] :1:1: Premature end of file.
2026-05-18 21:51:19,886 [ERROR] LogOutputStream:75 - [STDERR_REDIRECT] 
2026-05-18 21:51:20,890 [ERROR] LogOutputStream:75 - [STDERR_REDIRECT] [Fatal Error] :1:1: Premature end of file.
2026-05-18 21:51:20,891 [ERROR] LogOutputStream:75 - [STDERR_REDIRECT] 
2026-05-18 21:51:21,908 [ERROR] LogOutputStream:75 - [STDERR_REDIRECT] [Fatal Error] :1:1: Premature end of file.
2026-05-18 21:51:21,908 [ERROR] LogOutputStream:75 - [STDERR_REDIRECT] 
2026-05-18 21:51:22,888 [ERROR] LogOutputStream:75 - [STDERR_REDIRECT] [Fatal Error] :1:1: Premature end of file.
2026-05-18 21:51:22,889 [ERROR] LogOutputStream:75 - [STDERR_REDIRECT] 
2026-05-18 21:51:23,889 [ERROR] LogOutputStream:75 - [STDERR_REDIRECT] [Fatal Error] :1:1: Premature end of file.
2026-05-18 21:51:23,889 [ERROR] LogOutputStream:75 - [STDERR_REDIRECT] 
2026-05-18 21:51:24,891 [ERROR] LogOutputStream:75 - [STDERR_REDIRECT] [Fatal Error] :1:1: Premature end of file.
2026-05-18 21:51:24,891 [ERROR] LogOutputStream:75 - [STDERR_REDIRECT] 
2026-05-18 21:51:25,888 [ERROR] LogOutputStream:75 - [STDERR_REDIRECT] [Fatal Error] :1:1: Premature end of file.
2026-05-18 21:51:25,888 [ERROR] LogOutputStream:75 - [STDERR_REDIRECT] 
2026-05-18 21:51:26,888 [ERROR] LogOutputStream:75 - [STDERR_REDIRECT] [Fatal Error] :1:1: Premature end of file.
2026-05-18 21:51:26,888 [ERROR] LogOutputStream:75 - [STDERR_REDIRECT] 
2026-05-18 21:51:27,886 [ERROR] LogOutputStream:75 - [STDERR_REDIRECT] [Fatal Error] :1:1: Premature end of file.
2026-05-18 21:51:27,886 [ERROR] LogOutputStream:75 - [STDERR_REDIRECT] 
2026-05-18 21:51:28,881 [ERROR] LogOutputStream:75 - [STDERR_REDIRECT] [Fatal Error] :1:1: Premature end of file.
2026-05-18 21:51:28,881 [ERROR] LogOutputStream:75 - [STDERR_REDIRECT] 
2026-05-18 21:51:29,889 [ERROR] LogOutputStream:75 - [STDERR_REDIRECT] [Fatal Error] :1:1: Premature end of file.
2026-05-18 21:51:29,889 [ERROR] LogOutputStream:75 - [STDERR_REDIRECT] 
2026-05-18 21:51:30,897 [ERROR] LogOutputStream:75 - [STDERR_REDIRECT] [Fatal Error] :1:1: Premature end of file.
2026-05-18 21:51:30,897 [ERROR] LogOutputStream:75 - [STDERR_REDIRECT] 
2026-05-18 21:51:31,892 [ERROR] LogOutputStream:75 - [STDERR_REDIRECT] [Fatal Error] :1:1: Premature end of file.
2026-05-18 21:51:31,892 [ERROR] LogOutputStream:75 - [STDERR_REDIRECT] 
2026-05-18 21:51:32,899 [ERROR] LogOutputStream:75 - [STDERR_REDIRECT] [Fatal Error] :1:1: Premature end of file.
2026-05-18 21:51:32,899 [ERROR] LogOutputStream:75 - [STDERR_REDIRECT] 
2026-05-18 21:51:33,888 [ERROR] LogOutputStream:75 - [STDERR_REDIRECT] [Fatal Error] :1:1: Premature end of file.
2026-05-18 21:51:33,888 [ERROR] LogOutputStream:75 - [STDERR_REDIRECT] 
2026-05-18 21:51:34,890 [ERROR] LogOutputStream:75 - [STDERR_REDIRECT] [Fatal Error] :1:1: Premature end of file.
2026-05-18 21:51:34,890 [ERROR] LogOutputStream:75 - [STDERR_REDIRECT] 
2026-05-18 21:51:35,886 [ERROR] LogOutputStream:75 - [STDERR_REDIRECT] [Fatal Error] :1:1: Premature end of file.
2026-05-18 21:51:35,886 [ERROR] LogOutputStream:75 - [STDERR_REDIRECT] 
2026-05-18 21:51:36,883 [ERROR] LogOutputStream:75 - [STDERR_REDIRECT] [Fatal Error] :1:1: Premature end of file.
2026-05-18 21:51:36,884 [ERROR] LogOutputStream:75 - [STDERR_REDIRECT] 
2026-05-18 21:51:37,888 [ERROR] LogOutputStream:75 - [STDERR_REDIRECT] [Fatal Error] :1:1: Premature end of file.
2026-05-18 21:51:37,888 [ERROR] LogOutputStream:75 - [STDERR_REDIRECT] 
2026-05-18 21:51:38,883 [ERROR] LogOutputStream:75 - [STDERR_REDIRECT] [Fatal Error] :1:1: Premature end of file.
2026-05-18 21:51:38,883 [ERROR] LogOutputStream:75 - [STDERR_REDIRECT] 
2026-05-18 21:51:39,888 [ERROR] LogOutputStream:75 - [STDERR_REDIRECT] [Fatal Error] :1:1: Premature end of file.
2026-05-18 21:51:39,888 [ERROR] LogOutputStream:75 - [STDERR_REDIRECT] 
2026-05-18 21:51:40,886 [ERROR] LogOutputStream:75 - [STDERR_REDIRECT] [Fatal Error] :1:1: Premature end of file.
2026-05-18 21:51:40,886 [ERROR] LogOutputStream:75 - [STDERR_REDIRECT] 
2026-05-18 21:51:41,880 [ERROR] LogOutputStream:75 - [STDERR_REDIRECT] [Fatal Error] :1:1: Premature end of file.
2026-05-18 21:51:41,880 [ERROR] LogOutputStream:75 - [STDERR_REDIRECT] 
2026-05-18 21:51:42,890 [ERROR] LogOutputStream:75 - [STDERR_REDIRECT] [Fatal Error] :1:1: Premature end of file.
2026-05-18 21:51:42,890 [ERROR] LogOutputStream:75 - [STDERR_REDIRECT] 
2026-05-18 21:51:43,885 [ERROR] LogOutputStream:75 - [STDERR_REDIRECT] [Fatal Error] :1:1: Premature end of file.
2026-05-18 21:51:43,885 [ERROR] LogOutputStream:75 - [STDERR_REDIRECT] 
2026-05-18 21:51:44,881 [ERROR] LogOutputStream:75 - [STDERR_REDIRECT] [Fatal Error] :1:1: Premature end of file.
2026-05-18 21:51:44,882 [ERROR] LogOutputStream:75 - [STDERR_REDIRECT] 
2026-05-18 21:51:45,891 [ERROR] LogOutputStream:75 - [STDERR_REDIRECT] [Fatal Error] :1:1: Premature end of file.
2026-05-18 21:51:45,891 [ERROR] LogOutputStream:75 - [STDERR_REDIRECT] 
2026-05-18 21:51:46,883 [ERROR] LogOutputStream:75 - [STDERR_REDIRECT] [Fatal Error] :1:1: Premature end of file.
2026-05-18 21:51:46,883 [ERROR] LogOutputStream:75 - [STDERR_REDIRECT] 
2026-05-18 21:51:47,885 [ERROR] LogOutputStream:75 - [STDERR_REDIRECT] [Fatal Error] :1:1: Premature end of file.
2026-05-18 21:51:47,885 [ERROR] LogOutputStream:75 - [STDERR_REDIRECT] 
2026-05-18 21:51:48,894 [ERROR] LogOutputStream:75 - [STDERR_REDIRECT] [Fatal Error] :1:1: Premature end of file.
2026-05-18 21:51:48,895 [ERROR] LogOutputStream:75 - [STDERR_REDIRECT] 
2026-05-18 21:51:49,887 [ERROR] LogOutputStream:75 - [STDERR_REDIRECT] [Fatal Error] :1:1: Premature end of file.
2026-05-18 21:51:49,887 [ERROR] LogOutputStream:75 - [STDERR_REDIRECT] 
2026-05-18 21:51:50,887 [ERROR] LogOutputStream:75 - [STDERR_REDIRECT] [Fatal Error] :1:1: Premature end of file.
2026-05-18 21:51:50,887 [ERROR] LogOutputStream:75 - [STDERR_REDIRECT] 
2026-05-18 21:51:51,885 [ERROR] LogOutputStream:75 - [STDERR_REDIRECT] [Fatal Error] :1:1: Premature end of file.
2026-05-18 21:51:51,885 [ERROR] LogOutputStream:75 - [STDERR_REDIRECT] 
2026-05-18 21:51:52,891 [ERROR] LogOutputStream:75 - [STDERR_REDIRECT] [Fatal Error] :1:1: Premature end of file.
2026-05-18 21:51:52,891 [ERROR] LogOutputStream:75 - [STDERR_REDIRECT] 
2026-05-18 21:51:53,885 [ERROR] LogOutputStream:75 - [STDERR_REDIRECT] [Fatal Error] :1:1: Premature end of file.
2026-05-18 21:51:53,885 [ERROR] LogOutputStream:75 - [STDERR_REDIRECT] 
2026-05-18 21:51:54,905 [ERROR] LogOutputStream:75 - [STDERR_REDIRECT] [Fatal Error] :1:1: Premature end of file.
2026-05-18 21:51:54,906 [ERROR] LogOutputStream:75 - [STDERR_REDIRECT] 
2026-05-18 21:51:55,890 [ERROR] LogOutputStream:75 - [STDERR_REDIRECT] [Fatal Error] :1:1: Premature end of file.
2026-05-18 21:51:55,890 [ERROR] LogOutputStream:75 - [STDERR_REDIRECT] 
2026-05-18 21:51:56,885 [ERROR] LogOutputStream:75 - [STDERR_REDIRECT] [Fatal Error] :1:1: Premature end of file.
2026-05-18 21:51:56,885 [ERROR] LogOutputStream:75 - [STDERR_REDIRECT] 
2026-05-18 21:51:57,886 [ERROR] LogOutputStream:75 - [STDERR_REDIRECT] [Fatal Error] :1:1: Premature end of file.
2026-05-18 21:51:57,886 [ERROR] LogOutputStream:75 - [STDERR_REDIRECT] 
2026-05-18 21:51:58,890 [ERROR] LogOutputStream:75 - [STDERR_REDIRECT] [Fatal Error] :1:1: Premature end of file.
2026-05-18 21:51:58,890 [ERROR] LogOutputStream:75 - [STDERR_REDIRECT] 
2026-05-18 21:51:59,898 [ERROR] LogOutputStream:75 - [STDERR_REDIRECT] [Fatal Error] :1:1: Premature end of file.
2026-05-18 21:51:59,898 [ERROR] LogOutputStream:75 - [STDERR_REDIRECT] 
2026-05-18 21:52:00,888 [ERROR] LogOutputStream:75 - [STDERR_REDIRECT] [Fatal Error] :1:1: Premature end of file.
2026-05-18 21:52:00,888 [ERROR] LogOutputStream:75 - [STDERR_REDIRECT] 
2026-05-18 21:52:01,889 [ERROR] LogOutputStream:75 - [STDERR_REDIRECT] [Fatal Error] :1:1: Premature end of file.
2026-05-18 21:52:01,889 [ERROR] LogOutputStream:75 - [STDERR_REDIRECT] 
2026-05-18 21:52:02,895 [ERROR] LogOutputStream:75 - [STDERR_REDIRECT] [Fatal Error] :1:1: Premature end of file.
2026-05-18 21:52:02,895 [ERROR] LogOutputStream:75 - [STDERR_REDIRECT] 
2026-05-18 21:52:03,891 [ERROR] LogOutputStream:75 - [STDERR_REDIRECT] [Fatal Error] :1:1: Premature end of file.
2026-05-18 21:52:03,891 [ERROR] LogOutputStream:75 - [STDERR_REDIRECT] 
2026-05-18 21:52:04,885 [ERROR] LogOutputStream:75 - [STDERR_REDIRECT] [Fatal Error] :1:1: Premature end of file.
2026-05-18 21:52:04,886 [ERROR] LogOutputStream:75 - [STDERR_REDIRECT] 
2026-05-18 21:52:05,885 [ERROR] LogOutputStream:75 - [STDERR_REDIRECT] [Fatal Error] :1:1: Premature end of file.
2026-05-18 21:52:05,885 [ERROR] LogOutputStream:75 - [STDERR_REDIRECT] 
2026-05-18 21:52:06,882 [ERROR] LogOutputStream:75 - [STDERR_REDIRECT] [Fatal Error] :1:1: Premature end of file.
2026-05-18 21:52:06,883 [ERROR] LogOutputStream:75 - [STDERR_REDIRECT] 
2026-05-18 21:52:07,901 [ERROR] LogOutputStream:75 - [STDERR_REDIRECT] [Fatal Error] :1:1: Premature end of file.
2026-05-18 21:52:07,901 [ERROR] LogOutputStream:75 - [STDERR_REDIRECT] 
2026-05-18 21:52:08,891 [ERROR] LogOutputStream:75 - [STDERR_REDIRECT] [Fatal Error] :1:1: Premature end of file.
2026-05-18 21:52:08,891 [ERROR] LogOutputStream:75 - [STDERR_REDIRECT] 
2026-05-18 21:52:09,885 [ERROR] LogOutputStream:75 - [STDERR_REDIRECT] [Fatal Error] :1:1: Premature end of file.
2026-05-18 21:52:09,885 [ERROR] LogOutputStream:75 - [STDERR_REDIRECT] 
2026-05-18 21:52:10,887 [ERROR] LogOutputStream:75 - [STDERR_REDIRECT] [Fatal Error] :1:1: Premature end of file.
2026-05-18 21:52:10,887 [ERROR] LogOutputStream:75 - [STDERR_REDIRECT] 
2026-05-18 21:52:11,887 [ERROR] LogOutputStream:75 - [STDERR_REDIRECT] [Fatal Error] :1:1: Premature end of file.
2026-05-18 21:52:11,887 [ERROR] LogOutputStream:75 - [STDERR_REDIRECT] 
2026-05-18 21:52:12,890 [ERROR] LogOutputStream:75 - [STDERR_REDIRECT] [Fatal Error] :1:1: Premature end of file.
2026-05-18 21:52:12,891 [ERROR] LogOutputStream:75 - [STDERR_REDIRECT] 
2026-05-18 21:52:13,883 [ERROR] LogOutputStream:75 - [STDERR_REDIRECT] [Fatal Error] :1:1: Premature end of file.
2026-05-18 21:52:13,883 [ERROR] LogOutputStream:75 - [STDERR_REDIRECT] 
2026-05-18 21:52:14,886 [ERROR] LogOutputStream:75 - [STDERR_REDIRECT] [Fatal Error] :1:1: Premature end of file.
2026-05-18 21:52:14,887 [ERROR] LogOutputStream:75 - [STDERR_REDIRECT] 
2026-05-18 21:52:15,888 [ERROR] LogOutputStream:75 - [STDERR_REDIRECT] [Fatal Error] :1:1: Premature end of file.
2026-05-18 21:52:15,888 [ERROR] LogOutputStream:75 - [STDERR_REDIRECT] 
2026-05-18 21:52:16,889 [ERROR] LogOutputStream:75 - [STDERR_REDIRECT] [Fatal Error] :1:1: Premature end of file.
2026-05-18 21:52:16,890 [ERROR] LogOutputStream:75 - [STDERR_REDIRECT] 
2026-05-18 21:52:17,887 [ERROR] LogOutputStream:75 - [STDERR_REDIRECT] [Fatal Error] :1:1: Premature end of file.
2026-05-18 21:52:17,887 [ERROR] LogOutputStream:75 - [STDERR_REDIRECT] 
2026-05-18 21:52:18,893 [ERROR] LogOutputStream:75 - [STDERR_REDIRECT] [Fatal Error] :1:1: Premature end of file.
2026-05-18 21:52:18,893 [ERROR] LogOutputStream:75 - [STDERR_REDIRECT] 
2026-05-18 21:52:19,887 [ERROR] LogOutputStream:75 - [STDERR_REDIRECT] [Fatal Error] :1:1: Premature end of file.
2026-05-18 21:52:19,887 [ERROR] LogOutputStream:75 - [STDERR_REDIRECT] 
2026-05-18 21:52:20,883 [ERROR] LogOutputStream:75 - [STDERR_REDIRECT] [Fatal Error] :1:1: Premature end of file.
2026-05-18 21:52:20,883 [ERROR] LogOutputStream:75 - [STDERR_REDIRECT] 
2026-05-18 21:52:21,884 [ERROR] LogOutputStream:75 - [STDERR_REDIRECT] [Fatal Error] :1:1: Premature end of file.
2026-05-18 21:52:21,884 [ERROR] LogOutputStream:75 - [STDERR_REDIRECT] 
2026-05-18 21:52:22,881 [ERROR] LogOutputStream:75 - [STDERR_REDIRECT] [Fatal Error] :1:1: Premature end of file.
2026-05-18 21:52:22,881 [ERROR] LogOutputStream:75 - [STDERR_REDIRECT] 
2026-05-18 21:52:23,886 [ERROR] LogOutputStream:75 - [STDERR_REDIRECT] [Fatal Error] :1:1: Premature end of file.
2026-05-18 21:52:23,886 [ERROR] LogOutputStream:75 - [STDERR_REDIRECT] 
2026-05-18 21:52:24,884 [ERROR] LogOutputStream:75 - [STDERR_REDIRECT] [Fatal Error] :1:1: Premature end of file.
2026-05-18 21:52:24,884 [ERROR] LogOutputStream:75 - [STDERR_REDIRECT] 
2026-05-18 21:52:25,888 [ERROR] LogOutputStream:75 - [STDERR_REDIRECT] [Fatal Error] :1:1: Premature end of file.
2026-05-18 21:52:25,888 [ERROR] LogOutputStream:75 - [STDERR_REDIRECT] 
2026-05-18 21:52:26,891 [ERROR] LogOutputStream:75 - [STDERR_REDIRECT] [Fatal Error] :1:1: Premature end of file.
2026-05-18 21:52:26,891 [ERROR] LogOutputStream:75 - [STDERR_REDIRECT] 
2026-05-18 21:52:27,892 [ERROR] LogOutputStream:75 - [STDERR_REDIRECT] [Fatal Error] :1:1: Premature end of file.
2026-05-18 21:52:27,892 [ERROR] LogOutputStream:75 - [STDERR_REDIRECT] 
2026-05-18 21:52:28,892 [ERROR] LogOutputStream:75 - [STDERR_REDIRECT] [Fatal Error] :1:1: Premature end of file.
2026-05-18 21:52:28,892 [ERROR] LogOutputStream:75 - [STDERR_REDIRECT] 
2026-05-18 21:52:29,893 [ERROR] LogOutputStream:75 - [STDERR_REDIRECT] [Fatal Error] :1:1: Premature end of file.
2026-05-18 21:52:29,893 [ERROR] LogOutputStream:75 - [STDERR_REDIRECT] 
2026-05-18 21:52:30,883 [ERROR] LogOutputStream:75 - [STDERR_REDIRECT] [Fatal Error] :1:1: Premature end of file.
2026-05-18 21:52:30,883 [ERROR] LogOutputStream:75 - [STDERR_REDIRECT] 
2026-05-18 21:52:31,891 [ERROR] LogOutputStream:75 - [STDERR_REDIRECT] [Fatal Error] :1:1: Premature end of file.
2026-05-18 21:52:31,891 [ERROR] LogOutputStream:75 - [STDERR_REDIRECT] 
2026-05-18 21:52:32,891 [ERROR] LogOutputStream:75 - [STDERR_REDIRECT] [Fatal Error] :1:1: Premature end of file.
2026-05-18 21:52:32,891 [ERROR] LogOutputStream:75 - [STDERR_REDIRECT] 
2026-05-18 21:52:33,885 [ERROR] LogOutputStream:75 - [STDERR_REDIRECT] [Fatal Error] :1:1: Premature end of file.
2026-05-18 21:52:33,885 [ERROR] LogOutputStream:75 - [STDERR_REDIRECT] 
2026-05-18 21:52:34,889 [ERROR] LogOutputStream:75 - [STDERR_REDIRECT] [Fatal Error] :1:1: Premature end of file.
2026-05-18 21:52:34,889 [ERROR] LogOutputStream:75 - [STDERR_REDIRECT] 
2026-05-18 21:52:35,891 [ERROR] LogOutputStream:75 - [STDERR_REDIRECT] [Fatal Error] :1:1: Premature end of file.
2026-05-18 21:52:35,891 [ERROR] LogOutputStream:75 - [STDERR_REDIRECT] 
2026-05-18 21:52:36,890 [ERROR] LogOutputStream:75 - [STDERR_REDIRECT] [Fatal Error] :1:1: Premature end of file.
2026-05-18 21:52:36,890 [ERROR] LogOutputStream:75 - [STDERR_REDIRECT] 
2026-05-18 21:52:37,889 [ERROR] LogOutputStream:75 - [STDERR_REDIRECT] [Fatal Error] :1:1: Premature end of file.
2026-05-18 21:52:37,889 [ERROR] LogOutputStream:75 - [STDERR_REDIRECT] 
2026-05-18 21:52:38,896 [ERROR] LogOutputStream:75 - [STDERR_REDIRECT] [Fatal Error] :1:1: Premature end of file.
2026-05-18 21:52:38,896 [ERROR] LogOutputStream:75 - [STDERR_REDIRECT] 
2026-05-18 21:52:39,885 [ERROR] LogOutputStream:75 - [STDERR_REDIRECT] [Fatal Error] :1:1: Premature end of file.
2026-05-18 21:52:39,885 [ERROR] LogOutputStream:75 - [STDERR_REDIRECT] 
2026-05-18 21:52:40,889 [ERROR] LogOutputStream:75 - [STDERR_REDIRECT] [Fatal Error] :1:1: Premature end of file.
2026-05-18 21:52:40,890 [ERROR] LogOutputStream:75 - [STDERR_REDIRECT] 
2026-05-18 21:52:41,891 [ERROR] LogOutputStream:75 - [STDERR_REDIRECT] [Fatal Error] :1:1: Premature end of file.
2026-05-18 21:52:41,891 [ERROR] LogOutputStream:75 - [STDERR_REDIRECT] 
2026-05-18 21:52:42,891 [ERROR] LogOutputStream:75 - [STDERR_REDIRECT] [Fatal Error] :1:1: Premature end of file.
2026-05-18 21:52:42,891 [ERROR] LogOutputStream:75 - [STDERR_REDIRECT] 
2026-05-18 21:52:43,886 [ERROR] LogOutputStream:75 - [STDERR_REDIRECT] [Fatal Error] :1:1: Premature end of file.
2026-05-18 21:52:43,886 [ERROR] LogOutputStream:75 - [STDERR_REDIRECT] 
2026-05-18 21:52:44,897 [ERROR] LogOutputStream:75 - [STDERR_REDIRECT] [Fatal Error] :1:1: Premature end of file.
2026-05-18 21:52:44,897 [ERROR] LogOutputStream:75 - [STDERR_REDIRECT] 
2026-05-18 21:52:45,882 [ERROR] LogOutputStream:75 - [STDERR_REDIRECT] [Fatal Error] :1:1: Premature end of file.
2026-05-18 21:52:45,882 [ERROR] LogOutputStream:75 - [STDERR_REDIRECT] 
2026-05-18 21:52:46,885 [ERROR] LogOutputStream:75 - [STDERR_REDIRECT] [Fatal Error] :1:1: Premature end of file.
2026-05-18 21:52:46,885 [ERROR] LogOutputStream:75 - [STDERR_REDIRECT] 
2026-05-18 21:52:47,890 [ERROR] LogOutputStream:75 - [STDERR_REDIRECT] [Fatal Error] :1:1: Premature end of file.
2026-05-18 21:52:47,890 [ERROR] LogOutputStream:75 - [STDERR_REDIRECT] 
2026-05-18 21:52:48,898 [ERROR] LogOutputStream:75 - [STDERR_REDIRECT] [Fatal Error] :1:1: Premature end of file.
2026-05-18 21:52:48,898 [ERROR] LogOutputStream:75 - [STDERR_REDIRECT] 
2026-05-18 21:52:49,882 [ERROR] LogOutputStream:75 - [STDERR_REDIRECT] [Fatal Error] :1:1: Premature end of file.
2026-05-18 21:52:49,883 [ERROR] LogOutputStream:75 - [STDERR_REDIRECT] 
2026-05-18 21:52:50,891 [ERROR] LogOutputStream:75 - [STDERR_REDIRECT] [Fatal Error] :1:1: Premature end of file.
2026-05-18 21:52:50,891 [ERROR] LogOutputStream:75 - [STDERR_REDIRECT] 
2026-05-18 21:52:51,894 [ERROR] LogOutputStream:75 - [STDERR_REDIRECT] [Fatal Error] :1:1: Premature end of file.
2026-05-18 21:52:51,894 [ERROR] LogOutputStream:75 - [STDERR_REDIRECT] 
2026-05-18 21:52:52,886 [ERROR] LogOutputStream:75 - [STDERR_REDIRECT] [Fatal Error] :1:1: Premature end of file.
2026-05-18 21:52:52,886 [ERROR] LogOutputStream:75 - [STDERR_REDIRECT] 
2026-05-18 21:52:53,889 [ERROR] LogOutputStream:75 - [STDERR_REDIRECT] [Fatal Error] :1:1: Premature end of file.
2026-05-18 21:52:53,889 [ERROR] LogOutputStream:75 - [STDERR_REDIRECT] 
2026-05-18 21:52:54,891 [ERROR] LogOutputStream:75 - [STDERR_REDIRECT] [Fatal Error] :1:1: Premature end of file.
2026-05-18 21:52:54,891 [ERROR] LogOutputStream:75 - [STDERR_REDIRECT] 
2026-05-18 21:52:55,901 [ERROR] LogOutputStream:75 - [STDERR_REDIRECT] [Fatal Error] :1:1: Premature end of file.
2026-05-18 21:52:55,901 [ERROR] LogOutputStream:75 - [STDERR_REDIRECT] 
2026-05-18 21:52:56,882 [ERROR] LogOutputStream:75 - [STDERR_REDIRECT] [Fatal Error] :1:1: Premature end of file.
2026-05-18 21:52:56,882 [ERROR] LogOutputStream:75 - [STDERR_REDIRECT] 
2026-05-18 21:52:57,888 [ERROR] LogOutputStream:75 - [STDERR_REDIRECT] [Fatal Error] :1:1: Premature end of file.
2026-05-18 21:52:57,888 [ERROR] LogOutputStream:75 - [STDERR_REDIRECT] 
2026-05-18 21:52:58,896 [ERROR] LogOutputStream:75 - [STDERR_REDIRECT] [Fatal Error] :1:1: Premature end of file.
2026-05-18 21:52:58,896 [ERROR] LogOutputStream:75 - [STDERR_REDIRECT] 
2026-05-18 21:52:59,885 [ERROR] LogOutputStream:75 - [STDERR_REDIRECT] [Fatal Error] :1:1: Premature end of file.
2026-05-18 21:52:59,885 [ERROR] LogOutputStream:75 - [STDERR_REDIRECT] 
2026-05-18 21:53:00,888 [ERROR] LogOutputStream:75 - [STDERR_REDIRECT] [Fatal Error] :1:1: Premature end of file.
2026-05-18 21:53:00,888 [ERROR] LogOutputStream:75 - [STDERR_REDIRECT] 
2026-05-18 21:53:01,887 [ERROR] LogOutputStream:75 - [STDERR_REDIRECT] [Fatal Error] :1:1: Premature end of file.
2026-05-18 21:53:01,887 [ERROR] LogOutputStream:75 - [STDERR_REDIRECT] 
2026-05-18 21:53:02,885 [ERROR] LogOutputStream:75 - [STDERR_REDIRECT] [Fatal Error] :1:1: Premature end of file.
2026-05-18 21:53:02,885 [ERROR] LogOutputStream:75 - [STDERR_REDIRECT] 
2026-05-18 21:53:03,891 [ERROR] LogOutputStream:75 - [STDERR_REDIRECT] [Fatal Error] :1:1: Premature end of file.
2026-05-18 21:53:03,891 [ERROR] LogOutputStream:75 - [STDERR_REDIRECT] 
2026-05-18 21:53:04,894 [ERROR] LogOutputStream:75 - [STDERR_REDIRECT] [Fatal Error] :1:1: Premature end of file.
2026-05-18 21:53:04,894 [ERROR] LogOutputStream:75 - [STDERR_REDIRECT] 
2026-05-18 21:53:05,884 [ERROR] LogOutputStream:75 - [STDERR_REDIRECT] [Fatal Error] :1:1: Premature end of file.
2026-05-18 21:53:05,884 [ERROR] LogOutputStream:75 - [STDERR_REDIRECT] 
2026-05-18 21:53:06,891 [ERROR] LogOutputStream:75 - [STDERR_REDIRECT] [Fatal Error] :1:1: Premature end of file.
2026-05-18 21:53:06,891 [ERROR] LogOutputStream:75 - [STDERR_REDIRECT] 
2026-05-18 21:53:07,889 [ERROR] LogOutputStream:75 - [STDERR_REDIRECT] [Fatal Error] :1:1: Premature end of file.
2026-05-18 21:53:07,889 [ERROR] LogOutputStream:75 - [STDERR_REDIRECT] 
2026-05-18 21:53:08,888 [ERROR] LogOutputStream:75 - [STDERR_REDIRECT] [Fatal Error] :1:1: Premature end of file.
2026-05-18 21:53:08,888 [ERROR] LogOutputStream:75 - [STDERR_REDIRECT] 
2026-05-18 21:53:09,897 [ERROR] LogOutputStream:75 - [STDERR_REDIRECT] [Fatal Error] :1:1: Premature end of file.
2026-05-18 21:53:09,897 [ERROR] LogOutputStream:75 - [STDERR_REDIRECT] 
2026-05-18 21:53:10,883 [ERROR] LogOutputStream:75 - [STDERR_REDIRECT] [Fatal Error] :1:1: Premature end of file.
2026-05-18 21:53:10,883 [ERROR] LogOutputStream:75 - [STDERR_REDIRECT] 
2026-05-18 21:53:11,901 [ERROR] LogOutputStream:75 - [STDERR_REDIRECT] [Fatal Error] :1:1: Premature end of file.
2026-05-18 21:53:11,901 [ERROR] LogOutputStream:75 - [STDERR_REDIRECT] 
2026-05-18 21:53:12,889 [ERROR] LogOutputStream:75 - [STDERR_REDIRECT] [Fatal Error] :1:1: Premature end of file.
2026-05-18 21:53:12,889 [ERROR] LogOutputStream:75 - [STDERR_REDIRECT] 
2026-05-18 21:53:13,883 [ERROR] LogOutputStream:75 - [STDERR_REDIRECT] [Fatal Error] :1:1: Premature end of file.
2026-05-18 21:53:13,883 [ERROR] LogOutputStream:75 - [STDERR_REDIRECT] 
2026-05-18 21:53:14,887 [ERROR] LogOutputStream:75 - [STDERR_REDIRECT] [Fatal Error] :1:1: Premature end of file.
2026-05-18 21:53:14,887 [ERROR] LogOutputStream:75 - [STDERR_REDIRECT] 
2026-05-18 21:53:15,890 [ERROR] LogOutputStream:75 - [STDERR_REDIRECT] [Fatal Error] :1:1: Premature end of file.
2026-05-18 21:53:15,891 [ERROR] LogOutputStream:75 - [STDERR_REDIRECT] 
2026-05-18 21:53:16,886 [ERROR] LogOutputStream:75 - [STDERR_REDIRECT] [Fatal Error] :1:1: Premature end of file.
2026-05-18 21:53:16,886 [ERROR] LogOutputStream:75 - [STDERR_REDIRECT] 
2026-05-18 21:53:17,888 [ERROR] LogOutputStream:75 - [STDERR_REDIRECT] [Fatal Error] :1:1: Premature end of file.
2026-05-18 21:53:17,888 [ERROR] LogOutputStream:75 - [STDERR_REDIRECT] 
2026-05-18 21:53:18,898 [ERROR] LogOutputStream:75 - [STDERR_REDIRECT] [Fatal Error] :1:1: Premature end of file.
2026-05-18 21:53:18,899 [ERROR] LogOutputStream:75 - [STDERR_REDIRECT] 
2026-05-18 21:53:19,891 [ERROR] LogOutputStream:75 - [STDERR_REDIRECT] [Fatal Error] :1:1: Premature end of file.
2026-05-18 21:53:19,891 [ERROR] LogOutputStream:75 - [STDERR_REDIRECT] 
2026-05-18 21:53:20,891 [ERROR] LogOutputStream:75 - [STDERR_REDIRECT] [Fatal Error] :1:1: Premature end of file.
2026-05-18 21:53:20,891 [ERROR] LogOutputStream:75 - [STDERR_REDIRECT] 
2026-05-18 21:53:21,887 [ERROR] LogOutputStream:75 - [STDERR_REDIRECT] [Fatal Error] :1:1: Premature end of file.
2026-05-18 21:53:21,887 [ERROR] LogOutputStream:75 - [STDERR_REDIRECT] 
2026-05-18 21:53:22,891 [ERROR] LogOutputStream:75 - [STDERR_REDIRECT] [Fatal Error] :1:1: Premature end of file.
2026-05-18 21:53:22,891 [ERROR] LogOutputStream:75 - [STDERR_REDIRECT] 
2026-05-18 21:53:23,886 [ERROR] LogOutputStream:75 - [STDERR_REDIRECT] [Fatal Error] :1:1: Premature end of file.
2026-05-18 21:53:23,886 [ERROR] LogOutputStream:75 - [STDERR_REDIRECT] 
2026-05-18 21:53:24,884 [ERROR] LogOutputStream:75 - [STDERR_REDIRECT] [Fatal Error] :1:1: Premature end of file.
2026-05-18 21:53:24,884 [ERROR] LogOutputStream:75 - [STDERR_REDIRECT] 
2026-05-18 21:53:25,896 [ERROR] LogOutputStream:75 - [STDERR_REDIRECT] [Fatal Error] :1:1: Premature end of file.
2026-05-18 21:53:25,897 [ERROR] LogOutputStream:75 - [STDERR_REDIRECT] 
2026-05-18 21:53:26,893 [ERROR] LogOutputStream:75 - [STDERR_REDIRECT] [Fatal Error] :1:1: Premature end of file.
2026-05-18 21:53:26,893 [ERROR] LogOutputStream:75 - [STDERR_REDIRECT] 
2026-05-18 21:53:27,886 [ERROR] LogOutputStream:75 - [STDERR_REDIRECT] [Fatal Error] :1:1: Premature end of file.
2026-05-18 21:53:27,886 [ERROR] LogOutputStream:75 - [STDERR_REDIRECT] 
2026-05-18 21:53:28,887 [ERROR] LogOutputStream:75 - [STDERR_REDIRECT] [Fatal Error] :1:1: Premature end of file.
2026-05-18 21:53:28,887 [ERROR] LogOutputStream:75 - [STDERR_REDIRECT] 
2026-05-18 21:53:29,882 [ERROR] LogOutputStream:75 - [STDERR_REDIRECT] [Fatal Error] :1:1: Premature end of file.
2026-05-18 21:53:29,883 [ERROR] LogOutputStream:75 - [STDERR_REDIRECT] 
2026-05-18 21:53:30,885 [ERROR] LogOutputStream:75 - [STDERR_REDIRECT] [Fatal Error] :1:1: Premature end of file.
2026-05-18 21:53:30,885 [ERROR] LogOutputStream:75 - [STDERR_REDIRECT] 
2026-05-18 21:53:31,889 [ERROR] LogOutputStream:75 - [STDERR_REDIRECT] [Fatal Error] :1:1: Premature end of file.
2026-05-18 21:53:31,889 [ERROR] LogOutputStream:75 - [STDERR_REDIRECT] 
2026-05-18 21:53:32,890 [ERROR] LogOutputStream:75 - [STDERR_REDIRECT] [Fatal Error] :1:1: Premature end of file.
2026-05-18 21:53:32,891 [ERROR] LogOutputStream:75 - [STDERR_REDIRECT] 
2026-05-18 21:53:33,882 [ERROR] LogOutputStream:75 - [STDERR_REDIRECT] [Fatal Error] :1:1: Premature end of file.
2026-05-18 21:53:33,882 [ERROR] LogOutputStream:75 - [STDERR_REDIRECT] 
2026-05-18 21:53:34,882 [ERROR] LogOutputStream:75 - [STDERR_REDIRECT] [Fatal Error] :1:1: Premature end of file.
2026-05-18 21:53:34,882 [ERROR] LogOutputStream:75 - [STDERR_REDIRECT] 
2026-05-18 21:53:35,891 [ERROR] LogOutputStream:75 - [STDERR_REDIRECT] [Fatal Error] :1:1: Premature end of file.
2026-05-18 21:53:35,893 [ERROR] LogOutputStream:75 - [STDERR_REDIRECT] 
2026-05-18 21:53:36,881 [ERROR] LogOutputStream:75 - [STDERR_REDIRECT] [Fatal Error] :1:1: Premature end of file.
2026-05-18 21:53:36,881 [ERROR] LogOutputStream:75 - [STDERR_REDIRECT] 
2026-05-18 21:53:37,885 [ERROR] LogOutputStream:75 - [STDERR_REDIRECT] [Fatal Error] :1:1: Premature end of file.
2026-05-18 21:53:37,885 [ERROR] LogOutputStream:75 - [STDERR_REDIRECT] 
2026-05-18 21:53:38,896 [ERROR] LogOutputStream:75 - [STDERR_REDIRECT] [Fatal Error] :1:1: Premature end of file.
2026-05-18 21:53:38,897 [ERROR] LogOutputStream:75 - [STDERR_REDIRECT] 
2026-05-18 21:53:39,887 [ERROR] LogOutputStream:75 - [STDERR_REDIRECT] [Fatal Error] :1:1: Premature end of file.
2026-05-18 21:53:39,887 [ERROR] LogOutputStream:75 - [STDERR_REDIRECT] 
2026-05-18 21:53:40,887 [ERROR] LogOutputStream:75 - [STDERR_REDIRECT] [Fatal Error] :1:1: Premature end of file.
2026-05-18 21:53:40,887 [ERROR] LogOutputStream:75 - [STDERR_REDIRECT] 
2026-05-18 21:53:41,883 [ERROR] LogOutputStream:75 - [STDERR_REDIRECT] [Fatal Error] :1:1: Premature end of file.
2026-05-18 21:53:41,883 [ERROR] LogOutputStream:75 - [STDERR_REDIRECT] 
2026-05-18 21:53:42,882 [ERROR] LogOutputStream:75 - [STDERR_REDIRECT] [Fatal Error] :1:1: Premature end of file.
2026-05-18 21:53:42,883 [ERROR] LogOutputStream:75 - [STDERR_REDIRECT] 
2026-05-18 21:53:43,881 [ERROR] LogOutputStream:75 - [STDERR_REDIRECT] [Fatal Error] :1:1: Premature end of file.
2026-05-18 21:53:43,881 [ERROR] LogOutputStream:75 - [STDERR_REDIRECT] 
2026-05-18 21:53:44,890 [ERROR] LogOutputStream:75 - [STDERR_REDIRECT] [Fatal Error] :1:1: Premature end of file.
2026-05-18 21:53:44,891 [ERROR] LogOutputStream:75 - [STDERR_REDIRECT] 
2026-05-18 21:53:45,885 [ERROR] LogOutputStream:75 - [STDERR_REDIRECT] [Fatal Error] :1:1: Premature end of file.
2026-05-18 21:53:45,885 [ERROR] LogOutputStream:75 - [STDERR_REDIRECT] 
2026-05-18 21:53:46,883 [ERROR] LogOutputStream:75 - [STDERR_REDIRECT] [Fatal Error] :1:1: Premature end of file.
2026-05-18 21:53:46,883 [ERROR] LogOutputStream:75 - [STDERR_REDIRECT] 
2026-05-18 21:53:47,883 [ERROR] LogOutputStream:75 - [STDERR_REDIRECT] [Fatal Error] :1:1: Premature end of file.
2026-05-18 21:53:47,883 [ERROR] LogOutputStream:75 - [STDERR_REDIRECT] 
2026-05-18 21:53:48,885 [ERROR] LogOutputStream:75 - [STDERR_REDIRECT] [Fatal Error] :1:1: Premature end of file.
2026-05-18 21:53:48,885 [ERROR] LogOutputStream:75 - [STDERR_REDIRECT] 
2026-05-18 21:53:49,882 [ERROR] LogOutputStream:75 - [STDERR_REDIRECT] [Fatal Error] :1:1: Premature end of file.
2026-05-18 21:53:49,882 [ERROR] LogOutputStream:75 - [STDERR_REDIRECT] 
2026-05-18 21:53:50,887 [ERROR] LogOutputStream:75 - [STDERR_REDIRECT] [Fatal Error] :1:1: Premature end of file.
2026-05-18 21:53:50,887 [ERROR] LogOutputStream:75 - [STDERR_REDIRECT] 
2026-05-18 21:53:51,886 [ERROR] LogOutputStream:75 - [STDERR_REDIRECT] [Fatal Error] :1:1: Premature end of file.
2026-05-18 21:53:51,886 [ERROR] LogOutputStream:75 - [STDERR_REDIRECT] 
2026-05-18 21:53:52,889 [ERROR] LogOutputStream:75 - [STDERR_REDIRECT] [Fatal Error] :1:1: Premature end of file.
2026-05-18 21:53:52,889 [ERROR] LogOutputStream:75 - [STDERR_REDIRECT] 
2026-05-18 21:53:53,884 [ERROR] LogOutputStream:75 - [STDERR_REDIRECT] [Fatal Error] :1:1: Premature end of file.
2026-05-18 21:53:53,884 [ERROR] LogOutputStream:75 - [STDERR_REDIRECT] 
2026-05-18 21:53:54,885 [ERROR] LogOutputStream:75 - [STDERR_REDIRECT] [Fatal Error] :1:1: Premature end of file.
2026-05-18 21:53:54,885 [ERROR] LogOutputStream:75 - [STDERR_REDIRECT] 
2026-05-18 21:53:55,885 [ERROR] LogOutputStream:75 - [STDERR_REDIRECT] [Fatal Error] :1:1: Premature end of file.
2026-05-18 21:53:55,885 [ERROR] LogOutputStream:75 - [STDERR_REDIRECT] 
2026-05-18 21:53:56,890 [ERROR] LogOutputStream:75 - [STDERR_REDIRECT] [Fatal Error] :1:1: Premature end of file.
2026-05-18 21:53:56,890 [ERROR] LogOutputStream:75 - [STDERR_REDIRECT] 
2026-05-18 21:53:57,883 [ERROR] LogOutputStream:75 - [STDERR_REDIRECT] [Fatal Error] :1:1: Premature end of file.
2026-05-18 21:53:57,883 [ERROR] LogOutputStream:75 - [STDERR_REDIRECT] 
2026-05-18 21:53:58,889 [ERROR] LogOutputStream:75 - [STDERR_REDIRECT] [Fatal Error] :1:1: Premature end of file.
2026-05-18 21:53:58,889 [ERROR] LogOutputStream:75 - [STDERR_REDIRECT] 
2026-05-18 21:53:59,888 [ERROR] LogOutputStream:75 - [STDERR_REDIRECT] [Fatal Error] :1:1: Premature end of file.
2026-05-18 21:53:59,889 [ERROR] LogOutputStream:75 - [STDERR_REDIRECT] 
2026-05-18 21:54:00,898 [ERROR] LogOutputStream:75 - [STDERR_REDIRECT] [Fatal Error] :1:1: Premature end of file.
2026-05-18 21:54:00,899 [ERROR] LogOutputStream:75 - [STDERR_REDIRECT] 
2026-05-18 21:54:01,908 [ERROR] LogOutputStream:75 - [STDERR_REDIRECT] [Fatal Error] :1:1: Premature end of file.
2026-05-18 21:54:01,908 [ERROR] LogOutputStream:75 - [STDERR_REDIRECT] 
2026-05-18 21:54:02,885 [ERROR] LogOutputStream:75 - [STDERR_REDIRECT] [Fatal Error] :1:1: Premature end of file.
2026-05-18 21:54:02,886 [ERROR] LogOutputStream:75 - [STDERR_REDIRECT] 
2026-05-18 21:54:03,881 [ERROR] LogOutputStream:75 - [STDERR_REDIRECT] [Fatal Error] :1:1: Premature end of file.
2026-05-18 21:54:03,881 [ERROR] LogOutputStream:75 - [STDERR_REDIRECT] 
2026-05-18 21:54:04,886 [ERROR] LogOutputStream:75 - [STDERR_REDIRECT] [Fatal Error] :1:1: Premature end of file.
2026-05-18 21:54:04,887 [ERROR] LogOutputStream:75 - [STDERR_REDIRECT] 
2026-05-18 21:54:05,881 [ERROR] LogOutputStream:75 - [STDERR_REDIRECT] [Fatal Error] :1:1: Premature end of file.
2026-05-18 21:54:05,881 [ERROR] LogOutputStream:75 - [STDERR_REDIRECT] 
2026-05-18 21:54:06,886 [ERROR] LogOutputStream:75 - [STDERR_REDIRECT] [Fatal Error] :1:1: Premature end of file.
2026-05-18 21:54:06,886 [ERROR] LogOutputStream:75 - [STDERR_REDIRECT] 
2026-05-18 21:54:07,887 [ERROR] LogOutputStream:75 - [STDERR_REDIRECT] [Fatal Error] :1:1: Premature end of file.
2026-05-18 21:54:07,887 [ERROR] LogOutputStream:75 - [STDERR_REDIRECT] 
2026-05-18 21:54:08,889 [ERROR] LogOutputStream:75 - [STDERR_REDIRECT] [Fatal Error] :1:1: Premature end of file.
2026-05-18 21:54:08,889 [ERROR] LogOutputStream:75 - [STDERR_REDIRECT] 
2026-05-18 21:54:09,886 [ERROR] LogOutputStream:75 - [STDERR_REDIRECT] [Fatal Error] :1:1: Premature end of file.
2026-05-18 21:54:09,886 [ERROR] LogOutputStream:75 - [STDERR_REDIRECT] 
2026-05-18 21:54:10,900 [ERROR] LogOutputStream:75 - [STDERR_REDIRECT] [Fatal Error] :1:1: Premature end of file.
2026-05-18 21:54:10,900 [ERROR] LogOutputStream:75 - [STDERR_REDIRECT] 
2026-05-18 21:54:11,883 [ERROR] LogOutputStream:75 - [STDERR_REDIRECT] [Fatal Error] :1:1: Premature end of file.
2026-05-18 21:54:11,883 [ERROR] LogOutputStream:75 - [STDERR_REDIRECT] 
2026-05-18 21:54:12,888 [ERROR] LogOutputStream:75 - [STDERR_REDIRECT] [Fatal Error] :1:1: Premature end of file.
2026-05-18 21:54:12,889 [ERROR] LogOutputStream:75 - [STDERR_REDIRECT] 
2026-05-18 21:54:13,892 [ERROR] LogOutputStream:75 - [STDERR_REDIRECT] [Fatal Error] :1:1: Premature end of file.
2026-05-18 21:54:13,892 [ERROR] LogOutputStream:75 - [STDERR_REDIRECT] 
2026-05-18 21:54:14,890 [ERROR] LogOutputStream:75 - [STDERR_REDIRECT] [Fatal Error] :1:1: Premature end of file.
2026-05-18 21:54:14,891 [ERROR] LogOutputStream:75 - [STDERR_REDIRECT] 
2026-05-18 21:54:15,888 [ERROR] LogOutputStream:75 - [STDERR_REDIRECT] [Fatal Error] :1:1: Premature end of file.
2026-05-18 21:54:15,888 [ERROR] LogOutputStream:75 - [STDERR_REDIRECT] 
2026-05-18 21:54:16,881 [ERROR] LogOutputStream:75 - [STDERR_REDIRECT] [Fatal Error] :1:1: Premature end of file.
2026-05-18 21:54:16,881 [ERROR] LogOutputStream:75 - [STDERR_REDIRECT] 
2026-05-18 21:54:17,888 [ERROR] LogOutputStream:75 - [STDERR_REDIRECT] [Fatal Error] :1:1: Premature end of file.
2026-05-18 21:54:17,888 [ERROR] LogOutputStream:75 - [STDERR_REDIRECT] 
2026-05-18 21:54:18,885 [ERROR] LogOutputStream:75 - [STDERR_REDIRECT] [Fatal Error] :1:1: Premature end of file.
2026-05-18 21:54:18,885 [ERROR] LogOutputStream:75 - [STDERR_REDIRECT] 
2026-05-18 21:54:19,884 [ERROR] LogOutputStream:75 - [STDERR_REDIRECT] [Fatal Error] :1:1: Premature end of file.
2026-05-18 21:54:19,884 [ERROR] LogOutputStream:75 - [STDERR_REDIRECT] 
2026-05-18 21:54:20,893 [ERROR] LogOutputStream:75 - [STDERR_REDIRECT] [Fatal Error] :1:1: Premature end of file.
2026-05-18 21:54:20,893 [ERROR] LogOutputStream:75 - [STDERR_REDIRECT] 
2026-05-18 21:54:21,890 [ERROR] LogOutputStream:75 - [STDERR_REDIRECT] [Fatal Error] :1:1: Premature end of file.
2026-05-18 21:54:21,890 [ERROR] LogOutputStream:75 - [STDERR_REDIRECT] 
2026-05-18 21:54:22,887 [ERROR] LogOutputStream:75 - [STDERR_REDIRECT] [Fatal Error] :1:1: Premature end of file.
2026-05-18 21:54:22,887 [ERROR] LogOutputStream:75 - [STDERR_REDIRECT] 
2026-05-18 21:54:23,881 [ERROR] LogOutputStream:75 - [STDERR_REDIRECT] [Fatal Error] :1:1: Premature end of file.
2026-05-18 21:54:23,881 [ERROR] LogOutputStream:75 - [STDERR_REDIRECT] 
2026-05-18 21:54:24,902 [ERROR] LogOutputStream:75 - [STDERR_REDIRECT] [Fatal Error] :1:1: Premature end of file.
2026-05-18 21:54:24,902 [ERROR] LogOutputStream:75 - [STDERR_REDIRECT] 
2026-05-18 21:54:25,894 [ERROR] LogOutputStream:75 - [STDERR_REDIRECT] [Fatal Error] :1:1: Premature end of file.
2026-05-18 21:54:25,894 [ERROR] LogOutputStream:75 - [STDERR_REDIRECT] 
2026-05-18 21:54:26,888 [ERROR] LogOutputStream:75 - [STDERR_REDIRECT] [Fatal Error] :1:1: Premature end of file.
2026-05-18 21:54:26,888 [ERROR] LogOutputStream:75 - [STDERR_REDIRECT] 
2026-05-18 21:54:27,886 [ERROR] LogOutputStream:75 - [STDERR_REDIRECT] [Fatal Error] :1:1: Premature end of file.
2026-05-18 21:54:27,886 [ERROR] LogOutputStream:75 - [STDERR_REDIRECT] 
2026-05-18 21:54:28,888 [ERROR] LogOutputStream:75 - [STDERR_REDIRECT] [Fatal Error] :1:1: Premature end of file.
2026-05-18 21:54:28,888 [ERROR] LogOutputStream:75 - [STDERR_REDIRECT] 
2026-05-18 21:54:29,891 [ERROR] LogOutputStream:75 - [STDERR_REDIRECT] [Fatal Error] :1:1: Premature end of file.
2026-05-18 21:54:29,891 [ERROR] LogOutputStream:75 - [STDERR_REDIRECT] 
2026-05-18 21:54:30,888 [ERROR] LogOutputStream:75 - [STDERR_REDIRECT] [Fatal Error] :1:1: Premature end of file.
2026-05-18 21:54:30,888 [ERROR] LogOutputStream:75 - [STDERR_REDIRECT] 
2026-05-18 21:54:31,890 [ERROR] LogOutputStream:75 - [STDERR_REDIRECT] [Fatal Error] :1:1: Premature end of file.
2026-05-18 21:54:31,890 [ERROR] LogOutputStream:75 - [STDERR_REDIRECT] 
2026-05-18 21:54:32,895 [ERROR] LogOutputStream:75 - [STDERR_REDIRECT] [Fatal Error] :1:1: Premature end of file.
2026-05-18 21:54:32,895 [ERROR] LogOutputStream:75 - [STDERR_REDIRECT] 
2026-05-18 21:54:33,888 [ERROR] LogOutputStream:75 - [STDERR_REDIRECT] [Fatal Error] :1:1: Premature end of file.
2026-05-18 21:54:33,888 [ERROR] LogOutputStream:75 - [STDERR_REDIRECT] 
2026-05-18 21:54:34,884 [ERROR] LogOutputStream:75 - [STDERR_REDIRECT] [Fatal Error] :1:1: Premature end of file.
2026-05-18 21:54:34,884 [ERROR] LogOutputStream:75 - [STDERR_REDIRECT] 
2026-05-18 21:54:35,888 [ERROR] LogOutputStream:75 - [STDERR_REDIRECT] [Fatal Error] :1:1: Premature end of file.
2026-05-18 21:54:35,888 [ERROR] LogOutputStream:75 - [STDERR_REDIRECT] 
2026-05-18 21:54:36,885 [ERROR] LogOutputStream:75 - [STDERR_REDIRECT] [Fatal Error] :1:1: Premature end of file.
2026-05-18 21:54:36,885 [ERROR] LogOutputStream:75 - [STDERR_REDIRECT] 
2026-05-18 21:54:37,883 [ERROR] LogOutputStream:75 - [STDERR_REDIRECT] [Fatal Error] :1:1: Premature end of file.
2026-05-18 21:54:37,883 [ERROR] LogOutputStream:75 - [STDERR_REDIRECT] 
2026-05-18 21:54:38,889 [ERROR] LogOutputStream:75 - [STDERR_REDIRECT] [Fatal Error] :1:1: Premature end of file.
2026-05-18 21:54:38,890 [ERROR] LogOutputStream:75 - [STDERR_REDIRECT] 
2026-05-18 21:54:39,888 [ERROR] LogOutputStream:75 - [STDERR_REDIRECT] [Fatal Error] :1:1: Premature end of file.
2026-05-18 21:54:39,888 [ERROR] LogOutputStream:75 - [STDERR_REDIRECT] 
2026-05-18 21:54:40,888 [ERROR] LogOutputStream:75 - [STDERR_REDIRECT] [Fatal Error] :1:1: Premature end of file.
2026-05-18 21:54:40,889 [ERROR] LogOutputStream:75 - [STDERR_REDIRECT] 
2026-05-18 21:54:41,893 [ERROR] LogOutputStream:75 - [STDERR_REDIRECT] [Fatal Error] :1:1: Premature end of file.
2026-05-18 21:54:41,893 [ERROR] LogOutputStream:75 - [STDERR_REDIRECT] 
2026-05-18 21:54:42,894 [ERROR] LogOutputStream:75 - [STDERR_REDIRECT] [Fatal Error] :1:1: Premature end of file.
2026-05-18 21:54:42,894 [ERROR] LogOutputStream:75 - [STDERR_REDIRECT] 
2026-05-18 21:54:43,886 [ERROR] LogOutputStream:75 - [STDERR_REDIRECT] [Fatal Error] :1:1: Premature end of file.
2026-05-18 21:54:43,887 [ERROR] LogOutputStream:75 - [STDERR_REDIRECT] 
2026-05-18 21:54:44,889 [ERROR] LogOutputStream:75 - [STDERR_REDIRECT] [Fatal Error] :1:1: Premature end of file.
2026-05-18 21:54:44,889 [ERROR] LogOutputStream:75 - [STDERR_REDIRECT] 
2026-05-18 21:54:45,892 [ERROR] LogOutputStream:75 - [STDERR_REDIRECT] [Fatal Error] :1:1: Premature end of file.
2026-05-18 21:54:45,892 [ERROR] LogOutputStream:75 - [STDERR_REDIRECT] 
2026-05-18 21:54:46,929 [ERROR] LogOutputStream:75 - [STDERR_REDIRECT] [Fatal Error] :1:1: Premature end of file.
2026-05-18 21:54:46,929 [ERROR] LogOutputStream:75 - [STDERR_REDIRECT] 
2026-05-18 21:54:47,887 [ERROR] LogOutputStream:75 - [STDERR_REDIRECT] [Fatal Error] :1:1: Premature end of file.
2026-05-18 21:54:47,887 [ERROR] LogOutputStream:75 - [STDERR_REDIRECT] 
2026-05-18 21:54:48,887 [ERROR] LogOutputStream:75 - [STDERR_REDIRECT] [Fatal Error] :1:1: Premature end of file.
2026-05-18 21:54:48,887 [ERROR] LogOutputStream:75 - [STDERR_REDIRECT] 
2026-05-18 21:54:49,884 [ERROR] LogOutputStream:75 - [STDERR_REDIRECT] [Fatal Error] :1:1: Premature end of file.
2026-05-18 21:54:49,884 [ERROR] LogOutputStream:75 - [STDERR_REDIRECT] 
2026-05-18 21:54:50,891 [ERROR] LogOutputStream:75 - [STDERR_REDIRECT] [Fatal Error] :1:1: Premature end of file.
2026-05-18 21:54:50,891 [ERROR] LogOutputStream:75 - [STDERR_REDIRECT] 
2026-05-18 21:54:51,889 [ERROR] LogOutputStream:75 - [STDERR_REDIRECT] [Fatal Error] :1:1: Premature end of file.
2026-05-18 21:54:51,889 [ERROR] LogOutputStream:75 - [STDERR_REDIRECT] 
2026-05-18 21:54:52,888 [ERROR] LogOutputStream:75 - [STDERR_REDIRECT] [Fatal Error] :1:1: Premature end of file.
2026-05-18 21:54:52,888 [ERROR] LogOutputStream:75 - [STDERR_REDIRECT] 
2026-05-18 21:54:53,891 [ERROR] LogOutputStream:75 - [STDERR_REDIRECT] [Fatal Error] :1:1: Premature end of file.
2026-05-18 21:54:53,892 [ERROR] LogOutputStream:75 - [STDERR_REDIRECT] 
2026-05-18 21:54:54,894 [ERROR] LogOutputStream:75 - [STDERR_REDIRECT] [Fatal Error] :1:1: Premature end of file.
2026-05-18 21:54:54,894 [ERROR] LogOutputStream:75 - [STDERR_REDIRECT] 
2026-05-18 21:54:55,883 [ERROR] LogOutputStream:75 - [STDERR_REDIRECT] [Fatal Error] :1:1: Premature end of file.
2026-05-18 21:54:55,884 [ERROR] LogOutputStream:75 - [STDERR_REDIRECT] 
2026-05-18 21:54:56,881 [ERROR] LogOutputStream:75 - [STDERR_REDIRECT] [Fatal Error] :1:1: Premature end of file.
2026-05-18 21:54:56,881 [ERROR] LogOutputStream:75 - [STDERR_REDIRECT] 
2026-05-18 21:54:57,881 [ERROR] LogOutputStream:75 - [STDERR_REDIRECT] [Fatal Error] :1:1: Premature end of file.
2026-05-18 21:54:57,881 [ERROR] LogOutputStream:75 - [STDERR_REDIRECT] 
2026-05-18 21:54:58,884 [ERROR] LogOutputStream:75 - [STDERR_REDIRECT] [Fatal Error] :1:1: Premature end of file.
2026-05-18 21:54:58,884 [ERROR] LogOutputStream:75 - [STDERR_REDIRECT] 
2026-05-18 21:54:59,899 [ERROR] LogOutputStream:75 - [STDERR_REDIRECT] [Fatal Error] :1:1: Premature end of file.
2026-05-18 21:54:59,899 [ERROR] LogOutputStream:75 - [STDERR_REDIRECT] 
2026-05-18 21:55:00,884 [ERROR] LogOutputStream:75 - [STDERR_REDIRECT] [Fatal Error] :1:1: Premature end of file.
2026-05-18 21:55:00,884 [ERROR] LogOutputStream:75 - [STDERR_REDIRECT] 
2026-05-18 21:55:01,881 [ERROR] LogOutputStream:75 - [STDERR_REDIRECT] [Fatal Error] :1:1: Premature end of file.
2026-05-18 21:55:01,881 [ERROR] LogOutputStream:75 - [STDERR_REDIRECT] 
2026-05-18 21:55:02,885 [ERROR] LogOutputStream:75 - [STDERR_REDIRECT] [Fatal Error] :1:1: Premature end of file.
2026-05-18 21:55:02,885 [ERROR] LogOutputStream:75 - [STDERR_REDIRECT] 
2026-05-18 21:55:03,881 [ERROR] LogOutputStream:75 - [STDERR_REDIRECT] [Fatal Error] :1:1: Premature end of file.
2026-05-18 21:55:03,882 [ERROR] LogOutputStream:75 - [STDERR_REDIRECT] 
2026-05-18 21:55:04,882 [ERROR] LogOutputStream:75 - [STDERR_REDIRECT] [Fatal Error] :1:1: Premature end of file.
2026-05-18 21:55:04,882 [ERROR] LogOutputStream:75 - [STDERR_REDIRECT] 
2026-05-18 21:55:05,880 [ERROR] LogOutputStream:75 - [STDERR_REDIRECT] [Fatal Error] :1:1: Premature end of file.
2026-05-18 21:55:05,880 [ERROR] LogOutputStream:75 - [STDERR_REDIRECT] 
2026-05-18 21:55:06,882 [ERROR] LogOutputStream:75 - [STDERR_REDIRECT] [Fatal Error] :1:1: Premature end of file.
2026-05-18 21:55:06,882 [ERROR] LogOutputStream:75 - [STDERR_REDIRECT] 
2026-05-18 21:55:07,886 [ERROR] LogOutputStream:75 - [STDERR_REDIRECT] [Fatal Error] :1:1: Premature end of file.
2026-05-18 21:55:07,887 [ERROR] LogOutputStream:75 - [STDERR_REDIRECT] 
2026-05-18 21:55:08,887 [ERROR] LogOutputStream:75 - [STDERR_REDIRECT] [Fatal Error] :1:1: Premature end of file.
2026-05-18 21:55:08,887 [ERROR] LogOutputStream:75 - [STDERR_REDIRECT] 
2026-05-18 21:55:09,880 [ERROR] LogOutputStream:75 - [STDERR_REDIRECT] [Fatal Error] :1:1: Premature end of file.
2026-05-18 21:55:09,880 [ERROR] LogOutputStream:75 - [STDERR_REDIRECT] 
2026-05-18 21:55:10,886 [ERROR] LogOutputStream:75 - [STDERR_REDIRECT] [Fatal Error] :1:1: Premature end of file.
2026-05-18 21:55:10,886 [ERROR] LogOutputStream:75 - [STDERR_REDIRECT] 
2026-05-18 21:55:11,904 [ERROR] LogOutputStream:75 - [STDERR_REDIRECT] [Fatal Error] :1:1: Premature end of file.
2026-05-18 21:55:11,904 [ERROR] LogOutputStream:75 - [STDERR_REDIRECT] 
2026-05-18 21:55:12,887 [ERROR] LogOutputStream:75 - [STDERR_REDIRECT] [Fatal Error] :1:1: Premature end of file.
2026-05-18 21:55:12,888 [ERROR] LogOutputStream:75 - [STDERR_REDIRECT] 
2026-05-18 21:55:13,889 [ERROR] LogOutputStream:75 - [STDERR_REDIRECT] [Fatal Error] :1:1: Premature end of file.
2026-05-18 21:55:13,889 [ERROR] LogOutputStream:75 - [STDERR_REDIRECT] 
2026-05-18 21:55:14,890 [ERROR] LogOutputStream:75 - [STDERR_REDIRECT] [Fatal Error] :1:1: Premature end of file.
2026-05-18 21:55:14,890 [ERROR] LogOutputStream:75 - [STDERR_REDIRECT] 
2026-05-18 21:55:15,882 [ERROR] LogOutputStream:75 - [STDERR_REDIRECT] [Fatal Error] :1:1: Premature end of file.
2026-05-18 21:55:15,882 [ERROR] LogOutputStream:75 - [STDERR_REDIRECT] 
2026-05-18 21:55:16,890 [ERROR] LogOutputStream:75 - [STDERR_REDIRECT] [Fatal Error] :1:1: Premature end of file.
2026-05-18 21:55:16,890 [ERROR] LogOutputStream:75 - [STDERR_REDIRECT] 
2026-05-18 21:55:17,882 [ERROR] LogOutputStream:75 - [STDERR_REDIRECT] [Fatal Error] :1:1: Premature end of file.
2026-05-18 21:55:17,882 [ERROR] LogOutputStream:75 - [STDERR_REDIRECT] 
2026-05-18 21:55:18,880 [ERROR] LogOutputStream:75 - [STDERR_REDIRECT] [Fatal Error] :1:1: Premature end of file.
2026-05-18 21:55:18,880 [ERROR] LogOutputStream:75 - [STDERR_REDIRECT] 
2026-05-18 21:55:19,883 [ERROR] LogOutputStream:75 - [STDERR_REDIRECT] [Fatal Error] :1:1: Premature end of file.
2026-05-18 21:55:19,883 [ERROR] LogOutputStream:75 - [STDERR_REDIRECT] 
2026-05-18 21:55:20,891 [ERROR] LogOutputStream:75 - [STDERR_REDIRECT] [Fatal Error] :1:1: Premature end of file.
2026-05-18 21:55:20,891 [ERROR] LogOutputStream:75 - [STDERR_REDIRECT] 
2026-05-18 21:55:21,885 [ERROR] LogOutputStream:75 - [STDERR_REDIRECT] [Fatal Error] :1:1: Premature end of file.
2026-05-18 21:55:21,885 [ERROR] LogOutputStream:75 - [STDERR_REDIRECT] 
2026-05-18 21:55:22,890 [ERROR] LogOutputStream:75 - [STDERR_REDIRECT] [Fatal Error] :1:1: Premature end of file.
2026-05-18 21:55:22,890 [ERROR] LogOutputStream:75 - [STDERR_REDIRECT] 
2026-05-18 21:55:23,887 [ERROR] LogOutputStream:75 - [STDERR_REDIRECT] [Fatal Error] :1:1: Premature end of file.
2026-05-18 21:55:23,887 [ERROR] LogOutputStream:75 - [STDERR_REDIRECT] 
2026-05-18 21:55:24,884 [ERROR] LogOutputStream:75 - [STDERR_REDIRECT] [Fatal Error] :1:1: Premature end of file.
2026-05-18 21:55:24,884 [ERROR] LogOutputStream:75 - [STDERR_REDIRECT] 
2026-05-18 21:55:25,893 [ERROR] LogOutputStream:75 - [STDERR_REDIRECT] [Fatal Error] :1:1: Premature end of file.
2026-05-18 21:55:25,894 [ERROR] LogOutputStream:75 - [STDERR_REDIRECT] 
2026-05-18 21:55:26,887 [ERROR] LogOutputStream:75 - [STDERR_REDIRECT] [Fatal Error] :1:1: Premature end of file.
2026-05-18 21:55:26,887 [ERROR] LogOutputStream:75 - [STDERR_REDIRECT] 
2026-05-18 21:55:27,885 [ERROR] LogOutputStream:75 - [STDERR_REDIRECT] [Fatal Error] :1:1: Premature end of file.
2026-05-18 21:55:27,885 [ERROR] LogOutputStream:75 - [STDERR_REDIRECT] 
2026-05-18 21:55:28,883 [ERROR] LogOutputStream:75 - [STDERR_REDIRECT] [Fatal Error] :1:1: Premature end of file.
2026-05-18 21:55:28,883 [ERROR] LogOutputStream:75 - [STDERR_REDIRECT] 
2026-05-18 21:55:29,893 [ERROR] LogOutputStream:75 - [STDERR_REDIRECT] [Fatal Error] :1:1: Premature end of file.
2026-05-18 21:55:29,893 [ERROR] LogOutputStream:75 - [STDERR_REDIRECT] 
2026-05-18 21:55:30,891 [ERROR] LogOutputStream:75 - [STDERR_REDIRECT] [Fatal Error] :1:1: Premature end of file.
2026-05-18 21:55:30,891 [ERROR] LogOutputStream:75 - [STDERR_REDIRECT] 
2026-05-18 21:55:31,885 [ERROR] LogOutputStream:75 - [STDERR_REDIRECT] [Fatal Error] :1:1: Premature end of file.
2026-05-18 21:55:31,885 [ERROR] LogOutputStream:75 - [STDERR_REDIRECT] 
2026-05-18 21:55:32,891 [ERROR] LogOutputStream:75 - [STDERR_REDIRECT] [Fatal Error] :1:1: Premature end of file.
2026-05-18 21:55:32,891 [ERROR] LogOutputStream:75 - [STDERR_REDIRECT] 
2026-05-18 21:55:33,886 [ERROR] LogOutputStream:75 - [STDERR_REDIRECT] [Fatal Error] :1:1: Premature end of file.
2026-05-18 21:55:33,886 [ERROR] LogOutputStream:75 - [STDERR_REDIRECT] 
2026-05-18 21:55:34,890 [ERROR] LogOutputStream:75 - [STDERR_REDIRECT] [Fatal Error] :1:1: Premature end of file.
2026-05-18 21:55:34,891 [ERROR] LogOutputStream:75 - [STDERR_REDIRECT] 
2026-05-18 21:55:35,888 [ERROR] LogOutputStream:75 - [STDERR_REDIRECT] [Fatal Error] :1:1: Premature end of file.
2026-05-18 21:55:35,888 [ERROR] LogOutputStream:75 - [STDERR_REDIRECT] 
2026-05-18 21:55:36,890 [ERROR] LogOutputStream:75 - [STDERR_REDIRECT] [Fatal Error] :1:1: Premature end of file.
2026-05-18 21:55:36,890 [ERROR] LogOutputStream:75 - [STDERR_REDIRECT] 
2026-05-18 21:55:37,888 [ERROR] LogOutputStream:75 - [STDERR_REDIRECT] [Fatal Error] :1:1: Premature end of file.
2026-05-18 21:55:37,888 [ERROR] LogOutputStream:75 - [STDERR_REDIRECT] 
2026-05-18 21:55:38,888 [ERROR] LogOutputStream:75 - [STDERR_REDIRECT] [Fatal Error] :1:1: Premature end of file.
2026-05-18 21:55:38,889 [ERROR] LogOutputStream:75 - [STDERR_REDIRECT] 
2026-05-18 21:55:39,903 [ERROR] LogOutputStream:75 - [STDERR_REDIRECT] [Fatal Error] :1:1: Premature end of file.
2026-05-18 21:55:39,903 [ERROR] LogOutputStream:75 - [STDERR_REDIRECT] 
2026-05-18 21:55:40,887 [ERROR] LogOutputStream:75 - [STDERR_REDIRECT] [Fatal Error] :1:1: Premature end of file.
2026-05-18 21:55:40,887 [ERROR] LogOutputStream:75 - [STDERR_REDIRECT] 
2026-05-18 21:55:41,893 [ERROR] LogOutputStream:75 - [STDERR_REDIRECT] [Fatal Error] :1:1: Premature end of file.
2026-05-18 21:55:41,893 [ERROR] LogOutputStream:75 - [STDERR_REDIRECT] 
2026-05-18 21:55:42,898 [ERROR] LogOutputStream:75 - [STDERR_REDIRECT] [Fatal Error] :1:1: Premature end of file.
2026-05-18 21:55:42,898 [ERROR] LogOutputStream:75 - [STDERR_REDIRECT] 
2026-05-18 21:55:43,882 [ERROR] LogOutputStream:75 - [STDERR_REDIRECT] [Fatal Error] :1:1: Premature end of file.
2026-05-18 21:55:43,882 [ERROR] LogOutputStream:75 - [STDERR_REDIRECT] 
2026-05-18 21:55:44,883 [ERROR] LogOutputStream:75 - [STDERR_REDIRECT] [Fatal Error] :1:1: Premature end of file.
2026-05-18 21:55:44,883 [ERROR] LogOutputStream:75 - [STDERR_REDIRECT] 
2026-05-18 21:55:45,888 [ERROR] LogOutputStream:75 - [STDERR_REDIRECT] [Fatal Error] :1:1: Premature end of file.
2026-05-18 21:55:45,888 [ERROR] LogOutputStream:75 - [STDERR_REDIRECT] 
2026-05-18 21:55:46,890 [ERROR] LogOutputStream:75 - [STDERR_REDIRECT] [Fatal Error] :1:1: Premature end of file.
2026-05-18 21:55:46,890 [ERROR] LogOutputStream:75 - [STDERR_REDIRECT] 
2026-05-18 21:55:47,898 [ERROR] LogOutputStream:75 - [STDERR_REDIRECT] [Fatal Error] :1:1: Premature end of file.
2026-05-18 21:55:47,898 [ERROR] LogOutputStream:75 - [STDERR_REDIRECT] 
2026-05-18 21:55:48,894 [ERROR] LogOutputStream:75 - [STDERR_REDIRECT] [Fatal Error] :1:1: Premature end of file.
2026-05-18 21:55:48,894 [ERROR] LogOutputStream:75 - [STDERR_REDIRECT] 
2026-05-18 21:55:49,884 [ERROR] LogOutputStream:75 - [STDERR_REDIRECT] [Fatal Error] :1:1: Premature end of file.
2026-05-18 21:55:49,884 [ERROR] LogOutputStream:75 - [STDERR_REDIRECT] 
2026-05-18 21:55:50,891 [ERROR] LogOutputStream:75 - [STDERR_REDIRECT] [Fatal Error] :1:1: Premature end of file.
2026-05-18 21:55:50,891 [ERROR] LogOutputStream:75 - [STDERR_REDIRECT] 
2026-05-18 21:55:51,889 [ERROR] LogOutputStream:75 - [STDERR_REDIRECT] [Fatal Error] :1:1: Premature end of file.
2026-05-18 21:55:51,889 [ERROR] LogOutputStream:75 - [STDERR_REDIRECT] 
2026-05-18 21:55:52,890 [ERROR] LogOutputStream:75 - [STDERR_REDIRECT] [Fatal Error] :1:1: Premature end of file.
2026-05-18 21:55:52,890 [ERROR] LogOutputStream:75 - [STDERR_REDIRECT] 
2026-05-18 21:55:53,890 [ERROR] LogOutputStream:75 - [STDERR_REDIRECT] [Fatal Error] :1:1: Premature end of file.
2026-05-18 21:55:53,890 [ERROR] LogOutputStream:75 - [STDERR_REDIRECT] 
2026-05-18 21:55:54,888 [ERROR] LogOutputStream:75 - [STDERR_REDIRECT] [Fatal Error] :1:1: Premature end of file.
2026-05-18 21:55:54,888 [ERROR] LogOutputStream:75 - [STDERR_REDIRECT] 
2026-05-18 21:55:55,883 [ERROR] LogOutputStream:75 - [STDERR_REDIRECT] [Fatal Error] :1:1: Premature end of file.
2026-05-18 21:55:55,884 [ERROR] LogOutputStream:75 - [STDERR_REDIRECT] 
2026-05-18 21:55:56,889 [ERROR] LogOutputStream:75 - [STDERR_REDIRECT] [Fatal Error] :1:1: Premature end of file.
2026-05-18 21:55:56,889 [ERROR] LogOutputStream:75 - [STDERR_REDIRECT] 
2026-05-18 21:55:57,884 [ERROR] LogOutputStream:75 - [STDERR_REDIRECT] [Fatal Error] :1:1: Premature end of file.
2026-05-18 21:55:57,884 [ERROR] LogOutputStream:75 - [STDERR_REDIRECT] 
2026-05-18 21:55:58,890 [ERROR] LogOutputStream:75 - [STDERR_REDIRECT] [Fatal Error] :1:1: Premature end of file.
2026-05-18 21:55:58,890 [ERROR] LogOutputStream:75 - [STDERR_REDIRECT] 
2026-05-18 21:55:59,888 [ERROR] LogOutputStream:75 - [STDERR_REDIRECT] [Fatal Error] :1:1: Premature end of file.
2026-05-18 21:55:59,888 [ERROR] LogOutputStream:75 - [STDERR_REDIRECT] 
2026-05-18 21:56:00,903 [ERROR] LogOutputStream:75 - [STDERR_REDIRECT] [Fatal Error] :1:1: Premature end of file.
2026-05-18 21:56:00,903 [ERROR] LogOutputStream:75 - [STDERR_REDIRECT] 
2026-05-18 21:56:01,888 [ERROR] LogOutputStream:75 - [STDERR_REDIRECT] [Fatal Error] :1:1: Premature end of file.
2026-05-18 21:56:01,888 [ERROR] LogOutputStream:75 - [STDERR_REDIRECT] 
2026-05-18 21:56:02,888 [ERROR] LogOutputStream:75 - [STDERR_REDIRECT] [Fatal Error] :1:1: Premature end of file.
2026-05-18 21:56:02,888 [ERROR] LogOutputStream:75 - [STDERR_REDIRECT] 
2026-05-18 21:56:03,881 [ERROR] LogOutputStream:75 - [STDERR_REDIRECT] [Fatal Error] :1:1: Premature end of file.
2026-05-18 21:56:03,883 [ERROR] LogOutputStream:75 - [STDERR_REDIRECT] 
2026-05-18 21:56:04,882 [ERROR] LogOutputStream:75 - [STDERR_REDIRECT] [Fatal Error] :1:1: Premature end of file.
2026-05-18 21:56:04,882 [ERROR] LogOutputStream:75 - [STDERR_REDIRECT] 
2026-05-18 21:56:05,891 [ERROR] LogOutputStream:75 - [STDERR_REDIRECT] [Fatal Error] :1:1: Premature end of file.
2026-05-18 21:56:05,891 [ERROR] LogOutputStream:75 - [STDERR_REDIRECT] 
2026-05-18 21:56:06,888 [ERROR] LogOutputStream:75 - [STDERR_REDIRECT] [Fatal Error] :1:1: Premature end of file.
2026-05-18 21:56:06,888 [ERROR] LogOutputStream:75 - [STDERR_REDIRECT] 
2026-05-18 21:56:07,886 [ERROR] LogOutputStream:75 - [STDERR_REDIRECT] [Fatal Error] :1:1: Premature end of file.
2026-05-18 21:56:07,887 [ERROR] LogOutputStream:75 - [STDERR_REDIRECT] 
2026-05-18 21:56:08,892 [ERROR] LogOutputStream:75 - [STDERR_REDIRECT] [Fatal Error] :1:1: Premature end of file.
2026-05-18 21:56:08,892 [ERROR] LogOutputStream:75 - [STDERR_REDIRECT] 
2026-05-18 21:56:09,883 [ERROR] LogOutputStream:75 - [STDERR_REDIRECT] [Fatal Error] :1:1: Premature end of file.
2026-05-18 21:56:09,883 [ERROR] LogOutputStream:75 - [STDERR_REDIRECT] 
2026-05-18 21:56:10,888 [ERROR] LogOutputStream:75 - [STDERR_REDIRECT] [Fatal Error] :1:1: Premature end of file.
2026-05-18 21:56:10,888 [ERROR] LogOutputStream:75 - [STDERR_REDIRECT] 
2026-05-18 21:56:11,901 [ERROR] LogOutputStream:75 - [STDERR_REDIRECT] [Fatal Error] :1:1: Premature end of file.
2026-05-18 21:56:11,901 [ERROR] LogOutputStream:75 - [STDERR_REDIRECT] 
2026-05-18 21:56:12,888 [ERROR] LogOutputStream:75 - [STDERR_REDIRECT] [Fatal Error] :1:1: Premature end of file.
2026-05-18 21:56:12,888 [ERROR] LogOutputStream:75 - [STDERR_REDIRECT] 
2026-05-18 21:56:13,884 [ERROR] LogOutputStream:75 - [STDERR_REDIRECT] [Fatal Error] :1:1: Premature end of file.
2026-05-18 21:56:13,885 [ERROR] LogOutputStream:75 - [STDERR_REDIRECT] 
2026-05-18 21:56:14,883 [ERROR] LogOutputStream:75 - [STDERR_REDIRECT] [Fatal Error] :1:1: Premature end of file.
2026-05-18 21:56:14,883 [ERROR] LogOutputStream:75 - [STDERR_REDIRECT] 
2026-05-18 21:56:15,889 [ERROR] LogOutputStream:75 - [STDERR_REDIRECT] [Fatal Error] :1:1: Premature end of file.
2026-05-18 21:56:15,889 [ERROR] LogOutputStream:75 - [STDERR_REDIRECT] 
2026-05-18 21:56:16,891 [ERROR] LogOutputStream:75 - [STDERR_REDIRECT] [Fatal Error] :1:1: Premature end of file.
2026-05-18 21:56:16,891 [ERROR] LogOutputStream:75 - [STDERR_REDIRECT] 
2026-05-18 21:56:17,892 [ERROR] LogOutputStream:75 - [STDERR_REDIRECT] [Fatal Error] :1:1: Premature end of file.
2026-05-18 21:56:17,892 [ERROR] LogOutputStream:75 - [STDERR_REDIRECT] 
2026-05-18 21:56:18,883 [ERROR] LogOutputStream:75 - [STDERR_REDIRECT] [Fatal Error] :1:1: Premature end of file.
2026-05-18 21:56:18,883 [ERROR] LogOutputStream:75 - [STDERR_REDIRECT] 
2026-05-18 21:56:19,891 [ERROR] LogOutputStream:75 - [STDERR_REDIRECT] [Fatal Error] :1:1: Premature end of file.
2026-05-18 21:56:19,891 [ERROR] LogOutputStream:75 - [STDERR_REDIRECT] 
2026-05-18 21:56:20,885 [ERROR] LogOutputStream:75 - [STDERR_REDIRECT] [Fatal Error] :1:1: Premature end of file.
2026-05-18 21:56:20,885 [ERROR] LogOutputStream:75 - [STDERR_REDIRECT] 
2026-05-18 21:56:21,889 [ERROR] LogOutputStream:75 - [STDERR_REDIRECT] [Fatal Error] :1:1: Premature end of file.
2026-05-18 21:56:21,889 [ERROR] LogOutputStream:75 - [STDERR_REDIRECT] 
2026-05-18 21:56:22,886 [ERROR] LogOutputStream:75 - [STDERR_REDIRECT] [Fatal Error] :1:1: Premature end of file.
2026-05-18 21:56:22,886 [ERROR] LogOutputStream:75 - [STDERR_REDIRECT] 
2026-05-18 21:56:23,889 [ERROR] LogOutputStream:75 - [STDERR_REDIRECT] [Fatal Error] :1:1: Premature end of file.
2026-05-18 21:56:23,890 [ERROR] LogOutputStream:75 - [STDERR_REDIRECT] 
2026-05-18 21:56:24,888 [ERROR] LogOutputStream:75 - [STDERR_REDIRECT] [Fatal Error] :1:1: Premature end of file.
2026-05-18 21:56:24,888 [ERROR] LogOutputStream:75 - [STDERR_REDIRECT] 
2026-05-18 21:56:25,893 [ERROR] LogOutputStream:75 - [STDERR_REDIRECT] [Fatal Error] :1:1: Premature end of file.
2026-05-18 21:56:25,893 [ERROR] LogOutputStream:75 - [STDERR_REDIRECT] 
2026-05-18 21:56:26,884 [ERROR] LogOutputStream:75 - [STDERR_REDIRECT] [Fatal Error] :1:1: Premature end of file.
2026-05-18 21:56:26,885 [ERROR] LogOutputStream:75 - [STDERR_REDIRECT] 
2026-05-18 21:56:27,898 [ERROR] LogOutputStream:75 - [STDERR_REDIRECT] [Fatal Error] :1:1: Premature end of file.
2026-05-18 21:56:27,898 [ERROR] LogOutputStream:75 - [STDERR_REDIRECT] 
2026-05-18 21:56:28,888 [ERROR] LogOutputStream:75 - [STDERR_REDIRECT] [Fatal Error] :1:1: Premature end of file.
2026-05-18 21:56:28,888 [ERROR] LogOutputStream:75 - [STDERR_REDIRECT] 
2026-05-18 21:56:29,887 [ERROR] LogOutputStream:75 - [STDERR_REDIRECT] [Fatal Error] :1:1: Premature end of file.
2026-05-18 21:56:29,887 [ERROR] LogOutputStream:75 - [STDERR_REDIRECT] 
2026-05-18 21:56:30,891 [ERROR] LogOutputStream:75 - [STDERR_REDIRECT] [Fatal Error] :1:1: Premature end of file.
2026-05-18 21:56:30,891 [ERROR] LogOutputStream:75 - [STDERR_REDIRECT] 
2026-05-18 21:56:31,884 [ERROR] LogOutputStream:75 - [STDERR_REDIRECT] [Fatal Error] :1:1: Premature end of file.
2026-05-18 21:56:31,884 [ERROR] LogOutputStream:75 - [STDERR_REDIRECT] 
2026-05-18 21:56:32,900 [ERROR] LogOutputStream:75 - [STDERR_REDIRECT] [Fatal Error] :1:1: Premature end of file.
2026-05-18 21:56:32,900 [ERROR] LogOutputStream:75 - [STDERR_REDIRECT] 
2026-05-18 21:56:33,893 [ERROR] LogOutputStream:75 - [STDERR_REDIRECT] [Fatal Error] :1:1: Premature end of file.
2026-05-18 21:56:33,894 [ERROR] LogOutputStream:75 - [STDERR_REDIRECT] 
2026-05-18 21:56:34,888 [ERROR] LogOutputStream:75 - [STDERR_REDIRECT] [Fatal Error] :1:1: Premature end of file.
2026-05-18 21:56:34,888 [ERROR] LogOutputStream:75 - [STDERR_REDIRECT] 
2026-05-18 21:56:35,892 [ERROR] LogOutputStream:75 - [STDERR_REDIRECT] [Fatal Error] :1:1: Premature end of file.
2026-05-18 21:56:35,892 [ERROR] LogOutputStream:75 - [STDERR_REDIRECT] 
2026-05-18 21:56:36,888 [ERROR] LogOutputStream:75 - [STDERR_REDIRECT] [Fatal Error] :1:1: Premature end of file.
2026-05-18 21:56:36,888 [ERROR] LogOutputStream:75 - [STDERR_REDIRECT] 
2026-05-18 21:56:37,895 [ERROR] LogOutputStream:75 - [STDERR_REDIRECT] [Fatal Error] :1:1: Premature end of file.
2026-05-18 21:56:37,896 [ERROR] LogOutputStream:75 - [STDERR_REDIRECT] 
2026-05-18 21:56:38,886 [ERROR] LogOutputStream:75 - [STDERR_REDIRECT] [Fatal Error] :1:1: Premature end of file.
2026-05-18 21:56:38,887 [ERROR] LogOutputStream:75 - [STDERR_REDIRECT] 
2026-05-18 21:56:39,890 [ERROR] LogOutputStream:75 - [STDERR_REDIRECT] [Fatal Error] :1:1: Premature end of file.
2026-05-18 21:56:39,890 [ERROR] LogOutputStream:75 - [STDERR_REDIRECT] 
2026-05-18 21:56:40,890 [ERROR] LogOutputStream:75 - [STDERR_REDIRECT] [Fatal Error] :1:1: Premature end of file.
2026-05-18 21:56:40,890 [ERROR] LogOutputStream:75 - [STDERR_REDIRECT] 
2026-05-18 21:56:41,891 [ERROR] LogOutputStream:75 - [STDERR_REDIRECT] [Fatal Error] :1:1: Premature end of file.
2026-05-18 21:56:41,891 [ERROR] LogOutputStream:75 - [STDERR_REDIRECT] 
2026-05-18 21:56:42,890 [ERROR] LogOutputStream:75 - [STDERR_REDIRECT] [Fatal Error] :1:1: Premature end of file.
2026-05-18 21:56:42,890 [ERROR] LogOutputStream:75 - [STDERR_REDIRECT] 
2026-05-18 21:56:43,884 [ERROR] LogOutputStream:75 - [STDERR_REDIRECT] [Fatal Error] :1:1: Premature end of file.
2026-05-18 21:56:43,884 [ERROR] LogOutputStream:75 - [STDERR_REDIRECT] 
2026-05-18 21:56:44,890 [ERROR] LogOutputStream:75 - [STDERR_REDIRECT] [Fatal Error] :1:1: Premature end of file.
2026-05-18 21:56:44,890 [ERROR] LogOutputStream:75 - [STDERR_REDIRECT] 
2026-05-18 21:56:45,887 [ERROR] LogOutputStream:75 - [STDERR_REDIRECT] [Fatal Error] :1:1: Premature end of file.
2026-05-18 21:56:45,887 [ERROR] LogOutputStream:75 - [STDERR_REDIRECT] 
2026-05-18 21:56:46,887 [ERROR] LogOutputStream:75 - [STDERR_REDIRECT] [Fatal Error] :1:1: Premature end of file.
2026-05-18 21:56:46,887 [ERROR] LogOutputStream:75 - [STDERR_REDIRECT] 
2026-05-18 21:56:47,894 [ERROR] LogOutputStream:75 - [STDERR_REDIRECT] [Fatal Error] :1:1: Premature end of file.
2026-05-18 21:56:47,894 [ERROR] LogOutputStream:75 - [STDERR_REDIRECT] 
2026-05-18 21:56:48,886 [ERROR] LogOutputStream:75 - [STDERR_REDIRECT] [Fatal Error] :1:1: Premature end of file.
2026-05-18 21:56:48,886 [ERROR] LogOutputStream:75 - [STDERR_REDIRECT] 
2026-05-18 21:56:49,881 [ERROR] LogOutputStream:75 - [STDERR_REDIRECT] [Fatal Error] :1:1: Premature end of file.
2026-05-18 21:56:49,881 [ERROR] LogOutputStream:75 - [STDERR_REDIRECT] 
2026-05-18 21:56:50,890 [ERROR] LogOutputStream:75 - [STDERR_REDIRECT] [Fatal Error] :1:1: Premature end of file.
2026-05-18 21:56:50,890 [ERROR] LogOutputStream:75 - [STDERR_REDIRECT] 
2026-05-18 21:56:51,883 [ERROR] LogOutputStream:75 - [STDERR_REDIRECT] [Fatal Error] :1:1: Premature end of file.
2026-05-18 21:56:51,883 [ERROR] LogOutputStream:75 - [STDERR_REDIRECT] 
2026-05-18 21:56:52,893 [ERROR] LogOutputStream:75 - [STDERR_REDIRECT] [Fatal Error] :1:1: Premature end of file.
2026-05-18 21:56:52,893 [ERROR] LogOutputStream:75 - [STDERR_REDIRECT] 
2026-05-18 21:56:53,886 [ERROR] LogOutputStream:75 - [STDERR_REDIRECT] [Fatal Error] :1:1: Premature end of file.
2026-05-18 21:56:53,886 [ERROR] LogOutputStream:75 - [STDERR_REDIRECT] 
2026-05-18 21:56:54,891 [ERROR] LogOutputStream:75 - [STDERR_REDIRECT] [Fatal Error] :1:1: Premature end of file.
2026-05-18 21:56:54,891 [ERROR] LogOutputStream:75 - [STDERR_REDIRECT] 
2026-05-18 21:56:55,888 [ERROR] LogOutputStream:75 - [STDERR_REDIRECT] [Fatal Error] :1:1: Premature end of file.
2026-05-18 21:56:55,888 [ERROR] LogOutputStream:75 - [STDERR_REDIRECT] 
2026-05-18 21:56:56,898 [ERROR] LogOutputStream:75 - [STDERR_REDIRECT] [Fatal Error] :1:1: Premature end of file.
2026-05-18 21:56:56,898 [ERROR] LogOutputStream:75 - [STDERR_REDIRECT] 
2026-05-18 21:56:57,878 [ERROR] LogOutputStream:75 - [STDERR_REDIRECT] [Fatal Error] :1:1: Premature end of file.
2026-05-18 21:56:57,878 [ERROR] LogOutputStream:75 - [STDERR_REDIRECT] 
2026-05-18 21:56:58,891 [ERROR] LogOutputStream:75 - [STDERR_REDIRECT] [Fatal Error] :1:1: Premature end of file.
2026-05-18 21:56:58,891 [ERROR] LogOutputStream:75 - [STDERR_REDIRECT] 
2026-05-18 21:56:59,894 [ERROR] LogOutputStream:75 - [STDERR_REDIRECT] [Fatal Error] :1:1: Premature end of file.
2026-05-18 21:56:59,894 [ERROR] LogOutputStream:75 - [STDERR_REDIRECT] 
2026-05-18 21:57:00,890 [ERROR] LogOutputStream:75 - [STDERR_REDIRECT] [Fatal Error] :1:1: Premature end of file.
2026-05-18 21:57:00,890 [ERROR] LogOutputStream:75 - [STDERR_REDIRECT] 
2026-05-18 21:57:01,888 [ERROR] LogOutputStream:75 - [STDERR_REDIRECT] [Fatal Error] :1:1: Premature end of file.
2026-05-18 21:57:01,888 [ERROR] LogOutputStream:75 - [STDERR_REDIRECT] 
2026-05-18 21:57:02,892 [ERROR] LogOutputStream:75 - [STDERR_REDIRECT] [Fatal Error] :1:1: Premature end of file.
2026-05-18 21:57:02,892 [ERROR] LogOutputStream:75 - [STDERR_REDIRECT] 
2026-05-18 21:57:03,889 [ERROR] LogOutputStream:75 - [STDERR_REDIRECT] [Fatal Error] :1:1: Premature end of file.
2026-05-18 21:57:03,890 [ERROR] LogOutputStream:75 - [STDERR_REDIRECT] 
2026-05-18 21:57:04,889 [ERROR] LogOutputStream:75 - [STDERR_REDIRECT] [Fatal Error] :1:1: Premature end of file.
2026-05-18 21:57:04,889 [ERROR] LogOutputStream:75 - [STDERR_REDIRECT] 
2026-05-18 21:57:05,887 [ERROR] LogOutputStream:75 - [STDERR_REDIRECT] [Fatal Error] :1:1: Premature end of file.
2026-05-18 21:57:05,887 [ERROR] LogOutputStream:75 - [STDERR_REDIRECT] 
2026-05-18 21:57:06,893 [ERROR] LogOutputStream:75 - [STDERR_REDIRECT] [Fatal Error] :1:1: Premature end of file.
2026-05-18 21:57:06,893 [ERROR] LogOutputStream:75 - [STDERR_REDIRECT] 
2026-05-18 21:57:07,893 [ERROR] LogOutputStream:75 - [STDERR_REDIRECT] [Fatal Error] :1:1: Premature end of file.
2026-05-18 21:57:07,893 [ERROR] LogOutputStream:75 - [STDERR_REDIRECT] 
2026-05-18 21:57:08,892 [ERROR] LogOutputStream:75 - [STDERR_REDIRECT] [Fatal Error] :1:1: Premature end of file.
2026-05-18 21:57:08,892 [ERROR] LogOutputStream:75 - [STDERR_REDIRECT] 
2026-05-18 21:57:09,889 [ERROR] LogOutputStream:75 - [STDERR_REDIRECT] [Fatal Error] :1:1: Premature end of file.
2026-05-18 21:57:09,889 [ERROR] LogOutputStream:75 - [STDERR_REDIRECT] 
2026-05-18 21:57:10,884 [ERROR] LogOutputStream:75 - [STDERR_REDIRECT] [Fatal Error] :1:1: Premature end of file.
2026-05-18 21:57:10,884 [ERROR] LogOutputStream:75 - [STDERR_REDIRECT] 
2026-05-18 21:57:11,888 [ERROR] LogOutputStream:75 - [STDERR_REDIRECT] [Fatal Error] :1:1: Premature end of file.
2026-05-18 21:57:11,888 [ERROR] LogOutputStream:75 - [STDERR_REDIRECT] 
2026-05-18 21:57:12,888 [ERROR] LogOutputStream:75 - [STDERR_REDIRECT] [Fatal Error] :1:1: Premature end of file.
2026-05-18 21:57:12,888 [ERROR] LogOutputStream:75 - [STDERR_REDIRECT] 
2026-05-18 21:57:13,882 [ERROR] LogOutputStream:75 - [STDERR_REDIRECT] [Fatal Error] :1:1: Premature end of file.
2026-05-18 21:57:13,883 [ERROR] LogOutputStream:75 - [STDERR_REDIRECT] 
2026-05-18 21:57:14,883 [ERROR] LogOutputStream:75 - [STDERR_REDIRECT] [Fatal Error] :1:1: Premature end of file.
2026-05-18 21:57:14,883 [ERROR] LogOutputStream:75 - [STDERR_REDIRECT] 
2026-05-18 21:57:15,884 [ERROR] LogOutputStream:75 - [STDERR_REDIRECT] [Fatal Error] :1:1: Premature end of file.
2026-05-18 21:57:15,884 [ERROR] LogOutputStream:75 - [STDERR_REDIRECT] 
2026-05-18 21:57:16,884 [ERROR] LogOutputStream:75 - [STDERR_REDIRECT] [Fatal Error] :1:1: Premature end of file.
2026-05-18 21:57:16,884 [ERROR] LogOutputStream:75 - [STDERR_REDIRECT] 
2026-05-18 21:57:17,881 [ERROR] LogOutputStream:75 - [STDERR_REDIRECT] [Fatal Error] :1:1: Premature end of file.
2026-05-18 21:57:17,881 [ERROR] LogOutputStream:75 - [STDERR_REDIRECT] 
2026-05-18 21:57:18,900 [ERROR] LogOutputStream:75 - [STDERR_REDIRECT] [Fatal Error] :1:1: Premature end of file.
2026-05-18 21:57:18,900 [ERROR] LogOutputStream:75 - [STDERR_REDIRECT] 
2026-05-18 21:57:19,883 [ERROR] LogOutputStream:75 - [STDERR_REDIRECT] [Fatal Error] :1:1: Premature end of file.
2026-05-18 21:57:19,884 [ERROR] LogOutputStream:75 - [STDERR_REDIRECT] 
2026-05-18 21:57:20,894 [ERROR] LogOutputStream:75 - [STDERR_REDIRECT] [Fatal Error] :1:1: Premature end of file.
2026-05-18 21:57:20,894 [ERROR] LogOutputStream:75 - [STDERR_REDIRECT] 
2026-05-18 21:57:21,889 [ERROR] LogOutputStream:75 - [STDERR_REDIRECT] [Fatal Error] :1:1: Premature end of file.
2026-05-18 21:57:21,889 [ERROR] LogOutputStream:75 - [STDERR_REDIRECT] 
2026-05-18 21:57:22,881 [ERROR] LogOutputStream:75 - [STDERR_REDIRECT] [Fatal Error] :1:1: Premature end of file.
2026-05-18 21:57:22,881 [ERROR] LogOutputStream:75 - [STDERR_REDIRECT] 
2026-05-18 21:57:23,894 [ERROR] LogOutputStream:75 - [STDERR_REDIRECT] [Fatal Error] :1:1: Premature end of file.
2026-05-18 21:57:23,894 [ERROR] LogOutputStream:75 - [STDERR_REDIRECT] 
2026-05-18 21:57:24,891 [ERROR] LogOutputStream:75 - [STDERR_REDIRECT] [Fatal Error] :1:1: Premature end of file.
2026-05-18 21:57:24,891 [ERROR] LogOutputStream:75 - [STDERR_REDIRECT] 
2026-05-18 21:57:25,879 [ERROR] LogOutputStream:75 - [STDERR_REDIRECT] [Fatal Error] :1:1: Premature end of file.
2026-05-18 21:57:25,880 [ERROR] LogOutputStream:75 - [STDERR_REDIRECT] 
2026-05-18 21:57:26,895 [ERROR] LogOutputStream:75 - [STDERR_REDIRECT] [Fatal Error] :1:1: Premature end of file.
2026-05-18 21:57:26,895 [ERROR] LogOutputStream:75 - [STDERR_REDIRECT] 
2026-05-18 21:57:27,885 [ERROR] LogOutputStream:75 - [STDERR_REDIRECT] [Fatal Error] :1:1: Premature end of file.
2026-05-18 21:57:27,885 [ERROR] LogOutputStream:75 - [STDERR_REDIRECT] 
2026-05-18 21:57:28,895 [ERROR] LogOutputStream:75 - [STDERR_REDIRECT] [Fatal Error] :1:1: Premature end of file.
2026-05-18 21:57:28,895 [ERROR] LogOutputStream:75 - [STDERR_REDIRECT] 
2026-05-18 21:57:29,890 [ERROR] LogOutputStream:75 - [STDERR_REDIRECT] [Fatal Error] :1:1: Premature end of file.
2026-05-18 21:57:29,890 [ERROR] LogOutputStream:75 - [STDERR_REDIRECT] 
2026-05-18 21:57:30,881 [ERROR] LogOutputStream:75 - [STDERR_REDIRECT] [Fatal Error] :1:1: Premature end of file.
2026-05-18 21:57:30,881 [ERROR] LogOutputStream:75 - [STDERR_REDIRECT] 
2026-05-18 21:57:31,891 [ERROR] LogOutputStream:75 - [STDERR_REDIRECT] [Fatal Error] :1:1: Premature end of file.
2026-05-18 21:57:31,891 [ERROR] LogOutputStream:75 - [STDERR_REDIRECT] 
2026-05-18 21:57:32,889 [ERROR] LogOutputStream:75 - [STDERR_REDIRECT] [Fatal Error] :1:1: Premature end of file.
2026-05-18 21:57:32,889 [ERROR] LogOutputStream:75 - [STDERR_REDIRECT] 
2026-05-18 21:57:33,895 [ERROR] LogOutputStream:75 - [STDERR_REDIRECT] [Fatal Error] :1:1: Premature end of file.
2026-05-18 21:57:33,895 [ERROR] LogOutputStream:75 - [STDERR_REDIRECT] 
2026-05-18 21:57:34,895 [ERROR] LogOutputStream:75 - [STDERR_REDIRECT] [Fatal Error] :1:1: Premature end of file.
2026-05-18 21:57:34,895 [ERROR] LogOutputStream:75 - [STDERR_REDIRECT] 
2026-05-18 21:57:35,892 [ERROR] LogOutputStream:75 - [STDERR_REDIRECT] [Fatal Error] :1:1: Premature end of file.
2026-05-18 21:57:35,892 [ERROR] LogOutputStream:75 - [STDERR_REDIRECT] 
2026-05-18 21:57:36,891 [ERROR] LogOutputStream:75 - [STDERR_REDIRECT] [Fatal Error] :1:1: Premature end of file.
2026-05-18 21:57:36,891 [ERROR] LogOutputStream:75 - [STDERR_REDIRECT] 
2026-05-18 21:57:37,890 [ERROR] LogOutputStream:75 - [STDERR_REDIRECT] [Fatal Error] :1:1: Premature end of file.
2026-05-18 21:57:37,890 [ERROR] LogOutputStream:75 - [STDERR_REDIRECT] 
2026-05-18 21:57:38,890 [ERROR] LogOutputStream:75 - [STDERR_REDIRECT] [Fatal Error] :1:1: Premature end of file.
2026-05-18 21:57:38,890 [ERROR] LogOutputStream:75 - [STDERR_REDIRECT] 
2026-05-18 21:57:39,890 [ERROR] LogOutputStream:75 - [STDERR_REDIRECT] [Fatal Error] :1:1: Premature end of file.
2026-05-18 21:57:39,890 [ERROR] LogOutputStream:75 - [STDERR_REDIRECT] 
2026-05-18 21:57:40,886 [ERROR] LogOutputStream:75 - [STDERR_REDIRECT] [Fatal Error] :1:1: Premature end of file.
2026-05-18 21:57:40,886 [ERROR] LogOutputStream:75 - [STDERR_REDIRECT] 
2026-05-18 21:57:41,894 [ERROR] LogOutputStream:75 - [STDERR_REDIRECT] [Fatal Error] :1:1: Premature end of file.
2026-05-18 21:57:41,894 [ERROR] LogOutputStream:75 - [STDERR_REDIRECT] 
2026-05-18 21:57:42,889 [ERROR] LogOutputStream:75 - [STDERR_REDIRECT] [Fatal Error] :1:1: Premature end of file.
2026-05-18 21:57:42,889 [ERROR] LogOutputStream:75 - [STDERR_REDIRECT] 
2026-05-18 21:57:43,887 [ERROR] LogOutputStream:75 - [STDERR_REDIRECT] [Fatal Error] :1:1: Premature end of file.
2026-05-18 21:57:43,887 [ERROR] LogOutputStream:75 - [STDERR_REDIRECT] 
2026-05-18 21:57:44,890 [ERROR] LogOutputStream:75 - [STDERR_REDIRECT] [Fatal Error] :1:1: Premature end of file.
2026-05-18 21:57:44,890 [ERROR] LogOutputStream:75 - [STDERR_REDIRECT] 
2026-05-18 21:57:45,888 [ERROR] LogOutputStream:75 - [STDERR_REDIRECT] [Fatal Error] :1:1: Premature end of file.
2026-05-18 21:57:45,888 [ERROR] LogOutputStream:75 - [STDERR_REDIRECT] 
2026-05-18 21:57:46,891 [ERROR] LogOutputStream:75 - [STDERR_REDIRECT] [Fatal Error] :1:1: Premature end of file.
2026-05-18 21:57:46,891 [ERROR] LogOutputStream:75 - [STDERR_REDIRECT] 
2026-05-18 21:57:47,896 [ERROR] LogOutputStream:75 - [STDERR_REDIRECT] [Fatal Error] :1:1: Premature end of file.
2026-05-18 21:57:47,896 [ERROR] LogOutputStream:75 - [STDERR_REDIRECT] 
2026-05-18 21:57:48,890 [ERROR] LogOutputStream:75 - [STDERR_REDIRECT] [Fatal Error] :1:1: Premature end of file.
2026-05-18 21:57:48,890 [ERROR] LogOutputStream:75 - [STDERR_REDIRECT] 
2026-05-18 21:57:49,884 [ERROR] LogOutputStream:75 - [STDERR_REDIRECT] [Fatal Error] :1:1: Premature end of file.
2026-05-18 21:57:49,884 [ERROR] LogOutputStream:75 - [STDERR_REDIRECT] 
2026-05-18 21:57:50,895 [ERROR] LogOutputStream:75 - [STDERR_REDIRECT] [Fatal Error] :1:1: Premature end of file.
2026-05-18 21:57:50,896 [ERROR] LogOutputStream:75 - [STDERR_REDIRECT] 
2026-05-18 21:57:51,889 [ERROR] LogOutputStream:75 - [STDERR_REDIRECT] [Fatal Error] :1:1: Premature end of file.
2026-05-18 21:57:51,889 [ERROR] LogOutputStream:75 - [STDERR_REDIRECT] 
2026-05-18 21:57:52,885 [ERROR] LogOutputStream:75 - [STDERR_REDIRECT] [Fatal Error] :1:1: Premature end of file.
2026-05-18 21:57:52,885 [ERROR] LogOutputStream:75 - [STDERR_REDIRECT] 
2026-05-18 21:57:53,888 [ERROR] LogOutputStream:75 - [STDERR_REDIRECT] [Fatal Error] :1:1: Premature end of file.
2026-05-18 21:57:53,888 [ERROR] LogOutputStream:75 - [STDERR_REDIRECT] 
2026-05-18 21:57:54,886 [ERROR] LogOutputStream:75 - [STDERR_REDIRECT] [Fatal Error] :1:1: Premature end of file.
2026-05-18 21:57:54,887 [ERROR] LogOutputStream:75 - [STDERR_REDIRECT] 
2026-05-18 21:57:55,890 [ERROR] LogOutputStream:75 - [STDERR_REDIRECT] [Fatal Error] :1:1: Premature end of file.
2026-05-18 21:57:55,890 [ERROR] LogOutputStream:75 - [STDERR_REDIRECT] 
2026-05-18 21:57:56,884 [ERROR] LogOutputStream:75 - [STDERR_REDIRECT] [Fatal Error] :1:1: Premature end of file.
2026-05-18 21:57:56,884 [ERROR] LogOutputStream:75 - [STDERR_REDIRECT] 
2026-05-18 21:57:57,889 [ERROR] LogOutputStream:75 - [STDERR_REDIRECT] [Fatal Error] :1:1: Premature end of file.
2026-05-18 21:57:57,889 [ERROR] LogOutputStream:75 - [STDERR_REDIRECT] 
2026-05-18 21:57:58,881 [ERROR] LogOutputStream:75 - [STDERR_REDIRECT] [Fatal Error] :1:1: Premature end of file.
2026-05-18 21:57:58,881 [ERROR] LogOutputStream:75 - [STDERR_REDIRECT] 
2026-05-18 21:57:59,891 [ERROR] LogOutputStream:75 - [STDERR_REDIRECT] [Fatal Error] :1:1: Premature end of file.
2026-05-18 21:57:59,891 [ERROR] LogOutputStream:75 - [STDERR_REDIRECT] 
2026-05-18 21:58:00,891 [ERROR] LogOutputStream:75 - [STDERR_REDIRECT] [Fatal Error] :1:1: Premature end of file.
2026-05-18 21:58:00,891 [ERROR] LogOutputStream:75 - [STDERR_REDIRECT] 
2026-05-18 21:58:01,884 [ERROR] LogOutputStream:75 - [STDERR_REDIRECT] [Fatal Error] :1:1: Premature end of file.
2026-05-18 21:58:01,884 [ERROR] LogOutputStream:75 - [STDERR_REDIRECT] 
2026-05-18 21:58:02,885 [ERROR] LogOutputStream:75 - [STDERR_REDIRECT] [Fatal Error] :1:1: Premature end of file.
2026-05-18 21:58:02,886 [ERROR] LogOutputStream:75 - [STDERR_REDIRECT] 
2026-05-18 21:58:03,893 [ERROR] LogOutputStream:75 - [STDERR_REDIRECT] [Fatal Error] :1:1: Premature end of file.
2026-05-18 21:58:03,894 [ERROR] LogOutputStream:75 - [STDERR_REDIRECT] 
2026-05-18 21:58:04,890 [ERROR] LogOutputStream:75 - [STDERR_REDIRECT] [Fatal Error] :1:1: Premature end of file.
2026-05-18 21:58:04,890 [ERROR] LogOutputStream:75 - [STDERR_REDIRECT] 
2026-05-18 21:58:05,883 [ERROR] LogOutputStream:75 - [STDERR_REDIRECT] [Fatal Error] :1:1: Premature end of file.
2026-05-18 21:58:05,883 [ERROR] LogOutputStream:75 - [STDERR_REDIRECT] 
2026-05-18 21:58:06,891 [ERROR] LogOutputStream:75 - [STDERR_REDIRECT] [Fatal Error] :1:1: Premature end of file.
2026-05-18 21:58:06,891 [ERROR] LogOutputStream:75 - [STDERR_REDIRECT] 
2026-05-18 21:58:07,900 [ERROR] LogOutputStream:75 - [STDERR_REDIRECT] [Fatal Error] :1:1: Premature end of file.
2026-05-18 21:58:07,900 [ERROR] LogOutputStream:75 - [STDERR_REDIRECT] 
2026-05-18 21:58:08,885 [ERROR] LogOutputStream:75 - [STDERR_REDIRECT] [Fatal Error] :1:1: Premature end of file.
2026-05-18 21:58:08,885 [ERROR] LogOutputStream:75 - [STDERR_REDIRECT] 
2026-05-18 21:58:09,885 [ERROR] LogOutputStream:75 - [STDERR_REDIRECT] [Fatal Error] :1:1: Premature end of file.
2026-05-18 21:58:09,885 [ERROR] LogOutputStream:75 - [STDERR_REDIRECT] 
2026-05-18 21:58:10,891 [ERROR] LogOutputStream:75 - [STDERR_REDIRECT] [Fatal Error] :1:1: Premature end of file.
2026-05-18 21:58:10,891 [ERROR] LogOutputStream:75 - [STDERR_REDIRECT] 
2026-05-18 21:58:11,900 [ERROR] LogOutputStream:75 - [STDERR_REDIRECT] [Fatal Error] :1:1: Premature end of file.
2026-05-18 21:58:11,900 [ERROR] LogOutputStream:75 - [STDERR_REDIRECT] 
2026-05-18 21:58:12,886 [ERROR] LogOutputStream:75 - [STDERR_REDIRECT] [Fatal Error] :1:1: Premature end of file.
2026-05-18 21:58:12,886 [ERROR] LogOutputStream:75 - [STDERR_REDIRECT] 
2026-05-18 21:58:13,886 [ERROR] LogOutputStream:75 - [STDERR_REDIRECT] [Fatal Error] :1:1: Premature end of file.
2026-05-18 21:58:13,886 [ERROR] LogOutputStream:75 - [STDERR_REDIRECT] 
2026-05-18 21:58:14,892 [ERROR] LogOutputStream:75 - [STDERR_REDIRECT] [Fatal Error] :1:1: Premature end of file.
2026-05-18 21:58:14,892 [ERROR] LogOutputStream:75 - [STDERR_REDIRECT] 
2026-05-18 21:58:15,889 [ERROR] LogOutputStream:75 - [STDERR_REDIRECT] [Fatal Error] :1:1: Premature end of file.
2026-05-18 21:58:15,889 [ERROR] LogOutputStream:75 - [STDERR_REDIRECT] 
2026-05-18 21:58:16,893 [ERROR] LogOutputStream:75 - [STDERR_REDIRECT] [Fatal Error] :1:1: Premature end of file.
2026-05-18 21:58:16,893 [ERROR] LogOutputStream:75 - [STDERR_REDIRECT] 
2026-05-18 21:58:17,891 [ERROR] LogOutputStream:75 - [STDERR_REDIRECT] [Fatal Error] :1:1: Premature end of file.
2026-05-18 21:58:17,891 [ERROR] LogOutputStream:75 - [STDERR_REDIRECT] 
2026-05-18 21:58:18,890 [ERROR] LogOutputStream:75 - [STDERR_REDIRECT] [Fatal Error] :1:1: Premature end of file.
2026-05-18 21:58:18,890 [ERROR] LogOutputStream:75 - [STDERR_REDIRECT] 
2026-05-18 21:58:19,893 [ERROR] LogOutputStream:75 - [STDERR_REDIRECT] [Fatal Error] :1:1: Premature end of file.
2026-05-18 21:58:19,893 [ERROR] LogOutputStream:75 - [STDERR_REDIRECT] 
2026-05-18 21:58:20,886 [ERROR] LogOutputStream:75 - [STDERR_REDIRECT] [Fatal Error] :1:1: Premature end of file.
2026-05-18 21:58:20,886 [ERROR] LogOutputStream:75 - [STDERR_REDIRECT] 
2026-05-18 21:58:21,887 [ERROR] LogOutputStream:75 - [STDERR_REDIRECT] [Fatal Error] :1:1: Premature end of file.
2026-05-18 21:58:21,887 [ERROR] LogOutputStream:75 - [STDERR_REDIRECT] 
2026-05-18 21:58:22,894 [ERROR] LogOutputStream:75 - [STDERR_REDIRECT] [Fatal Error] :1:1: Premature end of file.
2026-05-18 21:58:22,894 [ERROR] LogOutputStream:75 - [STDERR_REDIRECT] 
2026-05-18 21:58:23,881 [ERROR] LogOutputStream:75 - [STDERR_REDIRECT] [Fatal Error] :1:1: Premature end of file.
2026-05-18 21:58:23,881 [ERROR] LogOutputStream:75 - [STDERR_REDIRECT] 
2026-05-18 21:58:24,886 [ERROR] LogOutputStream:75 - [STDERR_REDIRECT] [Fatal Error] :1:1: Premature end of file.
2026-05-18 21:58:24,886 [ERROR] LogOutputStream:75 - [STDERR_REDIRECT] 
2026-05-18 21:58:25,896 [ERROR] LogOutputStream:75 - [STDERR_REDIRECT] [Fatal Error] :1:1: Premature end of file.
2026-05-18 21:58:25,896 [ERROR] LogOutputStream:75 - [STDERR_REDIRECT] 
2026-05-18 21:58:26,892 [ERROR] LogOutputStream:75 - [STDERR_REDIRECT] [Fatal Error] :1:1: Premature end of file.
2026-05-18 21:58:26,892 [ERROR] LogOutputStream:75 - [STDERR_REDIRECT] 
2026-05-18 21:58:27,889 [ERROR] LogOutputStream:75 - [STDERR_REDIRECT] [Fatal Error] :1:1: Premature end of file.
2026-05-18 21:58:27,889 [ERROR] LogOutputStream:75 - [STDERR_REDIRECT] 
2026-05-18 21:58:28,886 [ERROR] LogOutputStream:75 - [STDERR_REDIRECT] [Fatal Error] :1:1: Premature end of file.
2026-05-18 21:58:28,886 [ERROR] LogOutputStream:75 - [STDERR_REDIRECT] 
2026-05-18 21:58:29,897 [ERROR] LogOutputStream:75 - [STDERR_REDIRECT] [Fatal Error] :1:1: Premature end of file.
2026-05-18 21:58:29,897 [ERROR] LogOutputStream:75 - [STDERR_REDIRECT] 
2026-05-18 21:58:30,886 [ERROR] LogOutputStream:75 - [STDERR_REDIRECT] [Fatal Error] :1:1: Premature end of file.
2026-05-18 21:58:30,886 [ERROR] LogOutputStream:75 - [STDERR_REDIRECT] 
2026-05-18 21:58:31,889 [ERROR] LogOutputStream:75 - [STDERR_REDIRECT] [Fatal Error] :1:1: Premature end of file.
2026-05-18 21:58:31,889 [ERROR] LogOutputStream:75 - [STDERR_REDIRECT] 
2026-05-18 21:58:32,888 [ERROR] LogOutputStream:75 - [STDERR_REDIRECT] [Fatal Error] :1:1: Premature end of file.
2026-05-18 21:58:32,888 [ERROR] LogOutputStream:75 - [STDERR_REDIRECT] 
2026-05-18 21:58:33,891 [ERROR] LogOutputStream:75 - [STDERR_REDIRECT] [Fatal Error] :1:1: Premature end of file.
2026-05-18 21:58:33,891 [ERROR] LogOutputStream:75 - [STDERR_REDIRECT] 
2026-05-18 21:58:34,890 [ERROR] LogOutputStream:75 - [STDERR_REDIRECT] [Fatal Error] :1:1: Premature end of file.
2026-05-18 21:58:34,890 [ERROR] LogOutputStream:75 - [STDERR_REDIRECT] 
2026-05-18 21:58:35,890 [ERROR] LogOutputStream:75 - [STDERR_REDIRECT] [Fatal Error] :1:1: Premature end of file.
2026-05-18 21:58:35,890 [ERROR] LogOutputStream:75 - [STDERR_REDIRECT] 
2026-05-18 21:58:36,883 [ERROR] LogOutputStream:75 - [STDERR_REDIRECT] [Fatal Error] :1:1: Premature end of file.
2026-05-18 21:58:36,883 [ERROR] LogOutputStream:75 - [STDERR_REDIRECT] 
2026-05-18 21:58:37,889 [ERROR] LogOutputStream:75 - [STDERR_REDIRECT] [Fatal Error] :1:1: Premature end of file.
2026-05-18 21:58:37,890 [ERROR] LogOutputStream:75 - [STDERR_REDIRECT] 
2026-05-18 21:58:38,888 [ERROR] LogOutputStream:75 - [STDERR_REDIRECT] [Fatal Error] :1:1: Premature end of file.
2026-05-18 21:58:38,888 [ERROR] LogOutputStream:75 - [STDERR_REDIRECT] 
2026-05-18 21:58:39,889 [ERROR] LogOutputStream:75 - [STDERR_REDIRECT] [Fatal Error] :1:1: Premature end of file.
2026-05-18 21:58:39,889 [ERROR] LogOutputStream:75 - [STDERR_REDIRECT] 
2026-05-18 21:58:40,886 [ERROR] LogOutputStream:75 - [STDERR_REDIRECT] [Fatal Error] :1:1: Premature end of file.
2026-05-18 21:58:40,886 [ERROR] LogOutputStream:75 - [STDERR_REDIRECT] 
2026-05-18 21:58:41,890 [ERROR] LogOutputStream:75 - [STDERR_REDIRECT] [Fatal Error] :1:1: Premature end of file.
2026-05-18 21:58:41,891 [ERROR] LogOutputStream:75 - [STDERR_REDIRECT] 
2026-05-18 21:58:42,888 [ERROR] LogOutputStream:75 - [STDERR_REDIRECT] [Fatal Error] :1:1: Premature end of file.
2026-05-18 21:58:42,889 [ERROR] LogOutputStream:75 - [STDERR_REDIRECT] 
2026-05-18 21:58:43,884 [ERROR] LogOutputStream:75 - [STDERR_REDIRECT] [Fatal Error] :1:1: Premature end of file.
2026-05-18 21:58:43,884 [ERROR] LogOutputStream:75 - [STDERR_REDIRECT] 
2026-05-18 21:58:44,891 [ERROR] LogOutputStream:75 - [STDERR_REDIRECT] [Fatal Error] :1:1: Premature end of file.
2026-05-18 21:58:44,891 [ERROR] LogOutputStream:75 - [STDERR_REDIRECT] 
2026-05-18 21:58:45,888 [ERROR] LogOutputStream:75 - [STDERR_REDIRECT] [Fatal Error] :1:1: Premature end of file.
2026-05-18 21:58:45,888 [ERROR] LogOutputStream:75 - [STDERR_REDIRECT] 
2026-05-18 21:58:46,890 [ERROR] LogOutputStream:75 - [STDERR_REDIRECT] [Fatal Error] :1:1: Premature end of file.
2026-05-18 21:58:46,890 [ERROR] LogOutputStream:75 - [STDERR_REDIRECT] 
2026-05-18 21:58:47,893 [ERROR] LogOutputStream:75 - [STDERR_REDIRECT] [Fatal Error] :1:1: Premature end of file.
2026-05-18 21:58:47,893 [ERROR] LogOutputStream:75 - [STDERR_REDIRECT] 
2026-05-18 21:58:48,886 [ERROR] LogOutputStream:75 - [STDERR_REDIRECT] [Fatal Error] :1:1: Premature end of file.
2026-05-18 21:58:48,886 [ERROR] LogOutputStream:75 - [STDERR_REDIRECT] 
2026-05-18 21:58:49,892 [ERROR] LogOutputStream:75 - [STDERR_REDIRECT] [Fatal Error] :1:1: Premature end of file.
2026-05-18 21:58:49,892 [ERROR] LogOutputStream:75 - [STDERR_REDIRECT] 
2026-05-18 21:58:50,889 [ERROR] LogOutputStream:75 - [STDERR_REDIRECT] [Fatal Error] :1:1: Premature end of file.
2026-05-18 21:58:50,889 [ERROR] LogOutputStream:75 - [STDERR_REDIRECT] 
2026-05-18 21:58:51,886 [ERROR] LogOutputStream:75 - [STDERR_REDIRECT] [Fatal Error] :1:1: Premature end of file.
2026-05-18 21:58:51,886 [ERROR] LogOutputStream:75 - [STDERR_REDIRECT] 
2026-05-18 21:58:52,885 [ERROR] LogOutputStream:75 - [STDERR_REDIRECT] [Fatal Error] :1:1: Premature end of file.
2026-05-18 21:58:52,885 [ERROR] LogOutputStream:75 - [STDERR_REDIRECT] 
2026-05-18 21:58:53,883 [ERROR] LogOutputStream:75 - [STDERR_REDIRECT] [Fatal Error] :1:1: Premature end of file.
2026-05-18 21:58:53,883 [ERROR] LogOutputStream:75 - [STDERR_REDIRECT] 
2026-05-18 21:58:54,881 [ERROR] LogOutputStream:75 - [STDERR_REDIRECT] [Fatal Error] :1:1: Premature end of file.
2026-05-18 21:58:54,882 [ERROR] LogOutputStream:75 - [STDERR_REDIRECT] 
2026-05-18 21:58:55,885 [ERROR] LogOutputStream:75 - [STDERR_REDIRECT] [Fatal Error] :1:1: Premature end of file.
2026-05-18 21:58:55,885 [ERROR] LogOutputStream:75 - [STDERR_REDIRECT] 
2026-05-18 21:58:56,890 [ERROR] LogOutputStream:75 - [STDERR_REDIRECT] [Fatal Error] :1:1: Premature end of file.
2026-05-18 21:58:56,890 [ERROR] LogOutputStream:75 - [STDERR_REDIRECT] 
2026-05-18 21:58:57,886 [ERROR] LogOutputStream:75 - [STDERR_REDIRECT] [Fatal Error] :1:1: Premature end of file.
2026-05-18 21:58:57,886 [ERROR] LogOutputStream:75 - [STDERR_REDIRECT] 
2026-05-18 21:58:58,890 [ERROR] LogOutputStream:75 - [STDERR_REDIRECT] [Fatal Error] :1:1: Premature end of file.
2026-05-18 21:58:58,890 [ERROR] LogOutputStream:75 - [STDERR_REDIRECT] 
2026-05-18 21:58:59,891 [ERROR] LogOutputStream:75 - [STDERR_REDIRECT] [Fatal Error] :1:1: Premature end of file.
2026-05-18 21:58:59,891 [ERROR] LogOutputStream:75 - [STDERR_REDIRECT] 
2026-05-18 21:59:00,886 [ERROR] LogOutputStream:75 - [STDERR_REDIRECT] [Fatal Error] :1:1: Premature end of file.
2026-05-18 21:59:00,887 [ERROR] LogOutputStream:75 - [STDERR_REDIRECT] 
2026-05-18 21:59:01,891 [ERROR] LogOutputStream:75 - [STDERR_REDIRECT] [Fatal Error] :1:1: Premature end of file.
2026-05-18 21:59:01,891 [ERROR] LogOutputStream:75 - [STDERR_REDIRECT] 
2026-05-18 21:59:02,890 [ERROR] LogOutputStream:75 - [STDERR_REDIRECT] [Fatal Error] :1:1: Premature end of file.
2026-05-18 21:59:02,890 [ERROR] LogOutputStream:75 - [STDERR_REDIRECT] 
2026-05-18 21:59:03,888 [ERROR] LogOutputStream:75 - [STDERR_REDIRECT] [Fatal Error] :1:1: Premature end of file.
2026-05-18 21:59:03,889 [ERROR] LogOutputStream:75 - [STDERR_REDIRECT] 
2026-05-18 21:59:04,893 [ERROR] LogOutputStream:75 - [STDERR_REDIRECT] [Fatal Error] :1:1: Premature end of file.
2026-05-18 21:59:04,895 [ERROR] LogOutputStream:75 - [STDERR_REDIRECT] 
2026-05-18 21:59:05,901 [ERROR] LogOutputStream:75 - [STDERR_REDIRECT] [Fatal Error] :1:1: Premature end of file.
2026-05-18 21:59:05,901 [ERROR] LogOutputStream:75 - [STDERR_REDIRECT] 
2026-05-18 21:59:06,884 [ERROR] LogOutputStream:75 - [STDERR_REDIRECT] [Fatal Error] :1:1: Premature end of file.
2026-05-18 21:59:06,884 [ERROR] LogOutputStream:75 - [STDERR_REDIRECT] 
2026-05-18 21:59:07,879 [ERROR] LogOutputStream:75 - [STDERR_REDIRECT] [Fatal Error] :1:1: Premature end of file.
2026-05-18 21:59:07,879 [ERROR] LogOutputStream:75 - [STDERR_REDIRECT] 
2026-05-18 21:59:08,893 [ERROR] LogOutputStream:75 - [STDERR_REDIRECT] [Fatal Error] :1:1: Premature end of file.
2026-05-18 21:59:08,893 [ERROR] LogOutputStream:75 - [STDERR_REDIRECT] 
2026-05-18 21:59:09,890 [ERROR] LogOutputStream:75 - [STDERR_REDIRECT] [Fatal Error] :1:1: Premature end of file.
2026-05-18 21:59:09,890 [ERROR] LogOutputStream:75 - [STDERR_REDIRECT] 
2026-05-18 21:59:10,894 [ERROR] LogOutputStream:75 - [STDERR_REDIRECT] [Fatal Error] :1:1: Premature end of file.
2026-05-18 21:59:10,894 [ERROR] LogOutputStream:75 - [STDERR_REDIRECT] 
2026-05-18 21:59:11,897 [ERROR] LogOutputStream:75 - [STDERR_REDIRECT] [Fatal Error] :1:1: Premature end of file.
2026-05-18 21:59:11,898 [ERROR] LogOutputStream:75 - [STDERR_REDIRECT] 
2026-05-18 21:59:12,888 [ERROR] LogOutputStream:75 - [STDERR_REDIRECT] [Fatal Error] :1:1: Premature end of file.
2026-05-18 21:59:12,889 [ERROR] LogOutputStream:75 - [STDERR_REDIRECT] 
2026-05-18 21:59:13,879 [ERROR] LogOutputStream:75 - [STDERR_REDIRECT] [Fatal Error] :1:1: Premature end of file.
2026-05-18 21:59:13,879 [ERROR] LogOutputStream:75 - [STDERR_REDIRECT] 
2026-05-18 21:59:14,892 [ERROR] LogOutputStream:75 - [STDERR_REDIRECT] [Fatal Error] :1:1: Premature end of file.
2026-05-18 21:59:14,893 [ERROR] LogOutputStream:75 - [STDERR_REDIRECT] 
2026-05-18 21:59:15,890 [ERROR] LogOutputStream:75 - [STDERR_REDIRECT] [Fatal Error] :1:1: Premature end of file.
2026-05-18 21:59:15,890 [ERROR] LogOutputStream:75 - [STDERR_REDIRECT] 
2026-05-18 21:59:16,885 [ERROR] LogOutputStream:75 - [STDERR_REDIRECT] [Fatal Error] :1:1: Premature end of file.
2026-05-18 21:59:16,885 [ERROR] LogOutputStream:75 - [STDERR_REDIRECT] 
2026-05-18 21:59:17,891 [ERROR] LogOutputStream:75 - [STDERR_REDIRECT] [Fatal Error] :1:1: Premature end of file.
2026-05-18 21:59:17,892 [ERROR] LogOutputStream:75 - [STDERR_REDIRECT] 
2026-05-18 21:59:18,886 [ERROR] LogOutputStream:75 - [STDERR_REDIRECT] [Fatal Error] :1:1: Premature end of file.
2026-05-18 21:59:18,886 [ERROR] LogOutputStream:75 - [STDERR_REDIRECT] 
2026-05-18 21:59:19,882 [ERROR] LogOutputStream:75 - [STDERR_REDIRECT] [Fatal Error] :1:1: Premature end of file.
2026-05-18 21:59:19,882 [ERROR] LogOutputStream:75 - [STDERR_REDIRECT] 
2026-05-18 21:59:20,885 [ERROR] LogOutputStream:75 - [STDERR_REDIRECT] [Fatal Error] :1:1: Premature end of file.
2026-05-18 21:59:20,885 [ERROR] LogOutputStream:75 - [STDERR_REDIRECT] 
2026-05-18 21:59:21,888 [ERROR] LogOutputStream:75 - [STDERR_REDIRECT] [Fatal Error] :1:1: Premature end of file.
2026-05-18 21:59:21,888 [ERROR] LogOutputStream:75 - [STDERR_REDIRECT] 
2026-05-18 21:59:22,886 [ERROR] LogOutputStream:75 - [STDERR_REDIRECT] [Fatal Error] :1:1: Premature end of file.
2026-05-18 21:59:22,887 [ERROR] LogOutputStream:75 - [STDERR_REDIRECT] 
2026-05-18 21:59:23,888 [ERROR] LogOutputStream:75 - [STDERR_REDIRECT] [Fatal Error] :1:1: Premature end of file.
2026-05-18 21:59:23,888 [ERROR] LogOutputStream:75 - [STDERR_REDIRECT] 
2026-05-18 21:59:24,878 [ERROR] LogOutputStream:75 - [STDERR_REDIRECT] [Fatal Error] :1:1: Premature end of file.
2026-05-18 21:59:24,878 [ERROR] LogOutputStream:75 - [STDERR_REDIRECT] 
2026-05-18 21:59:25,878 [ERROR] LogOutputStream:75 - [STDERR_REDIRECT] [Fatal Error] :1:1: Premature end of file.
2026-05-18 21:59:25,878 [ERROR] LogOutputStream:75 - [STDERR_REDIRECT] 
2026-05-18 21:59:26,888 [ERROR] LogOutputStream:75 - [STDERR_REDIRECT] [Fatal Error] :1:1: Premature end of file.
2026-05-18 21:59:26,888 [ERROR] LogOutputStream:75 - [STDERR_REDIRECT] 
2026-05-18 21:59:27,891 [ERROR] LogOutputStream:75 - [STDERR_REDIRECT] [Fatal Error] :1:1: Premature end of file.
2026-05-18 21:59:27,891 [ERROR] LogOutputStream:75 - [STDERR_REDIRECT] 
2026-05-18 21:59:28,887 [ERROR] LogOutputStream:75 - [STDERR_REDIRECT] [Fatal Error] :1:1: Premature end of file.
2026-05-18 21:59:28,887 [ERROR] LogOutputStream:75 - [STDERR_REDIRECT] 
2026-05-18 21:59:29,898 [ERROR] LogOutputStream:75 - [STDERR_REDIRECT] [Fatal Error] :1:1: Premature end of file.
2026-05-18 21:59:29,898 [ERROR] LogOutputStream:75 - [STDERR_REDIRECT] 
2026-05-18 21:59:30,895 [ERROR] LogOutputStream:75 - [STDERR_REDIRECT] [Fatal Error] :1:1: Premature end of file.
2026-05-18 21:59:30,895 [ERROR] LogOutputStream:75 - [STDERR_REDIRECT] 
2026-05-18 21:59:31,889 [ERROR] LogOutputStream:75 - [STDERR_REDIRECT] [Fatal Error] :1:1: Premature end of file.
2026-05-18 21:59:31,890 [ERROR] LogOutputStream:75 - [STDERR_REDIRECT] 
2026-05-18 21:59:32,893 [ERROR] LogOutputStream:75 - [STDERR_REDIRECT] [Fatal Error] :1:1: Premature end of file.
2026-05-18 21:59:32,893 [ERROR] LogOutputStream:75 - [STDERR_REDIRECT] 
2026-05-18 21:59:33,889 [ERROR] LogOutputStream:75 - [STDERR_REDIRECT] [Fatal Error] :1:1: Premature end of file.
2026-05-18 21:59:33,889 [ERROR] LogOutputStream:75 - [STDERR_REDIRECT] 
2026-05-18 21:59:34,879 [ERROR] LogOutputStream:75 - [STDERR_REDIRECT] [Fatal Error] :1:1: Premature end of file.
2026-05-18 21:59:34,879 [ERROR] LogOutputStream:75 - [STDERR_REDIRECT] 
2026-05-18 21:59:35,886 [ERROR] LogOutputStream:75 - [STDERR_REDIRECT] [Fatal Error] :1:1: Premature end of file.
2026-05-18 21:59:35,886 [ERROR] LogOutputStream:75 - [STDERR_REDIRECT] 
2026-05-18 21:59:36,886 [ERROR] LogOutputStream:75 - [STDERR_REDIRECT] [Fatal Error] :1:1: Premature end of file.
2026-05-18 21:59:36,886 [ERROR] LogOutputStream:75 - [STDERR_REDIRECT] 
2026-05-18 21:59:37,881 [ERROR] LogOutputStream:75 - [STDERR_REDIRECT] [Fatal Error] :1:1: Premature end of file.
2026-05-18 21:59:37,881 [ERROR] LogOutputStream:75 - [STDERR_REDIRECT] 
2026-05-18 21:59:38,890 [ERROR] LogOutputStream:75 - [STDERR_REDIRECT] [Fatal Error] :1:1: Premature end of file.
2026-05-18 21:59:38,890 [ERROR] LogOutputStream:75 - [STDERR_REDIRECT] 
2026-05-18 21:59:39,890 [ERROR] LogOutputStream:75 - [STDERR_REDIRECT] [Fatal Error] :1:1: Premature end of file.
2026-05-18 21:59:39,890 [ERROR] LogOutputStream:75 - [STDERR_REDIRECT] 
2026-05-18 21:59:40,886 [ERROR] LogOutputStream:75 - [STDERR_REDIRECT] [Fatal Error] :1:1: Premature end of file.
2026-05-18 21:59:40,886 [ERROR] LogOutputStream:75 - [STDERR_REDIRECT] 
2026-05-18 21:59:41,890 [ERROR] LogOutputStream:75 - [STDERR_REDIRECT] [Fatal Error] :1:1: Premature end of file.
2026-05-18 21:59:41,890 [ERROR] LogOutputStream:75 - [STDERR_REDIRECT] 
2026-05-18 21:59:42,891 [ERROR] LogOutputStream:75 - [STDERR_REDIRECT] [Fatal Error] :1:1: Premature end of file.
2026-05-18 21:59:42,891 [ERROR] LogOutputStream:75 - [STDERR_REDIRECT] 
2026-05-18 21:59:43,892 [ERROR] LogOutputStream:75 - [STDERR_REDIRECT] [Fatal Error] :1:1: Premature end of file.
2026-05-18 21:59:43,892 [ERROR] LogOutputStream:75 - [STDERR_REDIRECT] 
2026-05-18 21:59:44,879 [ERROR] LogOutputStream:75 - [STDERR_REDIRECT] [Fatal Error] :1:1: Premature end of file.
2026-05-18 21:59:44,879 [ERROR] LogOutputStream:75 - [STDERR_REDIRECT] 
2026-05-18 21:59:45,881 [ERROR] LogOutputStream:75 - [STDERR_REDIRECT] [Fatal Error] :1:1: Premature end of file.
2026-05-18 21:59:45,883 [ERROR] LogOutputStream:75 - [STDERR_REDIRECT] 
2026-05-18 21:59:46,882 [ERROR] LogOutputStream:75 - [STDERR_REDIRECT] [Fatal Error] :1:1: Premature end of file.
2026-05-18 21:59:46,883 [ERROR] LogOutputStream:75 - [STDERR_REDIRECT] 
2026-05-18 21:59:47,879 [ERROR] LogOutputStream:75 - [STDERR_REDIRECT] [Fatal Error] :1:1: Premature end of file.
2026-05-18 21:59:47,879 [ERROR] LogOutputStream:75 - [STDERR_REDIRECT] 
2026-05-18 21:59:48,889 [ERROR] LogOutputStream:75 - [STDERR_REDIRECT] [Fatal Error] :1:1: Premature end of file.
2026-05-18 21:59:48,890 [ERROR] LogOutputStream:75 - [STDERR_REDIRECT] 
2026-05-18 21:59:49,884 [ERROR] LogOutputStream:75 - [STDERR_REDIRECT] [Fatal Error] :1:1: Premature end of file.
2026-05-18 21:59:49,885 [ERROR] LogOutputStream:75 - [STDERR_REDIRECT] 
2026-05-18 21:59:50,896 [ERROR] LogOutputStream:75 - [STDERR_REDIRECT] [Fatal Error] :1:1: Premature end of file.
2026-05-18 21:59:50,896 [ERROR] LogOutputStream:75 - [STDERR_REDIRECT] 
2026-05-18 21:59:51,884 [ERROR] LogOutputStream:75 - [STDERR_REDIRECT] [Fatal Error] :1:1: Premature end of file.
2026-05-18 21:59:51,884 [ERROR] LogOutputStream:75 - [STDERR_REDIRECT] 
2026-05-18 21:59:52,889 [ERROR] LogOutputStream:75 - [STDERR_REDIRECT] [Fatal Error] :1:1: Premature end of file.
2026-05-18 21:59:52,889 [ERROR] LogOutputStream:75 - [STDERR_REDIRECT] 
2026-05-18 21:59:53,892 [ERROR] LogOutputStream:75 - [STDERR_REDIRECT] [Fatal Error] :1:1: Premature end of file.
2026-05-18 21:59:53,892 [ERROR] LogOutputStream:75 - [STDERR_REDIRECT] 
2026-05-18 21:59:54,884 [ERROR] LogOutputStream:75 - [STDERR_REDIRECT] [Fatal Error] :1:1: Premature end of file.
2026-05-18 21:59:54,885 [ERROR] LogOutputStream:75 - [STDERR_REDIRECT] 
2026-05-18 21:59:55,885 [ERROR] LogOutputStream:75 - [STDERR_REDIRECT] [Fatal Error] :1:1: Premature end of file.
2026-05-18 21:59:55,885 [ERROR] LogOutputStream:75 - [STDERR_REDIRECT] 
2026-05-18 21:59:56,888 [ERROR] LogOutputStream:75 - [STDERR_REDIRECT] [Fatal Error] :1:1: Premature end of file.
2026-05-18 21:59:56,888 [ERROR] LogOutputStream:75 - [STDERR_REDIRECT] 
2026-05-18 21:59:57,883 [ERROR] LogOutputStream:75 - [STDERR_REDIRECT] [Fatal Error] :1:1: Premature end of file.
2026-05-18 21:59:57,883 [ERROR] LogOutputStream:75 - [STDERR_REDIRECT] 
2026-05-18 21:59:58,885 [ERROR] LogOutputStream:75 - [STDERR_REDIRECT] [Fatal Error] :1:1: Premature end of file.
2026-05-18 21:59:58,886 [ERROR] LogOutputStream:75 - [STDERR_REDIRECT] 
2026-05-18 21:59:59,894 [ERROR] LogOutputStream:75 - [STDERR_REDIRECT] [Fatal Error] :1:1: Premature end of file.
2026-05-18 21:59:59,894 [ERROR] LogOutputStream:75 - [STDERR_REDIRECT] 
2026-05-18 22:00:00,891 [ERROR] LogOutputStream:75 - [STDERR_REDIRECT] [Fatal Error] :1:1: Premature end of file.
2026-05-18 22:00:00,891 [ERROR] LogOutputStream:75 - [STDERR_REDIRECT] 
2026-05-18 22:00:01,883 [ERROR] LogOutputStream:75 - [STDERR_REDIRECT] [Fatal Error] :1:1: Premature end of file.
2026-05-18 22:00:01,883 [ERROR] LogOutputStream:75 - [STDERR_REDIRECT] 
2026-05-18 22:00:02,880 [ERROR] LogOutputStream:75 - [STDERR_REDIRECT] [Fatal Error] :1:1: Premature end of file.
2026-05-18 22:00:02,880 [ERROR] LogOutputStream:75 - [STDERR_REDIRECT] 
2026-05-18 22:00:03,886 [ERROR] LogOutputStream:75 - [STDERR_REDIRECT] [Fatal Error] :1:1: Premature end of file.
2026-05-18 22:00:03,886 [ERROR] LogOutputStream:75 - [STDERR_REDIRECT] 
2026-05-18 22:00:04,886 [ERROR] LogOutputStream:75 - [STDERR_REDIRECT] [Fatal Error] :1:1: Premature end of file.
2026-05-18 22:00:04,886 [ERROR] LogOutputStream:75 - [STDERR_REDIRECT] 
2026-05-18 22:00:05,887 [ERROR] LogOutputStream:75 - [STDERR_REDIRECT] [Fatal Error] :1:1: Premature end of file.
2026-05-18 22:00:05,887 [ERROR] LogOutputStream:75 - [STDERR_REDIRECT] 
2026-05-18 22:00:06,885 [ERROR] LogOutputStream:75 - [STDERR_REDIRECT] [Fatal Error] :1:1: Premature end of file.
2026-05-18 22:00:06,885 [ERROR] LogOutputStream:75 - [STDERR_REDIRECT] 
2026-05-18 22:00:07,886 [ERROR] LogOutputStream:75 - [STDERR_REDIRECT] [Fatal Error] :1:1: Premature end of file.
2026-05-18 22:00:07,886 [ERROR] LogOutputStream:75 - [STDERR_REDIRECT] 
2026-05-18 22:00:08,892 [ERROR] LogOutputStream:75 - [STDERR_REDIRECT] [Fatal Error] :1:1: Premature end of file.
2026-05-18 22:00:08,892 [ERROR] LogOutputStream:75 - [STDERR_REDIRECT] 
2026-05-18 22:00:09,886 [ERROR] LogOutputStream:75 - [STDERR_REDIRECT] [Fatal Error] :1:1: Premature end of file.
2026-05-18 22:00:09,886 [ERROR] LogOutputStream:75 - [STDERR_REDIRECT] 
2026-05-18 22:00:10,899 [ERROR] LogOutputStream:75 - [STDERR_REDIRECT] [Fatal Error] :1:1: Premature end of file.
2026-05-18 22:00:10,899 [ERROR] LogOutputStream:75 - [STDERR_REDIRECT] 
2026-05-18 22:00:11,902 [ERROR] LogOutputStream:75 - [STDERR_REDIRECT] [Fatal Error] :1:1: Premature end of file.
2026-05-18 22:00:11,902 [ERROR] LogOutputStream:75 - [STDERR_REDIRECT] 
2026-05-18 22:00:12,892 [ERROR] LogOutputStream:75 - [STDERR_REDIRECT] [Fatal Error] :1:1: Premature end of file.
2026-05-18 22:00:12,892 [ERROR] LogOutputStream:75 - [STDERR_REDIRECT] 
2026-05-18 22:00:13,892 [ERROR] LogOutputStream:75 - [STDERR_REDIRECT] [Fatal Error] :1:1: Premature end of file.
2026-05-18 22:00:13,892 [ERROR] LogOutputStream:75 - [STDERR_REDIRECT] 
2026-05-18 22:00:14,881 [ERROR] LogOutputStream:75 - [STDERR_REDIRECT] [Fatal Error] :1:1: Premature end of file.
2026-05-18 22:00:14,881 [ERROR] LogOutputStream:75 - [STDERR_REDIRECT] 
2026-05-18 22:00:15,882 [ERROR] LogOutputStream:75 - [STDERR_REDIRECT] [Fatal Error] :1:1: Premature end of file.
2026-05-18 22:00:15,882 [ERROR] LogOutputStream:75 - [STDERR_REDIRECT] 
2026-05-18 22:00:16,891 [ERROR] LogOutputStream:75 - [STDERR_REDIRECT] [Fatal Error] :1:1: Premature end of file.
2026-05-18 22:00:16,893 [ERROR] LogOutputStream:75 - [STDERR_REDIRECT] 
2026-05-18 22:00:17,881 [ERROR] LogOutputStream:75 - [STDERR_REDIRECT] [Fatal Error] :1:1: Premature end of file.
2026-05-18 22:00:17,882 [ERROR] LogOutputStream:75 - [STDERR_REDIRECT] 
2026-05-18 22:00:18,895 [ERROR] LogOutputStream:75 - [STDERR_REDIRECT] [Fatal Error] :1:1: Premature end of file.
2026-05-18 22:00:18,895 [ERROR] LogOutputStream:75 - [STDERR_REDIRECT] 
2026-05-18 22:00:19,886 [ERROR] LogOutputStream:75 - [STDERR_REDIRECT] [Fatal Error] :1:1: Premature end of file.
2026-05-18 22:00:19,886 [ERROR] LogOutputStream:75 - [STDERR_REDIRECT] 
2026-05-18 22:00:20,897 [ERROR] LogOutputStream:75 - [STDERR_REDIRECT] [Fatal Error] :1:1: Premature end of file.
2026-05-18 22:00:20,897 [ERROR] LogOutputStream:75 - [STDERR_REDIRECT] 
2026-05-18 22:00:21,878 [ERROR] LogOutputStream:75 - [STDERR_REDIRECT] [Fatal Error] :1:1: Premature end of file.
2026-05-18 22:00:21,878 [ERROR] LogOutputStream:75 - [STDERR_REDIRECT] 
2026-05-18 22:00:22,888 [ERROR] LogOutputStream:75 - [STDERR_REDIRECT] [Fatal Error] :1:1: Premature end of file.
2026-05-18 22:00:22,888 [ERROR] LogOutputStream:75 - [STDERR_REDIRECT] 
2026-05-18 22:00:23,882 [ERROR] LogOutputStream:75 - [STDERR_REDIRECT] [Fatal Error] :1:1: Premature end of file.
2026-05-18 22:00:23,882 [ERROR] LogOutputStream:75 - [STDERR_REDIRECT] 
2026-05-18 22:00:24,889 [ERROR] LogOutputStream:75 - [STDERR_REDIRECT] [Fatal Error] :1:1: Premature end of file.
2026-05-18 22:00:24,889 [ERROR] LogOutputStream:75 - [STDERR_REDIRECT] 
2026-05-18 22:00:25,880 [ERROR] LogOutputStream:75 - [STDERR_REDIRECT] [Fatal Error] :1:1: Premature end of file.
2026-05-18 22:00:25,881 [ERROR] LogOutputStream:75 - [STDERR_REDIRECT] 
2026-05-18 22:00:26,896 [ERROR] LogOutputStream:75 - [STDERR_REDIRECT] [Fatal Error] :1:1: Premature end of file.
2026-05-18 22:00:26,896 [ERROR] LogOutputStream:75 - [STDERR_REDIRECT] 
2026-05-18 22:00:27,885 [ERROR] LogOutputStream:75 - [STDERR_REDIRECT] [Fatal Error] :1:1: Premature end of file.
2026-05-18 22:00:27,886 [ERROR] LogOutputStream:75 - [STDERR_REDIRECT] 
2026-05-18 22:00:28,885 [ERROR] LogOutputStream:75 - [STDERR_REDIRECT] [Fatal Error] :1:1: Premature end of file.
2026-05-18 22:00:28,885 [ERROR] LogOutputStream:75 - [STDERR_REDIRECT] 
2026-05-18 22:00:29,885 [ERROR] LogOutputStream:75 - [STDERR_REDIRECT] [Fatal Error] :1:1: Premature end of file.
2026-05-18 22:00:29,885 [ERROR] LogOutputStream:75 - [STDERR_REDIRECT] 
2026-05-18 22:00:30,888 [ERROR] LogOutputStream:75 - [STDERR_REDIRECT] [Fatal Error] :1:1: Premature end of file.
2026-05-18 22:00:30,888 [ERROR] LogOutputStream:75 - [STDERR_REDIRECT] 
2026-05-18 22:00:31,881 [ERROR] LogOutputStream:75 - [STDERR_REDIRECT] [Fatal Error] :1:1: Premature end of file.
2026-05-18 22:00:31,881 [ERROR] LogOutputStream:75 - [STDERR_REDIRECT] 
2026-05-18 22:00:32,882 [ERROR] LogOutputStream:75 - [STDERR_REDIRECT] [Fatal Error] :1:1: Premature end of file.
2026-05-18 22:00:32,882 [ERROR] LogOutputStream:75 - [STDERR_REDIRECT] 
2026-05-18 22:00:33,884 [ERROR] LogOutputStream:75 - [STDERR_REDIRECT] [Fatal Error] :1:1: Premature end of file.
2026-05-18 22:00:33,884 [ERROR] LogOutputStream:75 - [STDERR_REDIRECT] 
2026-05-18 22:00:34,889 [ERROR] LogOutputStream:75 - [STDERR_REDIRECT] [Fatal Error] :1:1: Premature end of file.
2026-05-18 22:00:34,890 [ERROR] LogOutputStream:75 - [STDERR_REDIRECT] 
2026-05-18 22:00:35,887 [ERROR] LogOutputStream:75 - [STDERR_REDIRECT] [Fatal Error] :1:1: Premature end of file.
2026-05-18 22:00:35,887 [ERROR] LogOutputStream:75 - [STDERR_REDIRECT] 
2026-05-18 22:00:36,887 [ERROR] LogOutputStream:75 - [STDERR_REDIRECT] [Fatal Error] :1:1: Premature end of file.
2026-05-18 22:00:36,887 [ERROR] LogOutputStream:75 - [STDERR_REDIRECT] 
2026-05-18 22:00:37,893 [ERROR] LogOutputStream:75 - [STDERR_REDIRECT] [Fatal Error] :1:1: Premature end of file.
2026-05-18 22:00:37,893 [ERROR] LogOutputStream:75 - [STDERR_REDIRECT] 
2026-05-18 22:00:38,886 [ERROR] LogOutputStream:75 - [STDERR_REDIRECT] [Fatal Error] :1:1: Premature end of file.
2026-05-18 22:00:38,886 [ERROR] LogOutputStream:75 - [STDERR_REDIRECT] 
2026-05-18 22:00:39,881 [ERROR] LogOutputStream:75 - [STDERR_REDIRECT] [Fatal Error] :1:1: Premature end of file.
2026-05-18 22:00:39,881 [ERROR] LogOutputStream:75 - [STDERR_REDIRECT] 
2026-05-18 22:00:40,885 [ERROR] LogOutputStream:75 - [STDERR_REDIRECT] [Fatal Error] :1:1: Premature end of file.
2026-05-18 22:00:40,885 [ERROR] LogOutputStream:75 - [STDERR_REDIRECT] 
2026-05-18 22:00:41,886 [ERROR] LogOutputStream:75 - [STDERR_REDIRECT] [Fatal Error] :1:1: Premature end of file.
2026-05-18 22:00:41,886 [ERROR] LogOutputStream:75 - [STDERR_REDIRECT] 
2026-05-18 22:00:42,905 [ERROR] LogOutputStream:75 - [STDERR_REDIRECT] [Fatal Error] :1:1: Premature end of file.
2026-05-18 22:00:42,905 [ERROR] LogOutputStream:75 - [STDERR_REDIRECT] 
2026-05-18 22:00:43,881 [ERROR] LogOutputStream:75 - [STDERR_REDIRECT] [Fatal Error] :1:1: Premature end of file.
2026-05-18 22:00:43,881 [ERROR] LogOutputStream:75 - [STDERR_REDIRECT] 
2026-05-18 22:00:44,887 [ERROR] LogOutputStream:75 - [STDERR_REDIRECT] [Fatal Error] :1:1: Premature end of file.
2026-05-18 22:00:44,887 [ERROR] LogOutputStream:75 - [STDERR_REDIRECT] 
2026-05-18 22:00:45,899 [ERROR] LogOutputStream:75 - [STDERR_REDIRECT] [Fatal Error] :1:1: Premature end of file.
2026-05-18 22:00:45,899 [ERROR] LogOutputStream:75 - [STDERR_REDIRECT] 
2026-05-18 22:00:46,893 [ERROR] LogOutputStream:75 - [STDERR_REDIRECT] [Fatal Error] :1:1: Premature end of file.
2026-05-18 22:00:46,893 [ERROR] LogOutputStream:75 - [STDERR_REDIRECT] 
2026-05-18 22:00:47,886 [ERROR] LogOutputStream:75 - [STDERR_REDIRECT] [Fatal Error] :1:1: Premature end of file.
2026-05-18 22:00:47,886 [ERROR] LogOutputStream:75 - [STDERR_REDIRECT] 
2026-05-18 22:00:48,886 [ERROR] LogOutputStream:75 - [STDERR_REDIRECT] [Fatal Error] :1:1: Premature end of file.
2026-05-18 22:00:48,886 [ERROR] LogOutputStream:75 - [STDERR_REDIRECT] 
2026-05-18 22:00:49,879 [ERROR] LogOutputStream:75 - [STDERR_REDIRECT] [Fatal Error] :1:1: Premature end of file.
2026-05-18 22:00:49,879 [ERROR] LogOutputStream:75 - [STDERR_REDIRECT] 
2026-05-18 22:00:50,886 [ERROR] LogOutputStream:75 - [STDERR_REDIRECT] [Fatal Error] :1:1: Premature end of file.
2026-05-18 22:00:50,886 [ERROR] LogOutputStream:75 - [STDERR_REDIRECT] 
2026-05-18 22:00:51,893 [ERROR] LogOutputStream:75 - [STDERR_REDIRECT] [Fatal Error] :1:1: Premature end of file.
2026-05-18 22:00:51,894 [ERROR] LogOutputStream:75 - [STDERR_REDIRECT] 
2026-05-18 22:00:52,936 [ERROR] LogOutputStream:75 - [STDERR_REDIRECT] [Fatal Error] :1:1: Premature end of file.
2026-05-18 22:00:52,937 [ERROR] LogOutputStream:75 - [STDERR_REDIRECT] 
2026-05-18 22:00:53,892 [ERROR] LogOutputStream:75 - [STDERR_REDIRECT] [Fatal Error] :1:1: Premature end of file.
2026-05-18 22:00:53,892 [ERROR] LogOutputStream:75 - [STDERR_REDIRECT] 
2026-05-18 22:00:54,891 [ERROR] LogOutputStream:75 - [STDERR_REDIRECT] [Fatal Error] :1:1: Premature end of file.
2026-05-18 22:00:54,891 [ERROR] LogOutputStream:75 - [STDERR_REDIRECT] 
2026-05-18 22:00:55,885 [ERROR] LogOutputStream:75 - [STDERR_REDIRECT] [Fatal Error] :1:1: Premature end of file.
2026-05-18 22:00:55,885 [ERROR] LogOutputStream:75 - [STDERR_REDIRECT] 
2026-05-18 22:00:56,884 [ERROR] LogOutputStream:75 - [STDERR_REDIRECT] [Fatal Error] :1:1: Premature end of file.
2026-05-18 22:00:56,884 [ERROR] LogOutputStream:75 - [STDERR_REDIRECT] 
2026-05-18 22:00:57,886 [ERROR] LogOutputStream:75 - [STDERR_REDIRECT] [Fatal Error] :1:1: Premature end of file.
2026-05-18 22:00:57,887 [ERROR] LogOutputStream:75 - [STDERR_REDIRECT] 
2026-05-18 22:00:58,893 [ERROR] LogOutputStream:75 - [STDERR_REDIRECT] [Fatal Error] :1:1: Premature end of file.
2026-05-18 22:00:58,893 [ERROR] LogOutputStream:75 - [STDERR_REDIRECT] 
2026-05-18 22:00:59,891 [ERROR] LogOutputStream:75 - [STDERR_REDIRECT] [Fatal Error] :1:1: Premature end of file.
2026-05-18 22:00:59,893 [ERROR] LogOutputStream:75 - [STDERR_REDIRECT] 
2026-05-18 22:01:00,887 [ERROR] LogOutputStream:75 - [STDERR_REDIRECT] [Fatal Error] :1:1: Premature end of file.
2026-05-18 22:01:00,887 [ERROR] LogOutputStream:75 - [STDERR_REDIRECT] 
2026-05-18 22:01:01,881 [ERROR] LogOutputStream:75 - [STDERR_REDIRECT] [Fatal Error] :1:1: Premature end of file.
2026-05-18 22:01:01,881 [ERROR] LogOutputStream:75 - [STDERR_REDIRECT] 
2026-05-18 22:01:02,893 [ERROR] LogOutputStream:75 - [STDERR_REDIRECT] [Fatal Error] :1:1: Premature end of file.
2026-05-18 22:01:02,893 [ERROR] LogOutputStream:75 - [STDERR_REDIRECT] 
2026-05-18 22:01:03,890 [ERROR] LogOutputStream:75 - [STDERR_REDIRECT] [Fatal Error] :1:1: Premature end of file.
2026-05-18 22:01:03,890 [ERROR] LogOutputStream:75 - [STDERR_REDIRECT] 
2026-05-18 22:01:04,878 [ERROR] LogOutputStream:75 - [STDERR_REDIRECT] [Fatal Error] :1:1: Premature end of file.
2026-05-18 22:01:04,878 [ERROR] LogOutputStream:75 - [STDERR_REDIRECT] 
2026-05-18 22:01:05,905 [ERROR] LogOutputStream:75 - [STDERR_REDIRECT] [Fatal Error] :1:1: Premature end of file.
2026-05-18 22:01:05,905 [ERROR] LogOutputStream:75 - [STDERR_REDIRECT] 
2026-05-18 22:01:06,885 [ERROR] LogOutputStream:75 - [STDERR_REDIRECT] [Fatal Error] :1:1: Premature end of file.
2026-05-18 22:01:06,885 [ERROR] LogOutputStream:75 - [STDERR_REDIRECT] 
2026-05-18 22:01:07,893 [ERROR] LogOutputStream:75 - [STDERR_REDIRECT] [Fatal Error] :1:1: Premature end of file.
2026-05-18 22:01:07,893 [ERROR] LogOutputStream:75 - [STDERR_REDIRECT] 
2026-05-18 22:01:08,892 [ERROR] LogOutputStream:75 - [STDERR_REDIRECT] [Fatal Error] :1:1: Premature end of file.
2026-05-18 22:01:08,892 [ERROR] LogOutputStream:75 - [STDERR_REDIRECT] 
2026-05-18 22:01:09,890 [ERROR] LogOutputStream:75 - [STDERR_REDIRECT] [Fatal Error] :1:1: Premature end of file.
2026-05-18 22:01:09,890 [ERROR] LogOutputStream:75 - [STDERR_REDIRECT] 
2026-05-18 22:01:10,892 [ERROR] LogOutputStream:75 - [STDERR_REDIRECT] [Fatal Error] :1:1: Premature end of file.
2026-05-18 22:01:10,892 [ERROR] LogOutputStream:75 - [STDERR_REDIRECT] 
2026-05-18 22:01:11,892 [ERROR] LogOutputStream:75 - [STDERR_REDIRECT] [Fatal Error] :1:1: Premature end of file.
2026-05-18 22:01:11,892 [ERROR] LogOutputStream:75 - [STDERR_REDIRECT] 
2026-05-18 22:01:12,893 [ERROR] LogOutputStream:75 - [STDERR_REDIRECT] [Fatal Error] :1:1: Premature end of file.
2026-05-18 22:01:12,893 [ERROR] LogOutputStream:75 - [STDERR_REDIRECT] 
2026-05-18 22:01:13,885 [ERROR] LogOutputStream:75 - [STDERR_REDIRECT] [Fatal Error] :1:1: Premature end of file.
2026-05-18 22:01:13,885 [ERROR] LogOutputStream:75 - [STDERR_REDIRECT] 
2026-05-18 22:01:14,889 [ERROR] LogOutputStream:75 - [STDERR_REDIRECT] [Fatal Error] :1:1: Premature end of file.
2026-05-18 22:01:14,889 [ERROR] LogOutputStream:75 - [STDERR_REDIRECT] 
2026-05-18 22:01:15,881 [ERROR] LogOutputStream:75 - [STDERR_REDIRECT] [Fatal Error] :1:1: Premature end of file.
2026-05-18 22:01:15,881 [ERROR] LogOutputStream:75 - [STDERR_REDIRECT] 
2026-05-18 22:01:16,890 [ERROR] LogOutputStream:75 - [STDERR_REDIRECT] [Fatal Error] :1:1: Premature end of file.
2026-05-18 22:01:16,890 [ERROR] LogOutputStream:75 - [STDERR_REDIRECT] 
2026-05-18 22:01:17,881 [ERROR] LogOutputStream:75 - [STDERR_REDIRECT] [Fatal Error] :1:1: Premature end of file.
2026-05-18 22:01:17,881 [ERROR] LogOutputStream:75 - [STDERR_REDIRECT] 
2026-05-18 22:01:18,879 [ERROR] LogOutputStream:75 - [STDERR_REDIRECT] [Fatal Error] :1:1: Premature end of file.
2026-05-18 22:01:18,879 [ERROR] LogOutputStream:75 - [STDERR_REDIRECT] 
2026-05-18 22:01:19,880 [ERROR] LogOutputStream:75 - [STDERR_REDIRECT] [Fatal Error] :1:1: Premature end of file.
2026-05-18 22:01:19,880 [ERROR] LogOutputStream:75 - [STDERR_REDIRECT] 
2026-05-18 22:01:20,888 [ERROR] LogOutputStream:75 - [STDERR_REDIRECT] [Fatal Error] :1:1: Premature end of file.
2026-05-18 22:01:20,889 [ERROR] LogOutputStream:75 - [STDERR_REDIRECT] 
2026-05-18 22:01:21,884 [ERROR] LogOutputStream:75 - [STDERR_REDIRECT] [Fatal Error] :1:1: Premature end of file.
2026-05-18 22:01:21,884 [ERROR] LogOutputStream:75 - [STDERR_REDIRECT] 
2026-05-18 22:01:22,884 [ERROR] LogOutputStream:75 - [STDERR_REDIRECT] [Fatal Error] :1:1: Premature end of file.
2026-05-18 22:01:22,884 [ERROR] LogOutputStream:75 - [STDERR_REDIRECT] 
2026-05-18 22:01:23,891 [ERROR] LogOutputStream:75 - [STDERR_REDIRECT] [Fatal Error] :1:1: Premature end of file.
2026-05-18 22:01:23,891 [ERROR] LogOutputStream:75 - [STDERR_REDIRECT] 
2026-05-18 22:01:24,881 [ERROR] LogOutputStream:75 - [STDERR_REDIRECT] [Fatal Error] :1:1: Premature end of file.
2026-05-18 22:01:24,881 [ERROR] LogOutputStream:75 - [STDERR_REDIRECT] 
2026-05-18 22:01:25,885 [ERROR] LogOutputStream:75 - [STDERR_REDIRECT] [Fatal Error] :1:1: Premature end of file.
2026-05-18 22:01:25,885 [ERROR] LogOutputStream:75 - [STDERR_REDIRECT] 
2026-05-18 22:01:26,881 [ERROR] LogOutputStream:75 - [STDERR_REDIRECT] [Fatal Error] :1:1: Premature end of file.
2026-05-18 22:01:26,881 [ERROR] LogOutputStream:75 - [STDERR_REDIRECT] 
2026-05-18 22:01:27,886 [ERROR] LogOutputStream:75 - [STDERR_REDIRECT] [Fatal Error] :1:1: Premature end of file.
2026-05-18 22:01:27,886 [ERROR] LogOutputStream:75 - [STDERR_REDIRECT] 
2026-05-18 22:01:28,895 [ERROR] LogOutputStream:75 - [STDERR_REDIRECT] [Fatal Error] :1:1: Premature end of file.
2026-05-18 22:01:28,895 [ERROR] LogOutputStream:75 - [STDERR_REDIRECT] 
2026-05-18 22:01:29,888 [ERROR] LogOutputStream:75 - [STDERR_REDIRECT] [Fatal Error] :1:1: Premature end of file.
2026-05-18 22:01:29,888 [ERROR] LogOutputStream:75 - [STDERR_REDIRECT] 
2026-05-18 22:01:30,893 [ERROR] LogOutputStream:75 - [STDERR_REDIRECT] [Fatal Error] :1:1: Premature end of file.
2026-05-18 22:01:30,893 [ERROR] LogOutputStream:75 - [STDERR_REDIRECT] 
2026-05-18 22:01:31,890 [ERROR] LogOutputStream:75 - [STDERR_REDIRECT] [Fatal Error] :1:1: Premature end of file.
2026-05-18 22:01:31,890 [ERROR] LogOutputStream:75 - [STDERR_REDIRECT] 
2026-05-18 22:01:32,890 [ERROR] LogOutputStream:75 - [STDERR_REDIRECT] [Fatal Error] :1:1: Premature end of file.
2026-05-18 22:01:32,890 [ERROR] LogOutputStream:75 - [STDERR_REDIRECT] 
2026-05-18 22:01:33,888 [ERROR] LogOutputStream:75 - [STDERR_REDIRECT] [Fatal Error] :1:1: Premature end of file.
2026-05-18 22:01:33,888 [ERROR] LogOutputStream:75 - [STDERR_REDIRECT] 
2026-05-18 22:01:34,895 [ERROR] LogOutputStream:75 - [STDERR_REDIRECT] [Fatal Error] :1:1: Premature end of file.
2026-05-18 22:01:34,895 [ERROR] LogOutputStream:75 - [STDERR_REDIRECT] 
2026-05-18 22:01:35,888 [ERROR] LogOutputStream:75 - [STDERR_REDIRECT] [Fatal Error] :1:1: Premature end of file.
2026-05-18 22:01:35,888 [ERROR] LogOutputStream:75 - [STDERR_REDIRECT] 
2026-05-18 22:01:36,884 [ERROR] LogOutputStream:75 - [STDERR_REDIRECT] [Fatal Error] :1:1: Premature end of file.
2026-05-18 22:01:36,884 [ERROR] LogOutputStream:75 - [STDERR_REDIRECT] 
2026-05-18 22:01:37,890 [ERROR] LogOutputStream:75 - [STDERR_REDIRECT] [Fatal Error] :1:1: Premature end of file.
2026-05-18 22:01:37,890 [ERROR] LogOutputStream:75 - [STDERR_REDIRECT] 
2026-05-18 22:01:38,885 [ERROR] LogOutputStream:75 - [STDERR_REDIRECT] [Fatal Error] :1:1: Premature end of file.
2026-05-18 22:01:38,885 [ERROR] LogOutputStream:75 - [STDERR_REDIRECT] 
2026-05-18 22:01:39,883 [ERROR] LogOutputStream:75 - [STDERR_REDIRECT] [Fatal Error] :1:1: Premature end of file.
2026-05-18 22:01:39,883 [ERROR] LogOutputStream:75 - [STDERR_REDIRECT] 
2026-05-18 22:01:40,887 [ERROR] LogOutputStream:75 - [STDERR_REDIRECT] [Fatal Error] :1:1: Premature end of file.
2026-05-18 22:01:40,887 [ERROR] LogOutputStream:75 - [STDERR_REDIRECT] 
2026-05-18 22:01:41,894 [ERROR] LogOutputStream:75 - [STDERR_REDIRECT] [Fatal Error] :1:1: Premature end of file.
2026-05-18 22:01:41,894 [ERROR] LogOutputStream:75 - [STDERR_REDIRECT] 
2026-05-18 22:01:42,890 [ERROR] LogOutputStream:75 - [STDERR_REDIRECT] [Fatal Error] :1:1: Premature end of file.
2026-05-18 22:01:42,890 [ERROR] LogOutputStream:75 - [STDERR_REDIRECT] 
2026-05-18 22:01:43,892 [ERROR] LogOutputStream:75 - [STDERR_REDIRECT] [Fatal Error] :1:1: Premature end of file.
2026-05-18 22:01:43,892 [ERROR] LogOutputStream:75 - [STDERR_REDIRECT] 
2026-05-18 22:01:44,893 [ERROR] LogOutputStream:75 - [STDERR_REDIRECT] [Fatal Error] :1:1: Premature end of file.
2026-05-18 22:01:44,893 [ERROR] LogOutputStream:75 - [STDERR_REDIRECT] 
2026-05-18 22:01:45,886 [ERROR] LogOutputStream:75 - [STDERR_REDIRECT] [Fatal Error] :1:1: Premature end of file.
2026-05-18 22:01:45,886 [ERROR] LogOutputStream:75 - [STDERR_REDIRECT] 
2026-05-18 22:01:46,888 [ERROR] LogOutputStream:75 - [STDERR_REDIRECT] [Fatal Error] :1:1: Premature end of file.
2026-05-18 22:01:46,888 [ERROR] LogOutputStream:75 - [STDERR_REDIRECT] 
2026-05-18 22:01:47,882 [ERROR] LogOutputStream:75 - [STDERR_REDIRECT] [Fatal Error] :1:1: Premature end of file.
2026-05-18 22:01:47,882 [ERROR] LogOutputStream:75 - [STDERR_REDIRECT] 
2026-05-18 22:01:48,889 [ERROR] LogOutputStream:75 - [STDERR_REDIRECT] [Fatal Error] :1:1: Premature end of file.
2026-05-18 22:01:48,889 [ERROR] LogOutputStream:75 - [STDERR_REDIRECT] 
2026-05-18 22:01:49,895 [ERROR] LogOutputStream:75 - [STDERR_REDIRECT] [Fatal Error] :1:1: Premature end of file.
2026-05-18 22:01:49,895 [ERROR] LogOutputStream:75 - [STDERR_REDIRECT] 
2026-05-18 22:01:50,893 [ERROR] LogOutputStream:75 - [STDERR_REDIRECT] [Fatal Error] :1:1: Premature end of file.
2026-05-18 22:01:50,893 [ERROR] LogOutputStream:75 - [STDERR_REDIRECT] 
2026-05-18 22:01:51,880 [ERROR] LogOutputStream:75 - [STDERR_REDIRECT] [Fatal Error] :1:1: Premature end of file.
2026-05-18 22:01:51,880 [ERROR] LogOutputStream:75 - [STDERR_REDIRECT] 
2026-05-18 22:01:52,891 [ERROR] LogOutputStream:75 - [STDERR_REDIRECT] [Fatal Error] :1:1: Premature end of file.
2026-05-18 22:01:52,891 [ERROR] LogOutputStream:75 - [STDERR_REDIRECT] 
2026-05-18 22:01:53,879 [ERROR] LogOutputStream:75 - [STDERR_REDIRECT] [Fatal Error] :1:1: Premature end of file.
2026-05-18 22:01:53,879 [ERROR] LogOutputStream:75 - [STDERR_REDIRECT] 
2026-05-18 22:01:54,901 [ERROR] LogOutputStream:75 - [STDERR_REDIRECT] [Fatal Error] :1:1: Premature end of file.
2026-05-18 22:01:54,901 [ERROR] LogOutputStream:75 - [STDERR_REDIRECT] 
2026-05-18 22:01:55,885 [ERROR] LogOutputStream:75 - [STDERR_REDIRECT] [Fatal Error] :1:1: Premature end of file.
2026-05-18 22:01:55,885 [ERROR] LogOutputStream:75 - [STDERR_REDIRECT] 
2026-05-18 22:01:56,889 [ERROR] LogOutputStream:75 - [STDERR_REDIRECT] [Fatal Error] :1:1: Premature end of file.
2026-05-18 22:01:56,889 [ERROR] LogOutputStream:75 - [STDERR_REDIRECT] 
2026-05-18 22:01:57,889 [ERROR] LogOutputStream:75 - [STDERR_REDIRECT] [Fatal Error] :1:1: Premature end of file.
2026-05-18 22:01:57,889 [ERROR] LogOutputStream:75 - [STDERR_REDIRECT] 
2026-05-18 22:01:58,886 [ERROR] LogOutputStream:75 - [STDERR_REDIRECT] [Fatal Error] :1:1: Premature end of file.
2026-05-18 22:01:58,886 [ERROR] LogOutputStream:75 - [STDERR_REDIRECT] 
2026-05-18 22:01:59,884 [ERROR] LogOutputStream:75 - [STDERR_REDIRECT] [Fatal Error] :1:1: Premature end of file.
2026-05-18 22:01:59,884 [ERROR] LogOutputStream:75 - [STDERR_REDIRECT] 
2026-05-18 22:02:00,884 [ERROR] LogOutputStream:75 - [STDERR_REDIRECT] [Fatal Error] :1:1: Premature end of file.
2026-05-18 22:02:00,884 [ERROR] LogOutputStream:75 - [STDERR_REDIRECT] 
2026-05-18 22:02:01,882 [ERROR] LogOutputStream:75 - [STDERR_REDIRECT] [Fatal Error] :1:1: Premature end of file.
2026-05-18 22:02:01,883 [ERROR] LogOutputStream:75 - [STDERR_REDIRECT] 
2026-05-18 22:02:02,888 [ERROR] LogOutputStream:75 - [STDERR_REDIRECT] [Fatal Error] :1:1: Premature end of file.
2026-05-18 22:02:02,888 [ERROR] LogOutputStream:75 - [STDERR_REDIRECT] 
2026-05-18 22:02:03,882 [ERROR] LogOutputStream:75 - [STDERR_REDIRECT] [Fatal Error] :1:1: Premature end of file.
2026-05-18 22:02:03,882 [ERROR] LogOutputStream:75 - [STDERR_REDIRECT] 
2026-05-18 22:02:04,889 [ERROR] LogOutputStream:75 - [STDERR_REDIRECT] [Fatal Error] :1:1: Premature end of file.
2026-05-18 22:02:04,889 [ERROR] LogOutputStream:75 - [STDERR_REDIRECT] 
2026-05-18 22:02:05,886 [ERROR] LogOutputStream:75 - [STDERR_REDIRECT] [Fatal Error] :1:1: Premature end of file.
2026-05-18 22:02:05,886 [ERROR] LogOutputStream:75 - [STDERR_REDIRECT] 
2026-05-18 22:02:06,895 [ERROR] LogOutputStream:75 - [STDERR_REDIRECT] [Fatal Error] :1:1: Premature end of file.
2026-05-18 22:02:06,895 [ERROR] LogOutputStream:75 - [STDERR_REDIRECT] 
2026-05-18 22:02:07,891 [ERROR] LogOutputStream:75 - [STDERR_REDIRECT] [Fatal Error] :1:1: Premature end of file.
2026-05-18 22:02:07,891 [ERROR] LogOutputStream:75 - [STDERR_REDIRECT] 
2026-05-18 22:02:08,886 [ERROR] LogOutputStream:75 - [STDERR_REDIRECT] [Fatal Error] :1:1: Premature end of file.
2026-05-18 22:02:08,886 [ERROR] LogOutputStream:75 - [STDERR_REDIRECT] 
2026-05-18 22:02:09,881 [ERROR] LogOutputStream:75 - [STDERR_REDIRECT] [Fatal Error] :1:1: Premature end of file.
2026-05-18 22:02:09,881 [ERROR] LogOutputStream:75 - [STDERR_REDIRECT] 
2026-05-18 22:02:10,886 [ERROR] LogOutputStream:75 - [STDERR_REDIRECT] [Fatal Error] :1:1: Premature end of file.
2026-05-18 22:02:10,886 [ERROR] LogOutputStream:75 - [STDERR_REDIRECT] 
2026-05-18 22:02:11,879 [ERROR] LogOutputStream:75 - [STDERR_REDIRECT] [Fatal Error] :1:1: Premature end of file.
2026-05-18 22:02:11,879 [ERROR] LogOutputStream:75 - [STDERR_REDIRECT] 
2026-05-18 22:02:12,880 [ERROR] LogOutputStream:75 - [STDERR_REDIRECT] [Fatal Error] :1:1: Premature end of file.
2026-05-18 22:02:12,880 [ERROR] LogOutputStream:75 - [STDERR_REDIRECT] 
2026-05-18 22:02:13,879 [ERROR] LogOutputStream:75 - [STDERR_REDIRECT] [Fatal Error] :1:1: Premature end of file.
2026-05-18 22:02:13,879 [ERROR] LogOutputStream:75 - [STDERR_REDIRECT] 
2026-05-18 22:02:14,880 [ERROR] LogOutputStream:75 - [STDERR_REDIRECT] [Fatal Error] :1:1: Premature end of file.
2026-05-18 22:02:14,880 [ERROR] LogOutputStream:75 - [STDERR_REDIRECT] 
2026-05-18 22:02:15,881 [ERROR] LogOutputStream:75 - [STDERR_REDIRECT] [Fatal Error] :1:1: Premature end of file.
2026-05-18 22:02:15,881 [ERROR] LogOutputStream:75 - [STDERR_REDIRECT] 
2026-05-18 22:02:16,888 [ERROR] LogOutputStream:75 - [STDERR_REDIRECT] [Fatal Error] :1:1: Premature end of file.
2026-05-18 22:02:16,888 [ERROR] LogOutputStream:75 - [STDERR_REDIRECT] 
2026-05-18 22:02:17,900 [ERROR] LogOutputStream:75 - [STDERR_REDIRECT] [Fatal Error] :1:1: Premature end of file.
2026-05-18 22:02:17,900 [ERROR] LogOutputStream:75 - [STDERR_REDIRECT] 
2026-05-18 22:02:18,886 [ERROR] LogOutputStream:75 - [STDERR_REDIRECT] [Fatal Error] :1:1: Premature end of file.
2026-05-18 22:02:18,886 [ERROR] LogOutputStream:75 - [STDERR_REDIRECT] 
2026-05-18 22:02:19,891 [ERROR] LogOutputStream:75 - [STDERR_REDIRECT] [Fatal Error] :1:1: Premature end of file.
2026-05-18 22:02:19,892 [ERROR] LogOutputStream:75 - [STDERR_REDIRECT] 
2026-05-18 22:02:20,899 [ERROR] LogOutputStream:75 - [STDERR_REDIRECT] [Fatal Error] :1:1: Premature end of file.
2026-05-18 22:02:20,900 [ERROR] LogOutputStream:75 - [STDERR_REDIRECT] 
2026-05-18 22:02:21,891 [ERROR] LogOutputStream:75 - [STDERR_REDIRECT] [Fatal Error] :1:1: Premature end of file.
2026-05-18 22:02:21,891 [ERROR] LogOutputStream:75 - [STDERR_REDIRECT] 
2026-05-18 22:02:22,878 [ERROR] LogOutputStream:75 - [STDERR_REDIRECT] [Fatal Error] :1:1: Premature end of file.
2026-05-18 22:02:22,878 [ERROR] LogOutputStream:75 - [STDERR_REDIRECT] 
2026-05-18 22:02:23,889 [ERROR] LogOutputStream:75 - [STDERR_REDIRECT] [Fatal Error] :1:1: Premature end of file.
2026-05-18 22:02:23,889 [ERROR] LogOutputStream:75 - [STDERR_REDIRECT] 
2026-05-18 22:02:24,883 [ERROR] LogOutputStream:75 - [STDERR_REDIRECT] [Fatal Error] :1:1: Premature end of file.
2026-05-18 22:02:24,883 [ERROR] LogOutputStream:75 - [STDERR_REDIRECT] 
2026-05-18 22:02:25,885 [ERROR] LogOutputStream:75 - [STDERR_REDIRECT] [Fatal Error] :1:1: Premature end of file.
2026-05-18 22:02:25,886 [ERROR] LogOutputStream:75 - [STDERR_REDIRECT] 
2026-05-18 22:02:26,890 [ERROR] LogOutputStream:75 - [STDERR_REDIRECT] [Fatal Error] :1:1: Premature end of file.
2026-05-18 22:02:26,890 [ERROR] LogOutputStream:75 - [STDERR_REDIRECT] 
2026-05-18 22:02:27,890 [ERROR] LogOutputStream:75 - [STDERR_REDIRECT] [Fatal Error] :1:1: Premature end of file.
2026-05-18 22:02:27,890 [ERROR] LogOutputStream:75 - [STDERR_REDIRECT] 
2026-05-18 22:02:28,880 [ERROR] LogOutputStream:75 - [STDERR_REDIRECT] [Fatal Error] :1:1: Premature end of file.
2026-05-18 22:02:28,880 [ERROR] LogOutputStream:75 - [STDERR_REDIRECT] 
2026-05-18 22:02:29,879 [ERROR] LogOutputStream:75 - [STDERR_REDIRECT] [Fatal Error] :1:1: Premature end of file.
2026-05-18 22:02:29,879 [ERROR] LogOutputStream:75 - [STDERR_REDIRECT] 
2026-05-18 22:02:30,886 [ERROR] LogOutputStream:75 - [STDERR_REDIRECT] [Fatal Error] :1:1: Premature end of file.
2026-05-18 22:02:30,886 [ERROR] LogOutputStream:75 - [STDERR_REDIRECT] 
2026-05-18 22:02:31,886 [ERROR] LogOutputStream:75 - [STDERR_REDIRECT] [Fatal Error] :1:1: Premature end of file.
2026-05-18 22:02:31,886 [ERROR] LogOutputStream:75 - [STDERR_REDIRECT] 
2026-05-18 22:02:32,884 [ERROR] LogOutputStream:75 - [STDERR_REDIRECT] [Fatal Error] :1:1: Premature end of file.
2026-05-18 22:02:32,884 [ERROR] LogOutputStream:75 - [STDERR_REDIRECT] 
2026-05-18 22:02:33,891 [ERROR] LogOutputStream:75 - [STDERR_REDIRECT] [Fatal Error] :1:1: Premature end of file.
2026-05-18 22:02:33,891 [ERROR] LogOutputStream:75 - [STDERR_REDIRECT] 
2026-05-18 22:02:34,891 [ERROR] LogOutputStream:75 - [STDERR_REDIRECT] [Fatal Error] :1:1: Premature end of file.
2026-05-18 22:02:34,891 [ERROR] LogOutputStream:75 - [STDERR_REDIRECT] 
2026-05-18 22:02:35,887 [ERROR] LogOutputStream:75 - [STDERR_REDIRECT] [Fatal Error] :1:1: Premature end of file.
2026-05-18 22:02:35,887 [ERROR] LogOutputStream:75 - [STDERR_REDIRECT] 
2026-05-18 22:02:36,883 [ERROR] LogOutputStream:75 - [STDERR_REDIRECT] [Fatal Error] :1:1: Premature end of file.
2026-05-18 22:02:36,883 [ERROR] LogOutputStream:75 - [STDERR_REDIRECT] 
2026-05-18 22:02:37,890 [ERROR] LogOutputStream:75 - [STDERR_REDIRECT] [Fatal Error] :1:1: Premature end of file.
2026-05-18 22:02:37,891 [ERROR] LogOutputStream:75 - [STDERR_REDIRECT] 
2026-05-18 22:02:38,881 [ERROR] LogOutputStream:75 - [STDERR_REDIRECT] [Fatal Error] :1:1: Premature end of file.
2026-05-18 22:02:38,881 [ERROR] LogOutputStream:75 - [STDERR_REDIRECT] 
2026-05-18 22:02:39,881 [ERROR] LogOutputStream:75 - [STDERR_REDIRECT] [Fatal Error] :1:1: Premature end of file.
2026-05-18 22:02:39,881 [ERROR] LogOutputStream:75 - [STDERR_REDIRECT] 
2026-05-18 22:02:40,880 [ERROR] LogOutputStream:75 - [STDERR_REDIRECT] [Fatal Error] :1:1: Premature end of file.
2026-05-18 22:02:40,880 [ERROR] LogOutputStream:75 - [STDERR_REDIRECT] 
2026-05-18 22:02:41,887 [ERROR] LogOutputStream:75 - [STDERR_REDIRECT] [Fatal Error] :1:1: Premature end of file.
2026-05-18 22:02:41,887 [ERROR] LogOutputStream:75 - [STDERR_REDIRECT] 
2026-05-18 22:02:42,894 [ERROR] LogOutputStream:75 - [STDERR_REDIRECT] [Fatal Error] :1:1: Premature end of file.
2026-05-18 22:02:42,894 [ERROR] LogOutputStream:75 - [STDERR_REDIRECT] 
2026-05-18 22:02:43,890 [ERROR] LogOutputStream:75 - [STDERR_REDIRECT] [Fatal Error] :1:1: Premature end of file.
2026-05-18 22:02:43,890 [ERROR] LogOutputStream:75 - [STDERR_REDIRECT] 
2026-05-18 22:02:44,879 [ERROR] LogOutputStream:75 - [STDERR_REDIRECT] [Fatal Error] :1:1: Premature end of file.
2026-05-18 22:02:44,879 [ERROR] LogOutputStream:75 - [STDERR_REDIRECT] 
2026-05-18 22:02:45,891 [ERROR] LogOutputStream:75 - [STDERR_REDIRECT] [Fatal Error] :1:1: Premature end of file.
2026-05-18 22:02:45,891 [ERROR] LogOutputStream:75 - [STDERR_REDIRECT] 
2026-05-18 22:02:46,879 [ERROR] LogOutputStream:75 - [STDERR_REDIRECT] [Fatal Error] :1:1: Premature end of file.
2026-05-18 22:02:46,879 [ERROR] LogOutputStream:75 - [STDERR_REDIRECT] 
2026-05-18 22:02:47,886 [ERROR] LogOutputStream:75 - [STDERR_REDIRECT] [Fatal Error] :1:1: Premature end of file.
2026-05-18 22:02:47,886 [ERROR] LogOutputStream:75 - [STDERR_REDIRECT] 
2026-05-18 22:02:48,881 [ERROR] LogOutputStream:75 - [STDERR_REDIRECT] [Fatal Error] :1:1: Premature end of file.
2026-05-18 22:02:48,881 [ERROR] LogOutputStream:75 - [STDERR_REDIRECT] 
2026-05-18 22:02:49,891 [ERROR] LogOutputStream:75 - [STDERR_REDIRECT] [Fatal Error] :1:1: Premature end of file.
2026-05-18 22:02:49,891 [ERROR] LogOutputStream:75 - [STDERR_REDIRECT] 
2026-05-18 22:02:50,883 [ERROR] LogOutputStream:75 - [STDERR_REDIRECT] [Fatal Error] :1:1: Premature end of file.
2026-05-18 22:02:50,884 [ERROR] LogOutputStream:75 - [STDERR_REDIRECT] 
2026-05-18 22:02:51,879 [ERROR] LogOutputStream:75 - [STDERR_REDIRECT] [Fatal Error] :1:1: Premature end of file.
2026-05-18 22:02:51,879 [ERROR] LogOutputStream:75 - [STDERR_REDIRECT] 
2026-05-18 22:02:52,887 [ERROR] LogOutputStream:75 - [STDERR_REDIRECT] [Fatal Error] :1:1: Premature end of file.
2026-05-18 22:02:52,887 [ERROR] LogOutputStream:75 - [STDERR_REDIRECT] 
2026-05-18 22:02:53,880 [ERROR] LogOutputStream:75 - [STDERR_REDIRECT] [Fatal Error] :1:1: Premature end of file.
2026-05-18 22:02:53,880 [ERROR] LogOutputStream:75 - [STDERR_REDIRECT] 
2026-05-18 22:02:54,889 [ERROR] LogOutputStream:75 - [STDERR_REDIRECT] [Fatal Error] :1:1: Premature end of file.
2026-05-18 22:02:54,889 [ERROR] LogOutputStream:75 - [STDERR_REDIRECT] 
2026-05-18 22:02:55,881 [ERROR] LogOutputStream:75 - [STDERR_REDIRECT] [Fatal Error] :1:1: Premature end of file.
2026-05-18 22:02:55,881 [ERROR] LogOutputStream:75 - [STDERR_REDIRECT] 
2026-05-18 22:02:56,884 [ERROR] LogOutputStream:75 - [STDERR_REDIRECT] [Fatal Error] :1:1: Premature end of file.
2026-05-18 22:02:56,884 [ERROR] LogOutputStream:75 - [STDERR_REDIRECT] 
2026-05-18 22:02:57,888 [ERROR] LogOutputStream:75 - [STDERR_REDIRECT] [Fatal Error] :1:1: Premature end of file.
2026-05-18 22:02:57,888 [ERROR] LogOutputStream:75 - [STDERR_REDIRECT] 
2026-05-18 22:02:58,881 [ERROR] LogOutputStream:75 - [STDERR_REDIRECT] [Fatal Error] :1:1: Premature end of file.
2026-05-18 22:02:58,881 [ERROR] LogOutputStream:75 - [STDERR_REDIRECT] 
2026-05-18 22:02:59,878 [ERROR] LogOutputStream:75 - [STDERR_REDIRECT] [Fatal Error] :1:1: Premature end of file.
2026-05-18 22:02:59,880 [ERROR] LogOutputStream:75 - [STDERR_REDIRECT] 
2026-05-18 22:03:00,881 [ERROR] LogOutputStream:75 - [STDERR_REDIRECT] [Fatal Error] :1:1: Premature end of file.
2026-05-18 22:03:00,881 [ERROR] LogOutputStream:75 - [STDERR_REDIRECT] 
2026-05-18 22:03:01,878 [ERROR] LogOutputStream:75 - [STDERR_REDIRECT] [Fatal Error] :1:1: Premature end of file.
2026-05-18 22:03:01,878 [ERROR] LogOutputStream:75 - [STDERR_REDIRECT] 
2026-05-18 22:03:02,881 [ERROR] LogOutputStream:75 - [STDERR_REDIRECT] [Fatal Error] :1:1: Premature end of file.
2026-05-18 22:03:02,881 [ERROR] LogOutputStream:75 - [STDERR_REDIRECT] 
2026-05-18 22:03:03,878 [ERROR] LogOutputStream:75 - [STDERR_REDIRECT] [Fatal Error] :1:1: Premature end of file.
2026-05-18 22:03:03,878 [ERROR] LogOutputStream:75 - [STDERR_REDIRECT] 
2026-05-18 22:03:04,883 [ERROR] LogOutputStream:75 - [STDERR_REDIRECT] [Fatal Error] :1:1: Premature end of file.
2026-05-18 22:03:04,883 [ERROR] LogOutputStream:75 - [STDERR_REDIRECT] 
2026-05-18 22:03:05,881 [ERROR] LogOutputStream:75 - [STDERR_REDIRECT] [Fatal Error] :1:1: Premature end of file.
2026-05-18 22:03:05,882 [ERROR] LogOutputStream:75 - [STDERR_REDIRECT] 
2026-05-18 22:03:06,880 [ERROR] LogOutputStream:75 - [STDERR_REDIRECT] [Fatal Error] :1:1: Premature end of file.
2026-05-18 22:03:06,881 [ERROR] LogOutputStream:75 - [STDERR_REDIRECT] 
2026-05-18 22:03:07,881 [ERROR] LogOutputStream:75 - [STDERR_REDIRECT] [Fatal Error] :1:1: Premature end of file.
2026-05-18 22:03:07,881 [ERROR] LogOutputStream:75 - [STDERR_REDIRECT] 
2026-05-18 22:03:08,887 [ERROR] LogOutputStream:75 - [STDERR_REDIRECT] [Fatal Error] :1:1: Premature end of file.
2026-05-18 22:03:08,887 [ERROR] LogOutputStream:75 - [STDERR_REDIRECT] 
2026-05-18 22:03:09,879 [ERROR] LogOutputStream:75 - [STDERR_REDIRECT] [Fatal Error] :1:1: Premature end of file.
2026-05-18 22:03:09,880 [ERROR] LogOutputStream:75 - [STDERR_REDIRECT] 
2026-05-18 22:03:10,890 [ERROR] LogOutputStream:75 - [STDERR_REDIRECT] [Fatal Error] :1:1: Premature end of file.
2026-05-18 22:03:10,890 [ERROR] LogOutputStream:75 - [STDERR_REDIRECT] 
2026-05-18 22:03:11,890 [ERROR] LogOutputStream:75 - [STDERR_REDIRECT] [Fatal Error] :1:1: Premature end of file.
2026-05-18 22:03:11,890 [ERROR] LogOutputStream:75 - [STDERR_REDIRECT] 
2026-05-18 22:03:12,891 [ERROR] LogOutputStream:75 - [STDERR_REDIRECT] [Fatal Error] :1:1: Premature end of file.
2026-05-18 22:03:12,891 [ERROR] LogOutputStream:75 - [STDERR_REDIRECT] 
2026-05-18 22:03:13,892 [ERROR] LogOutputStream:75 - [STDERR_REDIRECT] [Fatal Error] :1:1: Premature end of file.
2026-05-18 22:03:13,892 [ERROR] LogOutputStream:75 - [STDERR_REDIRECT] 
2026-05-18 22:03:14,886 [ERROR] LogOutputStream:75 - [STDERR_REDIRECT] [Fatal Error] :1:1: Premature end of file.
2026-05-18 22:03:14,886 [ERROR] LogOutputStream:75 - [STDERR_REDIRECT] 
2026-05-18 22:03:15,890 [ERROR] LogOutputStream:75 - [STDERR_REDIRECT] [Fatal Error] :1:1: Premature end of file.
2026-05-18 22:03:15,890 [ERROR] LogOutputStream:75 - [STDERR_REDIRECT] 
2026-05-18 22:03:16,883 [ERROR] LogOutputStream:75 - [STDERR_REDIRECT] [Fatal Error] :1:1: Premature end of file.
2026-05-18 22:03:16,883 [ERROR] LogOutputStream:75 - [STDERR_REDIRECT] 
2026-05-18 22:03:17,881 [ERROR] LogOutputStream:75 - [STDERR_REDIRECT] [Fatal Error] :1:1: Premature end of file.
2026-05-18 22:03:17,881 [ERROR] LogOutputStream:75 - [STDERR_REDIRECT] 
2026-05-18 22:03:18,885 [ERROR] LogOutputStream:75 - [STDERR_REDIRECT] [Fatal Error] :1:1: Premature end of file.
2026-05-18 22:03:18,885 [ERROR] LogOutputStream:75 - [STDERR_REDIRECT] 
2026-05-18 22:03:19,890 [ERROR] LogOutputStream:75 - [STDERR_REDIRECT] [Fatal Error] :1:1: Premature end of file.
2026-05-18 22:03:19,890 [ERROR] LogOutputStream:75 - [STDERR_REDIRECT] 
2026-05-18 22:03:20,882 [ERROR] LogOutputStream:75 - [STDERR_REDIRECT] [Fatal Error] :1:1: Premature end of file.
2026-05-18 22:03:20,882 [ERROR] LogOutputStream:75 - [STDERR_REDIRECT] 
2026-05-18 22:03:21,888 [ERROR] LogOutputStream:75 - [STDERR_REDIRECT] [Fatal Error] :1:1: Premature end of file.
2026-05-18 22:03:21,889 [ERROR] LogOutputStream:75 - [STDERR_REDIRECT] 
2026-05-18 22:03:22,887 [ERROR] LogOutputStream:75 - [STDERR_REDIRECT] [Fatal Error] :1:1: Premature end of file.
2026-05-18 22:03:22,887 [ERROR] LogOutputStream:75 - [STDERR_REDIRECT] 
2026-05-18 22:03:23,889 [ERROR] LogOutputStream:75 - [STDERR_REDIRECT] [Fatal Error] :1:1: Premature end of file.
2026-05-18 22:03:23,889 [ERROR] LogOutputStream:75 - [STDERR_REDIRECT] 
2026-05-18 22:03:24,890 [ERROR] LogOutputStream:75 - [STDERR_REDIRECT] [Fatal Error] :1:1: Premature end of file.
2026-05-18 22:03:24,890 [ERROR] LogOutputStream:75 - [STDERR_REDIRECT] 
2026-05-18 22:03:25,886 [ERROR] LogOutputStream:75 - [STDERR_REDIRECT] [Fatal Error] :1:1: Premature end of file.
2026-05-18 22:03:25,886 [ERROR] LogOutputStream:75 - [STDERR_REDIRECT] 
2026-05-18 22:03:26,891 [ERROR] LogOutputStream:75 - [STDERR_REDIRECT] [Fatal Error] :1:1: Premature end of file.
2026-05-18 22:03:26,891 [ERROR] LogOutputStream:75 - [STDERR_REDIRECT] 
2026-05-18 22:03:27,885 [ERROR] LogOutputStream:75 - [STDERR_REDIRECT] [Fatal Error] :1:1: Premature end of file.
2026-05-18 22:03:27,886 [ERROR] LogOutputStream:75 - [STDERR_REDIRECT] 
2026-05-18 22:03:28,879 [ERROR] LogOutputStream:75 - [STDERR_REDIRECT] [Fatal Error] :1:1: Premature end of file.
2026-05-18 22:03:28,879 [ERROR] LogOutputStream:75 - [STDERR_REDIRECT] 
2026-05-18 22:03:29,893 [ERROR] LogOutputStream:75 - [STDERR_REDIRECT] [Fatal Error] :1:1: Premature end of file.
2026-05-18 22:03:29,893 [ERROR] LogOutputStream:75 - [STDERR_REDIRECT] 
2026-05-18 22:03:30,887 [ERROR] LogOutputStream:75 - [STDERR_REDIRECT] [Fatal Error] :1:1: Premature end of file.
2026-05-18 22:03:30,887 [ERROR] LogOutputStream:75 - [STDERR_REDIRECT] 
2026-05-18 22:03:31,891 [ERROR] LogOutputStream:75 - [STDERR_REDIRECT] [Fatal Error] :1:1: Premature end of file.
2026-05-18 22:03:31,891 [ERROR] LogOutputStream:75 - [STDERR_REDIRECT] 
2026-05-18 22:03:32,883 [ERROR] LogOutputStream:75 - [STDERR_REDIRECT] [Fatal Error] :1:1: Premature end of file.
2026-05-18 22:03:32,883 [ERROR] LogOutputStream:75 - [STDERR_REDIRECT] 
2026-05-18 22:03:33,882 [ERROR] LogOutputStream:75 - [STDERR_REDIRECT] [Fatal Error] :1:1: Premature end of file.
2026-05-18 22:03:33,882 [ERROR] LogOutputStream:75 - [STDERR_REDIRECT] 
2026-05-18 22:03:34,878 [ERROR] LogOutputStream:75 - [STDERR_REDIRECT] [Fatal Error] :1:1: Premature end of file.
2026-05-18 22:03:34,879 [ERROR] LogOutputStream:75 - [STDERR_REDIRECT] 
2026-05-18 22:03:35,883 [ERROR] LogOutputStream:75 - [STDERR_REDIRECT] [Fatal Error] :1:1: Premature end of file.
2026-05-18 22:03:35,883 [ERROR] LogOutputStream:75 - [STDERR_REDIRECT] 
2026-05-18 22:03:36,881 [ERROR] LogOutputStream:75 - [STDERR_REDIRECT] [Fatal Error] :1:1: Premature end of file.
2026-05-18 22:03:36,881 [ERROR] LogOutputStream:75 - [STDERR_REDIRECT] 
2026-05-18 22:03:37,880 [ERROR] LogOutputStream:75 - [STDERR_REDIRECT] [Fatal Error] :1:1: Premature end of file.
2026-05-18 22:03:37,880 [ERROR] LogOutputStream:75 - [STDERR_REDIRECT] 
2026-05-18 22:03:38,881 [ERROR] LogOutputStream:75 - [STDERR_REDIRECT] [Fatal Error] :1:1: Premature end of file.
2026-05-18 22:03:38,881 [ERROR] LogOutputStream:75 - [STDERR_REDIRECT] 
2026-05-18 22:03:39,892 [ERROR] LogOutputStream:75 - [STDERR_REDIRECT] [Fatal Error] :1:1: Premature end of file.
2026-05-18 22:03:39,893 [ERROR] LogOutputStream:75 - [STDERR_REDIRECT] 
2026-05-18 22:03:40,881 [ERROR] LogOutputStream:75 - [STDERR_REDIRECT] [Fatal Error] :1:1: Premature end of file.
2026-05-18 22:03:40,883 [ERROR] LogOutputStream:75 - [STDERR_REDIRECT] 
2026-05-18 22:03:41,882 [ERROR] LogOutputStream:75 - [STDERR_REDIRECT] [Fatal Error] :1:1: Premature end of file.
2026-05-18 22:03:41,882 [ERROR] LogOutputStream:75 - [STDERR_REDIRECT] 
2026-05-18 22:03:42,879 [ERROR] LogOutputStream:75 - [STDERR_REDIRECT] [Fatal Error] :1:1: Premature end of file.
2026-05-18 22:03:42,879 [ERROR] LogOutputStream:75 - [STDERR_REDIRECT] 
2026-05-18 22:03:43,888 [ERROR] LogOutputStream:75 - [STDERR_REDIRECT] [Fatal Error] :1:1: Premature end of file.
2026-05-18 22:03:43,888 [ERROR] LogOutputStream:75 - [STDERR_REDIRECT] 
2026-05-18 22:03:44,894 [ERROR] LogOutputStream:75 - [STDERR_REDIRECT] [Fatal Error] :1:1: Premature end of file.
2026-05-18 22:03:44,894 [ERROR] LogOutputStream:75 - [STDERR_REDIRECT] 
2026-05-18 22:03:45,879 [ERROR] LogOutputStream:75 - [STDERR_REDIRECT] [Fatal Error] :1:1: Premature end of file.
2026-05-18 22:03:45,879 [ERROR] LogOutputStream:75 - [STDERR_REDIRECT] 
2026-05-18 22:03:46,889 [ERROR] LogOutputStream:75 - [STDERR_REDIRECT] [Fatal Error] :1:1: Premature end of file.
2026-05-18 22:03:46,890 [ERROR] LogOutputStream:75 - [STDERR_REDIRECT] 
2026-05-18 22:03:47,882 [ERROR] LogOutputStream:75 - [STDERR_REDIRECT] [Fatal Error] :1:1: Premature end of file.
2026-05-18 22:03:47,882 [ERROR] LogOutputStream:75 - [STDERR_REDIRECT] 
2026-05-18 22:03:48,878 [ERROR] LogOutputStream:75 - [STDERR_REDIRECT] [Fatal Error] :1:1: Premature end of file.
2026-05-18 22:03:48,878 [ERROR] LogOutputStream:75 - [STDERR_REDIRECT] 
2026-05-18 22:03:49,894 [ERROR] LogOutputStream:75 - [STDERR_REDIRECT] [Fatal Error] :1:1: Premature end of file.
2026-05-18 22:03:49,894 [ERROR] LogOutputStream:75 - [STDERR_REDIRECT] 
2026-05-18 22:03:50,887 [ERROR] LogOutputStream:75 - [STDERR_REDIRECT] [Fatal Error] :1:1: Premature end of file.
2026-05-18 22:03:50,887 [ERROR] LogOutputStream:75 - [STDERR_REDIRECT] 
2026-05-18 22:03:51,887 [ERROR] LogOutputStream:75 - [STDERR_REDIRECT] [Fatal Error] :1:1: Premature end of file.
2026-05-18 22:03:51,888 [ERROR] LogOutputStream:75 - [STDERR_REDIRECT] 
2026-05-18 22:03:52,887 [ERROR] LogOutputStream:75 - [STDERR_REDIRECT] [Fatal Error] :1:1: Premature end of file.
2026-05-18 22:03:52,887 [ERROR] LogOutputStream:75 - [STDERR_REDIRECT] 
2026-05-18 22:03:53,889 [ERROR] LogOutputStream:75 - [STDERR_REDIRECT] [Fatal Error] :1:1: Premature end of file.
2026-05-18 22:03:53,889 [ERROR] LogOutputStream:75 - [STDERR_REDIRECT] 
2026-05-18 22:03:54,885 [ERROR] LogOutputStream:75 - [STDERR_REDIRECT] [Fatal Error] :1:1: Premature end of file.
2026-05-18 22:03:54,885 [ERROR] LogOutputStream:75 - [STDERR_REDIRECT] 
2026-05-18 22:03:55,879 [ERROR] LogOutputStream:75 - [STDERR_REDIRECT] [Fatal Error] :1:1: Premature end of file.
2026-05-18 22:03:55,879 [ERROR] LogOutputStream:75 - [STDERR_REDIRECT] 
2026-05-18 22:03:56,882 [ERROR] LogOutputStream:75 - [STDERR_REDIRECT] [Fatal Error] :1:1: Premature end of file.
2026-05-18 22:03:56,882 [ERROR] LogOutputStream:75 - [STDERR_REDIRECT] 
2026-05-18 22:03:57,880 [ERROR] LogOutputStream:75 - [STDERR_REDIRECT] [Fatal Error] :1:1: Premature end of file.
2026-05-18 22:03:57,880 [ERROR] LogOutputStream:75 - [STDERR_REDIRECT] 
2026-05-18 22:03:58,879 [ERROR] LogOutputStream:75 - [STDERR_REDIRECT] [Fatal Error] :1:1: Premature end of file.
2026-05-18 22:03:58,879 [ERROR] LogOutputStream:75 - [STDERR_REDIRECT] 
2026-05-18 22:03:59,889 [ERROR] LogOutputStream:75 - [STDERR_REDIRECT] [Fatal Error] :1:1: Premature end of file.
2026-05-18 22:03:59,889 [ERROR] LogOutputStream:75 - [STDERR_REDIRECT] 
2026-05-18 22:04:00,879 [ERROR] LogOutputStream:75 - [STDERR_REDIRECT] [Fatal Error] :1:1: Premature end of file.
2026-05-18 22:04:00,879 [ERROR] LogOutputStream:75 - [STDERR_REDIRECT] 
2026-05-18 22:04:01,886 [ERROR] LogOutputStream:75 - [STDERR_REDIRECT] [Fatal Error] :1:1: Premature end of file.
2026-05-18 22:04:01,886 [ERROR] LogOutputStream:75 - [STDERR_REDIRECT] 
2026-05-18 22:04:02,884 [ERROR] LogOutputStream:75 - [STDERR_REDIRECT] [Fatal Error] :1:1: Premature end of file.
2026-05-18 22:04:02,884 [ERROR] LogOutputStream:75 - [STDERR_REDIRECT] 
2026-05-18 22:04:03,887 [ERROR] LogOutputStream:75 - [STDERR_REDIRECT] [Fatal Error] :1:1: Premature end of file.
2026-05-18 22:04:03,887 [ERROR] LogOutputStream:75 - [STDERR_REDIRECT] 
2026-05-18 22:04:04,891 [ERROR] LogOutputStream:75 - [STDERR_REDIRECT] [Fatal Error] :1:1: Premature end of file.
2026-05-18 22:04:04,891 [ERROR] LogOutputStream:75 - [STDERR_REDIRECT] 
2026-05-18 22:04:05,884 [ERROR] LogOutputStream:75 - [STDERR_REDIRECT] [Fatal Error] :1:1: Premature end of file.
2026-05-18 22:04:05,884 [ERROR] LogOutputStream:75 - [STDERR_REDIRECT] 
2026-05-18 22:04:06,886 [ERROR] LogOutputStream:75 - [STDERR_REDIRECT] [Fatal Error] :1:1: Premature end of file.
2026-05-18 22:04:06,886 [ERROR] LogOutputStream:75 - [STDERR_REDIRECT] 
2026-05-18 22:04:07,890 [ERROR] LogOutputStream:75 - [STDERR_REDIRECT] [Fatal Error] :1:1: Premature end of file.
2026-05-18 22:04:07,890 [ERROR] LogOutputStream:75 - [STDERR_REDIRECT] 
2026-05-18 22:04:08,896 [ERROR] LogOutputStream:75 - [STDERR_REDIRECT] [Fatal Error] :1:1: Premature end of file.
2026-05-18 22:04:08,896 [ERROR] LogOutputStream:75 - [STDERR_REDIRECT] 
2026-05-18 22:04:09,892 [ERROR] LogOutputStream:75 - [STDERR_REDIRECT] [Fatal Error] :1:1: Premature end of file.
2026-05-18 22:04:09,892 [ERROR] LogOutputStream:75 - [STDERR_REDIRECT] 
2026-05-18 22:04:10,883 [ERROR] LogOutputStream:75 - [STDERR_REDIRECT] [Fatal Error] :1:1: Premature end of file.
2026-05-18 22:04:10,884 [ERROR] LogOutputStream:75 - [STDERR_REDIRECT] 
2026-05-18 22:04:11,883 [ERROR] LogOutputStream:75 - [STDERR_REDIRECT] [Fatal Error] :1:1: Premature end of file.
2026-05-18 22:04:11,883 [ERROR] LogOutputStream:75 - [STDERR_REDIRECT] 
2026-05-18 22:04:12,879 [ERROR] LogOutputStream:75 - [STDERR_REDIRECT] [Fatal Error] :1:1: Premature end of file.
2026-05-18 22:04:12,880 [ERROR] LogOutputStream:75 - [STDERR_REDIRECT] 
2026-05-18 22:04:13,888 [ERROR] LogOutputStream:75 - [STDERR_REDIRECT] [Fatal Error] :1:1: Premature end of file.
2026-05-18 22:04:13,888 [ERROR] LogOutputStream:75 - [STDERR_REDIRECT] 
2026-05-18 22:04:14,890 [ERROR] LogOutputStream:75 - [STDERR_REDIRECT] [Fatal Error] :1:1: Premature end of file.
2026-05-18 22:04:14,890 [ERROR] LogOutputStream:75 - [STDERR_REDIRECT] 
2026-05-18 22:04:15,879 [ERROR] LogOutputStream:75 - [STDERR_REDIRECT] [Fatal Error] :1:1: Premature end of file.
2026-05-18 22:04:15,879 [ERROR] LogOutputStream:75 - [STDERR_REDIRECT] 
2026-05-18 22:04:16,884 [ERROR] LogOutputStream:75 - [STDERR_REDIRECT] [Fatal Error] :1:1: Premature end of file.
2026-05-18 22:04:16,884 [ERROR] LogOutputStream:75 - [STDERR_REDIRECT] 
2026-05-18 22:04:17,881 [ERROR] LogOutputStream:75 - [STDERR_REDIRECT] [Fatal Error] :1:1: Premature end of file.
2026-05-18 22:04:17,882 [ERROR] LogOutputStream:75 - [STDERR_REDIRECT] 
2026-05-18 22:04:18,891 [ERROR] LogOutputStream:75 - [STDERR_REDIRECT] [Fatal Error] :1:1: Premature end of file.
2026-05-18 22:04:18,891 [ERROR] LogOutputStream:75 - [STDERR_REDIRECT] 
2026-05-18 22:04:19,886 [ERROR] LogOutputStream:75 - [STDERR_REDIRECT] [Fatal Error] :1:1: Premature end of file.
2026-05-18 22:04:19,886 [ERROR] LogOutputStream:75 - [STDERR_REDIRECT] 
2026-05-18 22:04:20,880 [ERROR] LogOutputStream:75 - [STDERR_REDIRECT] [Fatal Error] :1:1: Premature end of file.
2026-05-18 22:04:20,880 [ERROR] LogOutputStream:75 - [STDERR_REDIRECT] 
2026-05-18 22:04:21,888 [ERROR] LogOutputStream:75 - [STDERR_REDIRECT] [Fatal Error] :1:1: Premature end of file.
2026-05-18 22:04:21,888 [ERROR] LogOutputStream:75 - [STDERR_REDIRECT] 
2026-05-18 22:04:22,883 [ERROR] LogOutputStream:75 - [STDERR_REDIRECT] [Fatal Error] :1:1: Premature end of file.
2026-05-18 22:04:22,883 [ERROR] LogOutputStream:75 - [STDERR_REDIRECT] 
2026-05-18 22:04:23,892 [ERROR] LogOutputStream:75 - [STDERR_REDIRECT] [Fatal Error] :1:1: Premature end of file.
2026-05-18 22:04:23,892 [ERROR] LogOutputStream:75 - [STDERR_REDIRECT] 
2026-05-18 22:04:24,881 [ERROR] LogOutputStream:75 - [STDERR_REDIRECT] [Fatal Error] :1:1: Premature end of file.
2026-05-18 22:04:24,881 [ERROR] LogOutputStream:75 - [STDERR_REDIRECT] 
2026-05-18 22:04:25,878 [ERROR] LogOutputStream:75 - [STDERR_REDIRECT] [Fatal Error] :1:1: Premature end of file.
2026-05-18 22:04:25,878 [ERROR] LogOutputStream:75 - [STDERR_REDIRECT] 
2026-05-18 22:04:26,880 [ERROR] LogOutputStream:75 - [STDERR_REDIRECT] [Fatal Error] :1:1: Premature end of file.
2026-05-18 22:04:26,880 [ERROR] LogOutputStream:75 - [STDERR_REDIRECT] 
2026-05-18 22:04:27,883 [ERROR] LogOutputStream:75 - [STDERR_REDIRECT] [Fatal Error] :1:1: Premature end of file.
2026-05-18 22:04:27,883 [ERROR] LogOutputStream:75 - [STDERR_REDIRECT] 
2026-05-18 22:04:28,887 [ERROR] LogOutputStream:75 - [STDERR_REDIRECT] [Fatal Error] :1:1: Premature end of file.
2026-05-18 22:04:28,887 [ERROR] LogOutputStream:75 - [STDERR_REDIRECT] 
2026-05-18 22:04:29,884 [ERROR] LogOutputStream:75 - [STDERR_REDIRECT] [Fatal Error] :1:1: Premature end of file.
2026-05-18 22:04:29,884 [ERROR] LogOutputStream:75 - [STDERR_REDIRECT] 
2026-05-18 22:04:30,882 [ERROR] LogOutputStream:75 - [STDERR_REDIRECT] [Fatal Error] :1:1: Premature end of file.
2026-05-18 22:04:30,882 [ERROR] LogOutputStream:75 - [STDERR_REDIRECT] 
2026-05-18 22:04:31,890 [ERROR] LogOutputStream:75 - [STDERR_REDIRECT] [Fatal Error] :1:1: Premature end of file.
2026-05-18 22:04:31,891 [ERROR] LogOutputStream:75 - [STDERR_REDIRECT] 
2026-05-18 22:04:32,886 [ERROR] LogOutputStream:75 - [STDERR_REDIRECT] [Fatal Error] :1:1: Premature end of file.
2026-05-18 22:04:32,887 [ERROR] LogOutputStream:75 - [STDERR_REDIRECT] 
2026-05-18 22:04:33,881 [ERROR] LogOutputStream:75 - [STDERR_REDIRECT] [Fatal Error] :1:1: Premature end of file.
2026-05-18 22:04:33,881 [ERROR] LogOutputStream:75 - [STDERR_REDIRECT] 
2026-05-18 22:04:34,879 [ERROR] LogOutputStream:75 - [STDERR_REDIRECT] [Fatal Error] :1:1: Premature end of file.
2026-05-18 22:04:34,880 [ERROR] LogOutputStream:75 - [STDERR_REDIRECT] 
2026-05-18 22:04:35,885 [ERROR] LogOutputStream:75 - [STDERR_REDIRECT] [Fatal Error] :1:1: Premature end of file.
2026-05-18 22:04:35,885 [ERROR] LogOutputStream:75 - [STDERR_REDIRECT] 
2026-05-18 22:04:36,880 [ERROR] LogOutputStream:75 - [STDERR_REDIRECT] [Fatal Error] :1:1: Premature end of file.
2026-05-18 22:04:36,880 [ERROR] LogOutputStream:75 - [STDERR_REDIRECT] 
2026-05-18 22:04:37,880 [ERROR] LogOutputStream:75 - [STDERR_REDIRECT] [Fatal Error] :1:1: Premature end of file.
2026-05-18 22:04:37,880 [ERROR] LogOutputStream:75 - [STDERR_REDIRECT] 
2026-05-18 22:04:38,891 [ERROR] LogOutputStream:75 - [STDERR_REDIRECT] [Fatal Error] :1:1: Premature end of file.
2026-05-18 22:04:38,891 [ERROR] LogOutputStream:75 - [STDERR_REDIRECT] 
2026-05-18 22:04:39,892 [ERROR] LogOutputStream:75 - [STDERR_REDIRECT] [Fatal Error] :1:1: Premature end of file.
2026-05-18 22:04:39,892 [ERROR] LogOutputStream:75 - [STDERR_REDIRECT] 
2026-05-18 22:04:40,888 [ERROR] LogOutputStream:75 - [STDERR_REDIRECT] [Fatal Error] :1:1: Premature end of file.
2026-05-18 22:04:40,888 [ERROR] LogOutputStream:75 - [STDERR_REDIRECT] 
2026-05-18 22:04:41,883 [ERROR] LogOutputStream:75 - [STDERR_REDIRECT] [Fatal Error] :1:1: Premature end of file.
2026-05-18 22:04:41,883 [ERROR] LogOutputStream:75 - [STDERR_REDIRECT] 
2026-05-18 22:04:42,879 [ERROR] LogOutputStream:75 - [STDERR_REDIRECT] [Fatal Error] :1:1: Premature end of file.
2026-05-18 22:04:42,879 [ERROR] LogOutputStream:75 - [STDERR_REDIRECT] 
2026-05-18 22:04:43,888 [ERROR] LogOutputStream:75 - [STDERR_REDIRECT] [Fatal Error] :1:1: Premature end of file.
2026-05-18 22:04:43,888 [ERROR] LogOutputStream:75 - [STDERR_REDIRECT] 
2026-05-18 22:04:44,887 [ERROR] LogOutputStream:75 - [STDERR_REDIRECT] [Fatal Error] :1:1: Premature end of file.
2026-05-18 22:04:44,887 [ERROR] LogOutputStream:75 - [STDERR_REDIRECT] 
2026-05-18 22:04:45,881 [ERROR] LogOutputStream:75 - [STDERR_REDIRECT] [Fatal Error] :1:1: Premature end of file.
2026-05-18 22:04:45,881 [ERROR] LogOutputStream:75 - [STDERR_REDIRECT] 
2026-05-18 22:04:46,882 [ERROR] LogOutputStream:75 - [STDERR_REDIRECT] [Fatal Error] :1:1: Premature end of file.
2026-05-18 22:04:46,882 [ERROR] LogOutputStream:75 - [STDERR_REDIRECT] 
2026-05-18 22:04:47,879 [ERROR] LogOutputStream:75 - [STDERR_REDIRECT] [Fatal Error] :1:1: Premature end of file.
2026-05-18 22:04:47,879 [ERROR] LogOutputStream:75 - [STDERR_REDIRECT] 
2026-05-18 22:04:48,881 [ERROR] LogOutputStream:75 - [STDERR_REDIRECT] [Fatal Error] :1:1: Premature end of file.
2026-05-18 22:04:48,881 [ERROR] LogOutputStream:75 - [STDERR_REDIRECT] 
2026-05-18 22:04:49,892 [ERROR] LogOutputStream:75 - [STDERR_REDIRECT] [Fatal Error] :1:1: Premature end of file.
2026-05-18 22:04:49,892 [ERROR] LogOutputStream:75 - [STDERR_REDIRECT] 
2026-05-18 22:04:50,889 [ERROR] LogOutputStream:75 - [STDERR_REDIRECT] [Fatal Error] :1:1: Premature end of file.
2026-05-18 22:04:50,889 [ERROR] LogOutputStream:75 - [STDERR_REDIRECT] 
2026-05-18 22:04:51,895 [ERROR] LogOutputStream:75 - [STDERR_REDIRECT] [Fatal Error] :1:1: Premature end of file.
2026-05-18 22:04:51,895 [ERROR] LogOutputStream:75 - [STDERR_REDIRECT] 
2026-05-18 22:04:52,886 [ERROR] LogOutputStream:75 - [STDERR_REDIRECT] [Fatal Error] :1:1: Premature end of file.
2026-05-18 22:04:52,886 [ERROR] LogOutputStream:75 - [STDERR_REDIRECT] 
2026-05-18 22:04:53,888 [ERROR] LogOutputStream:75 - [STDERR_REDIRECT] [Fatal Error] :1:1: Premature end of file.
2026-05-18 22:04:53,888 [ERROR] LogOutputStream:75 - [STDERR_REDIRECT] 
2026-05-18 22:04:54,891 [ERROR] LogOutputStream:75 - [STDERR_REDIRECT] [Fatal Error] :1:1: Premature end of file.
2026-05-18 22:04:54,892 [ERROR] LogOutputStream:75 - [STDERR_REDIRECT] 
2026-05-18 22:04:55,887 [ERROR] LogOutputStream:75 - [STDERR_REDIRECT] [Fatal Error] :1:1: Premature end of file.
2026-05-18 22:04:55,887 [ERROR] LogOutputStream:75 - [STDERR_REDIRECT] 
2026-05-18 22:04:56,887 [ERROR] LogOutputStream:75 - [STDERR_REDIRECT] [Fatal Error] :1:1: Premature end of file.
2026-05-18 22:04:56,887 [ERROR] LogOutputStream:75 - [STDERR_REDIRECT] 
2026-05-18 22:04:57,882 [ERROR] LogOutputStream:75 - [STDERR_REDIRECT] [Fatal Error] :1:1: Premature end of file.
2026-05-18 22:04:57,882 [ERROR] LogOutputStream:75 - [STDERR_REDIRECT] 
2026-05-18 22:04:58,879 [ERROR] LogOutputStream:75 - [STDERR_REDIRECT] [Fatal Error] :1:1: Premature end of file.
2026-05-18 22:04:58,879 [ERROR] LogOutputStream:75 - [STDERR_REDIRECT] 
2026-05-18 22:04:59,883 [ERROR] LogOutputStream:75 - [STDERR_REDIRECT] [Fatal Error] :1:1: Premature end of file.
2026-05-18 22:04:59,884 [ERROR] LogOutputStream:75 - [STDERR_REDIRECT] 
2026-05-18 22:05:00,892 [ERROR] LogOutputStream:75 - [STDERR_REDIRECT] [Fatal Error] :1:1: Premature end of file.
2026-05-18 22:05:00,892 [ERROR] LogOutputStream:75 - [STDERR_REDIRECT] 
2026-05-18 22:05:01,880 [ERROR] LogOutputStream:75 - [STDERR_REDIRECT] [Fatal Error] :1:1: Premature end of file.
2026-05-18 22:05:01,880 [ERROR] LogOutputStream:75 - [STDERR_REDIRECT] 
2026-05-18 22:05:02,886 [ERROR] LogOutputStream:75 - [STDERR_REDIRECT] [Fatal Error] :1:1: Premature end of file.
2026-05-18 22:05:02,886 [ERROR] LogOutputStream:75 - [STDERR_REDIRECT] 
2026-05-18 22:05:03,879 [ERROR] LogOutputStream:75 - [STDERR_REDIRECT] [Fatal Error] :1:1: Premature end of file.
2026-05-18 22:05:03,879 [ERROR] LogOutputStream:75 - [STDERR_REDIRECT] 
2026-05-18 22:05:04,891 [ERROR] LogOutputStream:75 - [STDERR_REDIRECT] [Fatal Error] :1:1: Premature end of file.
2026-05-18 22:05:04,891 [ERROR] LogOutputStream:75 - [STDERR_REDIRECT] 
2026-05-18 22:05:05,896 [ERROR] LogOutputStream:75 - [STDERR_REDIRECT] [Fatal Error] :1:1: Premature end of file.
2026-05-18 22:05:05,896 [ERROR] LogOutputStream:75 - [STDERR_REDIRECT] 
2026-05-18 22:05:06,878 [ERROR] LogOutputStream:75 - [STDERR_REDIRECT] [Fatal Error] :1:1: Premature end of file.
2026-05-18 22:05:06,878 [ERROR] LogOutputStream:75 - [STDERR_REDIRECT] 
2026-05-18 22:05:07,895 [ERROR] LogOutputStream:75 - [STDERR_REDIRECT] [Fatal Error] :1:1: Premature end of file.
2026-05-18 22:05:07,895 [ERROR] LogOutputStream:75 - [STDERR_REDIRECT] 
2026-05-18 22:05:08,890 [ERROR] LogOutputStream:75 - [STDERR_REDIRECT] [Fatal Error] :1:1: Premature end of file.
2026-05-18 22:05:08,890 [ERROR] LogOutputStream:75 - [STDERR_REDIRECT] 
2026-05-18 22:05:09,881 [ERROR] LogOutputStream:75 - [STDERR_REDIRECT] [Fatal Error] :1:1: Premature end of file.
2026-05-18 22:05:09,881 [ERROR] LogOutputStream:75 - [STDERR_REDIRECT] 
2026-05-18 22:05:10,882 [ERROR] LogOutputStream:75 - [STDERR_REDIRECT] [Fatal Error] :1:1: Premature end of file.
2026-05-18 22:05:10,882 [ERROR] LogOutputStream:75 - [STDERR_REDIRECT] 
2026-05-18 22:05:11,891 [ERROR] LogOutputStream:75 - [STDERR_REDIRECT] [Fatal Error] :1:1: Premature end of file.
2026-05-18 22:05:11,891 [ERROR] LogOutputStream:75 - [STDERR_REDIRECT] 
2026-05-18 22:05:12,890 [ERROR] LogOutputStream:75 - [STDERR_REDIRECT] [Fatal Error] :1:1: Premature end of file.
2026-05-18 22:05:12,890 [ERROR] LogOutputStream:75 - [STDERR_REDIRECT] 
2026-05-18 22:05:13,887 [ERROR] LogOutputStream:75 - [STDERR_REDIRECT] [Fatal Error] :1:1: Premature end of file.
2026-05-18 22:05:13,887 [ERROR] LogOutputStream:75 - [STDERR_REDIRECT] 
2026-05-18 22:05:14,879 [ERROR] LogOutputStream:75 - [STDERR_REDIRECT] [Fatal Error] :1:1: Premature end of file.
2026-05-18 22:05:14,879 [ERROR] LogOutputStream:75 - [STDERR_REDIRECT] 
2026-05-18 22:05:15,882 [ERROR] LogOutputStream:75 - [STDERR_REDIRECT] [Fatal Error] :1:1: Premature end of file.
2026-05-18 22:05:15,882 [ERROR] LogOutputStream:75 - [STDERR_REDIRECT] 
2026-05-18 22:05:16,880 [ERROR] LogOutputStream:75 - [STDERR_REDIRECT] [Fatal Error] :1:1: Premature end of file.
2026-05-18 22:05:16,881 [ERROR] LogOutputStream:75 - [STDERR_REDIRECT] 
2026-05-18 22:05:17,880 [ERROR] LogOutputStream:75 - [STDERR_REDIRECT] [Fatal Error] :1:1: Premature end of file.
2026-05-18 22:05:17,880 [ERROR] LogOutputStream:75 - [STDERR_REDIRECT] 
2026-05-18 22:05:18,884 [ERROR] LogOutputStream:75 - [STDERR_REDIRECT] [Fatal Error] :1:1: Premature end of file.
2026-05-18 22:05:18,884 [ERROR] LogOutputStream:75 - [STDERR_REDIRECT] 
2026-05-18 22:05:19,893 [ERROR] LogOutputStream:75 - [STDERR_REDIRECT] [Fatal Error] :1:1: Premature end of file.
2026-05-18 22:05:19,893 [ERROR] LogOutputStream:75 - [STDERR_REDIRECT] 
2026-05-18 22:05:20,880 [ERROR] LogOutputStream:75 - [STDERR_REDIRECT] [Fatal Error] :1:1: Premature end of file.
2026-05-18 22:05:20,880 [ERROR] LogOutputStream:75 - [STDERR_REDIRECT] 
2026-05-18 22:05:21,879 [ERROR] LogOutputStream:75 - [STDERR_REDIRECT] [Fatal Error] :1:1: Premature end of file.
2026-05-18 22:05:21,879 [ERROR] LogOutputStream:75 - [STDERR_REDIRECT] 
2026-05-18 22:05:22,883 [ERROR] LogOutputStream:75 - [STDERR_REDIRECT] [Fatal Error] :1:1: Premature end of file.
2026-05-18 22:05:22,883 [ERROR] LogOutputStream:75 - [STDERR_REDIRECT] 
2026-05-18 22:05:23,880 [ERROR] LogOutputStream:75 - [STDERR_REDIRECT] [Fatal Error] :1:1: Premature end of file.
2026-05-18 22:05:23,880 [ERROR] LogOutputStream:75 - [STDERR_REDIRECT] 
2026-05-18 22:05:24,880 [ERROR] LogOutputStream:75 - [STDERR_REDIRECT] [Fatal Error] :1:1: Premature end of file.
2026-05-18 22:05:24,881 [ERROR] LogOutputStream:75 - [STDERR_REDIRECT] 
2026-05-18 22:05:25,891 [ERROR] LogOutputStream:75 - [STDERR_REDIRECT] [Fatal Error] :1:1: Premature end of file.
2026-05-18 22:05:25,891 [ERROR] LogOutputStream:75 - [STDERR_REDIRECT] 
2026-05-18 22:05:26,893 [ERROR] LogOutputStream:75 - [STDERR_REDIRECT] [Fatal Error] :1:1: Premature end of file.
2026-05-18 22:05:26,894 [ERROR] LogOutputStream:75 - [STDERR_REDIRECT] 
2026-05-18 22:05:27,881 [ERROR] LogOutputStream:75 - [STDERR_REDIRECT] [Fatal Error] :1:1: Premature end of file.
2026-05-18 22:05:27,881 [ERROR] LogOutputStream:75 - [STDERR_REDIRECT] 
2026-05-18 22:05:28,887 [ERROR] LogOutputStream:75 - [STDERR_REDIRECT] [Fatal Error] :1:1: Premature end of file.
2026-05-18 22:05:28,887 [ERROR] LogOutputStream:75 - [STDERR_REDIRECT] 
2026-05-18 22:05:29,888 [ERROR] LogOutputStream:75 - [STDERR_REDIRECT] [Fatal Error] :1:1: Premature end of file.
2026-05-18 22:05:29,889 [ERROR] LogOutputStream:75 - [STDERR_REDIRECT] 
2026-05-18 22:05:30,888 [ERROR] LogOutputStream:75 - [STDERR_REDIRECT] [Fatal Error] :1:1: Premature end of file.
2026-05-18 22:05:30,888 [ERROR] LogOutputStream:75 - [STDERR_REDIRECT] 
2026-05-18 22:05:31,897 [ERROR] LogOutputStream:75 - [STDERR_REDIRECT] [Fatal Error] :1:1: Premature end of file.
2026-05-18 22:05:31,898 [ERROR] LogOutputStream:75 - [STDERR_REDIRECT] 
2026-05-18 22:05:32,886 [ERROR] LogOutputStream:75 - [STDERR_REDIRECT] [Fatal Error] :1:1: Premature end of file.
2026-05-18 22:05:32,887 [ERROR] LogOutputStream:75 - [STDERR_REDIRECT] 
2026-05-18 22:05:33,893 [ERROR] LogOutputStream:75 - [STDERR_REDIRECT] [Fatal Error] :1:1: Premature end of file.
2026-05-18 22:05:33,894 [ERROR] LogOutputStream:75 - [STDERR_REDIRECT] 
2026-05-18 22:05:34,890 [ERROR] LogOutputStream:75 - [STDERR_REDIRECT] [Fatal Error] :1:1: Premature end of file.
2026-05-18 22:05:34,890 [ERROR] LogOutputStream:75 - [STDERR_REDIRECT] 
2026-05-18 22:05:35,889 [ERROR] LogOutputStream:75 - [STDERR_REDIRECT] [Fatal Error] :1:1: Premature end of file.
2026-05-18 22:05:35,889 [ERROR] LogOutputStream:75 - [STDERR_REDIRECT] 
2026-05-18 22:05:36,882 [ERROR] LogOutputStream:75 - [STDERR_REDIRECT] [Fatal Error] :1:1: Premature end of file.
2026-05-18 22:05:36,882 [ERROR] LogOutputStream:75 - [STDERR_REDIRECT] 
2026-05-18 22:05:37,885 [ERROR] LogOutputStream:75 - [STDERR_REDIRECT] [Fatal Error] :1:1: Premature end of file.
2026-05-18 22:05:37,886 [ERROR] LogOutputStream:75 - [STDERR_REDIRECT] 
2026-05-18 22:05:38,880 [ERROR] LogOutputStream:75 - [STDERR_REDIRECT] [Fatal Error] :1:1: Premature end of file.
2026-05-18 22:05:38,880 [ERROR] LogOutputStream:75 - [STDERR_REDIRECT] 
2026-05-18 22:05:39,889 [ERROR] LogOutputStream:75 - [STDERR_REDIRECT] [Fatal Error] :1:1: Premature end of file.
2026-05-18 22:05:39,889 [ERROR] LogOutputStream:75 - [STDERR_REDIRECT] 
2026-05-18 22:05:40,881 [ERROR] LogOutputStream:75 - [STDERR_REDIRECT] [Fatal Error] :1:1: Premature end of file.
2026-05-18 22:05:40,883 [ERROR] LogOutputStream:75 - [STDERR_REDIRECT] 
2026-05-18 22:05:41,885 [ERROR] LogOutputStream:75 - [STDERR_REDIRECT] [Fatal Error] :1:1: Premature end of file.
2026-05-18 22:05:41,885 [ERROR] LogOutputStream:75 - [STDERR_REDIRECT] 
2026-05-18 22:05:42,883 [ERROR] LogOutputStream:75 - [STDERR_REDIRECT] [Fatal Error] :1:1: Premature end of file.
2026-05-18 22:05:42,883 [ERROR] LogOutputStream:75 - [STDERR_REDIRECT] 
2026-05-18 22:05:43,881 [ERROR] LogOutputStream:75 - [STDERR_REDIRECT] [Fatal Error] :1:1: Premature end of file.
2026-05-18 22:05:43,881 [ERROR] LogOutputStream:75 - [STDERR_REDIRECT] 
2026-05-18 22:05:44,890 [ERROR] LogOutputStream:75 - [STDERR_REDIRECT] [Fatal Error] :1:1: Premature end of file.
2026-05-18 22:05:44,891 [ERROR] LogOutputStream:75 - [STDERR_REDIRECT] 
2026-05-18 22:05:45,883 [ERROR] LogOutputStream:75 - [STDERR_REDIRECT] [Fatal Error] :1:1: Premature end of file.
2026-05-18 22:05:45,883 [ERROR] LogOutputStream:75 - [STDERR_REDIRECT] 
2026-05-18 22:05:46,890 [ERROR] LogOutputStream:75 - [STDERR_REDIRECT] [Fatal Error] :1:1: Premature end of file.
2026-05-18 22:05:46,890 [ERROR] LogOutputStream:75 - [STDERR_REDIRECT] 
2026-05-18 22:05:47,885 [ERROR] LogOutputStream:75 - [STDERR_REDIRECT] [Fatal Error] :1:1: Premature end of file.
2026-05-18 22:05:47,886 [ERROR] LogOutputStream:75 - [STDERR_REDIRECT] 
2026-05-18 22:05:48,888 [ERROR] LogOutputStream:75 - [STDERR_REDIRECT] [Fatal Error] :1:1: Premature end of file.
2026-05-18 22:05:48,888 [ERROR] LogOutputStream:75 - [STDERR_REDIRECT] 
2026-05-18 22:05:49,881 [ERROR] LogOutputStream:75 - [STDERR_REDIRECT] [Fatal Error] :1:1: Premature end of file.
2026-05-18 22:05:49,881 [ERROR] LogOutputStream:75 - [STDERR_REDIRECT] 
2026-05-18 22:05:50,881 [ERROR] LogOutputStream:75 - [STDERR_REDIRECT] [Fatal Error] :1:1: Premature end of file.
2026-05-18 22:05:50,881 [ERROR] LogOutputStream:75 - [STDERR_REDIRECT] 
2026-05-18 22:05:51,879 [ERROR] LogOutputStream:75 - [STDERR_REDIRECT] [Fatal Error] :1:1: Premature end of file.
2026-05-18 22:05:51,880 [ERROR] LogOutputStream:75 - [STDERR_REDIRECT] 
2026-05-18 22:05:52,881 [ERROR] LogOutputStream:75 - [STDERR_REDIRECT] [Fatal Error] :1:1: Premature end of file.
2026-05-18 22:05:52,881 [ERROR] LogOutputStream:75 - [STDERR_REDIRECT] 
2026-05-18 22:05:53,891 [ERROR] LogOutputStream:75 - [STDERR_REDIRECT] [Fatal Error] :1:1: Premature end of file.
2026-05-18 22:05:53,891 [ERROR] LogOutputStream:75 - [STDERR_REDIRECT] 
2026-05-18 22:05:54,886 [ERROR] LogOutputStream:75 - [STDERR_REDIRECT] [Fatal Error] :1:1: Premature end of file.
2026-05-18 22:05:54,886 [ERROR] LogOutputStream:75 - [STDERR_REDIRECT] 
2026-05-18 22:05:55,887 [ERROR] LogOutputStream:75 - [STDERR_REDIRECT] [Fatal Error] :1:1: Premature end of file.
2026-05-18 22:05:55,889 [ERROR] LogOutputStream:75 - [STDERR_REDIRECT] 
2026-05-18 22:05:56,879 [ERROR] LogOutputStream:75 - [STDERR_REDIRECT] [Fatal Error] :1:1: Premature end of file.
2026-05-18 22:05:56,879 [ERROR] LogOutputStream:75 - [STDERR_REDIRECT] 
2026-05-18 22:05:57,889 [ERROR] LogOutputStream:75 - [STDERR_REDIRECT] [Fatal Error] :1:1: Premature end of file.
2026-05-18 22:05:57,889 [ERROR] LogOutputStream:75 - [STDERR_REDIRECT] 
2026-05-18 22:05:58,884 [ERROR] LogOutputStream:75 - [STDERR_REDIRECT] [Fatal Error] :1:1: Premature end of file.
2026-05-18 22:05:58,884 [ERROR] LogOutputStream:75 - [STDERR_REDIRECT] 
2026-05-18 22:05:59,881 [ERROR] LogOutputStream:75 - [STDERR_REDIRECT] [Fatal Error] :1:1: Premature end of file.
2026-05-18 22:05:59,881 [ERROR] LogOutputStream:75 - [STDERR_REDIRECT] 
2026-05-18 22:06:00,881 [ERROR] LogOutputStream:75 - [STDERR_REDIRECT] [Fatal Error] :1:1: Premature end of file.
2026-05-18 22:06:00,882 [ERROR] LogOutputStream:75 - [STDERR_REDIRECT] 
2026-05-18 22:06:01,888 [ERROR] LogOutputStream:75 - [STDERR_REDIRECT] [Fatal Error] :1:1: Premature end of file.
2026-05-18 22:06:01,888 [ERROR] LogOutputStream:75 - [STDERR_REDIRECT] 
2026-05-18 22:06:02,890 [ERROR] LogOutputStream:75 - [STDERR_REDIRECT] [Fatal Error] :1:1: Premature end of file.
2026-05-18 22:06:02,890 [ERROR] LogOutputStream:75 - [STDERR_REDIRECT] 
2026-05-18 22:06:03,889 [ERROR] LogOutputStream:75 - [STDERR_REDIRECT] [Fatal Error] :1:1: Premature end of file.
2026-05-18 22:06:03,889 [ERROR] LogOutputStream:75 - [STDERR_REDIRECT] 
2026-05-18 22:06:04,890 [ERROR] LogOutputStream:75 - [STDERR_REDIRECT] [Fatal Error] :1:1: Premature end of file.
2026-05-18 22:06:04,890 [ERROR] LogOutputStream:75 - [STDERR_REDIRECT] 
2026-05-18 22:06:05,881 [ERROR] LogOutputStream:75 - [STDERR_REDIRECT] [Fatal Error] :1:1: Premature end of file.
2026-05-18 22:06:05,881 [ERROR] LogOutputStream:75 - [STDERR_REDIRECT] 
2026-05-18 22:06:06,887 [ERROR] LogOutputStream:75 - [STDERR_REDIRECT] [Fatal Error] :1:1: Premature end of file.
2026-05-18 22:06:06,887 [ERROR] LogOutputStream:75 - [STDERR_REDIRECT] 
2026-05-18 22:06:07,884 [ERROR] LogOutputStream:75 - [STDERR_REDIRECT] [Fatal Error] :1:1: Premature end of file.
2026-05-18 22:06:07,884 [ERROR] LogOutputStream:75 - [STDERR_REDIRECT] 
2026-05-18 22:06:08,882 [ERROR] LogOutputStream:75 - [STDERR_REDIRECT] [Fatal Error] :1:1: Premature end of file.
2026-05-18 22:06:08,882 [ERROR] LogOutputStream:75 - [STDERR_REDIRECT] 
2026-05-18 22:06:09,882 [ERROR] LogOutputStream:75 - [STDERR_REDIRECT] [Fatal Error] :1:1: Premature end of file.
2026-05-18 22:06:09,882 [ERROR] LogOutputStream:75 - [STDERR_REDIRECT] 
2026-05-18 22:06:10,890 [ERROR] LogOutputStream:75 - [STDERR_REDIRECT] [Fatal Error] :1:1: Premature end of file.
2026-05-18 22:06:10,890 [ERROR] LogOutputStream:75 - [STDERR_REDIRECT] 
2026-05-18 22:06:11,880 [ERROR] LogOutputStream:75 - [STDERR_REDIRECT] [Fatal Error] :1:1: Premature end of file.
2026-05-18 22:06:11,880 [ERROR] LogOutputStream:75 - [STDERR_REDIRECT] 
2026-05-18 22:06:12,878 [ERROR] LogOutputStream:75 - [STDERR_REDIRECT] [Fatal Error] :1:1: Premature end of file.
2026-05-18 22:06:12,878 [ERROR] LogOutputStream:75 - [STDERR_REDIRECT] 
2026-05-18 22:06:13,881 [ERROR] LogOutputStream:75 - [STDERR_REDIRECT] [Fatal Error] :1:1: Premature end of file.
2026-05-18 22:06:13,881 [ERROR] LogOutputStream:75 - [STDERR_REDIRECT] 
2026-05-18 22:06:14,887 [ERROR] LogOutputStream:75 - [STDERR_REDIRECT] [Fatal Error] :1:1: Premature end of file.
2026-05-18 22:06:14,887 [ERROR] LogOutputStream:75 - [STDERR_REDIRECT] 
2026-05-18 22:06:15,883 [ERROR] LogOutputStream:75 - [STDERR_REDIRECT] [Fatal Error] :1:1: Premature end of file.
2026-05-18 22:06:15,885 [ERROR] LogOutputStream:75 - [STDERR_REDIRECT] 
2026-05-18 22:06:16,880 [ERROR] LogOutputStream:75 - [STDERR_REDIRECT] [Fatal Error] :1:1: Premature end of file.
2026-05-18 22:06:16,880 [ERROR] LogOutputStream:75 - [STDERR_REDIRECT] 
2026-05-18 22:06:17,880 [ERROR] LogOutputStream:75 - [STDERR_REDIRECT] [Fatal Error] :1:1: Premature end of file.
2026-05-18 22:06:17,880 [ERROR] LogOutputStream:75 - [STDERR_REDIRECT] 
2026-05-18 22:06:18,880 [ERROR] LogOutputStream:75 - [STDERR_REDIRECT] [Fatal Error] :1:1: Premature end of file.
2026-05-18 22:06:18,880 [ERROR] LogOutputStream:75 - [STDERR_REDIRECT] 
2026-05-18 22:06:19,886 [ERROR] LogOutputStream:75 - [STDERR_REDIRECT] [Fatal Error] :1:1: Premature end of file.
2026-05-18 22:06:19,886 [ERROR] LogOutputStream:75 - [STDERR_REDIRECT] 
2026-05-18 22:06:20,881 [ERROR] LogOutputStream:75 - [STDERR_REDIRECT] [Fatal Error] :1:1: Premature end of file.
2026-05-18 22:06:20,881 [ERROR] LogOutputStream:75 - [STDERR_REDIRECT] 
2026-05-18 22:06:21,880 [ERROR] LogOutputStream:75 - [STDERR_REDIRECT] [Fatal Error] :1:1: Premature end of file.
2026-05-18 22:06:21,880 [ERROR] LogOutputStream:75 - [STDERR_REDIRECT] 
2026-05-18 22:06:22,887 [ERROR] LogOutputStream:75 - [STDERR_REDIRECT] [Fatal Error] :1:1: Premature end of file.
2026-05-18 22:06:22,887 [ERROR] LogOutputStream:75 - [STDERR_REDIRECT] 
2026-05-18 22:06:23,880 [ERROR] LogOutputStream:75 - [STDERR_REDIRECT] [Fatal Error] :1:1: Premature end of file.
2026-05-18 22:06:23,880 [ERROR] LogOutputStream:75 - [STDERR_REDIRECT] 
2026-05-18 22:06:24,883 [ERROR] LogOutputStream:75 - [STDERR_REDIRECT] [Fatal Error] :1:1: Premature end of file.
2026-05-18 22:06:24,883 [ERROR] LogOutputStream:75 - [STDERR_REDIRECT] 
2026-05-18 22:06:25,880 [ERROR] LogOutputStream:75 - [STDERR_REDIRECT] [Fatal Error] :1:1: Premature end of file.
2026-05-18 22:06:25,880 [ERROR] LogOutputStream:75 - [STDERR_REDIRECT] 
2026-05-18 22:06:26,880 [ERROR] LogOutputStream:75 - [STDERR_REDIRECT] [Fatal Error] :1:1: Premature end of file.
2026-05-18 22:06:26,880 [ERROR] LogOutputStream:75 - [STDERR_REDIRECT] 
2026-05-18 22:06:27,886 [ERROR] LogOutputStream:75 - [STDERR_REDIRECT] [Fatal Error] :1:1: Premature end of file.
2026-05-18 22:06:27,886 [ERROR] LogOutputStream:75 - [STDERR_REDIRECT] 
2026-05-18 22:06:28,885 [ERROR] LogOutputStream:75 - [STDERR_REDIRECT] [Fatal Error] :1:1: Premature end of file.
2026-05-18 22:06:28,885 [ERROR] LogOutputStream:75 - [STDERR_REDIRECT] 
2026-05-18 22:06:29,880 [ERROR] LogOutputStream:75 - [STDERR_REDIRECT] [Fatal Error] :1:1: Premature end of file.
2026-05-18 22:06:29,881 [ERROR] LogOutputStream:75 - [STDERR_REDIRECT] 
2026-05-18 22:06:30,885 [ERROR] LogOutputStream:75 - [STDERR_REDIRECT] [Fatal Error] :1:1: Premature end of file.
2026-05-18 22:06:30,885 [ERROR] LogOutputStream:75 - [STDERR_REDIRECT] 
2026-05-18 22:06:31,891 [ERROR] LogOutputStream:75 - [STDERR_REDIRECT] [Fatal Error] :1:1: Premature end of file.
2026-05-18 22:06:31,891 [ERROR] LogOutputStream:75 - [STDERR_REDIRECT] 
2026-05-18 22:06:32,883 [ERROR] LogOutputStream:75 - [STDERR_REDIRECT] [Fatal Error] :1:1: Premature end of file.
2026-05-18 22:06:32,883 [ERROR] LogOutputStream:75 - [STDERR_REDIRECT] 
2026-05-18 22:06:33,880 [ERROR] LogOutputStream:75 - [STDERR_REDIRECT] [Fatal Error] :1:1: Premature end of file.
2026-05-18 22:06:33,880 [ERROR] LogOutputStream:75 - [STDERR_REDIRECT] 
2026-05-18 22:06:34,884 [ERROR] LogOutputStream:75 - [STDERR_REDIRECT] [Fatal Error] :1:1: Premature end of file.
2026-05-18 22:06:34,884 [ERROR] LogOutputStream:75 - [STDERR_REDIRECT] 
2026-05-18 22:06:35,882 [ERROR] LogOutputStream:75 - [STDERR_REDIRECT] [Fatal Error] :1:1: Premature end of file.
2026-05-18 22:06:35,882 [ERROR] LogOutputStream:75 - [STDERR_REDIRECT] 
2026-05-18 22:06:36,879 [ERROR] LogOutputStream:75 - [STDERR_REDIRECT] [Fatal Error] :1:1: Premature end of file.
2026-05-18 22:06:36,879 [ERROR] LogOutputStream:75 - [STDERR_REDIRECT] 
2026-05-18 22:06:37,881 [ERROR] LogOutputStream:75 - [STDERR_REDIRECT] [Fatal Error] :1:1: Premature end of file.
2026-05-18 22:06:37,882 [ERROR] LogOutputStream:75 - [STDERR_REDIRECT] 
2026-05-18 22:06:38,885 [ERROR] LogOutputStream:75 - [STDERR_REDIRECT] [Fatal Error] :1:1: Premature end of file.
2026-05-18 22:06:38,885 [ERROR] LogOutputStream:75 - [STDERR_REDIRECT] 
2026-05-18 22:06:39,889 [ERROR] LogOutputStream:75 - [STDERR_REDIRECT] [Fatal Error] :1:1: Premature end of file.
2026-05-18 22:06:39,890 [ERROR] LogOutputStream:75 - [STDERR_REDIRECT] 
2026-05-18 22:06:40,881 [ERROR] LogOutputStream:75 - [STDERR_REDIRECT] [Fatal Error] :1:1: Premature end of file.
2026-05-18 22:06:40,883 [ERROR] LogOutputStream:75 - [STDERR_REDIRECT] 
2026-05-18 22:06:41,881 [ERROR] LogOutputStream:75 - [STDERR_REDIRECT] [Fatal Error] :1:1: Premature end of file.
2026-05-18 22:06:41,881 [ERROR] LogOutputStream:75 - [STDERR_REDIRECT] 
2026-05-18 22:06:42,881 [ERROR] LogOutputStream:75 - [STDERR_REDIRECT] [Fatal Error] :1:1: Premature end of file.
2026-05-18 22:06:42,881 [ERROR] LogOutputStream:75 - [STDERR_REDIRECT] 
2026-05-18 22:06:43,882 [ERROR] LogOutputStream:75 - [STDERR_REDIRECT] [Fatal Error] :1:1: Premature end of file.
2026-05-18 22:06:43,882 [ERROR] LogOutputStream:75 - [STDERR_REDIRECT] 
2026-05-18 22:06:44,884 [ERROR] LogOutputStream:75 - [STDERR_REDIRECT] [Fatal Error] :1:1: Premature end of file.
2026-05-18 22:06:44,884 [ERROR] LogOutputStream:75 - [STDERR_REDIRECT] 
2026-05-18 22:06:45,880 [ERROR] LogOutputStream:75 - [STDERR_REDIRECT] [Fatal Error] :1:1: Premature end of file.
2026-05-18 22:06:45,880 [ERROR] LogOutputStream:75 - [STDERR_REDIRECT] 
2026-05-18 22:06:46,883 [ERROR] LogOutputStream:75 - [STDERR_REDIRECT] [Fatal Error] :1:1: Premature end of file.
2026-05-18 22:06:46,883 [ERROR] LogOutputStream:75 - [STDERR_REDIRECT] 
2026-05-18 22:06:47,882 [ERROR] LogOutputStream:75 - [STDERR_REDIRECT] [Fatal Error] :1:1: Premature end of file.
2026-05-18 22:06:47,882 [ERROR] LogOutputStream:75 - [STDERR_REDIRECT] 
2026-05-18 22:06:48,879 [ERROR] LogOutputStream:75 - [STDERR_REDIRECT] [Fatal Error] :1:1: Premature end of file.
2026-05-18 22:06:48,879 [ERROR] LogOutputStream:75 - [STDERR_REDIRECT] 
2026-05-18 22:06:49,885 [ERROR] LogOutputStream:75 - [STDERR_REDIRECT] [Fatal Error] :1:1: Premature end of file.
2026-05-18 22:06:49,885 [ERROR] LogOutputStream:75 - [STDERR_REDIRECT] 
2026-05-18 22:06:50,881 [ERROR] LogOutputStream:75 - [STDERR_REDIRECT] [Fatal Error] :1:1: Premature end of file.
2026-05-18 22:06:50,881 [ERROR] LogOutputStream:75 - [STDERR_REDIRECT] 
2026-05-18 22:06:51,883 [ERROR] LogOutputStream:75 - [STDERR_REDIRECT] [Fatal Error] :1:1: Premature end of file.
2026-05-18 22:06:51,883 [ERROR] LogOutputStream:75 - [STDERR_REDIRECT] 
2026-05-18 22:06:52,893 [ERROR] LogOutputStream:75 - [STDERR_REDIRECT] [Fatal Error] :1:1: Premature end of file.
2026-05-18 22:06:52,893 [ERROR] LogOutputStream:75 - [STDERR_REDIRECT] 
2026-05-18 22:06:53,888 [ERROR] LogOutputStream:75 - [STDERR_REDIRECT] [Fatal Error] :1:1: Premature end of file.
2026-05-18 22:06:53,889 [ERROR] LogOutputStream:75 - [STDERR_REDIRECT] 
2026-05-18 22:06:54,885 [ERROR] LogOutputStream:75 - [STDERR_REDIRECT] [Fatal Error] :1:1: Premature end of file.
2026-05-18 22:06:54,885 [ERROR] LogOutputStream:75 - [STDERR_REDIRECT] 
2026-05-18 22:06:55,882 [ERROR] LogOutputStream:75 - [STDERR_REDIRECT] [Fatal Error] :1:1: Premature end of file.
2026-05-18 22:06:55,882 [ERROR] LogOutputStream:75 - [STDERR_REDIRECT] 
2026-05-18 22:06:56,888 [ERROR] LogOutputStream:75 - [STDERR_REDIRECT] [Fatal Error] :1:1: Premature end of file.
2026-05-18 22:06:56,888 [ERROR] LogOutputStream:75 - [STDERR_REDIRECT] 
2026-05-18 22:06:57,884 [ERROR] LogOutputStream:75 - [STDERR_REDIRECT] [Fatal Error] :1:1: Premature end of file.
2026-05-18 22:06:57,884 [ERROR] LogOutputStream:75 - [STDERR_REDIRECT] 
2026-05-18 22:06:58,882 [ERROR] LogOutputStream:75 - [STDERR_REDIRECT] [Fatal Error] :1:1: Premature end of file.
2026-05-18 22:06:58,883 [ERROR] LogOutputStream:75 - [STDERR_REDIRECT] 
2026-05-18 22:06:59,877 [ERROR] LogOutputStream:75 - [STDERR_REDIRECT] [Fatal Error] :1:1: Premature end of file.
2026-05-18 22:06:59,877 [ERROR] LogOutputStream:75 - [STDERR_REDIRECT] 
2026-05-18 22:07:00,881 [ERROR] LogOutputStream:75 - [STDERR_REDIRECT] [Fatal Error] :1:1: Premature end of file.
2026-05-18 22:07:00,881 [ERROR] LogOutputStream:75 - [STDERR_REDIRECT] 
2026-05-18 22:07:01,883 [ERROR] LogOutputStream:75 - [STDERR_REDIRECT] [Fatal Error] :1:1: Premature end of file.
2026-05-18 22:07:01,883 [ERROR] LogOutputStream:75 - [STDERR_REDIRECT] 
2026-05-18 22:07:02,880 [ERROR] LogOutputStream:75 - [STDERR_REDIRECT] [Fatal Error] :1:1: Premature end of file.
2026-05-18 22:07:02,880 [ERROR] LogOutputStream:75 - [STDERR_REDIRECT] 
2026-05-18 22:07:03,888 [ERROR] LogOutputStream:75 - [STDERR_REDIRECT] [Fatal Error] :1:1: Premature end of file.
2026-05-18 22:07:03,888 [ERROR] LogOutputStream:75 - [STDERR_REDIRECT] 
2026-05-18 22:07:04,885 [ERROR] LogOutputStream:75 - [STDERR_REDIRECT] [Fatal Error] :1:1: Premature end of file.
2026-05-18 22:07:04,885 [ERROR] LogOutputStream:75 - [STDERR_REDIRECT] 
2026-05-18 22:07:05,889 [ERROR] LogOutputStream:75 - [STDERR_REDIRECT] [Fatal Error] :1:1: Premature end of file.
2026-05-18 22:07:05,889 [ERROR] LogOutputStream:75 - [STDERR_REDIRECT] 
2026-05-18 22:07:06,878 [ERROR] LogOutputStream:75 - [STDERR_REDIRECT] [Fatal Error] :1:1: Premature end of file.
2026-05-18 22:07:06,878 [ERROR] LogOutputStream:75 - [STDERR_REDIRECT] 
2026-05-18 22:07:07,886 [ERROR] LogOutputStream:75 - [STDERR_REDIRECT] [Fatal Error] :1:1: Premature end of file.
2026-05-18 22:07:07,886 [ERROR] LogOutputStream:75 - [STDERR_REDIRECT] 
2026-05-18 22:07:08,881 [ERROR] LogOutputStream:75 - [STDERR_REDIRECT] [Fatal Error] :1:1: Premature end of file.
2026-05-18 22:07:08,881 [ERROR] LogOutputStream:75 - [STDERR_REDIRECT] 
2026-05-18 22:07:09,887 [ERROR] LogOutputStream:75 - [STDERR_REDIRECT] [Fatal Error] :1:1: Premature end of file.
2026-05-18 22:07:09,887 [ERROR] LogOutputStream:75 - [STDERR_REDIRECT] 
2026-05-18 22:07:10,886 [ERROR] LogOutputStream:75 - [STDERR_REDIRECT] [Fatal Error] :1:1: Premature end of file.
2026-05-18 22:07:10,886 [ERROR] LogOutputStream:75 - [STDERR_REDIRECT] 
2026-05-18 22:07:11,878 [ERROR] LogOutputStream:75 - [STDERR_REDIRECT] [Fatal Error] :1:1: Premature end of file.
2026-05-18 22:07:11,878 [ERROR] LogOutputStream:75 - [STDERR_REDIRECT] 
2026-05-18 22:07:12,878 [ERROR] LogOutputStream:75 - [STDERR_REDIRECT] [Fatal Error] :1:1: Premature end of file.
2026-05-18 22:07:12,878 [ERROR] LogOutputStream:75 - [STDERR_REDIRECT] 
2026-05-18 22:07:13,889 [ERROR] LogOutputStream:75 - [STDERR_REDIRECT] [Fatal Error] :1:1: Premature end of file.
2026-05-18 22:07:13,889 [ERROR] LogOutputStream:75 - [STDERR_REDIRECT] 
2026-05-18 22:07:14,884 [ERROR] LogOutputStream:75 - [STDERR_REDIRECT] [Fatal Error] :1:1: Premature end of file.
2026-05-18 22:07:14,884 [ERROR] LogOutputStream:75 - [STDERR_REDIRECT] 
2026-05-18 22:07:15,887 [ERROR] LogOutputStream:75 - [STDERR_REDIRECT] [Fatal Error] :1:1: Premature end of file.
2026-05-18 22:07:15,887 [ERROR] LogOutputStream:75 - [STDERR_REDIRECT] 
2026-05-18 22:07:16,888 [ERROR] LogOutputStream:75 - [STDERR_REDIRECT] [Fatal Error] :1:1: Premature end of file.
2026-05-18 22:07:16,888 [ERROR] LogOutputStream:75 - [STDERR_REDIRECT] 
2026-05-18 22:07:17,882 [ERROR] LogOutputStream:75 - [STDERR_REDIRECT] [Fatal Error] :1:1: Premature end of file.
2026-05-18 22:07:17,882 [ERROR] LogOutputStream:75 - [STDERR_REDIRECT] 
2026-05-18 22:07:18,879 [ERROR] LogOutputStream:75 - [STDERR_REDIRECT] [Fatal Error] :1:1: Premature end of file.
2026-05-18 22:07:18,879 [ERROR] LogOutputStream:75 - [STDERR_REDIRECT] 
2026-05-18 22:07:19,882 [ERROR] LogOutputStream:75 - [STDERR_REDIRECT] [Fatal Error] :1:1: Premature end of file.
2026-05-18 22:07:19,882 [ERROR] LogOutputStream:75 - [STDERR_REDIRECT] 
2026-05-18 22:07:20,884 [ERROR] LogOutputStream:75 - [STDERR_REDIRECT] [Fatal Error] :1:1: Premature end of file.
2026-05-18 22:07:20,884 [ERROR] LogOutputStream:75 - [STDERR_REDIRECT] 
2026-05-18 22:07:21,890 [ERROR] LogOutputStream:75 - [STDERR_REDIRECT] [Fatal Error] :1:1: Premature end of file.
2026-05-18 22:07:21,890 [ERROR] LogOutputStream:75 - [STDERR_REDIRECT] 
2026-05-18 22:07:22,886 [ERROR] LogOutputStream:75 - [STDERR_REDIRECT] [Fatal Error] :1:1: Premature end of file.
2026-05-18 22:07:22,886 [ERROR] LogOutputStream:75 - [STDERR_REDIRECT] 
2026-05-18 22:07:23,890 [ERROR] LogOutputStream:75 - [STDERR_REDIRECT] [Fatal Error] :1:1: Premature end of file.
2026-05-18 22:07:23,890 [ERROR] LogOutputStream:75 - [STDERR_REDIRECT] 
2026-05-18 22:07:24,885 [ERROR] LogOutputStream:75 - [STDERR_REDIRECT] [Fatal Error] :1:1: Premature end of file.
2026-05-18 22:07:24,886 [ERROR] LogOutputStream:75 - [STDERR_REDIRECT] 
2026-05-18 22:07:25,879 [ERROR] LogOutputStream:75 - [STDERR_REDIRECT] [Fatal Error] :1:1: Premature end of file.
2026-05-18 22:07:25,879 [ERROR] LogOutputStream:75 - [STDERR_REDIRECT] 
2026-05-18 22:07:26,880 [ERROR] LogOutputStream:75 - [STDERR_REDIRECT] [Fatal Error] :1:1: Premature end of file.
2026-05-18 22:07:26,880 [ERROR] LogOutputStream:75 - [STDERR_REDIRECT] 
2026-05-18 22:07:27,885 [ERROR] LogOutputStream:75 - [STDERR_REDIRECT] [Fatal Error] :1:1: Premature end of file.
2026-05-18 22:07:27,885 [ERROR] LogOutputStream:75 - [STDERR_REDIRECT] 
2026-05-18 22:07:28,890 [ERROR] LogOutputStream:75 - [STDERR_REDIRECT] [Fatal Error] :1:1: Premature end of file.
2026-05-18 22:07:28,890 [ERROR] LogOutputStream:75 - [STDERR_REDIRECT] 
2026-05-18 22:07:29,890 [ERROR] LogOutputStream:75 - [STDERR_REDIRECT] [Fatal Error] :1:1: Premature end of file.
2026-05-18 22:07:29,890 [ERROR] LogOutputStream:75 - [STDERR_REDIRECT] 
2026-05-18 22:07:30,879 [ERROR] LogOutputStream:75 - [STDERR_REDIRECT] [Fatal Error] :1:1: Premature end of file.
2026-05-18 22:07:30,879 [ERROR] LogOutputStream:75 - [STDERR_REDIRECT] 
2026-05-18 22:07:31,881 [ERROR] LogOutputStream:75 - [STDERR_REDIRECT] [Fatal Error] :1:1: Premature end of file.
2026-05-18 22:07:31,881 [ERROR] LogOutputStream:75 - [STDERR_REDIRECT] 
2026-05-18 22:07:32,879 [ERROR] LogOutputStream:75 - [STDERR_REDIRECT] [Fatal Error] :1:1: Premature end of file.
2026-05-18 22:07:32,879 [ERROR] LogOutputStream:75 - [STDERR_REDIRECT] 
2026-05-18 22:07:33,893 [ERROR] LogOutputStream:75 - [STDERR_REDIRECT] [Fatal Error] :1:1: Premature end of file.
2026-05-18 22:07:33,893 [ERROR] LogOutputStream:75 - [STDERR_REDIRECT] 
2026-05-18 22:07:34,881 [ERROR] LogOutputStream:75 - [STDERR_REDIRECT] [Fatal Error] :1:1: Premature end of file.
2026-05-18 22:07:34,881 [ERROR] LogOutputStream:75 - [STDERR_REDIRECT] 
2026-05-18 22:07:35,891 [ERROR] LogOutputStream:75 - [STDERR_REDIRECT] [Fatal Error] :1:1: Premature end of file.
2026-05-18 22:07:35,891 [ERROR] LogOutputStream:75 - [STDERR_REDIRECT] 
2026-05-18 22:07:36,881 [ERROR] LogOutputStream:75 - [STDERR_REDIRECT] [Fatal Error] :1:1: Premature end of file.
2026-05-18 22:07:36,881 [ERROR] LogOutputStream:75 - [STDERR_REDIRECT] 
2026-05-18 22:07:37,883 [ERROR] LogOutputStream:75 - [STDERR_REDIRECT] [Fatal Error] :1:1: Premature end of file.
2026-05-18 22:07:37,883 [ERROR] LogOutputStream:75 - [STDERR_REDIRECT] 
2026-05-18 22:07:38,877 [ERROR] LogOutputStream:75 - [STDERR_REDIRECT] [Fatal Error] :1:1: Premature end of file.
2026-05-18 22:07:38,877 [ERROR] LogOutputStream:75 - [STDERR_REDIRECT] 
2026-05-18 22:07:39,881 [ERROR] LogOutputStream:75 - [STDERR_REDIRECT] [Fatal Error] :1:1: Premature end of file.
2026-05-18 22:07:39,881 [ERROR] LogOutputStream:75 - [STDERR_REDIRECT] 
2026-05-18 22:07:40,893 [ERROR] LogOutputStream:75 - [STDERR_REDIRECT] [Fatal Error] :1:1: Premature end of file.
2026-05-18 22:07:40,893 [ERROR] LogOutputStream:75 - [STDERR_REDIRECT] 
2026-05-18 22:07:41,882 [ERROR] LogOutputStream:75 - [STDERR_REDIRECT] [Fatal Error] :1:1: Premature end of file.
2026-05-18 22:07:41,882 [ERROR] LogOutputStream:75 - [STDERR_REDIRECT] 
2026-05-18 22:07:42,880 [ERROR] LogOutputStream:75 - [STDERR_REDIRECT] [Fatal Error] :1:1: Premature end of file.
2026-05-18 22:07:42,880 [ERROR] LogOutputStream:75 - [STDERR_REDIRECT] 
2026-05-18 22:07:43,882 [ERROR] LogOutputStream:75 - [STDERR_REDIRECT] [Fatal Error] :1:1: Premature end of file.
2026-05-18 22:07:43,882 [ERROR] LogOutputStream:75 - [STDERR_REDIRECT] 
2026-05-18 22:07:44,882 [ERROR] LogOutputStream:75 - [STDERR_REDIRECT] [Fatal Error] :1:1: Premature end of file.
2026-05-18 22:07:44,883 [ERROR] LogOutputStream:75 - [STDERR_REDIRECT] 
2026-05-18 22:07:45,886 [ERROR] LogOutputStream:75 - [STDERR_REDIRECT] [Fatal Error] :1:1: Premature end of file.
2026-05-18 22:07:45,886 [ERROR] LogOutputStream:75 - [STDERR_REDIRECT] 
2026-05-18 22:07:46,887 [ERROR] LogOutputStream:75 - [STDERR_REDIRECT] [Fatal Error] :1:1: Premature end of file.
2026-05-18 22:07:46,887 [ERROR] LogOutputStream:75 - [STDERR_REDIRECT] 
2026-05-18 22:07:47,888 [ERROR] LogOutputStream:75 - [STDERR_REDIRECT] [Fatal Error] :1:1: Premature end of file.
2026-05-18 22:07:47,888 [ERROR] LogOutputStream:75 - [STDERR_REDIRECT] 
2026-05-18 22:07:48,880 [ERROR] LogOutputStream:75 - [STDERR_REDIRECT] [Fatal Error] :1:1: Premature end of file.
2026-05-18 22:07:48,880 [ERROR] LogOutputStream:75 - [STDERR_REDIRECT] 
2026-05-18 22:07:49,885 [ERROR] LogOutputStream:75 - [STDERR_REDIRECT] [Fatal Error] :1:1: Premature end of file.
2026-05-18 22:07:49,885 [ERROR] LogOutputStream:75 - [STDERR_REDIRECT] 
2026-05-18 22:07:50,881 [ERROR] LogOutputStream:75 - [STDERR_REDIRECT] [Fatal Error] :1:1: Premature end of file.
2026-05-18 22:07:50,881 [ERROR] LogOutputStream:75 - [STDERR_REDIRECT] 
2026-05-18 22:07:51,893 [ERROR] LogOutputStream:75 - [STDERR_REDIRECT] [Fatal Error] :1:1: Premature end of file.
2026-05-18 22:07:51,894 [ERROR] LogOutputStream:75 - [STDERR_REDIRECT] 
2026-05-18 22:07:52,894 [ERROR] LogOutputStream:75 - [STDERR_REDIRECT] [Fatal Error] :1:1: Premature end of file.
2026-05-18 22:07:52,894 [ERROR] LogOutputStream:75 - [STDERR_REDIRECT] 
2026-05-18 22:07:53,886 [ERROR] LogOutputStream:75 - [STDERR_REDIRECT] [Fatal Error] :1:1: Premature end of file.
2026-05-18 22:07:53,886 [ERROR] LogOutputStream:75 - [STDERR_REDIRECT] 
2026-05-18 22:07:54,886 [ERROR] LogOutputStream:75 - [STDERR_REDIRECT] [Fatal Error] :1:1: Premature end of file.
2026-05-18 22:07:54,886 [ERROR] LogOutputStream:75 - [STDERR_REDIRECT] 
2026-05-18 22:07:55,881 [ERROR] LogOutputStream:75 - [STDERR_REDIRECT] [Fatal Error] :1:1: Premature end of file.
2026-05-18 22:07:55,881 [ERROR] LogOutputStream:75 - [STDERR_REDIRECT] 
2026-05-18 22:07:56,888 [ERROR] LogOutputStream:75 - [STDERR_REDIRECT] [Fatal Error] :1:1: Premature end of file.
2026-05-18 22:07:56,888 [ERROR] LogOutputStream:75 - [STDERR_REDIRECT] 
2026-05-18 22:07:57,883 [ERROR] LogOutputStream:75 - [STDERR_REDIRECT] [Fatal Error] :1:1: Premature end of file.
2026-05-18 22:07:57,883 [ERROR] LogOutputStream:75 - [STDERR_REDIRECT] 
2026-05-18 22:07:58,884 [ERROR] LogOutputStream:75 - [STDERR_REDIRECT] [Fatal Error] :1:1: Premature end of file.
2026-05-18 22:07:58,884 [ERROR] LogOutputStream:75 - [STDERR_REDIRECT] 
2026-05-18 22:07:59,888 [ERROR] LogOutputStream:75 - [STDERR_REDIRECT] [Fatal Error] :1:1: Premature end of file.
2026-05-18 22:07:59,888 [ERROR] LogOutputStream:75 - [STDERR_REDIRECT] 
2026-05-18 22:08:00,881 [ERROR] LogOutputStream:75 - [STDERR_REDIRECT] [Fatal Error] :1:1: Premature end of file.
2026-05-18 22:08:00,881 [ERROR] LogOutputStream:75 - [STDERR_REDIRECT] 
2026-05-18 22:08:01,893 [ERROR] LogOutputStream:75 - [STDERR_REDIRECT] [Fatal Error] :1:1: Premature end of file.
2026-05-18 22:08:01,894 [ERROR] LogOutputStream:75 - [STDERR_REDIRECT] 
2026-05-18 22:08:02,878 [ERROR] LogOutputStream:75 - [STDERR_REDIRECT] [Fatal Error] :1:1: Premature end of file.
2026-05-18 22:08:02,878 [ERROR] LogOutputStream:75 - [STDERR_REDIRECT] 
2026-05-18 22:08:03,888 [ERROR] LogOutputStream:75 - [STDERR_REDIRECT] [Fatal Error] :1:1: Premature end of file.
2026-05-18 22:08:03,888 [ERROR] LogOutputStream:75 - [STDERR_REDIRECT] 
2026-05-18 22:08:04,886 [ERROR] LogOutputStream:75 - [STDERR_REDIRECT] [Fatal Error] :1:1: Premature end of file.
2026-05-18 22:08:04,886 [ERROR] LogOutputStream:75 - [STDERR_REDIRECT] 
2026-05-18 22:08:05,877 [ERROR] LogOutputStream:75 - [STDERR_REDIRECT] [Fatal Error] :1:1: Premature end of file.
2026-05-18 22:08:05,877 [ERROR] LogOutputStream:75 - [STDERR_REDIRECT] 
2026-05-18 22:08:06,888 [ERROR] LogOutputStream:75 - [STDERR_REDIRECT] [Fatal Error] :1:1: Premature end of file.
2026-05-18 22:08:06,888 [ERROR] LogOutputStream:75 - [STDERR_REDIRECT] 
2026-05-18 22:08:07,888 [ERROR] LogOutputStream:75 - [STDERR_REDIRECT] [Fatal Error] :1:1: Premature end of file.
2026-05-18 22:08:07,889 [ERROR] LogOutputStream:75 - [STDERR_REDIRECT] 
2026-05-18 22:08:08,882 [ERROR] LogOutputStream:75 - [STDERR_REDIRECT] [Fatal Error] :1:1: Premature end of file.
2026-05-18 22:08:08,882 [ERROR] LogOutputStream:75 - [STDERR_REDIRECT] 
2026-05-18 22:08:09,882 [ERROR] LogOutputStream:75 - [STDERR_REDIRECT] [Fatal Error] :1:1: Premature end of file.
2026-05-18 22:08:09,882 [ERROR] LogOutputStream:75 - [STDERR_REDIRECT] 
2026-05-18 22:08:10,881 [ERROR] LogOutputStream:75 - [STDERR_REDIRECT] [Fatal Error] :1:1: Premature end of file.
2026-05-18 22:08:10,881 [ERROR] LogOutputStream:75 - [STDERR_REDIRECT] 
2026-05-18 22:08:11,888 [ERROR] LogOutputStream:75 - [STDERR_REDIRECT] [Fatal Error] :1:1: Premature end of file.
2026-05-18 22:08:11,888 [ERROR] LogOutputStream:75 - [STDERR_REDIRECT] 
2026-05-18 22:08:12,888 [ERROR] LogOutputStream:75 - [STDERR_REDIRECT] [Fatal Error] :1:1: Premature end of file.
2026-05-18 22:08:12,888 [ERROR] LogOutputStream:75 - [STDERR_REDIRECT] 
2026-05-18 22:08:13,881 [ERROR] LogOutputStream:75 - [STDERR_REDIRECT] [Fatal Error] :1:1: Premature end of file.
2026-05-18 22:08:13,881 [ERROR] LogOutputStream:75 - [STDERR_REDIRECT] 
2026-05-18 22:08:14,889 [ERROR] LogOutputStream:75 - [STDERR_REDIRECT] [Fatal Error] :1:1: Premature end of file.
2026-05-18 22:08:14,889 [ERROR] LogOutputStream:75 - [STDERR_REDIRECT] 
2026-05-18 22:08:15,881 [ERROR] LogOutputStream:75 - [STDERR_REDIRECT] [Fatal Error] :1:1: Premature end of file.
2026-05-18 22:08:15,881 [ERROR] LogOutputStream:75 - [STDERR_REDIRECT] 
2026-05-18 22:08:16,889 [ERROR] LogOutputStream:75 - [STDERR_REDIRECT] [Fatal Error] :1:1: Premature end of file.
2026-05-18 22:08:16,889 [ERROR] LogOutputStream:75 - [STDERR_REDIRECT] 
2026-05-18 22:08:17,888 [ERROR] LogOutputStream:75 - [STDERR_REDIRECT] [Fatal Error] :1:1: Premature end of file.
2026-05-18 22:08:17,888 [ERROR] LogOutputStream:75 - [STDERR_REDIRECT] 
2026-05-18 22:08:18,878 [ERROR] LogOutputStream:75 - [STDERR_REDIRECT] [Fatal Error] :1:1: Premature end of file.
2026-05-18 22:08:18,878 [ERROR] LogOutputStream:75 - [STDERR_REDIRECT] 
2026-05-18 22:08:19,882 [ERROR] LogOutputStream:75 - [STDERR_REDIRECT] [Fatal Error] :1:1: Premature end of file.
2026-05-18 22:08:19,882 [ERROR] LogOutputStream:75 - [STDERR_REDIRECT] 
2026-05-18 22:08:20,880 [ERROR] LogOutputStream:75 - [STDERR_REDIRECT] [Fatal Error] :1:1: Premature end of file.
2026-05-18 22:08:20,880 [ERROR] LogOutputStream:75 - [STDERR_REDIRECT] 
2026-05-18 22:08:21,883 [ERROR] LogOutputStream:75 - [STDERR_REDIRECT] [Fatal Error] :1:1: Premature end of file.
2026-05-18 22:08:21,883 [ERROR] LogOutputStream:75 - [STDERR_REDIRECT] 
2026-05-18 22:08:22,890 [ERROR] LogOutputStream:75 - [STDERR_REDIRECT] [Fatal Error] :1:1: Premature end of file.
2026-05-18 22:08:22,890 [ERROR] LogOutputStream:75 - [STDERR_REDIRECT] 
2026-05-18 22:08:23,887 [ERROR] LogOutputStream:75 - [STDERR_REDIRECT] [Fatal Error] :1:1: Premature end of file.
2026-05-18 22:08:23,887 [ERROR] LogOutputStream:75 - [STDERR_REDIRECT] 
2026-05-18 22:08:24,890 [ERROR] LogOutputStream:75 - [STDERR_REDIRECT] [Fatal Error] :1:1: Premature end of file.
2026-05-18 22:08:24,890 [ERROR] LogOutputStream:75 - [STDERR_REDIRECT] 
2026-05-18 22:08:25,880 [ERROR] LogOutputStream:75 - [STDERR_REDIRECT] [Fatal Error] :1:1: Premature end of file.
2026-05-18 22:08:25,881 [ERROR] LogOutputStream:75 - [STDERR_REDIRECT] 
2026-05-18 22:08:26,668 [ERROR] LogOutputStream:75 - [STDERR_REDIRECT] 
2026-05-18 22:08:26,669 [ERROR] LogOutputStream:75 - [STDERR_REDIRECT] 
