2026-06-06 17:43:52,977 [INFO] Activator:176 - 


2026-06-06 17:43:52,979 [INFO] Activator:177 - !SESSION log4j initialized
2026-06-06 17:43:58,093 [INFO] LogOutputStream:77 - [STDOUT_REDIRECT] 
2026-06-06 17:43:58,703 [ERROR] LogOutputStream:75 - [STDERR_REDIRECT] [Fatal Error] :1:1: Premature end of file.
2026-06-06 17:43:58,704 [ERROR] LogOutputStream:75 - [STDERR_REDIRECT] 
2026-06-06 17:43:59,261 [INFO] ApplicationProperties:184 - Using Application install path: C:\ST\STM32CubeIDE_1.18.1\STM32CubeIDE\plugins\com.st.stm32cube.common.mx_6.15.0.202507011659
2026-06-06 17:43:59,276 [INFO] DbMcusXml:78 - Set database path to: C:\ST\STM32CubeIDE_1.18.1\STM32CubeIDE\plugins\com.st.stm32cube.common.mx_6.15.0.202507011659\\db\/mcu/
2026-06-06 17:43:59,277 [INFO] ApiDb:274 - Set plugin database path to: C:\ST\STM32CubeIDE_1.18.1\STM32CubeIDE\plugins\com.st.stm32cube.common.mx_6.15.0.202507011659\\db\/plugins/boardmanager/
2026-06-06 17:43:59,277 [WARN] ApiDb:259 - Overriding images path with different value:  => C:\ST\STM32CubeIDE_1.18.1\STM32CubeIDE\plugins\com.st.stm32cube.common.mx_6.15.0.202507011659\\db\/plugins/mcufinder/images/
2026-06-06 17:43:59,284 [INFO] ApiDb:250 - Set database path to: C:\Users\elena\.stmcufinder\plugins\mcufinder//mcu/
2026-06-06 17:43:59,285 [INFO] DbMcusAds:125 - Set database path to: C:\Users\elena\.stmcufinder\plugins\mcufinder//mcu/
2026-06-06 17:43:59,286 [INFO] CrossReferenceDbSqlite:203 - Set database path to: C:\Users\elena\.stmcufinder\plugins\mcufinder//mcu/cs/
2026-06-06 17:43:59,372 [INFO] RulesReader:64 - Compatibility file has been processed (317 Rules)
2026-06-06 17:43:59,436 [INFO] DbMcusXml:78 - Set database path to: C:\ST\STM32CubeIDE_1.18.1\STM32CubeIDE\plugins\com.st.stm32cube.common.mx_6.15.0.202507011659\\db\/mcu/
2026-06-06 17:43:59,436 [INFO] ApiDb:274 - Set plugin database path to: C:\ST\STM32CubeIDE_1.18.1\STM32CubeIDE\plugins\com.st.stm32cube.common.mx_6.15.0.202507011659\\db\/plugins/boardmanager/
2026-06-06 17:43:59,436 [INFO] ApiDb:261 - Set plugin images path to: C:\ST\STM32CubeIDE_1.18.1\STM32CubeIDE\plugins\com.st.stm32cube.common.mx_6.15.0.202507011659\\db\/plugins/mcufinder/images/
2026-06-06 17:43:59,436 [WARN] DbFile:41 - Overriding database path with different value: C:\Users\elena\.stmcufinder\plugins\mcufinder/ => C:\Users\elena\.stmcufinder\plugins\mcufinder
2026-06-06 17:43:59,436 [INFO] ApiDb:250 - Set database path to: C:\Users\elena\.stmcufinder\plugins\mcufinder//mcu/
2026-06-06 17:43:59,437 [WARN] DbFile:41 - Overriding database path with different value: C:\Users\elena\.stmcufinder\plugins\mcufinder/ => C:\Users\elena\.stmcufinder\plugins\mcufinder
2026-06-06 17:43:59,437 [INFO] DbMcusAds:125 - Set database path to: C:\Users\elena\.stmcufinder\plugins\mcufinder//mcu/
2026-06-06 17:43:59,437 [WARN] DbFile:41 - Overriding database path with different value: C:\Users\elena\.stmcufinder\plugins\mcufinder/ => C:\Users\elena\.stmcufinder\plugins\mcufinder
2026-06-06 17:43:59,437 [WARN] DbFile:41 - Overriding database path with different value: C:\Users\elena\.stmcufinder\plugins\mcufinder/ => C:\Users\elena\.stmcufinder\plugins\mcufinder
2026-06-06 17:43:59,437 [INFO] CrossReferenceDbSqlite:203 - Set database path to: C:\Users\elena\.stmcufinder\plugins\mcufinder//mcu/cs/
2026-06-06 17:43:59,513 [INFO] MainPanel:274 - HeapMemory: 268435456
2026-06-06 17:43:59,624 [INFO] DbMcusXml:78 - Set database path to: C:\ST\STM32CubeIDE_1.18.1\STM32CubeIDE\plugins\com.st.stm32cube.common.mx_6.15.0.202507011659\\db\/mcu/
2026-06-06 17:43:59,625 [INFO] ApiDb:274 - Set plugin database path to: C:\ST\STM32CubeIDE_1.18.1\STM32CubeIDE\plugins\com.st.stm32cube.common.mx_6.15.0.202507011659\\db\/plugins/boardmanager/
2026-06-06 17:43:59,625 [INFO] ApiDb:261 - Set plugin images path to: C:\ST\STM32CubeIDE_1.18.1\STM32CubeIDE\plugins\com.st.stm32cube.common.mx_6.15.0.202507011659\\db\/plugins/mcufinder/images/
2026-06-06 17:43:59,625 [WARN] DbFile:41 - Overriding database path with different value: C:\Users\elena\.stmcufinder\plugins\mcufinder/ => C:\Users\elena\.stmcufinder\plugins\mcufinder
2026-06-06 17:43:59,625 [INFO] ApiDb:250 - Set database path to: C:\Users\elena\.stmcufinder\plugins\mcufinder//mcu/
2026-06-06 17:43:59,625 [WARN] DbFile:41 - Overriding database path with different value: C:\Users\elena\.stmcufinder\plugins\mcufinder/ => C:\Users\elena\.stmcufinder\plugins\mcufinder
2026-06-06 17:43:59,625 [INFO] DbMcusAds:125 - Set database path to: C:\Users\elena\.stmcufinder\plugins\mcufinder//mcu/
2026-06-06 17:43:59,625 [WARN] DbFile:41 - Overriding database path with different value: C:\Users\elena\.stmcufinder\plugins\mcufinder/ => C:\Users\elena\.stmcufinder\plugins\mcufinder
2026-06-06 17:43:59,625 [WARN] DbFile:41 - Overriding database path with different value: C:\Users\elena\.stmcufinder\plugins\mcufinder/ => C:\Users\elena\.stmcufinder\plugins\mcufinder
2026-06-06 17:43:59,625 [INFO] CrossReferenceDbSqlite:203 - Set database path to: C:\Users\elena\.stmcufinder\plugins\mcufinder//mcu/cs/
2026-06-06 17:43:59,643 [INFO] ApplicationProperties:184 - Using Application install path: C:\ST\STM32CubeIDE_1.18.1\STM32CubeIDE\plugins\com.st.stm32cube.common.mx_6.15.0.202507011659
2026-06-06 17:43:59,645 [INFO] PluginManage:196 - Search for loadable plugins [exclusion list=, ]
2026-06-06 17:43:59,647 [INFO] PluginManage:310 - Check plugin analytics
2026-06-06 17:43:59,681 [ERROR] LogOutputStream:75 - [STDERR_REDIRECT] [Fatal Error] :1:1: Premature end of file.
2026-06-06 17:43:59,681 [ERROR] LogOutputStream:75 - [STDERR_REDIRECT] 
2026-06-06 17:43:59,803 [INFO] AnalyticsPlugin:253 - Accepted Software Licenses: 
2026-06-06 17:43:59,803 [INFO] AnalyticsPlugin:255 - Accepted CMSIS Pack Licenses: 
2026-06-06 17:43:59,803 [INFO] AnalyticsPlugin:257 - Accepted Firmware Licenses: 
2026-06-06 17:43:59,806 [INFO] PluginManage:359 - Loaded plugin analytics (category:tool,tabindex:-1)
2026-06-06 17:43:59,806 [INFO] PluginManage:310 - Check plugin cadmodel
2026-06-06 17:43:59,811 [INFO] CADModel:105 - Init CAD model plugin
2026-06-06 17:43:59,811 [INFO] PluginManage:359 - Loaded plugin cadmodel (category:power,tabindex:5)
2026-06-06 17:43:59,812 [INFO] PluginManage:310 - Check plugin clock
2026-06-06 17:43:59,820 [INFO] PluginManage:359 - Loaded plugin clock (category:base,tabindex:2)
2026-06-06 17:43:59,820 [INFO] PluginManage:310 - Check plugin ddr
2026-06-06 17:43:59,823 [INFO] PluginManage:359 - Loaded plugin ddr (category:tool,tabindex:6)
2026-06-06 17:43:59,823 [INFO] PluginManage:310 - Check plugin filemanager
2026-06-06 17:43:59,937 [INFO] PluginManage:359 - Loaded plugin filemanager (category:base,tabindex:10)
2026-06-06 17:43:59,938 [INFO] PluginManage:310 - Check plugin ipmanager
2026-06-06 17:43:59,942 [INFO] PluginManage:359 - Loaded plugin ipmanager (category:base,tabindex:5)
2026-06-06 17:43:59,943 [INFO] PluginManage:310 - Check plugin lpbam
2026-06-06 17:43:59,950 [INFO] PluginManage:359 - Loaded plugin lpbam (category:base,tabindex:0)
2026-06-06 17:43:59,950 [INFO] PluginManage:310 - Check plugin memorymap
2026-06-06 17:43:59,962 [INFO] PluginManage:359 - Loaded plugin memorymap (category:base,tabindex:4)
2026-06-06 17:43:59,962 [INFO] PluginManage:310 - Check plugin pinoutandconfiguration
2026-06-06 17:43:59,970 [INFO] PluginManage:359 - Loaded plugin pinoutandconfiguration (category:base,tabindex:1)
2026-06-06 17:43:59,970 [INFO] PluginManage:310 - Check plugin pinoutconfig
2026-06-06 17:44:00,045 [WARN] SupportedApi:132 - Cannot load RTOS API schema: s4s-elt-must-match.1: The content of 'definitions' must match (annotation?, (simpleType | complexType)?, (unique | key | keyref)*)). A problem was found starting at: attribute.
2026-06-06 17:44:00,171 [INFO] PluginManage:359 - Loaded plugin pinoutconfig (category:base,tabindex:0)
2026-06-06 17:44:00,171 [INFO] PluginManage:310 - Check plugin power
2026-06-06 17:44:00,180 [INFO] PluginManage:359 - Loaded plugin power (category:power,tabindex:4)
2026-06-06 17:44:00,180 [INFO] PluginManage:310 - Check plugin projectmanager
2026-06-06 17:44:00,198 [INFO] PluginManage:359 - Loaded plugin projectmanager (category:projectmanager,tabindex:4)
2026-06-06 17:44:00,198 [INFO] PluginManage:310 - Check plugin rif
2026-06-06 17:44:00,207 [INFO] PluginManage:359 - Loaded plugin rif (category:base,tabindex:3)
2026-06-06 17:44:00,208 [INFO] PluginManage:310 - Check plugin thirdparty
2026-06-06 17:44:00,342 [INFO] PluginManage:359 - Loaded plugin thirdparty (category:base,tabindex:-1)
2026-06-06 17:44:00,342 [WARN] IntegrityCheckThread:84 - waiting for thirdparty lock release [integrity check]
2026-06-06 17:44:00,342 [INFO] PluginManage:310 - Check plugin tools
2026-06-06 17:44:00,342 [INFO] IntegrityCheckThread:86 - entering critical section [integrity check]
2026-06-06 17:44:00,342 [INFO] ThirdPartyUpdaterWithRetryManager:70 - Updater plugin not ready yet. [1/15]
2026-06-06 17:44:00,345 [INFO] PluginManage:359 - Loaded plugin tools (category:base,tabindex:7)
2026-06-06 17:44:00,345 [INFO] PluginManage:310 - Check plugin tutovideos
2026-06-06 17:44:00,498 [INFO] PluginManage:359 - Loaded plugin tutovideos (category:base,tabindex:-1)
2026-06-06 17:44:00,498 [INFO] PluginManage:310 - Check plugin updater
2026-06-06 17:44:00,516 [INFO] PluginManage:359 - Loaded plugin updater (category:base,tabindex:12)
2026-06-06 17:44:00,516 [INFO] PluginManage:310 - Check plugin userauth
2026-06-06 17:44:00,519 [INFO] UserAuth:118 - Init User Auth plugin
2026-06-06 17:44:00,520 [INFO] PluginManage:359 - Loaded plugin userauth (category:base,tabindex:14)
2026-06-06 17:44:00,521 [INFO] PluginManage:283 - PluginManage : Loaded plugins [18]
2026-06-06 17:44:00,683 [ERROR] LogOutputStream:75 - [STDERR_REDIRECT] [Fatal Error] :1:1: Premature end of file.
2026-06-06 17:44:00,684 [ERROR] LogOutputStream:75 - [STDERR_REDIRECT] 
2026-06-06 17:44:00,697 [INFO] PinOutPanel:1589 - setPackage(No Configuration,No Configuration)
2026-06-06 17:44:00,765 [INFO] CADModel:165 - CPN selected for project level
2026-06-06 17:44:00,765 [INFO] CADModel:114 - Register for checkConnection events
2026-06-06 17:44:00,781 [INFO] IPUIPlugin:80 - create IPUIPlugin
2026-06-06 17:44:00,781 [INFO] PluginManager:220 - loadIPPluginJar : add adc
2026-06-06 17:44:00,782 [INFO] IPUIPlugin:80 - create IPUIPlugin
2026-06-06 17:44:00,782 [INFO] PluginManager:220 - loadIPPluginJar : add aes
2026-06-06 17:44:00,784 [INFO] IPUIPlugin:80 - create IPUIPlugin
2026-06-06 17:44:00,784 [INFO] PluginManager:220 - loadIPPluginJar : add can
2026-06-06 17:44:00,786 [INFO] IPUIPlugin:80 - create IPUIPlugin
2026-06-06 17:44:00,786 [INFO] PluginManager:220 - loadIPPluginJar : add comp
2026-06-06 17:44:00,788 [INFO] IPUIPlugin:80 - create IPUIPlugin
2026-06-06 17:44:00,788 [INFO] PluginManager:220 - loadIPPluginJar : add cryp
2026-06-06 17:44:00,791 [INFO] IPUIPlugin:80 - create IPUIPlugin
2026-06-06 17:44:00,791 [INFO] PluginManager:220 - loadIPPluginJar : add ddr_ctrl_phy
2026-06-06 17:44:00,793 [INFO] IPUIPlugin:80 - create IPUIPlugin
2026-06-06 17:44:00,793 [INFO] PluginManager:220 - loadIPPluginJar : add dfsdm
2026-06-06 17:44:00,797 [INFO] IPUIPlugin:80 - create IPUIPlugin
2026-06-06 17:44:00,798 [INFO] PluginManager:220 - loadIPPluginJar : add dma
2026-06-06 17:44:00,800 [INFO] IPUIPlugin:80 - create IPUIPlugin
2026-06-06 17:44:00,800 [INFO] PluginManager:220 - loadIPPluginJar : add dma3
2026-06-06 17:44:00,802 [INFO] IPUIPlugin:80 - create IPUIPlugin
2026-06-06 17:44:00,803 [INFO] PluginManager:220 - loadIPPluginJar : add extmemmanager
2026-06-06 17:44:00,804 [INFO] IPUIPlugin:80 - create IPUIPlugin
2026-06-06 17:44:00,804 [INFO] PluginManager:220 - loadIPPluginJar : add fatfs
2026-06-06 17:44:00,808 [INFO] IPUIPlugin:80 - create IPUIPlugin
2026-06-06 17:44:00,808 [INFO] PluginManager:220 - loadIPPluginJar : add fmc
2026-06-06 17:44:00,814 [INFO] IPUIPlugin:80 - create IPUIPlugin
2026-06-06 17:44:00,814 [INFO] PluginManager:220 - loadIPPluginJar : add freertos
2026-06-06 17:44:00,816 [INFO] IPUIPlugin:80 - create IPUIPlugin
2026-06-06 17:44:00,816 [INFO] PluginManager:220 - loadIPPluginJar : add genericplugin
2026-06-06 17:44:00,818 [INFO] IPUIPlugin:80 - create IPUIPlugin
2026-06-06 17:44:00,818 [INFO] PluginManager:220 - loadIPPluginJar : add gfxmmu
2026-06-06 17:44:00,822 [INFO] IPUIPlugin:80 - create IPUIPlugin
2026-06-06 17:44:00,823 [INFO] PluginManager:220 - loadIPPluginJar : add gic
2026-06-06 17:44:00,826 [INFO] IPUIPlugin:80 - create IPUIPlugin
2026-06-06 17:44:00,826 [INFO] PluginManager:220 - loadIPPluginJar : add gpio
2026-06-06 17:44:00,830 [INFO] IPUIPlugin:80 - create IPUIPlugin
2026-06-06 17:44:00,830 [INFO] PluginManager:220 - loadIPPluginJar : add gtzc
2026-06-06 17:44:00,832 [INFO] IPUIPlugin:80 - create IPUIPlugin
2026-06-06 17:44:00,833 [INFO] PluginManager:220 - loadIPPluginJar : add hash
2026-06-06 17:44:00,835 [INFO] IPUIPlugin:80 - create IPUIPlugin
2026-06-06 17:44:00,835 [INFO] PluginManager:220 - loadIPPluginJar : add i2c
2026-06-06 17:44:00,837 [INFO] IPUIPlugin:80 - create IPUIPlugin
2026-06-06 17:44:00,837 [INFO] PluginManager:220 - loadIPPluginJar : add i2s
2026-06-06 17:44:00,840 [INFO] IPUIPlugin:80 - create IPUIPlugin
2026-06-06 17:44:00,840 [INFO] PluginManager:220 - loadIPPluginJar : add i3c
2026-06-06 17:44:00,843 [INFO] IPUIPlugin:80 - create IPUIPlugin
2026-06-06 17:44:00,843 [INFO] PluginManager:220 - loadIPPluginJar : add ipddr
2026-06-06 17:44:00,849 [INFO] IPUIPlugin:80 - create IPUIPlugin
2026-06-06 17:44:00,849 [INFO] PluginManager:220 - loadIPPluginJar : add linkedlist
2026-06-06 17:44:00,851 [INFO] IPUIPlugin:80 - create IPUIPlugin
2026-06-06 17:44:00,852 [INFO] PluginManager:220 - loadIPPluginJar : add lorawan
2026-06-06 17:44:00,853 [INFO] IPUIPlugin:80 - create IPUIPlugin
2026-06-06 17:44:00,853 [INFO] PluginManager:220 - loadIPPluginJar : add ltdc
2026-06-06 17:44:00,858 [INFO] IPUIPlugin:80 - create IPUIPlugin
2026-06-06 17:44:00,859 [INFO] PluginManager:220 - loadIPPluginJar : add mdma
2026-06-06 17:44:00,862 [INFO] IPUIPlugin:80 - create IPUIPlugin
2026-06-06 17:44:00,862 [INFO] PluginManager:220 - loadIPPluginJar : add nvic
2026-06-06 17:44:00,865 [INFO] IPUIPlugin:80 - create IPUIPlugin
2026-06-06 17:44:00,865 [INFO] PluginManager:220 - loadIPPluginJar : add opamp
2026-06-06 17:44:00,868 [INFO] IPUIPlugin:80 - create IPUIPlugin
2026-06-06 17:44:00,868 [INFO] PluginManager:220 - loadIPPluginJar : add openamp
2026-06-06 17:44:00,871 [INFO] IPUIPlugin:80 - create IPUIPlugin
2026-06-06 17:44:00,871 [INFO] PluginManager:220 - loadIPPluginJar : add pdm2pcm
2026-06-06 17:44:00,877 [INFO] IPUIPlugin:80 - create IPUIPlugin
2026-06-06 17:44:00,880 [INFO] PluginManager:220 - loadIPPluginJar : add plateformsettings
2026-06-06 17:44:00,881 [INFO] IPUIPlugin:80 - create IPUIPlugin
2026-06-06 17:44:00,881 [INFO] PluginManager:220 - loadIPPluginJar : add quadspi
2026-06-06 17:44:00,882 [INFO] IPUIPlugin:80 - create IPUIPlugin
2026-06-06 17:44:00,883 [INFO] PluginManager:220 - loadIPPluginJar : add radio
2026-06-06 17:44:00,886 [INFO] IPUIPlugin:80 - create IPUIPlugin
2026-06-06 17:44:00,886 [INFO] PluginManager:220 - loadIPPluginJar : add resmgrutility
2026-06-06 17:44:00,888 [INFO] IPUIPlugin:80 - create IPUIPlugin
2026-06-06 17:44:00,889 [INFO] PluginManager:220 - loadIPPluginJar : add sai
2026-06-06 17:44:00,891 [INFO] IPUIPlugin:80 - create IPUIPlugin
2026-06-06 17:44:00,891 [INFO] PluginManager:220 - loadIPPluginJar : add spi
2026-06-06 17:44:00,896 [INFO] IPUIPlugin:80 - create IPUIPlugin
2026-06-06 17:44:00,897 [INFO] PluginManager:220 - loadIPPluginJar : add stm32_wpan
2026-06-06 17:44:00,898 [INFO] IPUIPlugin:80 - create IPUIPlugin
2026-06-06 17:44:00,898 [INFO] PluginManager:220 - loadIPPluginJar : add tim
2026-06-06 17:44:00,900 [INFO] IPUIPlugin:80 - create IPUIPlugin
2026-06-06 17:44:00,901 [INFO] PluginManager:220 - loadIPPluginJar : add touchsensing
2026-06-06 17:44:00,902 [INFO] IPUIPlugin:80 - create IPUIPlugin
2026-06-06 17:44:00,902 [INFO] PluginManager:220 - loadIPPluginJar : add tracer_emb
2026-06-06 17:44:00,904 [INFO] IPUIPlugin:80 - create IPUIPlugin
2026-06-06 17:44:00,904 [INFO] PluginManager:220 - loadIPPluginJar : add ts
2026-06-06 17:44:00,906 [INFO] IPUIPlugin:80 - create IPUIPlugin
2026-06-06 17:44:00,906 [INFO] PluginManager:220 - loadIPPluginJar : add tsc
2026-06-06 17:44:00,908 [INFO] IPUIPlugin:80 - create IPUIPlugin
2026-06-06 17:44:00,908 [INFO] PluginManager:220 - loadIPPluginJar : add ucpd
2026-06-06 17:44:00,910 [INFO] IPUIPlugin:80 - create IPUIPlugin
2026-06-06 17:44:00,910 [INFO] PluginManager:220 - loadIPPluginJar : add usart
2026-06-06 17:44:00,913 [INFO] IPUIPlugin:80 - create IPUIPlugin
2026-06-06 17:44:00,913 [INFO] PluginManager:220 - loadIPPluginJar : add usbx
2026-06-06 17:44:01,028 [FATAL] Updater:351 - Updater called before beeing initialized
2026-06-06 17:44:01,050 [INFO] RulesReader:64 - Compatibility file has been processed (317 Rules)
2026-06-06 17:44:01,063 [INFO] RulesReader:64 - Compatibility file has been processed (317 Rules)
2026-06-06 17:44:01,069 [INFO] CADModel:165 - CPN selected for project level
2026-06-06 17:44:01,069 [INFO] CADModel:114 - Register for checkConnection events
2026-06-06 17:44:01,069 [FATAL] Updater:351 - Updater called before beeing initialized
2026-06-06 17:44:01,070 [ERROR] CADModel:125 - Updater not yet initialized, retry later 
2026-06-06 17:44:01,181 [FATAL] Updater:351 - Updater called before beeing initialized
2026-06-06 17:44:01,182 [INFO] CADModel:165 - CPN selected for project level
2026-06-06 17:44:01,182 [INFO] CADModel:114 - Register for checkConnection events
2026-06-06 17:44:01,183 [FATAL] Updater:351 - Updater called before beeing initialized
2026-06-06 17:44:01,183 [ERROR] CADModel:125 - Updater not yet initialized, retry later 
2026-06-06 17:44:01,185 [FATAL] Updater:351 - Updater called before beeing initialized
2026-06-06 17:44:01,272 [FATAL] Updater:351 - Updater called before beeing initialized
2026-06-06 17:44:01,275 [INFO] DbMcusAds:53 - JSON generation date=Fri May 29 02:08:17 AEST 2026 (1779984497073)
2026-06-06 17:44:01,275 [FATAL] Updater:351 - Updater called before beeing initialized
2026-06-06 17:44:01,305 [WARN] DetailPanel:346 - Failed to get advertising image, set to default
2026-06-06 17:44:01,369 [FATAL] Updater:351 - Updater called before beeing initialized
2026-06-06 17:44:01,370 [FATAL] Updater:351 - Updater called before beeing initialized
2026-06-06 17:44:01,370 [FATAL] Updater:351 - Updater called before beeing initialized
2026-06-06 17:44:01,370 [WARN] DetailPanel:346 - Failed to get advertising image, set to default
2026-06-06 17:44:01,371 [FATAL] Updater:351 - Updater called before beeing initialized
2026-06-06 17:44:01,410 [ERROR] Updater:1198 - MainUpdater not yet initialized. External WinMGr cannot be set.
2026-06-06 17:44:01,412 [INFO] Updater:1134 - Updater Version found : 6.15.0
2026-06-06 17:44:01,425 [INFO] ApplicationProperties:184 - Using Application install path: C:\ST\STM32CubeIDE_1.18.1\STM32CubeIDE\plugins\com.st.stm32cube.common.mx_6.15.0.202507011659
2026-06-06 17:44:01,683 [ERROR] LogOutputStream:75 - [STDERR_REDIRECT] [Fatal Error] :1:1: Premature end of file.
2026-06-06 17:44:01,684 [ERROR] LogOutputStream:75 - [STDERR_REDIRECT] 
2026-06-06 17:44:02,681 [ERROR] LogOutputStream:75 - [STDERR_REDIRECT] [Fatal Error] :1:1: Premature end of file.
2026-06-06 17:44:02,681 [ERROR] LogOutputStream:75 - [STDERR_REDIRECT] 
2026-06-06 17:44:03,002 [ERROR] LogOutputStream:75 - [STDERR_REDIRECT] Jun 06, 2026 5:44:02 PM java.util.prefs.WindowsPreferences <init>
2026-06-06 17:44:03,003 [ERROR] LogOutputStream:75 - [STDERR_REDIRECT] WARNING: Could not open/create prefs root node Software\JavaSoft\Prefs at root 0xffffffff80000002. Windows RegCreateKeyEx(...) returned error code 5.
2026-06-06 17:44:03,003 [ERROR] LogOutputStream:75 - [STDERR_REDIRECT] 
2026-06-06 17:44:03,343 [INFO] ThirdPartyUpdaterWithRetryManager:70 - Updater plugin not ready yet. [2/15]
2026-06-06 17:44:03,413 [INFO] MainUpdater:2872 - connection check result : 10
2026-06-06 17:44:03,414 [INFO] MainUpdater:289 - Updater Check For Update Now.
2026-06-06 17:44:03,414 [INFO] MicroXplorer:498 - Change Database Version : DB.6.0.150
2026-06-06 17:44:03,420 [INFO] McuFinderGlobals:63 - Set McuFinder mode to 2 (CubeIDE integrated)
2026-06-06 17:44:03,422 [INFO] UserAuth:487 - Internet connection configuration mode: 1
2026-06-06 17:44:03,447 [INFO] JxBrowserEngine:152 - Initiate JxBrowser Engine with user profile folder
2026-06-06 17:44:03,587 [INFO] CheckServerUpdateThread:120 - End of CheckServer Thread
2026-06-06 17:44:03,679 [ERROR] LogOutputStream:75 - [STDERR_REDIRECT] [Fatal Error] :1:1: Premature end of file.
2026-06-06 17:44:03,679 [ERROR] LogOutputStream:75 - [STDERR_REDIRECT] 
2026-06-06 17:44:04,143 [INFO] WebApp:169 - Instantiating new browser for Auth
2026-06-06 17:44:04,671 [INFO] WebApp:463 - Apply proxy settings
2026-06-06 17:44:04,671 [INFO] WebApp:548 - Chromium requires no authentication
2026-06-06 17:44:04,681 [INFO] WebApp:491 - Direct internet connection detected
2026-06-06 17:44:04,683 [ERROR] LogOutputStream:75 - [STDERR_REDIRECT] [Fatal Error] :1:1: Premature end of file.
2026-06-06 17:44:04,683 [ERROR] LogOutputStream:75 - [STDERR_REDIRECT] 
2026-06-06 17:44:04,703 [INFO] WebApp:900 - Register for checkConnection events
2026-06-06 17:44:04,703 [INFO] WebApp:463 - Apply proxy settings
2026-06-06 17:44:04,703 [INFO] WebApp:548 - Chromium requires no authentication
2026-06-06 17:44:04,704 [INFO] WebApp:491 - Direct internet connection detected
2026-06-06 17:44:04,860 [INFO] WebApp:225 - Starting web application
2026-06-06 17:44:04,860 [INFO] WebApp:593 - Web application path used C:\ST\STM32CubeIDE_1.18.1\STM32CubeIDE\plugins\com.st.stm32cube.common.mx_6.15.0.202507011659\db\plugins\mcufinder\reactClient1\index.html
2026-06-06 17:44:04,921 [INFO] UserAuth:487 - Internet connection configuration mode: 1
2026-06-06 17:44:05,080 [INFO] WebApp:191 - Connection restablished
2026-06-06 17:44:05,680 [ERROR] LogOutputStream:75 - [STDERR_REDIRECT] [Fatal Error] :1:1: Premature end of file.
2026-06-06 17:44:05,680 [ERROR] LogOutputStream:75 - [STDERR_REDIRECT] 
2026-06-06 17:44:06,653 [WARN] PackLoader:240 - Cannot read IP mode file for STMicroelectronics.X-CUBE-AZRTOS-H7.3.5.0
2026-06-06 17:44:06,664 [WARN] PackLoader:240 - Cannot read IP mode file for STMicroelectronics.FP-SNS-MOTENVWB1.1.4.0
2026-06-06 17:44:06,670 [WARN] PackLoader:240 - Cannot read IP mode file for STMicroelectronics.FP-ATR-ASTRA1.2.0.2
2026-06-06 17:44:06,681 [ERROR] LogOutputStream:75 - [STDERR_REDIRECT] [Fatal Error] :1:1: Premature end of file.
2026-06-06 17:44:06,682 [ERROR] LogOutputStream:75 - [STDERR_REDIRECT] 
2026-06-06 17:44:06,683 [ERROR] Engine:466 - C:\Users\elena\.stm32cubemx\thirdparties\pdsc\STMicroelectronics.X-CUBE-SMBUS.2.1.1.pdsc: PDSC version is not supported
2026-06-06 17:44:06,687 [WARN] PackLoader:240 - Cannot read IP mode file for STMicroelectronics.X-CUBE-SMBUS.2.1.0
2026-06-06 17:44:06,691 [WARN] PackLoader:240 - Cannot read IP mode file for STMicroelectronics.X-CUBE-ST60.1.0.0
2026-06-06 17:44:06,709 [WARN] PackLoader:240 - Cannot read IP mode file for STMicroelectronics.X-CUBE-AZRTOS-F7.1.1.0
2026-06-06 17:44:06,716 [WARN] PackLoader:240 - Cannot read IP mode file for STMicroelectronics.FP-SNS-MOTENV1.5.1.0
2026-06-06 17:44:06,735 [WARN] PackLoader:240 - Cannot read IP mode file for Infineon.AIROC-Wi-Fi-Bluetooth-STM32.1.7.0
2026-06-06 17:44:06,755 [WARN] PackLoader:240 - Cannot read IP mode file for STMicroelectronics.X-CUBE-AZRTOS-H7.3.4.0
2026-06-06 17:44:06,764 [WARN] PackLoader:240 - Cannot read IP mode file for STMicroelectronics.X-CUBE-DISPLAY.3.0.0
2026-06-06 17:44:06,773 [WARN] PackLoader:240 - Cannot read IP mode file for STMicroelectronics.X-CUBE-GNSS1.7.1.1
2026-06-06 17:44:06,780 [WARN] PackLoader:240 - Cannot read IP mode file for STMicroelectronics.X-CUBE-NFC10.1.0.0
2026-06-06 17:44:06,789 [WARN] PackLoader:240 - Cannot read IP mode file for STMicroelectronics.X-CUBE-BLEMGR.4.0.0
2026-06-06 17:44:06,795 [WARN] PackLoader:240 - Cannot read IP mode file for STMicroelectronics.X-CUBE-ST60.1.1.0
2026-06-06 17:44:06,801 [WARN] PackLoader:240 - Cannot read IP mode file for emotas.I-CUBE-CANOPEN.1.3.0
2026-06-06 17:44:06,806 [WARN] PackLoader:240 - Cannot read IP mode file for STMicroelectronics.X-CUBE-GNSS1.7.1.0
2026-06-06 17:44:06,812 [WARN] ConditionMgr:438 - getConditionDescription Invalid condition id : Cortex-A Device cause : null
2026-06-06 17:44:06,822 [WARN] ConditionMgr:1044 - genDependencies : Invalid condition id : Cortex-A Device cause : null
2026-06-06 17:44:06,822 [WARN] ConditionMgr:1044 - genDependencies : Invalid condition id : Cortex-A Device cause : null
2026-06-06 17:44:06,822 [WARN] ConditionMgr:1044 - genDependencies : Invalid condition id : Cortex-A Device cause : null
2026-06-06 17:44:06,829 [WARN] PackLoader:240 - Cannot read IP mode file for STMicroelectronics.FP-SNS-STBOX1.2.1.0
2026-06-06 17:44:06,834 [WARN] PackLoader:240 - Cannot read IP mode file for STMicroelectronics.FP-SNS-SMARTAG2.1.2.0
2026-06-06 17:44:06,837 [WARN] PackLoader:240 - Cannot read IP mode file for STMicroelectronics.FP-SNS-FLIGHT1.5.1.0
2026-06-06 17:44:06,844 [INFO] LogOutputStream:77 - [STDOUT_REDIRECT] 1 : Invalid condition id : UX_CORESTACK_Condition cause : null
2026-06-06 17:44:06,844 [INFO] LogOutputStream:77 - [STDOUT_REDIRECT] 1 : Invalid condition id : UX_CORESTACK_Condition cause : null
2026-06-06 17:44:06,845 [INFO] LogOutputStream:77 - [STDOUT_REDIRECT] 1 : Invalid condition id : UX_CORESTACK_Condition cause : null
2026-06-06 17:44:06,846 [INFO] LogOutputStream:77 - [STDOUT_REDIRECT] 1 : Invalid condition id : UX_CORESTACK_Condition cause : null
2026-06-06 17:44:06,846 [INFO] LogOutputStream:77 - [STDOUT_REDIRECT] 1 : Invalid condition id : UX_CORESTACK_Condition cause : null
2026-06-06 17:44:06,849 [WARN] PackLoader:240 - Cannot read IP mode file for STMicroelectronics.X-CUBE-AZRTOS-WL.2.0.0
2026-06-06 17:44:06,853 [WARN] PackLoader:240 - Cannot read IP mode file for STMicroelectronics.FP-SNS-MOTENV1.5.0.0
2026-06-06 17:44:06,868 [WARN] PackLoader:240 - Cannot read IP mode file for STMicroelectronics.X-CUBE-AZRTOS-H7RS.1.2.0
2026-06-06 17:44:06,877 [WARN] PackLoader:240 - Cannot read IP mode file for WES.I-CUBE-Cesium.1.3.0
2026-06-06 17:44:06,882 [WARN] PackLoader:240 - Cannot read IP mode file for STMicroelectronics.X-CUBE-BLE2.3.3.0
2026-06-06 17:44:06,893 [WARN] PackLoader:240 - Cannot read IP mode file for STMicroelectronics.X-CUBE-NFC9.1.0.0
2026-06-06 17:44:06,901 [WARN] PackLoader:240 - Cannot read IP mode file for wolfSSL.I-CUBE-wolfSSL.5.8.0
2026-06-06 17:44:06,906 [WARN] PackLoader:240 - Cannot read IP mode file for STMicroelectronics.X-CUBE-BLE1.7.1.0
2026-06-06 17:44:06,911 [WARN] PackLoader:240 - Cannot read IP mode file for wolfSSL.I-CUBE-wolfMQTT.1.19.2
2026-06-06 17:44:06,917 [WARN] PackLoader:240 - Cannot read IP mode file for STMicroelectronics.X-CUBE-FREERTOS.1.4.0
2026-06-06 17:44:06,923 [WARN] PackLoader:240 - Cannot read IP mode file for STMicroelectronics.X-CUBE-EEPRMA1.5.2.0
2026-06-06 17:44:06,931 [WARN] PackLoader:240 - Cannot read IP mode file for STMicroelectronics.X-CUBE-ST67W61.1.1.0
2026-06-06 17:44:06,935 [WARN] PackLoader:240 - Cannot read IP mode file for STMicroelectronics.X-CUBE-AI.10.1.0
2026-06-06 17:44:06,956 [WARN] PackLoader:240 - Cannot read IP mode file for STMicroelectronics.FP-SNS-STAIOTCFT.1.1.0
2026-06-06 17:44:06,987 [WARN] PackLoader:240 - Cannot read IP mode file for STMicroelectronics.X-CUBE-MEMS1.12.0.0
2026-06-06 17:44:07,046 [WARN] PackLoader:240 - Cannot read IP mode file for STMicroelectronics.X-CUBE-AZRTOS-G0.1.1.0
2026-06-06 17:44:07,052 [WARN] PackLoader:240 - Cannot read IP mode file for STMicroelectronics.X-CUBE-SAFEA1.1.2.2
2026-06-06 17:44:07,057 [WARN] PackLoader:240 - Cannot read IP mode file for STMicroelectronics.X-CUBE-NFC4.3.0.0
2026-06-06 17:44:07,066 [WARN] PackLoader:240 - Cannot read IP mode file for EmbeddedOffice.I-CUBE-FS-RTOS.1.0.1
2026-06-06 17:44:07,071 [WARN] PackLoader:240 - Cannot read IP mode file for STMicroelectronics.X-CUBE-WB05N.2.0.0
2026-06-06 17:44:07,076 [WARN] PackLoader:240 - Cannot read IP mode file for wolfSSL.I-CUBE-wolfTPM.3.8.0
2026-06-06 17:44:07,081 [WARN] PackLoader:240 - Cannot read IP mode file for STMicroelectronics.X-CUBE-TCPP.4.2.0
2026-06-06 17:44:07,086 [WARN] PackLoader:240 - Cannot read IP mode file for RealThread.X-CUBE-RT-Thread_Nano.4.1.1
2026-06-06 17:44:07,090 [WARN] PackLoader:240 - Cannot read IP mode file for STMicroelectronics.FP-ATR-SIGFOX1.3.2.0
2026-06-06 17:44:07,095 [WARN] PackLoader:240 - Cannot read IP mode file for STMicroelectronics.X-CUBE-EEPRMA1.5.1.0
2026-06-06 17:44:07,101 [WARN] PackLoader:240 - Cannot read IP mode file for ITTIA_DB.I-CUBE-ITTIADB.8.9.0
2026-06-06 17:44:07,106 [WARN] PackLoader:240 - Cannot read IP mode file for STMicroelectronics.X-CUBE-ST67W61.1.0.0
2026-06-06 17:44:07,110 [WARN] PackLoader:240 - Cannot read IP mode file for STMicroelectronics.X-CUBE-AI.10.2.0
2026-06-06 17:44:07,136 [WARN] PackLoader:240 - Cannot read IP mode file for STMicroelectronics.X-CUBE-MEMS1.12.1.0
2026-06-06 17:44:07,193 [WARN] PackLoader:240 - Cannot read IP mode file for SEGGER.I-CUBE-embOS.1.3.1
2026-06-06 17:44:07,218 [WARN] PackLoader:240 - Cannot read IP mode file for STMicroelectronics.X-CUBE-ALGOBUILD.1.4.0
2026-06-06 17:44:07,241 [WARN] PackLoader:240 - Cannot read IP mode file for STMicroelectronics.X-CUBE-MEMS1.11.3.0
2026-06-06 17:44:07,315 [WARN] PackLoader:240 - Cannot read IP mode file for STMicroelectronics.X-CUBE-PM33A1.1.0.0
2026-06-06 17:44:07,326 [WARN] PackLoader:240 - Cannot read IP mode file for STMicroelectronics.X-CUBE-AZRTOS-F4.1.1.0
2026-06-06 17:44:07,332 [WARN] PackLoader:240 - Cannot read IP mode file for STMicroelectronics.X-CUBE-ISPU.2.1.0
2026-06-06 17:44:07,341 [WARN] PackLoader:240 - Cannot read IP mode file for STMicroelectronics.X-CUBE-IPS.3.2.0
2026-06-06 17:44:07,358 [WARN] PackLoader:240 - Cannot read IP mode file for STMicroelectronics.eDS-WB_DPC_TT-BIDIR.2.1.1
2026-06-06 17:44:07,364 [WARN] PackLoader:240 - Cannot read IP mode file for STMicroelectronics.X-CUBE-NFC12.1.0.0
2026-06-06 17:44:07,377 [WARN] PackLoader:240 - Cannot read IP mode file for STMicroelectronics.X-CUBE-AZRTOS-L5.2.0.0
2026-06-06 17:44:07,385 [WARN] PackLoader:240 - Cannot read IP mode file for STMicroelectronics.X-CUBE-NFC6.3.1.0
2026-06-06 17:44:07,391 [WARN] PackLoader:240 - Cannot read IP mode file for STMicroelectronics.X-CUBE-ALGOBUILD.1.5.0
2026-06-06 17:44:07,395 [WARN] PackLoader:240 - Cannot read IP mode file for STMicroelectronics.eDS-WB_DPC_VIENNA.1.2.0
2026-06-06 17:44:07,397 [WARN] PackLoader:240 - Cannot read IP mode file for STMicroelectronics.eDS-WB_DPC_3PH2L-BIDIR.1.1.1
2026-06-06 17:44:07,400 [ERROR] Engine:466 - C:\Users\elena\.stm32cubemx\thirdparties\pdsc\STMicroelectronics.X-CUBE-ST67W61.1.3.0.pdsc: PDSC version is not supported
2026-06-06 17:44:07,403 [WARN] PackLoader:240 - Cannot read IP mode file for STMicroelectronics.X-CUBE-FREERTOS.1.3.1
2026-06-06 17:44:07,407 [WARN] PackLoader:240 - Cannot read IP mode file for STMicroelectronics.X-CUBE-TOUCHGFX.4.26.0
2026-06-06 17:44:07,410 [WARN] PackLoader:240 - Cannot read IP mode file for STMicroelectronics.X-CUBE-TOUCHGFX.4.26.1
2026-06-06 17:44:07,414 [WARN] PackLoader:240 - Cannot read IP mode file for STMicroelectronics.FP-SNS-STAIOTCFT.1.0.0
2026-06-06 17:44:07,419 [WARN] PackLoader:240 - Cannot read IP mode file for STMicroelectronics.X-CUBE-DPower.1.3.0
2026-06-06 17:44:07,431 [WARN] ConditionMgr:438 - getConditionDescription Invalid condition id : LAN8742 Phy interface Condition cause : null
2026-06-06 17:44:07,432 [WARN] PackLoader:240 - Cannot read IP mode file for STMicroelectronics.X-CUBE-AZRTOS-L4.2.0.0
2026-06-06 17:44:07,433 [WARN] ConditionMgr:1044 - genDependencies : Invalid condition id : LAN8742 Phy interface Condition cause : null
2026-06-06 17:44:07,433 [WARN] ConditionMgr:1044 - genDependencies : Invalid condition id : LAN8742 Phy interface Condition cause : null
2026-06-06 17:44:07,433 [WARN] ConditionMgr:1044 - genDependencies : Invalid condition id : LAN8742 Phy interface Condition cause : null
2026-06-06 17:44:07,439 [WARN] PackLoader:240 - Cannot read IP mode file for STMicroelectronics.X-CUBE-SFXS2LP1.4.0.0
2026-06-06 17:44:07,447 [WARN] PackLoader:240 - Cannot read IP mode file for STMicroelectronics.X-CUBE-WB05N.2.1.0
2026-06-06 17:44:07,456 [WARN] PackLoader:240 - Cannot read IP mode file for STMicroelectronics.X-CUBE-AZRTOS-H7.3.3.0
2026-06-06 17:44:07,465 [WARN] PackLoader:240 - Cannot read IP mode file for STMicroelectronics.X-CUBE-BLEMGR.4.1.0
2026-06-06 17:44:07,475 [WARN] ConditionMgr:438 - getConditionDescription Invalid condition id : UX DEVICE CLASS RTOS Condition cause : null
2026-06-06 17:44:07,475 [WARN] ConditionMgr:438 - getConditionDescription Invalid condition id : UX DEVICE CLASS RTOS Condition cause : null
2026-06-06 17:44:07,476 [WARN] PackLoader:240 - Cannot read IP mode file for STMicroelectronics.X-CUBE-AZRTOS-WB.2.0.0
2026-06-06 17:44:07,477 [WARN] ConditionMgr:1044 - genDependencies : Invalid condition id : UX DEVICE CLASS RTOS Condition cause : null
2026-06-06 17:44:07,477 [WARN] ConditionMgr:1044 - genDependencies : Invalid condition id : UX DEVICE CLASS RTOS Condition cause : null
2026-06-06 17:44:07,477 [WARN] ConditionMgr:1044 - genDependencies : Invalid condition id : UX DEVICE CLASS RTOS Condition cause : null
2026-06-06 17:44:07,477 [WARN] ConditionMgr:1044 - genDependencies : Invalid condition id : UX DEVICE CLASS RTOS Condition cause : null
2026-06-06 17:44:07,477 [WARN] ConditionMgr:1044 - genDependencies : Invalid condition id : UX DEVICE CLASS RTOS Condition cause : null
2026-06-06 17:44:07,482 [WARN] PackLoader:240 - Cannot read IP mode file for STMicroelectronics.X-CUBE-GNSS1.7.0.1
2026-06-06 17:44:07,485 [WARN] PackLoader:240 - Cannot read IP mode file for STMicroelectronics.X-CUBE-TOUCHGFX.4.25.0
2026-06-06 17:44:07,489 [WARN] PackLoader:240 - Cannot read IP mode file for STMicroelectronics.FP-SNS-STBOX1.2.0.0
2026-06-06 17:44:07,497 [WARN] PackLoader:240 - Cannot read IP mode file for STMicroelectronics.X-CUBE-STSE01.2.0.0
2026-06-06 17:44:07,506 [WARN] PackLoader:240 - Cannot read IP mode file for STMicroelectronics.X-CUBE-SUBG2.5.0.0
2026-06-06 17:44:07,521 [WARN] PackLoader:240 - Cannot read IP mode file for STMicroelectronics.X-CUBE-AZRTOS-H7RS.1.1.0
2026-06-06 17:44:07,528 [WARN] PackLoader:240 - Cannot read IP mode file for Cesanta.I-CUBE-Mongoose.7.13.0
2026-06-06 17:44:07,538 [WARN] PackLoader:240 - Cannot read IP mode file for STMicroelectronics.X-CUBE-AZRTOS-G4.2.0.0
2026-06-06 17:44:07,544 [WARN] PackLoader:240 - Cannot read IP mode file for wolfSSL.I-CUBE-wolfSSH.1.4.20
2026-06-06 17:44:07,548 [WARN] PackLoader:240 - Cannot read IP mode file for STMicroelectronics.X-CUBE-NFC7.2.0.0
2026-06-06 17:44:07,556 [WARN] PackLoader:240 - Cannot read IP mode file for STMicroelectronics.X-CUBE-IPS.3.1.0
2026-06-06 17:44:07,563 [WARN] PackLoader:240 - Cannot read IP mode file for STMicroelectronics.X-CUBE-ALS.1.0.2
2026-06-06 17:44:07,567 [WARN] PackLoader:240 - Cannot read IP mode file for STMicroelectronics.X-CUBE-STSE01.1.0.0
2026-06-06 17:44:07,572 [WARN] PackLoader:240 - Cannot read IP mode file for portGmbH.I-Cube-SoM-uGOAL.1.1.0
2026-06-06 17:44:07,579 [WARN] PackLoader:240 - Cannot read IP mode file for STMicroelectronics.X-CUBE-TOF1.3.4.3
2026-06-06 17:44:07,586 [INFO] ThirdParty:978 - Integrity check success = true
2026-06-06 17:44:07,586 [INFO] IntegrityCheckThread:100 - exiting critical section [integrity check]
2026-06-06 17:44:07,587 [INFO] IntegrityCheckThread:103 - End integrity checks thread
2026-06-06 17:44:07,680 [ERROR] LogOutputStream:75 - [STDERR_REDIRECT] [Fatal Error] :1:1: Premature end of file.
2026-06-06 17:44:07,680 [ERROR] LogOutputStream:75 - [STDERR_REDIRECT] 
2026-06-06 17:44:08,686 [ERROR] LogOutputStream:75 - [STDERR_REDIRECT] [Fatal Error] :1:1: Premature end of file.
2026-06-06 17:44:08,686 [ERROR] LogOutputStream:75 - [STDERR_REDIRECT] 
2026-06-06 17:44:09,686 [ERROR] LogOutputStream:75 - [STDERR_REDIRECT] [Fatal Error] :1:1: Premature end of file.
2026-06-06 17:44:09,686 [ERROR] LogOutputStream:75 - [STDERR_REDIRECT] 
2026-06-06 17:44:10,679 [ERROR] LogOutputStream:75 - [STDERR_REDIRECT] [Fatal Error] :1:1: Premature end of file.
2026-06-06 17:44:10,679 [ERROR] LogOutputStream:75 - [STDERR_REDIRECT] 
2026-06-06 17:44:11,684 [ERROR] LogOutputStream:75 - [STDERR_REDIRECT] [Fatal Error] :1:1: Premature end of file.
2026-06-06 17:44:11,684 [ERROR] LogOutputStream:75 - [STDERR_REDIRECT] 
2026-06-06 17:44:12,688 [ERROR] LogOutputStream:75 - [STDERR_REDIRECT] [Fatal Error] :1:1: Premature end of file.
2026-06-06 17:44:12,689 [ERROR] LogOutputStream:75 - [STDERR_REDIRECT] 
2026-06-06 17:44:13,682 [ERROR] LogOutputStream:75 - [STDERR_REDIRECT] [Fatal Error] :1:1: Premature end of file.
2026-06-06 17:44:13,683 [ERROR] LogOutputStream:75 - [STDERR_REDIRECT] 
2026-06-06 17:44:14,678 [ERROR] LogOutputStream:75 - [STDERR_REDIRECT] [Fatal Error] :1:1: Premature end of file.
2026-06-06 17:44:14,679 [ERROR] LogOutputStream:75 - [STDERR_REDIRECT] 
2026-06-06 17:44:15,688 [ERROR] LogOutputStream:75 - [STDERR_REDIRECT] [Fatal Error] :1:1: Premature end of file.
2026-06-06 17:44:15,688 [ERROR] LogOutputStream:75 - [STDERR_REDIRECT] 
2026-06-06 17:44:16,680 [ERROR] LogOutputStream:75 - [STDERR_REDIRECT] [Fatal Error] :1:1: Premature end of file.
2026-06-06 17:44:16,680 [ERROR] LogOutputStream:75 - [STDERR_REDIRECT] 
2026-06-06 17:44:17,683 [ERROR] LogOutputStream:75 - [STDERR_REDIRECT] [Fatal Error] :1:1: Premature end of file.
2026-06-06 17:44:17,683 [ERROR] LogOutputStream:75 - [STDERR_REDIRECT] 
2026-06-06 17:44:18,678 [ERROR] LogOutputStream:75 - [STDERR_REDIRECT] [Fatal Error] :1:1: Premature end of file.
2026-06-06 17:44:18,678 [ERROR] LogOutputStream:75 - [STDERR_REDIRECT] 
2026-06-06 17:44:19,683 [ERROR] LogOutputStream:75 - [STDERR_REDIRECT] [Fatal Error] :1:1: Premature end of file.
2026-06-06 17:44:19,683 [ERROR] LogOutputStream:75 - [STDERR_REDIRECT] 
2026-06-06 17:44:20,680 [ERROR] LogOutputStream:75 - [STDERR_REDIRECT] [Fatal Error] :1:1: Premature end of file.
2026-06-06 17:44:20,680 [ERROR] LogOutputStream:75 - [STDERR_REDIRECT] 
2026-06-06 17:44:21,683 [ERROR] LogOutputStream:75 - [STDERR_REDIRECT] [Fatal Error] :1:1: Premature end of file.
2026-06-06 17:44:21,683 [ERROR] LogOutputStream:75 - [STDERR_REDIRECT] 
2026-06-06 17:44:22,680 [ERROR] LogOutputStream:75 - [STDERR_REDIRECT] [Fatal Error] :1:1: Premature end of file.
2026-06-06 17:44:22,680 [ERROR] LogOutputStream:75 - [STDERR_REDIRECT] 
2026-06-06 17:44:23,684 [ERROR] LogOutputStream:75 - [STDERR_REDIRECT] [Fatal Error] :1:1: Premature end of file.
2026-06-06 17:44:23,684 [ERROR] LogOutputStream:75 - [STDERR_REDIRECT] 
2026-06-06 17:44:24,679 [ERROR] LogOutputStream:75 - [STDERR_REDIRECT] [Fatal Error] :1:1: Premature end of file.
2026-06-06 17:44:24,679 [ERROR] LogOutputStream:75 - [STDERR_REDIRECT] 
2026-06-06 17:44:25,681 [ERROR] LogOutputStream:75 - [STDERR_REDIRECT] [Fatal Error] :1:1: Premature end of file.
2026-06-06 17:44:25,682 [ERROR] LogOutputStream:75 - [STDERR_REDIRECT] 
2026-06-06 17:44:26,682 [ERROR] LogOutputStream:75 - [STDERR_REDIRECT] [Fatal Error] :1:1: Premature end of file.
2026-06-06 17:44:26,682 [ERROR] LogOutputStream:75 - [STDERR_REDIRECT] 
2026-06-06 17:44:27,679 [ERROR] LogOutputStream:75 - [STDERR_REDIRECT] [Fatal Error] :1:1: Premature end of file.
2026-06-06 17:44:27,679 [ERROR] LogOutputStream:75 - [STDERR_REDIRECT] 
2026-06-06 17:44:28,680 [ERROR] LogOutputStream:75 - [STDERR_REDIRECT] [Fatal Error] :1:1: Premature end of file.
2026-06-06 17:44:28,680 [ERROR] LogOutputStream:75 - [STDERR_REDIRECT] 
2026-06-06 17:44:29,678 [ERROR] LogOutputStream:75 - [STDERR_REDIRECT] [Fatal Error] :1:1: Premature end of file.
2026-06-06 17:44:29,679 [ERROR] LogOutputStream:75 - [STDERR_REDIRECT] 
2026-06-06 17:44:30,680 [ERROR] LogOutputStream:75 - [STDERR_REDIRECT] [Fatal Error] :1:1: Premature end of file.
2026-06-06 17:44:30,680 [ERROR] LogOutputStream:75 - [STDERR_REDIRECT] 
2026-06-06 17:44:31,682 [ERROR] LogOutputStream:75 - [STDERR_REDIRECT] [Fatal Error] :1:1: Premature end of file.
2026-06-06 17:44:31,682 [ERROR] LogOutputStream:75 - [STDERR_REDIRECT] 
2026-06-06 17:44:32,682 [ERROR] LogOutputStream:75 - [STDERR_REDIRECT] [Fatal Error] :1:1: Premature end of file.
2026-06-06 17:44:32,682 [ERROR] LogOutputStream:75 - [STDERR_REDIRECT] 
2026-06-06 17:44:33,680 [ERROR] LogOutputStream:75 - [STDERR_REDIRECT] [Fatal Error] :1:1: Premature end of file.
2026-06-06 17:44:33,681 [ERROR] LogOutputStream:75 - [STDERR_REDIRECT] 
2026-06-06 17:44:34,681 [ERROR] LogOutputStream:75 - [STDERR_REDIRECT] [Fatal Error] :1:1: Premature end of file.
2026-06-06 17:44:34,681 [ERROR] LogOutputStream:75 - [STDERR_REDIRECT] 
2026-06-06 17:44:35,680 [ERROR] LogOutputStream:75 - [STDERR_REDIRECT] [Fatal Error] :1:1: Premature end of file.
2026-06-06 17:44:35,680 [ERROR] LogOutputStream:75 - [STDERR_REDIRECT] 
2026-06-06 17:44:36,683 [ERROR] LogOutputStream:75 - [STDERR_REDIRECT] [Fatal Error] :1:1: Premature end of file.
2026-06-06 17:44:36,684 [ERROR] LogOutputStream:75 - [STDERR_REDIRECT] 
2026-06-06 17:44:37,679 [ERROR] LogOutputStream:75 - [STDERR_REDIRECT] [Fatal Error] :1:1: Premature end of file.
2026-06-06 17:44:37,679 [ERROR] LogOutputStream:75 - [STDERR_REDIRECT] 
2026-06-06 17:44:38,680 [ERROR] LogOutputStream:75 - [STDERR_REDIRECT] [Fatal Error] :1:1: Premature end of file.
2026-06-06 17:44:38,680 [ERROR] LogOutputStream:75 - [STDERR_REDIRECT] 
2026-06-06 17:44:39,681 [ERROR] LogOutputStream:75 - [STDERR_REDIRECT] [Fatal Error] :1:1: Premature end of file.
2026-06-06 17:44:39,681 [ERROR] LogOutputStream:75 - [STDERR_REDIRECT] 
2026-06-06 17:44:40,690 [ERROR] LogOutputStream:75 - [STDERR_REDIRECT] [Fatal Error] :1:1: Premature end of file.
2026-06-06 17:44:40,691 [ERROR] LogOutputStream:75 - [STDERR_REDIRECT] 
2026-06-06 17:44:41,680 [ERROR] LogOutputStream:75 - [STDERR_REDIRECT] [Fatal Error] :1:1: Premature end of file.
2026-06-06 17:44:41,680 [ERROR] LogOutputStream:75 - [STDERR_REDIRECT] 
2026-06-06 17:44:42,680 [ERROR] LogOutputStream:75 - [STDERR_REDIRECT] [Fatal Error] :1:1: Premature end of file.
2026-06-06 17:44:42,681 [ERROR] LogOutputStream:75 - [STDERR_REDIRECT] 
2026-06-06 17:44:43,680 [ERROR] LogOutputStream:75 - [STDERR_REDIRECT] [Fatal Error] :1:1: Premature end of file.
2026-06-06 17:44:43,681 [ERROR] LogOutputStream:75 - [STDERR_REDIRECT] 
2026-06-06 17:44:44,681 [ERROR] LogOutputStream:75 - [STDERR_REDIRECT] [Fatal Error] :1:1: Premature end of file.
2026-06-06 17:44:44,681 [ERROR] LogOutputStream:75 - [STDERR_REDIRECT] 
2026-06-06 17:44:45,680 [ERROR] LogOutputStream:75 - [STDERR_REDIRECT] [Fatal Error] :1:1: Premature end of file.
2026-06-06 17:44:45,681 [ERROR] LogOutputStream:75 - [STDERR_REDIRECT] 
2026-06-06 17:44:46,681 [ERROR] LogOutputStream:75 - [STDERR_REDIRECT] [Fatal Error] :1:1: Premature end of file.
2026-06-06 17:44:46,681 [ERROR] LogOutputStream:75 - [STDERR_REDIRECT] 
2026-06-06 17:44:47,680 [ERROR] LogOutputStream:75 - [STDERR_REDIRECT] [Fatal Error] :1:1: Premature end of file.
2026-06-06 17:44:47,681 [ERROR] LogOutputStream:75 - [STDERR_REDIRECT] 
2026-06-06 17:44:48,678 [ERROR] LogOutputStream:75 - [STDERR_REDIRECT] [Fatal Error] :1:1: Premature end of file.
2026-06-06 17:44:48,678 [ERROR] LogOutputStream:75 - [STDERR_REDIRECT] 
2026-06-06 17:44:49,680 [ERROR] LogOutputStream:75 - [STDERR_REDIRECT] [Fatal Error] :1:1: Premature end of file.
2026-06-06 17:44:49,680 [ERROR] LogOutputStream:75 - [STDERR_REDIRECT] 
2026-06-06 17:44:50,681 [ERROR] LogOutputStream:75 - [STDERR_REDIRECT] [Fatal Error] :1:1: Premature end of file.
2026-06-06 17:44:50,682 [ERROR] LogOutputStream:75 - [STDERR_REDIRECT] 
2026-06-06 17:44:51,680 [ERROR] LogOutputStream:75 - [STDERR_REDIRECT] [Fatal Error] :1:1: Premature end of file.
2026-06-06 17:44:51,680 [ERROR] LogOutputStream:75 - [STDERR_REDIRECT] 
2026-06-06 17:44:52,678 [ERROR] LogOutputStream:75 - [STDERR_REDIRECT] [Fatal Error] :1:1: Premature end of file.
2026-06-06 17:44:52,678 [ERROR] LogOutputStream:75 - [STDERR_REDIRECT] 
2026-06-06 17:44:53,680 [ERROR] LogOutputStream:75 - [STDERR_REDIRECT] [Fatal Error] :1:1: Premature end of file.
2026-06-06 17:44:53,681 [ERROR] LogOutputStream:75 - [STDERR_REDIRECT] 
2026-06-06 17:44:54,683 [ERROR] LogOutputStream:75 - [STDERR_REDIRECT] [Fatal Error] :1:1: Premature end of file.
2026-06-06 17:44:54,683 [ERROR] LogOutputStream:75 - [STDERR_REDIRECT] 
2026-06-06 17:44:55,679 [ERROR] LogOutputStream:75 - [STDERR_REDIRECT] [Fatal Error] :1:1: Premature end of file.
2026-06-06 17:44:55,679 [ERROR] LogOutputStream:75 - [STDERR_REDIRECT] 
2026-06-06 17:44:56,679 [ERROR] LogOutputStream:75 - [STDERR_REDIRECT] [Fatal Error] :1:1: Premature end of file.
2026-06-06 17:44:56,680 [ERROR] LogOutputStream:75 - [STDERR_REDIRECT] 
2026-06-06 17:44:57,682 [ERROR] LogOutputStream:75 - [STDERR_REDIRECT] [Fatal Error] :1:1: Premature end of file.
2026-06-06 17:44:57,682 [ERROR] LogOutputStream:75 - [STDERR_REDIRECT] 
2026-06-06 17:44:58,684 [ERROR] LogOutputStream:75 - [STDERR_REDIRECT] [Fatal Error] :1:1: Premature end of file.
2026-06-06 17:44:58,684 [ERROR] LogOutputStream:75 - [STDERR_REDIRECT] 
2026-06-06 17:44:59,681 [ERROR] LogOutputStream:75 - [STDERR_REDIRECT] [Fatal Error] :1:1: Premature end of file.
2026-06-06 17:44:59,681 [ERROR] LogOutputStream:75 - [STDERR_REDIRECT] 
2026-06-06 17:45:00,686 [ERROR] LogOutputStream:75 - [STDERR_REDIRECT] [Fatal Error] :1:1: Premature end of file.
2026-06-06 17:45:00,686 [ERROR] LogOutputStream:75 - [STDERR_REDIRECT] 
2026-06-06 17:45:01,688 [ERROR] LogOutputStream:75 - [STDERR_REDIRECT] [Fatal Error] :1:1: Premature end of file.
2026-06-06 17:45:01,688 [ERROR] LogOutputStream:75 - [STDERR_REDIRECT] 
2026-06-06 17:45:02,682 [ERROR] LogOutputStream:75 - [STDERR_REDIRECT] [Fatal Error] :1:1: Premature end of file.
2026-06-06 17:45:02,682 [ERROR] LogOutputStream:75 - [STDERR_REDIRECT] 
2026-06-06 17:45:03,684 [ERROR] LogOutputStream:75 - [STDERR_REDIRECT] [Fatal Error] :1:1: Premature end of file.
2026-06-06 17:45:03,684 [ERROR] LogOutputStream:75 - [STDERR_REDIRECT] 
2026-06-06 17:45:04,680 [ERROR] LogOutputStream:75 - [STDERR_REDIRECT] [Fatal Error] :1:1: Premature end of file.
2026-06-06 17:45:04,680 [ERROR] LogOutputStream:75 - [STDERR_REDIRECT] 
2026-06-06 17:45:05,681 [ERROR] LogOutputStream:75 - [STDERR_REDIRECT] [Fatal Error] :1:1: Premature end of file.
2026-06-06 17:45:05,681 [ERROR] LogOutputStream:75 - [STDERR_REDIRECT] 
2026-06-06 17:45:06,680 [ERROR] LogOutputStream:75 - [STDERR_REDIRECT] [Fatal Error] :1:1: Premature end of file.
2026-06-06 17:45:06,680 [ERROR] LogOutputStream:75 - [STDERR_REDIRECT] 
2026-06-06 17:45:07,688 [ERROR] LogOutputStream:75 - [STDERR_REDIRECT] [Fatal Error] :1:1: Premature end of file.
2026-06-06 17:45:07,688 [ERROR] LogOutputStream:75 - [STDERR_REDIRECT] 
2026-06-06 17:45:08,684 [ERROR] LogOutputStream:75 - [STDERR_REDIRECT] [Fatal Error] :1:1: Premature end of file.
2026-06-06 17:45:08,684 [ERROR] LogOutputStream:75 - [STDERR_REDIRECT] 
2026-06-06 17:45:09,694 [ERROR] LogOutputStream:75 - [STDERR_REDIRECT] [Fatal Error] :1:1: Premature end of file.
2026-06-06 17:45:09,694 [ERROR] LogOutputStream:75 - [STDERR_REDIRECT] 
2026-06-06 17:45:10,680 [ERROR] LogOutputStream:75 - [STDERR_REDIRECT] [Fatal Error] :1:1: Premature end of file.
2026-06-06 17:45:10,680 [ERROR] LogOutputStream:75 - [STDERR_REDIRECT] 
2026-06-06 17:45:11,686 [ERROR] LogOutputStream:75 - [STDERR_REDIRECT] [Fatal Error] :1:1: Premature end of file.
2026-06-06 17:45:11,686 [ERROR] LogOutputStream:75 - [STDERR_REDIRECT] 
2026-06-06 17:45:12,681 [ERROR] LogOutputStream:75 - [STDERR_REDIRECT] [Fatal Error] :1:1: Premature end of file.
2026-06-06 17:45:12,681 [ERROR] LogOutputStream:75 - [STDERR_REDIRECT] 
2026-06-06 17:45:13,684 [ERROR] LogOutputStream:75 - [STDERR_REDIRECT] [Fatal Error] :1:1: Premature end of file.
2026-06-06 17:45:13,684 [ERROR] LogOutputStream:75 - [STDERR_REDIRECT] 
2026-06-06 17:45:14,678 [ERROR] LogOutputStream:75 - [STDERR_REDIRECT] [Fatal Error] :1:1: Premature end of file.
2026-06-06 17:45:14,678 [ERROR] LogOutputStream:75 - [STDERR_REDIRECT] 
2026-06-06 17:45:15,682 [ERROR] LogOutputStream:75 - [STDERR_REDIRECT] [Fatal Error] :1:1: Premature end of file.
2026-06-06 17:45:15,683 [ERROR] LogOutputStream:75 - [STDERR_REDIRECT] 
2026-06-06 17:45:16,682 [ERROR] LogOutputStream:75 - [STDERR_REDIRECT] [Fatal Error] :1:1: Premature end of file.
2026-06-06 17:45:16,682 [ERROR] LogOutputStream:75 - [STDERR_REDIRECT] 
2026-06-06 17:45:17,683 [ERROR] LogOutputStream:75 - [STDERR_REDIRECT] [Fatal Error] :1:1: Premature end of file.
2026-06-06 17:45:17,683 [ERROR] LogOutputStream:75 - [STDERR_REDIRECT] 
2026-06-06 17:45:18,680 [ERROR] LogOutputStream:75 - [STDERR_REDIRECT] [Fatal Error] :1:1: Premature end of file.
2026-06-06 17:45:18,680 [ERROR] LogOutputStream:75 - [STDERR_REDIRECT] 
2026-06-06 17:45:19,683 [ERROR] LogOutputStream:75 - [STDERR_REDIRECT] [Fatal Error] :1:1: Premature end of file.
2026-06-06 17:45:19,683 [ERROR] LogOutputStream:75 - [STDERR_REDIRECT] 
2026-06-06 17:45:20,682 [ERROR] LogOutputStream:75 - [STDERR_REDIRECT] [Fatal Error] :1:1: Premature end of file.
2026-06-06 17:45:20,682 [ERROR] LogOutputStream:75 - [STDERR_REDIRECT] 
2026-06-06 17:45:21,681 [ERROR] LogOutputStream:75 - [STDERR_REDIRECT] [Fatal Error] :1:1: Premature end of file.
2026-06-06 17:45:21,681 [ERROR] LogOutputStream:75 - [STDERR_REDIRECT] 
2026-06-06 17:45:22,679 [ERROR] LogOutputStream:75 - [STDERR_REDIRECT] [Fatal Error] :1:1: Premature end of file.
2026-06-06 17:45:22,679 [ERROR] LogOutputStream:75 - [STDERR_REDIRECT] 
2026-06-06 17:45:23,681 [ERROR] LogOutputStream:75 - [STDERR_REDIRECT] [Fatal Error] :1:1: Premature end of file.
2026-06-06 17:45:23,682 [ERROR] LogOutputStream:75 - [STDERR_REDIRECT] 
2026-06-06 17:45:24,684 [ERROR] LogOutputStream:75 - [STDERR_REDIRECT] [Fatal Error] :1:1: Premature end of file.
2026-06-06 17:45:24,684 [ERROR] LogOutputStream:75 - [STDERR_REDIRECT] 
2026-06-06 17:45:25,679 [ERROR] LogOutputStream:75 - [STDERR_REDIRECT] [Fatal Error] :1:1: Premature end of file.
2026-06-06 17:45:25,679 [ERROR] LogOutputStream:75 - [STDERR_REDIRECT] 
2026-06-06 17:45:26,679 [ERROR] LogOutputStream:75 - [STDERR_REDIRECT] [Fatal Error] :1:1: Premature end of file.
2026-06-06 17:45:26,680 [ERROR] LogOutputStream:75 - [STDERR_REDIRECT] 
2026-06-06 17:45:27,679 [ERROR] LogOutputStream:75 - [STDERR_REDIRECT] [Fatal Error] :1:1: Premature end of file.
2026-06-06 17:45:27,680 [ERROR] LogOutputStream:75 - [STDERR_REDIRECT] 
2026-06-06 17:45:28,687 [ERROR] LogOutputStream:75 - [STDERR_REDIRECT] [Fatal Error] :1:1: Premature end of file.
2026-06-06 17:45:28,688 [ERROR] LogOutputStream:75 - [STDERR_REDIRECT] 
2026-06-06 17:45:29,681 [ERROR] LogOutputStream:75 - [STDERR_REDIRECT] [Fatal Error] :1:1: Premature end of file.
2026-06-06 17:45:29,682 [ERROR] LogOutputStream:75 - [STDERR_REDIRECT] 
2026-06-06 17:45:30,681 [ERROR] LogOutputStream:75 - [STDERR_REDIRECT] [Fatal Error] :1:1: Premature end of file.
2026-06-06 17:45:30,681 [ERROR] LogOutputStream:75 - [STDERR_REDIRECT] 
2026-06-06 17:45:31,684 [ERROR] LogOutputStream:75 - [STDERR_REDIRECT] [Fatal Error] :1:1: Premature end of file.
2026-06-06 17:45:31,685 [ERROR] LogOutputStream:75 - [STDERR_REDIRECT] 
2026-06-06 17:45:32,683 [ERROR] LogOutputStream:75 - [STDERR_REDIRECT] [Fatal Error] :1:1: Premature end of file.
2026-06-06 17:45:32,683 [ERROR] LogOutputStream:75 - [STDERR_REDIRECT] 
2026-06-06 17:45:33,682 [ERROR] LogOutputStream:75 - [STDERR_REDIRECT] [Fatal Error] :1:1: Premature end of file.
2026-06-06 17:45:33,682 [ERROR] LogOutputStream:75 - [STDERR_REDIRECT] 
2026-06-06 17:45:34,679 [ERROR] LogOutputStream:75 - [STDERR_REDIRECT] [Fatal Error] :1:1: Premature end of file.
2026-06-06 17:45:34,679 [ERROR] LogOutputStream:75 - [STDERR_REDIRECT] 
2026-06-06 17:45:35,679 [ERROR] LogOutputStream:75 - [STDERR_REDIRECT] [Fatal Error] :1:1: Premature end of file.
2026-06-06 17:45:35,679 [ERROR] LogOutputStream:75 - [STDERR_REDIRECT] 
2026-06-06 17:45:36,684 [ERROR] LogOutputStream:75 - [STDERR_REDIRECT] [Fatal Error] :1:1: Premature end of file.
2026-06-06 17:45:36,684 [ERROR] LogOutputStream:75 - [STDERR_REDIRECT] 
2026-06-06 17:45:37,684 [ERROR] LogOutputStream:75 - [STDERR_REDIRECT] [Fatal Error] :1:1: Premature end of file.
2026-06-06 17:45:37,684 [ERROR] LogOutputStream:75 - [STDERR_REDIRECT] 
2026-06-06 17:45:38,681 [ERROR] LogOutputStream:75 - [STDERR_REDIRECT] [Fatal Error] :1:1: Premature end of file.
2026-06-06 17:45:38,682 [ERROR] LogOutputStream:75 - [STDERR_REDIRECT] 
2026-06-06 17:45:39,682 [ERROR] LogOutputStream:75 - [STDERR_REDIRECT] [Fatal Error] :1:1: Premature end of file.
2026-06-06 17:45:39,682 [ERROR] LogOutputStream:75 - [STDERR_REDIRECT] 
2026-06-06 17:45:40,683 [ERROR] LogOutputStream:75 - [STDERR_REDIRECT] [Fatal Error] :1:1: Premature end of file.
2026-06-06 17:45:40,683 [ERROR] LogOutputStream:75 - [STDERR_REDIRECT] 
2026-06-06 17:45:41,689 [ERROR] LogOutputStream:75 - [STDERR_REDIRECT] [Fatal Error] :1:1: Premature end of file.
2026-06-06 17:45:41,690 [ERROR] LogOutputStream:75 - [STDERR_REDIRECT] 
2026-06-06 17:45:42,683 [ERROR] LogOutputStream:75 - [STDERR_REDIRECT] [Fatal Error] :1:1: Premature end of file.
2026-06-06 17:45:42,683 [ERROR] LogOutputStream:75 - [STDERR_REDIRECT] 
2026-06-06 17:45:43,679 [ERROR] LogOutputStream:75 - [STDERR_REDIRECT] [Fatal Error] :1:1: Premature end of file.
2026-06-06 17:45:43,680 [ERROR] LogOutputStream:75 - [STDERR_REDIRECT] 
2026-06-06 17:45:44,680 [ERROR] LogOutputStream:75 - [STDERR_REDIRECT] [Fatal Error] :1:1: Premature end of file.
2026-06-06 17:45:44,680 [ERROR] LogOutputStream:75 - [STDERR_REDIRECT] 
2026-06-06 17:45:45,683 [ERROR] LogOutputStream:75 - [STDERR_REDIRECT] [Fatal Error] :1:1: Premature end of file.
2026-06-06 17:45:45,683 [ERROR] LogOutputStream:75 - [STDERR_REDIRECT] 
2026-06-06 17:45:46,681 [ERROR] LogOutputStream:75 - [STDERR_REDIRECT] [Fatal Error] :1:1: Premature end of file.
2026-06-06 17:45:46,681 [ERROR] LogOutputStream:75 - [STDERR_REDIRECT] 
2026-06-06 17:45:47,688 [ERROR] LogOutputStream:75 - [STDERR_REDIRECT] [Fatal Error] :1:1: Premature end of file.
2026-06-06 17:45:47,689 [ERROR] LogOutputStream:75 - [STDERR_REDIRECT] 
2026-06-06 17:45:48,683 [ERROR] LogOutputStream:75 - [STDERR_REDIRECT] [Fatal Error] :1:1: Premature end of file.
2026-06-06 17:45:48,683 [ERROR] LogOutputStream:75 - [STDERR_REDIRECT] 
2026-06-06 17:45:49,679 [ERROR] LogOutputStream:75 - [STDERR_REDIRECT] [Fatal Error] :1:1: Premature end of file.
2026-06-06 17:45:49,679 [ERROR] LogOutputStream:75 - [STDERR_REDIRECT] 
2026-06-06 17:45:50,687 [ERROR] LogOutputStream:75 - [STDERR_REDIRECT] [Fatal Error] :1:1: Premature end of file.
2026-06-06 17:45:50,687 [ERROR] LogOutputStream:75 - [STDERR_REDIRECT] 
2026-06-06 17:45:51,683 [ERROR] LogOutputStream:75 - [STDERR_REDIRECT] [Fatal Error] :1:1: Premature end of file.
2026-06-06 17:45:51,683 [ERROR] LogOutputStream:75 - [STDERR_REDIRECT] 
2026-06-06 17:45:52,681 [ERROR] LogOutputStream:75 - [STDERR_REDIRECT] [Fatal Error] :1:1: Premature end of file.
2026-06-06 17:45:52,681 [ERROR] LogOutputStream:75 - [STDERR_REDIRECT] 
2026-06-06 17:45:53,680 [ERROR] LogOutputStream:75 - [STDERR_REDIRECT] [Fatal Error] :1:1: Premature end of file.
2026-06-06 17:45:53,680 [ERROR] LogOutputStream:75 - [STDERR_REDIRECT] 
2026-06-06 17:45:54,682 [ERROR] LogOutputStream:75 - [STDERR_REDIRECT] [Fatal Error] :1:1: Premature end of file.
2026-06-06 17:45:54,682 [ERROR] LogOutputStream:75 - [STDERR_REDIRECT] 
2026-06-06 17:45:55,683 [ERROR] LogOutputStream:75 - [STDERR_REDIRECT] [Fatal Error] :1:1: Premature end of file.
2026-06-06 17:45:55,683 [ERROR] LogOutputStream:75 - [STDERR_REDIRECT] 
2026-06-06 17:45:56,683 [ERROR] LogOutputStream:75 - [STDERR_REDIRECT] [Fatal Error] :1:1: Premature end of file.
2026-06-06 17:45:56,683 [ERROR] LogOutputStream:75 - [STDERR_REDIRECT] 
2026-06-06 17:45:57,683 [ERROR] LogOutputStream:75 - [STDERR_REDIRECT] [Fatal Error] :1:1: Premature end of file.
2026-06-06 17:45:57,683 [ERROR] LogOutputStream:75 - [STDERR_REDIRECT] 
2026-06-06 17:45:58,683 [ERROR] LogOutputStream:75 - [STDERR_REDIRECT] [Fatal Error] :1:1: Premature end of file.
2026-06-06 17:45:58,683 [ERROR] LogOutputStream:75 - [STDERR_REDIRECT] 
2026-06-06 17:45:59,683 [ERROR] LogOutputStream:75 - [STDERR_REDIRECT] [Fatal Error] :1:1: Premature end of file.
2026-06-06 17:45:59,683 [ERROR] LogOutputStream:75 - [STDERR_REDIRECT] 
2026-06-06 17:46:00,681 [ERROR] LogOutputStream:75 - [STDERR_REDIRECT] [Fatal Error] :1:1: Premature end of file.
2026-06-06 17:46:00,681 [ERROR] LogOutputStream:75 - [STDERR_REDIRECT] 
2026-06-06 17:46:01,683 [ERROR] LogOutputStream:75 - [STDERR_REDIRECT] [Fatal Error] :1:1: Premature end of file.
2026-06-06 17:46:01,683 [ERROR] LogOutputStream:75 - [STDERR_REDIRECT] 
2026-06-06 17:46:02,684 [ERROR] LogOutputStream:75 - [STDERR_REDIRECT] [Fatal Error] :1:1: Premature end of file.
2026-06-06 17:46:02,684 [ERROR] LogOutputStream:75 - [STDERR_REDIRECT] 
2026-06-06 17:46:03,680 [ERROR] LogOutputStream:75 - [STDERR_REDIRECT] [Fatal Error] :1:1: Premature end of file.
2026-06-06 17:46:03,680 [ERROR] LogOutputStream:75 - [STDERR_REDIRECT] 
2026-06-06 17:46:04,683 [ERROR] LogOutputStream:75 - [STDERR_REDIRECT] [Fatal Error] :1:1: Premature end of file.
2026-06-06 17:46:04,683 [ERROR] LogOutputStream:75 - [STDERR_REDIRECT] 
2026-06-06 17:46:05,682 [ERROR] LogOutputStream:75 - [STDERR_REDIRECT] [Fatal Error] :1:1: Premature end of file.
2026-06-06 17:46:05,682 [ERROR] LogOutputStream:75 - [STDERR_REDIRECT] 
2026-06-06 17:46:06,680 [ERROR] LogOutputStream:75 - [STDERR_REDIRECT] [Fatal Error] :1:1: Premature end of file.
2026-06-06 17:46:06,681 [ERROR] LogOutputStream:75 - [STDERR_REDIRECT] 
2026-06-06 17:46:07,682 [ERROR] LogOutputStream:75 - [STDERR_REDIRECT] [Fatal Error] :1:1: Premature end of file.
2026-06-06 17:46:07,682 [ERROR] LogOutputStream:75 - [STDERR_REDIRECT] 
2026-06-06 17:46:08,681 [ERROR] LogOutputStream:75 - [STDERR_REDIRECT] [Fatal Error] :1:1: Premature end of file.
2026-06-06 17:46:08,681 [ERROR] LogOutputStream:75 - [STDERR_REDIRECT] 
2026-06-06 17:46:09,682 [ERROR] LogOutputStream:75 - [STDERR_REDIRECT] [Fatal Error] :1:1: Premature end of file.
2026-06-06 17:46:09,682 [ERROR] LogOutputStream:75 - [STDERR_REDIRECT] 
2026-06-06 17:46:10,682 [ERROR] LogOutputStream:75 - [STDERR_REDIRECT] [Fatal Error] :1:1: Premature end of file.
2026-06-06 17:46:10,682 [ERROR] LogOutputStream:75 - [STDERR_REDIRECT] 
2026-06-06 17:46:11,679 [ERROR] LogOutputStream:75 - [STDERR_REDIRECT] [Fatal Error] :1:1: Premature end of file.
2026-06-06 17:46:11,679 [ERROR] LogOutputStream:75 - [STDERR_REDIRECT] 
2026-06-06 17:46:12,680 [ERROR] LogOutputStream:75 - [STDERR_REDIRECT] [Fatal Error] :1:1: Premature end of file.
2026-06-06 17:46:12,680 [ERROR] LogOutputStream:75 - [STDERR_REDIRECT] 
2026-06-06 17:46:13,682 [ERROR] LogOutputStream:75 - [STDERR_REDIRECT] [Fatal Error] :1:1: Premature end of file.
2026-06-06 17:46:13,682 [ERROR] LogOutputStream:75 - [STDERR_REDIRECT] 
2026-06-06 17:46:14,681 [ERROR] LogOutputStream:75 - [STDERR_REDIRECT] [Fatal Error] :1:1: Premature end of file.
2026-06-06 17:46:14,681 [ERROR] LogOutputStream:75 - [STDERR_REDIRECT] 
2026-06-06 17:46:15,680 [ERROR] LogOutputStream:75 - [STDERR_REDIRECT] [Fatal Error] :1:1: Premature end of file.
2026-06-06 17:46:15,680 [ERROR] LogOutputStream:75 - [STDERR_REDIRECT] 
2026-06-06 17:46:16,679 [ERROR] LogOutputStream:75 - [STDERR_REDIRECT] [Fatal Error] :1:1: Premature end of file.
2026-06-06 17:46:16,680 [ERROR] LogOutputStream:75 - [STDERR_REDIRECT] 
2026-06-06 17:46:17,680 [ERROR] LogOutputStream:75 - [STDERR_REDIRECT] [Fatal Error] :1:1: Premature end of file.
2026-06-06 17:46:17,680 [ERROR] LogOutputStream:75 - [STDERR_REDIRECT] 
2026-06-06 17:46:18,681 [ERROR] LogOutputStream:75 - [STDERR_REDIRECT] [Fatal Error] :1:1: Premature end of file.
2026-06-06 17:46:18,681 [ERROR] LogOutputStream:75 - [STDERR_REDIRECT] 
2026-06-06 17:46:19,684 [ERROR] LogOutputStream:75 - [STDERR_REDIRECT] [Fatal Error] :1:1: Premature end of file.
2026-06-06 17:46:19,684 [ERROR] LogOutputStream:75 - [STDERR_REDIRECT] 
2026-06-06 17:46:20,680 [ERROR] LogOutputStream:75 - [STDERR_REDIRECT] [Fatal Error] :1:1: Premature end of file.
2026-06-06 17:46:20,680 [ERROR] LogOutputStream:75 - [STDERR_REDIRECT] 
2026-06-06 17:46:21,680 [ERROR] LogOutputStream:75 - [STDERR_REDIRECT] [Fatal Error] :1:1: Premature end of file.
2026-06-06 17:46:21,680 [ERROR] LogOutputStream:75 - [STDERR_REDIRECT] 
2026-06-06 17:46:22,681 [ERROR] LogOutputStream:75 - [STDERR_REDIRECT] [Fatal Error] :1:1: Premature end of file.
2026-06-06 17:46:22,681 [ERROR] LogOutputStream:75 - [STDERR_REDIRECT] 
2026-06-06 17:46:23,683 [ERROR] LogOutputStream:75 - [STDERR_REDIRECT] [Fatal Error] :1:1: Premature end of file.
2026-06-06 17:46:23,683 [ERROR] LogOutputStream:75 - [STDERR_REDIRECT] 
2026-06-06 17:46:24,681 [ERROR] LogOutputStream:75 - [STDERR_REDIRECT] [Fatal Error] :1:1: Premature end of file.
2026-06-06 17:46:24,681 [ERROR] LogOutputStream:75 - [STDERR_REDIRECT] 
2026-06-06 17:46:25,678 [ERROR] LogOutputStream:75 - [STDERR_REDIRECT] [Fatal Error] :1:1: Premature end of file.
2026-06-06 17:46:25,679 [ERROR] LogOutputStream:75 - [STDERR_REDIRECT] 
2026-06-06 17:46:26,681 [ERROR] LogOutputStream:75 - [STDERR_REDIRECT] [Fatal Error] :1:1: Premature end of file.
2026-06-06 17:46:26,681 [ERROR] LogOutputStream:75 - [STDERR_REDIRECT] 
2026-06-06 17:46:27,680 [ERROR] LogOutputStream:75 - [STDERR_REDIRECT] [Fatal Error] :1:1: Premature end of file.
2026-06-06 17:46:27,680 [ERROR] LogOutputStream:75 - [STDERR_REDIRECT] 
2026-06-06 17:46:28,681 [ERROR] LogOutputStream:75 - [STDERR_REDIRECT] [Fatal Error] :1:1: Premature end of file.
2026-06-06 17:46:28,681 [ERROR] LogOutputStream:75 - [STDERR_REDIRECT] 
2026-06-06 17:46:29,679 [ERROR] LogOutputStream:75 - [STDERR_REDIRECT] [Fatal Error] :1:1: Premature end of file.
2026-06-06 17:46:29,679 [ERROR] LogOutputStream:75 - [STDERR_REDIRECT] 
2026-06-06 17:46:30,684 [ERROR] LogOutputStream:75 - [STDERR_REDIRECT] [Fatal Error] :1:1: Premature end of file.
2026-06-06 17:46:30,684 [ERROR] LogOutputStream:75 - [STDERR_REDIRECT] 
2026-06-06 17:46:31,681 [ERROR] LogOutputStream:75 - [STDERR_REDIRECT] [Fatal Error] :1:1: Premature end of file.
2026-06-06 17:46:31,681 [ERROR] LogOutputStream:75 - [STDERR_REDIRECT] 
2026-06-06 17:46:32,678 [ERROR] LogOutputStream:75 - [STDERR_REDIRECT] [Fatal Error] :1:1: Premature end of file.
2026-06-06 17:46:32,678 [ERROR] LogOutputStream:75 - [STDERR_REDIRECT] 
2026-06-06 17:46:33,681 [ERROR] LogOutputStream:75 - [STDERR_REDIRECT] [Fatal Error] :1:1: Premature end of file.
2026-06-06 17:46:33,681 [ERROR] LogOutputStream:75 - [STDERR_REDIRECT] 
2026-06-06 17:46:34,681 [ERROR] LogOutputStream:75 - [STDERR_REDIRECT] [Fatal Error] :1:1: Premature end of file.
2026-06-06 17:46:34,682 [ERROR] LogOutputStream:75 - [STDERR_REDIRECT] 
2026-06-06 17:46:35,680 [ERROR] LogOutputStream:75 - [STDERR_REDIRECT] [Fatal Error] :1:1: Premature end of file.
2026-06-06 17:46:35,680 [ERROR] LogOutputStream:75 - [STDERR_REDIRECT] 
2026-06-06 17:46:36,681 [ERROR] LogOutputStream:75 - [STDERR_REDIRECT] [Fatal Error] :1:1: Premature end of file.
2026-06-06 17:46:36,681 [ERROR] LogOutputStream:75 - [STDERR_REDIRECT] 
2026-06-06 17:46:37,679 [ERROR] LogOutputStream:75 - [STDERR_REDIRECT] [Fatal Error] :1:1: Premature end of file.
2026-06-06 17:46:37,679 [ERROR] LogOutputStream:75 - [STDERR_REDIRECT] 
2026-06-06 17:46:38,681 [ERROR] LogOutputStream:75 - [STDERR_REDIRECT] [Fatal Error] :1:1: Premature end of file.
2026-06-06 17:46:38,681 [ERROR] LogOutputStream:75 - [STDERR_REDIRECT] 
2026-06-06 17:46:39,681 [ERROR] LogOutputStream:75 - [STDERR_REDIRECT] [Fatal Error] :1:1: Premature end of file.
2026-06-06 17:46:39,681 [ERROR] LogOutputStream:75 - [STDERR_REDIRECT] 
2026-06-06 17:46:40,680 [ERROR] LogOutputStream:75 - [STDERR_REDIRECT] [Fatal Error] :1:1: Premature end of file.
2026-06-06 17:46:40,680 [ERROR] LogOutputStream:75 - [STDERR_REDIRECT] 
2026-06-06 17:46:41,679 [ERROR] LogOutputStream:75 - [STDERR_REDIRECT] [Fatal Error] :1:1: Premature end of file.
2026-06-06 17:46:41,680 [ERROR] LogOutputStream:75 - [STDERR_REDIRECT] 
2026-06-06 17:46:42,683 [ERROR] LogOutputStream:75 - [STDERR_REDIRECT] [Fatal Error] :1:1: Premature end of file.
2026-06-06 17:46:42,683 [ERROR] LogOutputStream:75 - [STDERR_REDIRECT] 
2026-06-06 17:46:43,680 [ERROR] LogOutputStream:75 - [STDERR_REDIRECT] [Fatal Error] :1:1: Premature end of file.
2026-06-06 17:46:43,680 [ERROR] LogOutputStream:75 - [STDERR_REDIRECT] 
2026-06-06 17:46:44,680 [ERROR] LogOutputStream:75 - [STDERR_REDIRECT] [Fatal Error] :1:1: Premature end of file.
2026-06-06 17:46:44,680 [ERROR] LogOutputStream:75 - [STDERR_REDIRECT] 
2026-06-06 17:46:45,681 [ERROR] LogOutputStream:75 - [STDERR_REDIRECT] [Fatal Error] :1:1: Premature end of file.
2026-06-06 17:46:45,681 [ERROR] LogOutputStream:75 - [STDERR_REDIRECT] 
2026-06-06 17:46:46,678 [ERROR] LogOutputStream:75 - [STDERR_REDIRECT] [Fatal Error] :1:1: Premature end of file.
2026-06-06 17:46:46,679 [ERROR] LogOutputStream:75 - [STDERR_REDIRECT] 
2026-06-06 17:46:47,679 [ERROR] LogOutputStream:75 - [STDERR_REDIRECT] [Fatal Error] :1:1: Premature end of file.
2026-06-06 17:46:47,680 [ERROR] LogOutputStream:75 - [STDERR_REDIRECT] 
2026-06-06 17:46:48,682 [ERROR] LogOutputStream:75 - [STDERR_REDIRECT] [Fatal Error] :1:1: Premature end of file.
2026-06-06 17:46:48,682 [ERROR] LogOutputStream:75 - [STDERR_REDIRECT] 
2026-06-06 17:46:49,681 [ERROR] LogOutputStream:75 - [STDERR_REDIRECT] [Fatal Error] :1:1: Premature end of file.
2026-06-06 17:46:49,681 [ERROR] LogOutputStream:75 - [STDERR_REDIRECT] 
2026-06-06 17:46:50,681 [ERROR] LogOutputStream:75 - [STDERR_REDIRECT] [Fatal Error] :1:1: Premature end of file.
2026-06-06 17:46:50,681 [ERROR] LogOutputStream:75 - [STDERR_REDIRECT] 
2026-06-06 17:46:51,680 [ERROR] LogOutputStream:75 - [STDERR_REDIRECT] [Fatal Error] :1:1: Premature end of file.
2026-06-06 17:46:51,680 [ERROR] LogOutputStream:75 - [STDERR_REDIRECT] 
2026-06-06 17:46:52,680 [ERROR] LogOutputStream:75 - [STDERR_REDIRECT] [Fatal Error] :1:1: Premature end of file.
2026-06-06 17:46:52,680 [ERROR] LogOutputStream:75 - [STDERR_REDIRECT] 
2026-06-06 17:46:53,680 [ERROR] LogOutputStream:75 - [STDERR_REDIRECT] [Fatal Error] :1:1: Premature end of file.
2026-06-06 17:46:53,680 [ERROR] LogOutputStream:75 - [STDERR_REDIRECT] 
2026-06-06 17:46:54,678 [ERROR] LogOutputStream:75 - [STDERR_REDIRECT] [Fatal Error] :1:1: Premature end of file.
2026-06-06 17:46:54,679 [ERROR] LogOutputStream:75 - [STDERR_REDIRECT] 
2026-06-06 17:46:55,679 [ERROR] LogOutputStream:75 - [STDERR_REDIRECT] [Fatal Error] :1:1: Premature end of file.
2026-06-06 17:46:55,680 [ERROR] LogOutputStream:75 - [STDERR_REDIRECT] 
2026-06-06 17:46:56,681 [ERROR] LogOutputStream:75 - [STDERR_REDIRECT] [Fatal Error] :1:1: Premature end of file.
2026-06-06 17:46:56,681 [ERROR] LogOutputStream:75 - [STDERR_REDIRECT] 
2026-06-06 17:46:57,683 [ERROR] LogOutputStream:75 - [STDERR_REDIRECT] [Fatal Error] :1:1: Premature end of file.
2026-06-06 17:46:57,683 [ERROR] LogOutputStream:75 - [STDERR_REDIRECT] 
2026-06-06 17:46:58,682 [ERROR] LogOutputStream:75 - [STDERR_REDIRECT] [Fatal Error] :1:1: Premature end of file.
2026-06-06 17:46:58,682 [ERROR] LogOutputStream:75 - [STDERR_REDIRECT] 
2026-06-06 17:46:59,679 [ERROR] LogOutputStream:75 - [STDERR_REDIRECT] [Fatal Error] :1:1: Premature end of file.
2026-06-06 17:46:59,679 [ERROR] LogOutputStream:75 - [STDERR_REDIRECT] 
2026-06-06 17:47:00,680 [ERROR] LogOutputStream:75 - [STDERR_REDIRECT] [Fatal Error] :1:1: Premature end of file.
2026-06-06 17:47:00,681 [ERROR] LogOutputStream:75 - [STDERR_REDIRECT] 
2026-06-06 17:47:01,683 [ERROR] LogOutputStream:75 - [STDERR_REDIRECT] [Fatal Error] :1:1: Premature end of file.
2026-06-06 17:47:01,683 [ERROR] LogOutputStream:75 - [STDERR_REDIRECT] 
2026-06-06 17:47:02,678 [ERROR] LogOutputStream:75 - [STDERR_REDIRECT] [Fatal Error] :1:1: Premature end of file.
2026-06-06 17:47:02,678 [ERROR] LogOutputStream:75 - [STDERR_REDIRECT] 
2026-06-06 17:47:03,680 [ERROR] LogOutputStream:75 - [STDERR_REDIRECT] [Fatal Error] :1:1: Premature end of file.
2026-06-06 17:47:03,680 [ERROR] LogOutputStream:75 - [STDERR_REDIRECT] 
2026-06-06 17:47:04,679 [ERROR] LogOutputStream:75 - [STDERR_REDIRECT] [Fatal Error] :1:1: Premature end of file.
2026-06-06 17:47:04,679 [ERROR] LogOutputStream:75 - [STDERR_REDIRECT] 
2026-06-06 17:47:05,679 [ERROR] LogOutputStream:75 - [STDERR_REDIRECT] [Fatal Error] :1:1: Premature end of file.
2026-06-06 17:47:05,679 [ERROR] LogOutputStream:75 - [STDERR_REDIRECT] 
2026-06-06 17:47:06,679 [ERROR] LogOutputStream:75 - [STDERR_REDIRECT] [Fatal Error] :1:1: Premature end of file.
2026-06-06 17:47:06,680 [ERROR] LogOutputStream:75 - [STDERR_REDIRECT] 
2026-06-06 17:47:07,680 [ERROR] LogOutputStream:75 - [STDERR_REDIRECT] [Fatal Error] :1:1: Premature end of file.
2026-06-06 17:47:07,680 [ERROR] LogOutputStream:75 - [STDERR_REDIRECT] 
2026-06-06 17:47:08,681 [ERROR] LogOutputStream:75 - [STDERR_REDIRECT] [Fatal Error] :1:1: Premature end of file.
2026-06-06 17:47:08,681 [ERROR] LogOutputStream:75 - [STDERR_REDIRECT] 
2026-06-06 17:47:09,680 [ERROR] LogOutputStream:75 - [STDERR_REDIRECT] [Fatal Error] :1:1: Premature end of file.
2026-06-06 17:47:09,680 [ERROR] LogOutputStream:75 - [STDERR_REDIRECT] 
2026-06-06 17:47:10,679 [ERROR] LogOutputStream:75 - [STDERR_REDIRECT] [Fatal Error] :1:1: Premature end of file.
2026-06-06 17:47:10,679 [ERROR] LogOutputStream:75 - [STDERR_REDIRECT] 
2026-06-06 17:47:11,679 [ERROR] LogOutputStream:75 - [STDERR_REDIRECT] [Fatal Error] :1:1: Premature end of file.
2026-06-06 17:47:11,679 [ERROR] LogOutputStream:75 - [STDERR_REDIRECT] 
2026-06-06 17:47:12,682 [ERROR] LogOutputStream:75 - [STDERR_REDIRECT] [Fatal Error] :1:1: Premature end of file.
2026-06-06 17:47:12,682 [ERROR] LogOutputStream:75 - [STDERR_REDIRECT] 
2026-06-06 17:47:13,679 [ERROR] LogOutputStream:75 - [STDERR_REDIRECT] [Fatal Error] :1:1: Premature end of file.
2026-06-06 17:47:13,680 [ERROR] LogOutputStream:75 - [STDERR_REDIRECT] 
2026-06-06 17:47:14,682 [ERROR] LogOutputStream:75 - [STDERR_REDIRECT] [Fatal Error] :1:1: Premature end of file.
2026-06-06 17:47:14,682 [ERROR] LogOutputStream:75 - [STDERR_REDIRECT] 
2026-06-06 17:47:15,681 [ERROR] LogOutputStream:75 - [STDERR_REDIRECT] [Fatal Error] :1:1: Premature end of file.
2026-06-06 17:47:15,681 [ERROR] LogOutputStream:75 - [STDERR_REDIRECT] 
2026-06-06 17:47:16,679 [ERROR] LogOutputStream:75 - [STDERR_REDIRECT] [Fatal Error] :1:1: Premature end of file.
2026-06-06 17:47:16,679 [ERROR] LogOutputStream:75 - [STDERR_REDIRECT] 
2026-06-06 17:47:17,680 [ERROR] LogOutputStream:75 - [STDERR_REDIRECT] [Fatal Error] :1:1: Premature end of file.
2026-06-06 17:47:17,680 [ERROR] LogOutputStream:75 - [STDERR_REDIRECT] 
2026-06-06 17:47:18,680 [ERROR] LogOutputStream:75 - [STDERR_REDIRECT] [Fatal Error] :1:1: Premature end of file.
2026-06-06 17:47:18,680 [ERROR] LogOutputStream:75 - [STDERR_REDIRECT] 
2026-06-06 17:47:19,680 [ERROR] LogOutputStream:75 - [STDERR_REDIRECT] [Fatal Error] :1:1: Premature end of file.
2026-06-06 17:47:19,680 [ERROR] LogOutputStream:75 - [STDERR_REDIRECT] 
2026-06-06 17:47:20,681 [ERROR] LogOutputStream:75 - [STDERR_REDIRECT] [Fatal Error] :1:1: Premature end of file.
2026-06-06 17:47:20,681 [ERROR] LogOutputStream:75 - [STDERR_REDIRECT] 
2026-06-06 17:47:21,682 [ERROR] LogOutputStream:75 - [STDERR_REDIRECT] [Fatal Error] :1:1: Premature end of file.
2026-06-06 17:47:21,683 [ERROR] LogOutputStream:75 - [STDERR_REDIRECT] 
2026-06-06 17:47:22,683 [ERROR] LogOutputStream:75 - [STDERR_REDIRECT] [Fatal Error] :1:1: Premature end of file.
2026-06-06 17:47:22,683 [ERROR] LogOutputStream:75 - [STDERR_REDIRECT] 
2026-06-06 17:47:23,678 [ERROR] LogOutputStream:75 - [STDERR_REDIRECT] [Fatal Error] :1:1: Premature end of file.
2026-06-06 17:47:23,679 [ERROR] LogOutputStream:75 - [STDERR_REDIRECT] 
2026-06-06 17:47:24,683 [ERROR] LogOutputStream:75 - [STDERR_REDIRECT] [Fatal Error] :1:1: Premature end of file.
2026-06-06 17:47:24,683 [ERROR] LogOutputStream:75 - [STDERR_REDIRECT] 
2026-06-06 17:47:25,679 [ERROR] LogOutputStream:75 - [STDERR_REDIRECT] [Fatal Error] :1:1: Premature end of file.
2026-06-06 17:47:25,679 [ERROR] LogOutputStream:75 - [STDERR_REDIRECT] 
2026-06-06 17:47:26,679 [ERROR] LogOutputStream:75 - [STDERR_REDIRECT] [Fatal Error] :1:1: Premature end of file.
2026-06-06 17:47:26,680 [ERROR] LogOutputStream:75 - [STDERR_REDIRECT] 
2026-06-06 17:47:27,680 [ERROR] LogOutputStream:75 - [STDERR_REDIRECT] [Fatal Error] :1:1: Premature end of file.
2026-06-06 17:47:27,680 [ERROR] LogOutputStream:75 - [STDERR_REDIRECT] 
2026-06-06 17:47:28,680 [ERROR] LogOutputStream:75 - [STDERR_REDIRECT] [Fatal Error] :1:1: Premature end of file.
2026-06-06 17:47:28,680 [ERROR] LogOutputStream:75 - [STDERR_REDIRECT] 
2026-06-06 17:47:29,682 [ERROR] LogOutputStream:75 - [STDERR_REDIRECT] [Fatal Error] :1:1: Premature end of file.
2026-06-06 17:47:29,682 [ERROR] LogOutputStream:75 - [STDERR_REDIRECT] 
2026-06-06 17:47:30,680 [ERROR] LogOutputStream:75 - [STDERR_REDIRECT] [Fatal Error] :1:1: Premature end of file.
2026-06-06 17:47:30,680 [ERROR] LogOutputStream:75 - [STDERR_REDIRECT] 
2026-06-06 17:47:31,681 [ERROR] LogOutputStream:75 - [STDERR_REDIRECT] [Fatal Error] :1:1: Premature end of file.
2026-06-06 17:47:31,681 [ERROR] LogOutputStream:75 - [STDERR_REDIRECT] 
2026-06-06 17:47:32,681 [ERROR] LogOutputStream:75 - [STDERR_REDIRECT] [Fatal Error] :1:1: Premature end of file.
2026-06-06 17:47:32,681 [ERROR] LogOutputStream:75 - [STDERR_REDIRECT] 
2026-06-06 17:47:33,681 [ERROR] LogOutputStream:75 - [STDERR_REDIRECT] [Fatal Error] :1:1: Premature end of file.
2026-06-06 17:47:33,681 [ERROR] LogOutputStream:75 - [STDERR_REDIRECT] 
2026-06-06 17:47:34,681 [ERROR] LogOutputStream:75 - [STDERR_REDIRECT] [Fatal Error] :1:1: Premature end of file.
2026-06-06 17:47:34,682 [ERROR] LogOutputStream:75 - [STDERR_REDIRECT] 
2026-06-06 17:47:35,679 [ERROR] LogOutputStream:75 - [STDERR_REDIRECT] [Fatal Error] :1:1: Premature end of file.
2026-06-06 17:47:35,679 [ERROR] LogOutputStream:75 - [STDERR_REDIRECT] 
2026-06-06 17:47:36,682 [ERROR] LogOutputStream:75 - [STDERR_REDIRECT] [Fatal Error] :1:1: Premature end of file.
2026-06-06 17:47:36,682 [ERROR] LogOutputStream:75 - [STDERR_REDIRECT] 
2026-06-06 17:47:37,679 [ERROR] LogOutputStream:75 - [STDERR_REDIRECT] [Fatal Error] :1:1: Premature end of file.
2026-06-06 17:47:37,679 [ERROR] LogOutputStream:75 - [STDERR_REDIRECT] 
2026-06-06 17:47:38,682 [ERROR] LogOutputStream:75 - [STDERR_REDIRECT] [Fatal Error] :1:1: Premature end of file.
2026-06-06 17:47:38,683 [ERROR] LogOutputStream:75 - [STDERR_REDIRECT] 
2026-06-06 17:47:39,679 [ERROR] LogOutputStream:75 - [STDERR_REDIRECT] [Fatal Error] :1:1: Premature end of file.
2026-06-06 17:47:39,679 [ERROR] LogOutputStream:75 - [STDERR_REDIRECT] 
2026-06-06 17:47:40,683 [ERROR] LogOutputStream:75 - [STDERR_REDIRECT] [Fatal Error] :1:1: Premature end of file.
2026-06-06 17:47:40,683 [ERROR] LogOutputStream:75 - [STDERR_REDIRECT] 
2026-06-06 17:47:41,682 [ERROR] LogOutputStream:75 - [STDERR_REDIRECT] [Fatal Error] :1:1: Premature end of file.
2026-06-06 17:47:41,682 [ERROR] LogOutputStream:75 - [STDERR_REDIRECT] 
2026-06-06 17:47:42,686 [ERROR] LogOutputStream:75 - [STDERR_REDIRECT] [Fatal Error] :1:1: Premature end of file.
2026-06-06 17:47:42,686 [ERROR] LogOutputStream:75 - [STDERR_REDIRECT] 
2026-06-06 17:47:43,682 [ERROR] LogOutputStream:75 - [STDERR_REDIRECT] [Fatal Error] :1:1: Premature end of file.
2026-06-06 17:47:43,682 [ERROR] LogOutputStream:75 - [STDERR_REDIRECT] 
2026-06-06 17:47:44,683 [ERROR] LogOutputStream:75 - [STDERR_REDIRECT] [Fatal Error] :1:1: Premature end of file.
2026-06-06 17:47:44,683 [ERROR] LogOutputStream:75 - [STDERR_REDIRECT] 
2026-06-06 17:47:45,680 [ERROR] LogOutputStream:75 - [STDERR_REDIRECT] [Fatal Error] :1:1: Premature end of file.
2026-06-06 17:47:45,680 [ERROR] LogOutputStream:75 - [STDERR_REDIRECT] 
2026-06-06 17:47:46,681 [ERROR] LogOutputStream:75 - [STDERR_REDIRECT] [Fatal Error] :1:1: Premature end of file.
2026-06-06 17:47:46,681 [ERROR] LogOutputStream:75 - [STDERR_REDIRECT] 
2026-06-06 17:47:47,682 [ERROR] LogOutputStream:75 - [STDERR_REDIRECT] [Fatal Error] :1:1: Premature end of file.
2026-06-06 17:47:47,682 [ERROR] LogOutputStream:75 - [STDERR_REDIRECT] 
2026-06-06 17:47:48,682 [ERROR] LogOutputStream:75 - [STDERR_REDIRECT] [Fatal Error] :1:1: Premature end of file.
2026-06-06 17:47:48,682 [ERROR] LogOutputStream:75 - [STDERR_REDIRECT] 
2026-06-06 17:47:49,683 [ERROR] LogOutputStream:75 - [STDERR_REDIRECT] [Fatal Error] :1:1: Premature end of file.
2026-06-06 17:47:49,683 [ERROR] LogOutputStream:75 - [STDERR_REDIRECT] 
2026-06-06 17:47:50,680 [ERROR] LogOutputStream:75 - [STDERR_REDIRECT] [Fatal Error] :1:1: Premature end of file.
2026-06-06 17:47:50,680 [ERROR] LogOutputStream:75 - [STDERR_REDIRECT] 
2026-06-06 17:47:51,681 [ERROR] LogOutputStream:75 - [STDERR_REDIRECT] [Fatal Error] :1:1: Premature end of file.
2026-06-06 17:47:51,681 [ERROR] LogOutputStream:75 - [STDERR_REDIRECT] 
2026-06-06 17:47:52,680 [ERROR] LogOutputStream:75 - [STDERR_REDIRECT] [Fatal Error] :1:1: Premature end of file.
2026-06-06 17:47:52,680 [ERROR] LogOutputStream:75 - [STDERR_REDIRECT] 
2026-06-06 17:47:53,684 [ERROR] LogOutputStream:75 - [STDERR_REDIRECT] [Fatal Error] :1:1: Premature end of file.
2026-06-06 17:47:53,684 [ERROR] LogOutputStream:75 - [STDERR_REDIRECT] 
2026-06-06 17:47:54,684 [ERROR] LogOutputStream:75 - [STDERR_REDIRECT] [Fatal Error] :1:1: Premature end of file.
2026-06-06 17:47:54,685 [ERROR] LogOutputStream:75 - [STDERR_REDIRECT] 
2026-06-06 17:47:55,682 [ERROR] LogOutputStream:75 - [STDERR_REDIRECT] [Fatal Error] :1:1: Premature end of file.
2026-06-06 17:47:55,682 [ERROR] LogOutputStream:75 - [STDERR_REDIRECT] 
2026-06-06 17:47:56,681 [ERROR] LogOutputStream:75 - [STDERR_REDIRECT] [Fatal Error] :1:1: Premature end of file.
2026-06-06 17:47:56,681 [ERROR] LogOutputStream:75 - [STDERR_REDIRECT] 
2026-06-06 17:47:57,682 [ERROR] LogOutputStream:75 - [STDERR_REDIRECT] [Fatal Error] :1:1: Premature end of file.
2026-06-06 17:47:57,682 [ERROR] LogOutputStream:75 - [STDERR_REDIRECT] 
2026-06-06 17:47:58,683 [ERROR] LogOutputStream:75 - [STDERR_REDIRECT] [Fatal Error] :1:1: Premature end of file.
2026-06-06 17:47:58,684 [ERROR] LogOutputStream:75 - [STDERR_REDIRECT] 
2026-06-06 17:47:59,679 [ERROR] LogOutputStream:75 - [STDERR_REDIRECT] [Fatal Error] :1:1: Premature end of file.
2026-06-06 17:47:59,679 [ERROR] LogOutputStream:75 - [STDERR_REDIRECT] 
2026-06-06 17:48:00,682 [ERROR] LogOutputStream:75 - [STDERR_REDIRECT] [Fatal Error] :1:1: Premature end of file.
2026-06-06 17:48:00,682 [ERROR] LogOutputStream:75 - [STDERR_REDIRECT] 
2026-06-06 17:48:01,681 [ERROR] LogOutputStream:75 - [STDERR_REDIRECT] [Fatal Error] :1:1: Premature end of file.
2026-06-06 17:48:01,681 [ERROR] LogOutputStream:75 - [STDERR_REDIRECT] 
2026-06-06 17:48:02,680 [ERROR] LogOutputStream:75 - [STDERR_REDIRECT] [Fatal Error] :1:1: Premature end of file.
2026-06-06 17:48:02,681 [ERROR] LogOutputStream:75 - [STDERR_REDIRECT] 
2026-06-06 17:48:03,681 [ERROR] LogOutputStream:75 - [STDERR_REDIRECT] [Fatal Error] :1:1: Premature end of file.
2026-06-06 17:48:03,681 [ERROR] LogOutputStream:75 - [STDERR_REDIRECT] 
2026-06-06 17:48:04,682 [ERROR] LogOutputStream:75 - [STDERR_REDIRECT] [Fatal Error] :1:1: Premature end of file.
2026-06-06 17:48:04,682 [ERROR] LogOutputStream:75 - [STDERR_REDIRECT] 
2026-06-06 17:48:05,681 [ERROR] LogOutputStream:75 - [STDERR_REDIRECT] [Fatal Error] :1:1: Premature end of file.
2026-06-06 17:48:05,681 [ERROR] LogOutputStream:75 - [STDERR_REDIRECT] 
2026-06-06 17:48:06,682 [ERROR] LogOutputStream:75 - [STDERR_REDIRECT] [Fatal Error] :1:1: Premature end of file.
2026-06-06 17:48:06,682 [ERROR] LogOutputStream:75 - [STDERR_REDIRECT] 
2026-06-06 17:48:07,681 [ERROR] LogOutputStream:75 - [STDERR_REDIRECT] [Fatal Error] :1:1: Premature end of file.
2026-06-06 17:48:07,681 [ERROR] LogOutputStream:75 - [STDERR_REDIRECT] 
2026-06-06 17:48:08,680 [ERROR] LogOutputStream:75 - [STDERR_REDIRECT] [Fatal Error] :1:1: Premature end of file.
2026-06-06 17:48:08,680 [ERROR] LogOutputStream:75 - [STDERR_REDIRECT] 
2026-06-06 17:48:09,682 [ERROR] LogOutputStream:75 - [STDERR_REDIRECT] [Fatal Error] :1:1: Premature end of file.
2026-06-06 17:48:09,682 [ERROR] LogOutputStream:75 - [STDERR_REDIRECT] 
2026-06-06 17:48:10,682 [ERROR] LogOutputStream:75 - [STDERR_REDIRECT] [Fatal Error] :1:1: Premature end of file.
2026-06-06 17:48:10,682 [ERROR] LogOutputStream:75 - [STDERR_REDIRECT] 
2026-06-06 17:48:11,681 [ERROR] LogOutputStream:75 - [STDERR_REDIRECT] [Fatal Error] :1:1: Premature end of file.
2026-06-06 17:48:11,682 [ERROR] LogOutputStream:75 - [STDERR_REDIRECT] 
2026-06-06 17:48:12,683 [ERROR] LogOutputStream:75 - [STDERR_REDIRECT] [Fatal Error] :1:1: Premature end of file.
2026-06-06 17:48:12,683 [ERROR] LogOutputStream:75 - [STDERR_REDIRECT] 
2026-06-06 17:48:13,681 [ERROR] LogOutputStream:75 - [STDERR_REDIRECT] [Fatal Error] :1:1: Premature end of file.
2026-06-06 17:48:13,681 [ERROR] LogOutputStream:75 - [STDERR_REDIRECT] 
2026-06-06 17:48:14,681 [ERROR] LogOutputStream:75 - [STDERR_REDIRECT] [Fatal Error] :1:1: Premature end of file.
2026-06-06 17:48:14,682 [ERROR] LogOutputStream:75 - [STDERR_REDIRECT] 
2026-06-06 17:48:15,683 [ERROR] LogOutputStream:75 - [STDERR_REDIRECT] [Fatal Error] :1:1: Premature end of file.
2026-06-06 17:48:15,683 [ERROR] LogOutputStream:75 - [STDERR_REDIRECT] 
2026-06-06 17:48:16,683 [ERROR] LogOutputStream:75 - [STDERR_REDIRECT] [Fatal Error] :1:1: Premature end of file.
2026-06-06 17:48:16,683 [ERROR] LogOutputStream:75 - [STDERR_REDIRECT] 
2026-06-06 17:48:17,680 [ERROR] LogOutputStream:75 - [STDERR_REDIRECT] [Fatal Error] :1:1: Premature end of file.
2026-06-06 17:48:17,680 [ERROR] LogOutputStream:75 - [STDERR_REDIRECT] 
2026-06-06 17:48:18,683 [ERROR] LogOutputStream:75 - [STDERR_REDIRECT] [Fatal Error] :1:1: Premature end of file.
2026-06-06 17:48:18,683 [ERROR] LogOutputStream:75 - [STDERR_REDIRECT] 
2026-06-06 17:48:19,684 [ERROR] LogOutputStream:75 - [STDERR_REDIRECT] [Fatal Error] :1:1: Premature end of file.
2026-06-06 17:48:19,684 [ERROR] LogOutputStream:75 - [STDERR_REDIRECT] 
2026-06-06 17:48:20,681 [ERROR] LogOutputStream:75 - [STDERR_REDIRECT] [Fatal Error] :1:1: Premature end of file.
2026-06-06 17:48:20,681 [ERROR] LogOutputStream:75 - [STDERR_REDIRECT] 
2026-06-06 17:48:21,687 [ERROR] LogOutputStream:75 - [STDERR_REDIRECT] [Fatal Error] :1:1: Premature end of file.
2026-06-06 17:48:21,687 [ERROR] LogOutputStream:75 - [STDERR_REDIRECT] 
2026-06-06 17:48:22,685 [ERROR] LogOutputStream:75 - [STDERR_REDIRECT] [Fatal Error] :1:1: Premature end of file.
2026-06-06 17:48:22,685 [ERROR] LogOutputStream:75 - [STDERR_REDIRECT] 
2026-06-06 17:48:23,685 [ERROR] LogOutputStream:75 - [STDERR_REDIRECT] [Fatal Error] :1:1: Premature end of file.
2026-06-06 17:48:23,685 [ERROR] LogOutputStream:75 - [STDERR_REDIRECT] 
2026-06-06 17:48:24,684 [ERROR] LogOutputStream:75 - [STDERR_REDIRECT] [Fatal Error] :1:1: Premature end of file.
2026-06-06 17:48:24,684 [ERROR] LogOutputStream:75 - [STDERR_REDIRECT] 
2026-06-06 17:48:25,683 [ERROR] LogOutputStream:75 - [STDERR_REDIRECT] [Fatal Error] :1:1: Premature end of file.
2026-06-06 17:48:25,683 [ERROR] LogOutputStream:75 - [STDERR_REDIRECT] 
2026-06-06 17:48:26,681 [ERROR] LogOutputStream:75 - [STDERR_REDIRECT] [Fatal Error] :1:1: Premature end of file.
2026-06-06 17:48:26,682 [ERROR] LogOutputStream:75 - [STDERR_REDIRECT] 
2026-06-06 17:48:27,694 [ERROR] LogOutputStream:75 - [STDERR_REDIRECT] [Fatal Error] :1:1: Premature end of file.
2026-06-06 17:48:27,694 [ERROR] LogOutputStream:75 - [STDERR_REDIRECT] 
2026-06-06 17:48:28,681 [ERROR] LogOutputStream:75 - [STDERR_REDIRECT] [Fatal Error] :1:1: Premature end of file.
2026-06-06 17:48:28,681 [ERROR] LogOutputStream:75 - [STDERR_REDIRECT] 
2026-06-06 17:48:29,687 [ERROR] LogOutputStream:75 - [STDERR_REDIRECT] [Fatal Error] :1:1: Premature end of file.
2026-06-06 17:48:29,687 [ERROR] LogOutputStream:75 - [STDERR_REDIRECT] 
2026-06-06 17:48:30,686 [ERROR] LogOutputStream:75 - [STDERR_REDIRECT] [Fatal Error] :1:1: Premature end of file.
2026-06-06 17:48:30,686 [ERROR] LogOutputStream:75 - [STDERR_REDIRECT] 
2026-06-06 17:48:31,684 [ERROR] LogOutputStream:75 - [STDERR_REDIRECT] [Fatal Error] :1:1: Premature end of file.
2026-06-06 17:48:31,684 [ERROR] LogOutputStream:75 - [STDERR_REDIRECT] 
2026-06-06 17:48:32,683 [ERROR] LogOutputStream:75 - [STDERR_REDIRECT] [Fatal Error] :1:1: Premature end of file.
2026-06-06 17:48:32,683 [ERROR] LogOutputStream:75 - [STDERR_REDIRECT] 
2026-06-06 17:48:33,680 [ERROR] LogOutputStream:75 - [STDERR_REDIRECT] [Fatal Error] :1:1: Premature end of file.
2026-06-06 17:48:33,680 [ERROR] LogOutputStream:75 - [STDERR_REDIRECT] 
2026-06-06 17:48:34,682 [ERROR] LogOutputStream:75 - [STDERR_REDIRECT] [Fatal Error] :1:1: Premature end of file.
2026-06-06 17:48:34,682 [ERROR] LogOutputStream:75 - [STDERR_REDIRECT] 
2026-06-06 17:48:35,689 [ERROR] LogOutputStream:75 - [STDERR_REDIRECT] [Fatal Error] :1:1: Premature end of file.
2026-06-06 17:48:35,689 [ERROR] LogOutputStream:75 - [STDERR_REDIRECT] 
2026-06-06 17:48:36,681 [ERROR] LogOutputStream:75 - [STDERR_REDIRECT] [Fatal Error] :1:1: Premature end of file.
2026-06-06 17:48:36,681 [ERROR] LogOutputStream:75 - [STDERR_REDIRECT] 
2026-06-06 17:48:37,681 [ERROR] LogOutputStream:75 - [STDERR_REDIRECT] [Fatal Error] :1:1: Premature end of file.
2026-06-06 17:48:37,681 [ERROR] LogOutputStream:75 - [STDERR_REDIRECT] 
2026-06-06 17:48:38,679 [ERROR] LogOutputStream:75 - [STDERR_REDIRECT] [Fatal Error] :1:1: Premature end of file.
2026-06-06 17:48:38,680 [ERROR] LogOutputStream:75 - [STDERR_REDIRECT] 
2026-06-06 17:48:39,681 [ERROR] LogOutputStream:75 - [STDERR_REDIRECT] [Fatal Error] :1:1: Premature end of file.
2026-06-06 17:48:39,681 [ERROR] LogOutputStream:75 - [STDERR_REDIRECT] 
2026-06-06 17:48:40,681 [ERROR] LogOutputStream:75 - [STDERR_REDIRECT] [Fatal Error] :1:1: Premature end of file.
2026-06-06 17:48:40,681 [ERROR] LogOutputStream:75 - [STDERR_REDIRECT] 
2026-06-06 17:48:41,680 [ERROR] LogOutputStream:75 - [STDERR_REDIRECT] [Fatal Error] :1:1: Premature end of file.
2026-06-06 17:48:41,680 [ERROR] LogOutputStream:75 - [STDERR_REDIRECT] 
2026-06-06 17:48:42,680 [ERROR] LogOutputStream:75 - [STDERR_REDIRECT] [Fatal Error] :1:1: Premature end of file.
2026-06-06 17:48:42,681 [ERROR] LogOutputStream:75 - [STDERR_REDIRECT] 
2026-06-06 17:48:43,681 [ERROR] LogOutputStream:75 - [STDERR_REDIRECT] [Fatal Error] :1:1: Premature end of file.
2026-06-06 17:48:43,681 [ERROR] LogOutputStream:75 - [STDERR_REDIRECT] 
2026-06-06 17:48:44,679 [ERROR] LogOutputStream:75 - [STDERR_REDIRECT] [Fatal Error] :1:1: Premature end of file.
2026-06-06 17:48:44,679 [ERROR] LogOutputStream:75 - [STDERR_REDIRECT] 
2026-06-06 17:48:45,682 [ERROR] LogOutputStream:75 - [STDERR_REDIRECT] [Fatal Error] :1:1: Premature end of file.
2026-06-06 17:48:45,682 [ERROR] LogOutputStream:75 - [STDERR_REDIRECT] 
2026-06-06 17:48:46,679 [ERROR] LogOutputStream:75 - [STDERR_REDIRECT] [Fatal Error] :1:1: Premature end of file.
2026-06-06 17:48:46,679 [ERROR] LogOutputStream:75 - [STDERR_REDIRECT] 
2026-06-06 17:48:47,682 [ERROR] LogOutputStream:75 - [STDERR_REDIRECT] [Fatal Error] :1:1: Premature end of file.
2026-06-06 17:48:47,682 [ERROR] LogOutputStream:75 - [STDERR_REDIRECT] 
2026-06-06 17:48:48,679 [ERROR] LogOutputStream:75 - [STDERR_REDIRECT] [Fatal Error] :1:1: Premature end of file.
2026-06-06 17:48:48,679 [ERROR] LogOutputStream:75 - [STDERR_REDIRECT] 
2026-06-06 17:48:49,683 [ERROR] LogOutputStream:75 - [STDERR_REDIRECT] [Fatal Error] :1:1: Premature end of file.
2026-06-06 17:48:49,683 [ERROR] LogOutputStream:75 - [STDERR_REDIRECT] 
2026-06-06 17:48:50,678 [ERROR] LogOutputStream:75 - [STDERR_REDIRECT] [Fatal Error] :1:1: Premature end of file.
2026-06-06 17:48:50,678 [ERROR] LogOutputStream:75 - [STDERR_REDIRECT] 
2026-06-06 17:48:51,681 [ERROR] LogOutputStream:75 - [STDERR_REDIRECT] [Fatal Error] :1:1: Premature end of file.
2026-06-06 17:48:51,681 [ERROR] LogOutputStream:75 - [STDERR_REDIRECT] 
2026-06-06 17:48:52,680 [ERROR] LogOutputStream:75 - [STDERR_REDIRECT] [Fatal Error] :1:1: Premature end of file.
2026-06-06 17:48:52,680 [ERROR] LogOutputStream:75 - [STDERR_REDIRECT] 
2026-06-06 17:48:53,678 [ERROR] LogOutputStream:75 - [STDERR_REDIRECT] [Fatal Error] :1:1: Premature end of file.
2026-06-06 17:48:53,678 [ERROR] LogOutputStream:75 - [STDERR_REDIRECT] 
2026-06-06 17:48:54,678 [ERROR] LogOutputStream:75 - [STDERR_REDIRECT] [Fatal Error] :1:1: Premature end of file.
2026-06-06 17:48:54,678 [ERROR] LogOutputStream:75 - [STDERR_REDIRECT] 
2026-06-06 17:48:55,682 [ERROR] LogOutputStream:75 - [STDERR_REDIRECT] [Fatal Error] :1:1: Premature end of file.
2026-06-06 17:48:55,683 [ERROR] LogOutputStream:75 - [STDERR_REDIRECT] 
2026-06-06 17:48:56,680 [ERROR] LogOutputStream:75 - [STDERR_REDIRECT] [Fatal Error] :1:1: Premature end of file.
2026-06-06 17:48:56,681 [ERROR] LogOutputStream:75 - [STDERR_REDIRECT] 
2026-06-06 17:48:57,680 [ERROR] LogOutputStream:75 - [STDERR_REDIRECT] [Fatal Error] :1:1: Premature end of file.
2026-06-06 17:48:57,681 [ERROR] LogOutputStream:75 - [STDERR_REDIRECT] 
2026-06-06 17:48:58,681 [ERROR] LogOutputStream:75 - [STDERR_REDIRECT] [Fatal Error] :1:1: Premature end of file.
2026-06-06 17:48:58,681 [ERROR] LogOutputStream:75 - [STDERR_REDIRECT] 
2026-06-06 17:48:59,681 [ERROR] LogOutputStream:75 - [STDERR_REDIRECT] [Fatal Error] :1:1: Premature end of file.
2026-06-06 17:48:59,681 [ERROR] LogOutputStream:75 - [STDERR_REDIRECT] 
2026-06-06 17:49:00,679 [ERROR] LogOutputStream:75 - [STDERR_REDIRECT] [Fatal Error] :1:1: Premature end of file.
2026-06-06 17:49:00,679 [ERROR] LogOutputStream:75 - [STDERR_REDIRECT] 
2026-06-06 17:49:01,681 [ERROR] LogOutputStream:75 - [STDERR_REDIRECT] [Fatal Error] :1:1: Premature end of file.
2026-06-06 17:49:01,681 [ERROR] LogOutputStream:75 - [STDERR_REDIRECT] 
2026-06-06 17:49:02,679 [ERROR] LogOutputStream:75 - [STDERR_REDIRECT] [Fatal Error] :1:1: Premature end of file.
2026-06-06 17:49:02,679 [ERROR] LogOutputStream:75 - [STDERR_REDIRECT] 
2026-06-06 17:49:03,682 [ERROR] LogOutputStream:75 - [STDERR_REDIRECT] [Fatal Error] :1:1: Premature end of file.
2026-06-06 17:49:03,682 [ERROR] LogOutputStream:75 - [STDERR_REDIRECT] 
2026-06-06 17:49:04,679 [ERROR] LogOutputStream:75 - [STDERR_REDIRECT] [Fatal Error] :1:1: Premature end of file.
2026-06-06 17:49:04,679 [ERROR] LogOutputStream:75 - [STDERR_REDIRECT] 
2026-06-06 17:49:05,679 [ERROR] LogOutputStream:75 - [STDERR_REDIRECT] [Fatal Error] :1:1: Premature end of file.
2026-06-06 17:49:05,680 [ERROR] LogOutputStream:75 - [STDERR_REDIRECT] 
2026-06-06 17:49:06,679 [ERROR] LogOutputStream:75 - [STDERR_REDIRECT] [Fatal Error] :1:1: Premature end of file.
2026-06-06 17:49:06,679 [ERROR] LogOutputStream:75 - [STDERR_REDIRECT] 
2026-06-06 17:49:07,679 [ERROR] LogOutputStream:75 - [STDERR_REDIRECT] [Fatal Error] :1:1: Premature end of file.
2026-06-06 17:49:07,679 [ERROR] LogOutputStream:75 - [STDERR_REDIRECT] 
2026-06-06 17:49:08,681 [ERROR] LogOutputStream:75 - [STDERR_REDIRECT] [Fatal Error] :1:1: Premature end of file.
2026-06-06 17:49:08,681 [ERROR] LogOutputStream:75 - [STDERR_REDIRECT] 
2026-06-06 17:49:09,681 [ERROR] LogOutputStream:75 - [STDERR_REDIRECT] [Fatal Error] :1:1: Premature end of file.
2026-06-06 17:49:09,681 [ERROR] LogOutputStream:75 - [STDERR_REDIRECT] 
2026-06-06 17:49:10,684 [ERROR] LogOutputStream:75 - [STDERR_REDIRECT] [Fatal Error] :1:1: Premature end of file.
2026-06-06 17:49:10,685 [ERROR] LogOutputStream:75 - [STDERR_REDIRECT] 
2026-06-06 17:49:11,684 [ERROR] LogOutputStream:75 - [STDERR_REDIRECT] [Fatal Error] :1:1: Premature end of file.
2026-06-06 17:49:11,684 [ERROR] LogOutputStream:75 - [STDERR_REDIRECT] 
2026-06-06 17:49:12,682 [ERROR] LogOutputStream:75 - [STDERR_REDIRECT] [Fatal Error] :1:1: Premature end of file.
2026-06-06 17:49:12,682 [ERROR] LogOutputStream:75 - [STDERR_REDIRECT] 
2026-06-06 17:49:13,687 [ERROR] LogOutputStream:75 - [STDERR_REDIRECT] [Fatal Error] :1:1: Premature end of file.
2026-06-06 17:49:13,687 [ERROR] LogOutputStream:75 - [STDERR_REDIRECT] 
2026-06-06 17:49:14,678 [ERROR] LogOutputStream:75 - [STDERR_REDIRECT] [Fatal Error] :1:1: Premature end of file.
2026-06-06 17:49:14,678 [ERROR] LogOutputStream:75 - [STDERR_REDIRECT] 
2026-06-06 17:49:15,681 [ERROR] LogOutputStream:75 - [STDERR_REDIRECT] [Fatal Error] :1:1: Premature end of file.
2026-06-06 17:49:15,681 [ERROR] LogOutputStream:75 - [STDERR_REDIRECT] 
2026-06-06 17:49:16,679 [ERROR] LogOutputStream:75 - [STDERR_REDIRECT] [Fatal Error] :1:1: Premature end of file.
2026-06-06 17:49:16,679 [ERROR] LogOutputStream:75 - [STDERR_REDIRECT] 
2026-06-06 17:49:17,680 [ERROR] LogOutputStream:75 - [STDERR_REDIRECT] [Fatal Error] :1:1: Premature end of file.
2026-06-06 17:49:17,680 [ERROR] LogOutputStream:75 - [STDERR_REDIRECT] 
2026-06-06 17:49:18,681 [ERROR] LogOutputStream:75 - [STDERR_REDIRECT] [Fatal Error] :1:1: Premature end of file.
2026-06-06 17:49:18,681 [ERROR] LogOutputStream:75 - [STDERR_REDIRECT] 
2026-06-06 17:49:19,679 [ERROR] LogOutputStream:75 - [STDERR_REDIRECT] [Fatal Error] :1:1: Premature end of file.
2026-06-06 17:49:19,679 [ERROR] LogOutputStream:75 - [STDERR_REDIRECT] 
2026-06-06 17:49:20,681 [ERROR] LogOutputStream:75 - [STDERR_REDIRECT] [Fatal Error] :1:1: Premature end of file.
2026-06-06 17:49:20,681 [ERROR] LogOutputStream:75 - [STDERR_REDIRECT] 
2026-06-06 17:49:21,681 [ERROR] LogOutputStream:75 - [STDERR_REDIRECT] [Fatal Error] :1:1: Premature end of file.
2026-06-06 17:49:21,681 [ERROR] LogOutputStream:75 - [STDERR_REDIRECT] 
2026-06-06 17:49:22,681 [ERROR] LogOutputStream:75 - [STDERR_REDIRECT] [Fatal Error] :1:1: Premature end of file.
2026-06-06 17:49:22,681 [ERROR] LogOutputStream:75 - [STDERR_REDIRECT] 
2026-06-06 17:49:23,680 [ERROR] LogOutputStream:75 - [STDERR_REDIRECT] [Fatal Error] :1:1: Premature end of file.
2026-06-06 17:49:23,680 [ERROR] LogOutputStream:75 - [STDERR_REDIRECT] 
2026-06-06 17:49:24,679 [ERROR] LogOutputStream:75 - [STDERR_REDIRECT] [Fatal Error] :1:1: Premature end of file.
2026-06-06 17:49:24,680 [ERROR] LogOutputStream:75 - [STDERR_REDIRECT] 
2026-06-06 17:49:25,681 [ERROR] LogOutputStream:75 - [STDERR_REDIRECT] [Fatal Error] :1:1: Premature end of file.
2026-06-06 17:49:25,681 [ERROR] LogOutputStream:75 - [STDERR_REDIRECT] 
2026-06-06 17:49:26,677 [ERROR] LogOutputStream:75 - [STDERR_REDIRECT] [Fatal Error] :1:1: Premature end of file.
2026-06-06 17:49:26,677 [ERROR] LogOutputStream:75 - [STDERR_REDIRECT] 
2026-06-06 17:49:27,681 [ERROR] LogOutputStream:75 - [STDERR_REDIRECT] [Fatal Error] :1:1: Premature end of file.
2026-06-06 17:49:27,681 [ERROR] LogOutputStream:75 - [STDERR_REDIRECT] 
2026-06-06 17:49:28,679 [ERROR] LogOutputStream:75 - [STDERR_REDIRECT] [Fatal Error] :1:1: Premature end of file.
2026-06-06 17:49:28,679 [ERROR] LogOutputStream:75 - [STDERR_REDIRECT] 
2026-06-06 17:49:29,681 [ERROR] LogOutputStream:75 - [STDERR_REDIRECT] [Fatal Error] :1:1: Premature end of file.
2026-06-06 17:49:29,681 [ERROR] LogOutputStream:75 - [STDERR_REDIRECT] 
2026-06-06 17:49:30,682 [ERROR] LogOutputStream:75 - [STDERR_REDIRECT] [Fatal Error] :1:1: Premature end of file.
2026-06-06 17:49:30,682 [ERROR] LogOutputStream:75 - [STDERR_REDIRECT] 
2026-06-06 17:49:31,682 [ERROR] LogOutputStream:75 - [STDERR_REDIRECT] [Fatal Error] :1:1: Premature end of file.
2026-06-06 17:49:31,682 [ERROR] LogOutputStream:75 - [STDERR_REDIRECT] 
2026-06-06 17:49:32,683 [ERROR] LogOutputStream:75 - [STDERR_REDIRECT] [Fatal Error] :1:1: Premature end of file.
2026-06-06 17:49:32,684 [ERROR] LogOutputStream:75 - [STDERR_REDIRECT] 
2026-06-06 17:49:33,681 [ERROR] LogOutputStream:75 - [STDERR_REDIRECT] [Fatal Error] :1:1: Premature end of file.
2026-06-06 17:49:33,681 [ERROR] LogOutputStream:75 - [STDERR_REDIRECT] 
2026-06-06 17:49:34,680 [ERROR] LogOutputStream:75 - [STDERR_REDIRECT] [Fatal Error] :1:1: Premature end of file.
2026-06-06 17:49:34,680 [ERROR] LogOutputStream:75 - [STDERR_REDIRECT] 
2026-06-06 17:49:35,680 [ERROR] LogOutputStream:75 - [STDERR_REDIRECT] [Fatal Error] :1:1: Premature end of file.
2026-06-06 17:49:35,680 [ERROR] LogOutputStream:75 - [STDERR_REDIRECT] 
2026-06-06 17:49:36,679 [ERROR] LogOutputStream:75 - [STDERR_REDIRECT] [Fatal Error] :1:1: Premature end of file.
2026-06-06 17:49:36,679 [ERROR] LogOutputStream:75 - [STDERR_REDIRECT] 
2026-06-06 17:49:37,679 [ERROR] LogOutputStream:75 - [STDERR_REDIRECT] [Fatal Error] :1:1: Premature end of file.
2026-06-06 17:49:37,679 [ERROR] LogOutputStream:75 - [STDERR_REDIRECT] 
2026-06-06 17:49:38,682 [ERROR] LogOutputStream:75 - [STDERR_REDIRECT] [Fatal Error] :1:1: Premature end of file.
2026-06-06 17:49:38,683 [ERROR] LogOutputStream:75 - [STDERR_REDIRECT] 
2026-06-06 17:49:39,680 [ERROR] LogOutputStream:75 - [STDERR_REDIRECT] [Fatal Error] :1:1: Premature end of file.
2026-06-06 17:49:39,680 [ERROR] LogOutputStream:75 - [STDERR_REDIRECT] 
2026-06-06 17:49:40,681 [ERROR] LogOutputStream:75 - [STDERR_REDIRECT] [Fatal Error] :1:1: Premature end of file.
2026-06-06 17:49:40,681 [ERROR] LogOutputStream:75 - [STDERR_REDIRECT] 
2026-06-06 17:49:41,683 [ERROR] LogOutputStream:75 - [STDERR_REDIRECT] [Fatal Error] :1:1: Premature end of file.
2026-06-06 17:49:41,683 [ERROR] LogOutputStream:75 - [STDERR_REDIRECT] 
2026-06-06 17:49:42,688 [ERROR] LogOutputStream:75 - [STDERR_REDIRECT] [Fatal Error] :1:1: Premature end of file.
2026-06-06 17:49:42,688 [ERROR] LogOutputStream:75 - [STDERR_REDIRECT] 
2026-06-06 17:49:43,684 [ERROR] LogOutputStream:75 - [STDERR_REDIRECT] [Fatal Error] :1:1: Premature end of file.
2026-06-06 17:49:43,684 [ERROR] LogOutputStream:75 - [STDERR_REDIRECT] 
2026-06-06 17:49:44,680 [ERROR] LogOutputStream:75 - [STDERR_REDIRECT] [Fatal Error] :1:1: Premature end of file.
2026-06-06 17:49:44,680 [ERROR] LogOutputStream:75 - [STDERR_REDIRECT] 
2026-06-06 17:49:45,679 [ERROR] LogOutputStream:75 - [STDERR_REDIRECT] [Fatal Error] :1:1: Premature end of file.
2026-06-06 17:49:45,679 [ERROR] LogOutputStream:75 - [STDERR_REDIRECT] 
2026-06-06 17:49:46,678 [ERROR] LogOutputStream:75 - [STDERR_REDIRECT] [Fatal Error] :1:1: Premature end of file.
2026-06-06 17:49:46,678 [ERROR] LogOutputStream:75 - [STDERR_REDIRECT] 
2026-06-06 17:49:47,681 [ERROR] LogOutputStream:75 - [STDERR_REDIRECT] [Fatal Error] :1:1: Premature end of file.
2026-06-06 17:49:47,682 [ERROR] LogOutputStream:75 - [STDERR_REDIRECT] 
2026-06-06 17:49:48,682 [ERROR] LogOutputStream:75 - [STDERR_REDIRECT] [Fatal Error] :1:1: Premature end of file.
2026-06-06 17:49:48,682 [ERROR] LogOutputStream:75 - [STDERR_REDIRECT] 
2026-06-06 17:49:49,685 [ERROR] LogOutputStream:75 - [STDERR_REDIRECT] [Fatal Error] :1:1: Premature end of file.
2026-06-06 17:49:49,685 [ERROR] LogOutputStream:75 - [STDERR_REDIRECT] 
2026-06-06 17:49:50,682 [ERROR] LogOutputStream:75 - [STDERR_REDIRECT] [Fatal Error] :1:1: Premature end of file.
2026-06-06 17:49:50,682 [ERROR] LogOutputStream:75 - [STDERR_REDIRECT] 
2026-06-06 17:49:51,680 [ERROR] LogOutputStream:75 - [STDERR_REDIRECT] [Fatal Error] :1:1: Premature end of file.
2026-06-06 17:49:51,680 [ERROR] LogOutputStream:75 - [STDERR_REDIRECT] 
2026-06-06 17:49:52,681 [ERROR] LogOutputStream:75 - [STDERR_REDIRECT] [Fatal Error] :1:1: Premature end of file.
2026-06-06 17:49:52,681 [ERROR] LogOutputStream:75 - [STDERR_REDIRECT] 
2026-06-06 17:49:53,681 [ERROR] LogOutputStream:75 - [STDERR_REDIRECT] [Fatal Error] :1:1: Premature end of file.
2026-06-06 17:49:53,681 [ERROR] LogOutputStream:75 - [STDERR_REDIRECT] 
2026-06-06 17:49:54,684 [ERROR] LogOutputStream:75 - [STDERR_REDIRECT] [Fatal Error] :1:1: Premature end of file.
2026-06-06 17:49:54,684 [ERROR] LogOutputStream:75 - [STDERR_REDIRECT] 
2026-06-06 17:49:55,682 [ERROR] LogOutputStream:75 - [STDERR_REDIRECT] [Fatal Error] :1:1: Premature end of file.
2026-06-06 17:49:55,683 [ERROR] LogOutputStream:75 - [STDERR_REDIRECT] 
2026-06-06 17:49:56,682 [ERROR] LogOutputStream:75 - [STDERR_REDIRECT] [Fatal Error] :1:1: Premature end of file.
2026-06-06 17:49:56,682 [ERROR] LogOutputStream:75 - [STDERR_REDIRECT] 
2026-06-06 17:49:57,681 [ERROR] LogOutputStream:75 - [STDERR_REDIRECT] [Fatal Error] :1:1: Premature end of file.
2026-06-06 17:49:57,681 [ERROR] LogOutputStream:75 - [STDERR_REDIRECT] 
2026-06-06 17:49:58,683 [ERROR] LogOutputStream:75 - [STDERR_REDIRECT] [Fatal Error] :1:1: Premature end of file.
2026-06-06 17:49:58,683 [ERROR] LogOutputStream:75 - [STDERR_REDIRECT] 
2026-06-06 17:49:59,682 [ERROR] LogOutputStream:75 - [STDERR_REDIRECT] [Fatal Error] :1:1: Premature end of file.
2026-06-06 17:49:59,683 [ERROR] LogOutputStream:75 - [STDERR_REDIRECT] 
2026-06-06 17:50:00,680 [ERROR] LogOutputStream:75 - [STDERR_REDIRECT] [Fatal Error] :1:1: Premature end of file.
2026-06-06 17:50:00,680 [ERROR] LogOutputStream:75 - [STDERR_REDIRECT] 
2026-06-06 17:50:01,681 [ERROR] LogOutputStream:75 - [STDERR_REDIRECT] [Fatal Error] :1:1: Premature end of file.
2026-06-06 17:50:01,681 [ERROR] LogOutputStream:75 - [STDERR_REDIRECT] 
2026-06-06 17:50:02,682 [ERROR] LogOutputStream:75 - [STDERR_REDIRECT] [Fatal Error] :1:1: Premature end of file.
2026-06-06 17:50:02,682 [ERROR] LogOutputStream:75 - [STDERR_REDIRECT] 
2026-06-06 17:50:03,682 [ERROR] LogOutputStream:75 - [STDERR_REDIRECT] [Fatal Error] :1:1: Premature end of file.
2026-06-06 17:50:03,682 [ERROR] LogOutputStream:75 - [STDERR_REDIRECT] 
2026-06-06 17:50:04,682 [ERROR] LogOutputStream:75 - [STDERR_REDIRECT] [Fatal Error] :1:1: Premature end of file.
2026-06-06 17:50:04,682 [ERROR] LogOutputStream:75 - [STDERR_REDIRECT] 
2026-06-06 17:50:05,681 [ERROR] LogOutputStream:75 - [STDERR_REDIRECT] [Fatal Error] :1:1: Premature end of file.
2026-06-06 17:50:05,681 [ERROR] LogOutputStream:75 - [STDERR_REDIRECT] 
2026-06-06 17:50:06,683 [ERROR] LogOutputStream:75 - [STDERR_REDIRECT] [Fatal Error] :1:1: Premature end of file.
2026-06-06 17:50:06,683 [ERROR] LogOutputStream:75 - [STDERR_REDIRECT] 
2026-06-06 17:50:07,684 [ERROR] LogOutputStream:75 - [STDERR_REDIRECT] [Fatal Error] :1:1: Premature end of file.
2026-06-06 17:50:07,684 [ERROR] LogOutputStream:75 - [STDERR_REDIRECT] 
2026-06-06 17:50:08,681 [ERROR] LogOutputStream:75 - [STDERR_REDIRECT] [Fatal Error] :1:1: Premature end of file.
2026-06-06 17:50:08,682 [ERROR] LogOutputStream:75 - [STDERR_REDIRECT] 
2026-06-06 17:50:09,682 [ERROR] LogOutputStream:75 - [STDERR_REDIRECT] [Fatal Error] :1:1: Premature end of file.
2026-06-06 17:50:09,682 [ERROR] LogOutputStream:75 - [STDERR_REDIRECT] 
2026-06-06 17:50:10,683 [ERROR] LogOutputStream:75 - [STDERR_REDIRECT] [Fatal Error] :1:1: Premature end of file.
2026-06-06 17:50:10,683 [ERROR] LogOutputStream:75 - [STDERR_REDIRECT] 
2026-06-06 17:50:11,684 [ERROR] LogOutputStream:75 - [STDERR_REDIRECT] [Fatal Error] :1:1: Premature end of file.
2026-06-06 17:50:11,684 [ERROR] LogOutputStream:75 - [STDERR_REDIRECT] 
2026-06-06 17:50:12,680 [ERROR] LogOutputStream:75 - [STDERR_REDIRECT] [Fatal Error] :1:1: Premature end of file.
2026-06-06 17:50:12,680 [ERROR] LogOutputStream:75 - [STDERR_REDIRECT] 
2026-06-06 17:50:13,682 [ERROR] LogOutputStream:75 - [STDERR_REDIRECT] [Fatal Error] :1:1: Premature end of file.
2026-06-06 17:50:13,683 [ERROR] LogOutputStream:75 - [STDERR_REDIRECT] 
2026-06-06 17:50:14,682 [ERROR] LogOutputStream:75 - [STDERR_REDIRECT] [Fatal Error] :1:1: Premature end of file.
2026-06-06 17:50:14,684 [ERROR] LogOutputStream:75 - [STDERR_REDIRECT] 
2026-06-06 17:50:15,690 [ERROR] LogOutputStream:75 - [STDERR_REDIRECT] [Fatal Error] :1:1: Premature end of file.
2026-06-06 17:50:15,690 [ERROR] LogOutputStream:75 - [STDERR_REDIRECT] 
2026-06-06 17:50:16,684 [ERROR] LogOutputStream:75 - [STDERR_REDIRECT] [Fatal Error] :1:1: Premature end of file.
2026-06-06 17:50:16,684 [ERROR] LogOutputStream:75 - [STDERR_REDIRECT] 
2026-06-06 17:50:17,683 [ERROR] LogOutputStream:75 - [STDERR_REDIRECT] [Fatal Error] :1:1: Premature end of file.
2026-06-06 17:50:17,683 [ERROR] LogOutputStream:75 - [STDERR_REDIRECT] 
2026-06-06 17:50:18,690 [ERROR] LogOutputStream:75 - [STDERR_REDIRECT] [Fatal Error] :1:1: Premature end of file.
2026-06-06 17:50:18,690 [ERROR] LogOutputStream:75 - [STDERR_REDIRECT] 
2026-06-06 17:50:19,681 [ERROR] LogOutputStream:75 - [STDERR_REDIRECT] [Fatal Error] :1:1: Premature end of file.
2026-06-06 17:50:19,681 [ERROR] LogOutputStream:75 - [STDERR_REDIRECT] 
2026-06-06 17:50:20,690 [ERROR] LogOutputStream:75 - [STDERR_REDIRECT] [Fatal Error] :1:1: Premature end of file.
2026-06-06 17:50:20,691 [ERROR] LogOutputStream:75 - [STDERR_REDIRECT] 
2026-06-06 17:50:21,681 [ERROR] LogOutputStream:75 - [STDERR_REDIRECT] [Fatal Error] :1:1: Premature end of file.
2026-06-06 17:50:21,681 [ERROR] LogOutputStream:75 - [STDERR_REDIRECT] 
2026-06-06 17:50:22,683 [ERROR] LogOutputStream:75 - [STDERR_REDIRECT] [Fatal Error] :1:1: Premature end of file.
2026-06-06 17:50:22,683 [ERROR] LogOutputStream:75 - [STDERR_REDIRECT] 
2026-06-06 17:50:23,689 [ERROR] LogOutputStream:75 - [STDERR_REDIRECT] [Fatal Error] :1:1: Premature end of file.
2026-06-06 17:50:23,689 [ERROR] LogOutputStream:75 - [STDERR_REDIRECT] 
2026-06-06 17:50:24,685 [ERROR] LogOutputStream:75 - [STDERR_REDIRECT] [Fatal Error] :1:1: Premature end of file.
2026-06-06 17:50:24,685 [ERROR] LogOutputStream:75 - [STDERR_REDIRECT] 
2026-06-06 17:50:25,691 [ERROR] LogOutputStream:75 - [STDERR_REDIRECT] [Fatal Error] :1:1: Premature end of file.
2026-06-06 17:50:25,691 [ERROR] LogOutputStream:75 - [STDERR_REDIRECT] 
2026-06-06 17:50:26,686 [ERROR] LogOutputStream:75 - [STDERR_REDIRECT] [Fatal Error] :1:1: Premature end of file.
2026-06-06 17:50:26,686 [ERROR] LogOutputStream:75 - [STDERR_REDIRECT] 
2026-06-06 17:50:27,688 [ERROR] LogOutputStream:75 - [STDERR_REDIRECT] [Fatal Error] :1:1: Premature end of file.
2026-06-06 17:50:27,688 [ERROR] LogOutputStream:75 - [STDERR_REDIRECT] 
2026-06-06 17:50:28,686 [ERROR] LogOutputStream:75 - [STDERR_REDIRECT] [Fatal Error] :1:1: Premature end of file.
2026-06-06 17:50:28,686 [ERROR] LogOutputStream:75 - [STDERR_REDIRECT] 
2026-06-06 17:50:29,690 [ERROR] LogOutputStream:75 - [STDERR_REDIRECT] [Fatal Error] :1:1: Premature end of file.
2026-06-06 17:50:29,690 [ERROR] LogOutputStream:75 - [STDERR_REDIRECT] 
2026-06-06 17:50:30,689 [ERROR] LogOutputStream:75 - [STDERR_REDIRECT] [Fatal Error] :1:1: Premature end of file.
2026-06-06 17:50:30,689 [ERROR] LogOutputStream:75 - [STDERR_REDIRECT] 
2026-06-06 17:50:31,687 [ERROR] LogOutputStream:75 - [STDERR_REDIRECT] [Fatal Error] :1:1: Premature end of file.
2026-06-06 17:50:31,687 [ERROR] LogOutputStream:75 - [STDERR_REDIRECT] 
2026-06-06 17:50:32,683 [ERROR] LogOutputStream:75 - [STDERR_REDIRECT] [Fatal Error] :1:1: Premature end of file.
2026-06-06 17:50:32,683 [ERROR] LogOutputStream:75 - [STDERR_REDIRECT] 
2026-06-06 17:50:33,680 [ERROR] LogOutputStream:75 - [STDERR_REDIRECT] [Fatal Error] :1:1: Premature end of file.
2026-06-06 17:50:33,681 [ERROR] LogOutputStream:75 - [STDERR_REDIRECT] 
2026-06-06 17:50:34,687 [ERROR] LogOutputStream:75 - [STDERR_REDIRECT] [Fatal Error] :1:1: Premature end of file.
2026-06-06 17:50:34,687 [ERROR] LogOutputStream:75 - [STDERR_REDIRECT] 
2026-06-06 17:50:35,682 [ERROR] LogOutputStream:75 - [STDERR_REDIRECT] [Fatal Error] :1:1: Premature end of file.
2026-06-06 17:50:35,682 [ERROR] LogOutputStream:75 - [STDERR_REDIRECT] 
2026-06-06 17:50:36,685 [ERROR] LogOutputStream:75 - [STDERR_REDIRECT] [Fatal Error] :1:1: Premature end of file.
2026-06-06 17:50:36,685 [ERROR] LogOutputStream:75 - [STDERR_REDIRECT] 
2026-06-06 17:50:37,683 [ERROR] LogOutputStream:75 - [STDERR_REDIRECT] [Fatal Error] :1:1: Premature end of file.
2026-06-06 17:50:37,684 [ERROR] LogOutputStream:75 - [STDERR_REDIRECT] 
2026-06-06 17:50:38,685 [ERROR] LogOutputStream:75 - [STDERR_REDIRECT] [Fatal Error] :1:1: Premature end of file.
2026-06-06 17:50:38,685 [ERROR] LogOutputStream:75 - [STDERR_REDIRECT] 
2026-06-06 17:50:39,689 [ERROR] LogOutputStream:75 - [STDERR_REDIRECT] [Fatal Error] :1:1: Premature end of file.
2026-06-06 17:50:39,689 [ERROR] LogOutputStream:75 - [STDERR_REDIRECT] 
2026-06-06 17:50:40,684 [ERROR] LogOutputStream:75 - [STDERR_REDIRECT] [Fatal Error] :1:1: Premature end of file.
2026-06-06 17:50:40,684 [ERROR] LogOutputStream:75 - [STDERR_REDIRECT] 
2026-06-06 17:50:41,688 [ERROR] LogOutputStream:75 - [STDERR_REDIRECT] [Fatal Error] :1:1: Premature end of file.
2026-06-06 17:50:41,688 [ERROR] LogOutputStream:75 - [STDERR_REDIRECT] 
2026-06-06 17:50:42,685 [ERROR] LogOutputStream:75 - [STDERR_REDIRECT] [Fatal Error] :1:1: Premature end of file.
2026-06-06 17:50:42,685 [ERROR] LogOutputStream:75 - [STDERR_REDIRECT] 
2026-06-06 17:50:43,688 [ERROR] LogOutputStream:75 - [STDERR_REDIRECT] [Fatal Error] :1:1: Premature end of file.
2026-06-06 17:50:43,688 [ERROR] LogOutputStream:75 - [STDERR_REDIRECT] 
2026-06-06 17:50:44,684 [ERROR] LogOutputStream:75 - [STDERR_REDIRECT] [Fatal Error] :1:1: Premature end of file.
2026-06-06 17:50:44,685 [ERROR] LogOutputStream:75 - [STDERR_REDIRECT] 
2026-06-06 17:50:45,683 [ERROR] LogOutputStream:75 - [STDERR_REDIRECT] [Fatal Error] :1:1: Premature end of file.
2026-06-06 17:50:45,683 [ERROR] LogOutputStream:75 - [STDERR_REDIRECT] 
2026-06-06 17:50:46,684 [ERROR] LogOutputStream:75 - [STDERR_REDIRECT] [Fatal Error] :1:1: Premature end of file.
2026-06-06 17:50:46,684 [ERROR] LogOutputStream:75 - [STDERR_REDIRECT] 
2026-06-06 17:50:47,681 [ERROR] LogOutputStream:75 - [STDERR_REDIRECT] [Fatal Error] :1:1: Premature end of file.
2026-06-06 17:50:47,681 [ERROR] LogOutputStream:75 - [STDERR_REDIRECT] 
2026-06-06 17:50:48,681 [ERROR] LogOutputStream:75 - [STDERR_REDIRECT] [Fatal Error] :1:1: Premature end of file.
2026-06-06 17:50:48,682 [ERROR] LogOutputStream:75 - [STDERR_REDIRECT] 
2026-06-06 17:50:49,684 [ERROR] LogOutputStream:75 - [STDERR_REDIRECT] [Fatal Error] :1:1: Premature end of file.
2026-06-06 17:50:49,685 [ERROR] LogOutputStream:75 - [STDERR_REDIRECT] 
2026-06-06 17:50:50,686 [ERROR] LogOutputStream:75 - [STDERR_REDIRECT] [Fatal Error] :1:1: Premature end of file.
2026-06-06 17:50:50,686 [ERROR] LogOutputStream:75 - [STDERR_REDIRECT] 
2026-06-06 17:50:51,692 [ERROR] LogOutputStream:75 - [STDERR_REDIRECT] [Fatal Error] :1:1: Premature end of file.
2026-06-06 17:50:51,692 [ERROR] LogOutputStream:75 - [STDERR_REDIRECT] 
2026-06-06 17:50:52,683 [ERROR] LogOutputStream:75 - [STDERR_REDIRECT] [Fatal Error] :1:1: Premature end of file.
2026-06-06 17:50:52,683 [ERROR] LogOutputStream:75 - [STDERR_REDIRECT] 
2026-06-06 17:50:53,684 [ERROR] LogOutputStream:75 - [STDERR_REDIRECT] [Fatal Error] :1:1: Premature end of file.
2026-06-06 17:50:53,684 [ERROR] LogOutputStream:75 - [STDERR_REDIRECT] 
2026-06-06 17:50:54,685 [ERROR] LogOutputStream:75 - [STDERR_REDIRECT] [Fatal Error] :1:1: Premature end of file.
2026-06-06 17:50:54,685 [ERROR] LogOutputStream:75 - [STDERR_REDIRECT] 
2026-06-06 17:50:55,682 [ERROR] LogOutputStream:75 - [STDERR_REDIRECT] [Fatal Error] :1:1: Premature end of file.
2026-06-06 17:50:55,682 [ERROR] LogOutputStream:75 - [STDERR_REDIRECT] 
2026-06-06 17:50:56,693 [ERROR] LogOutputStream:75 - [STDERR_REDIRECT] [Fatal Error] :1:1: Premature end of file.
2026-06-06 17:50:56,693 [ERROR] LogOutputStream:75 - [STDERR_REDIRECT] 
2026-06-06 17:50:57,683 [ERROR] LogOutputStream:75 - [STDERR_REDIRECT] [Fatal Error] :1:1: Premature end of file.
2026-06-06 17:50:57,683 [ERROR] LogOutputStream:75 - [STDERR_REDIRECT] 
2026-06-06 17:50:58,686 [ERROR] LogOutputStream:75 - [STDERR_REDIRECT] [Fatal Error] :1:1: Premature end of file.
2026-06-06 17:50:58,686 [ERROR] LogOutputStream:75 - [STDERR_REDIRECT] 
2026-06-06 17:50:59,685 [ERROR] LogOutputStream:75 - [STDERR_REDIRECT] [Fatal Error] :1:1: Premature end of file.
2026-06-06 17:50:59,685 [ERROR] LogOutputStream:75 - [STDERR_REDIRECT] 
2026-06-06 17:51:00,695 [ERROR] LogOutputStream:75 - [STDERR_REDIRECT] [Fatal Error] :1:1: Premature end of file.
2026-06-06 17:51:00,695 [ERROR] LogOutputStream:75 - [STDERR_REDIRECT] 
2026-06-06 17:51:01,679 [ERROR] LogOutputStream:75 - [STDERR_REDIRECT] [Fatal Error] :1:1: Premature end of file.
2026-06-06 17:51:01,679 [ERROR] LogOutputStream:75 - [STDERR_REDIRECT] 
2026-06-06 17:51:02,683 [ERROR] LogOutputStream:75 - [STDERR_REDIRECT] [Fatal Error] :1:1: Premature end of file.
2026-06-06 17:51:02,683 [ERROR] LogOutputStream:75 - [STDERR_REDIRECT] 
2026-06-06 17:51:03,683 [ERROR] LogOutputStream:75 - [STDERR_REDIRECT] [Fatal Error] :1:1: Premature end of file.
2026-06-06 17:51:03,683 [ERROR] LogOutputStream:75 - [STDERR_REDIRECT] 
2026-06-06 17:51:04,681 [ERROR] LogOutputStream:75 - [STDERR_REDIRECT] [Fatal Error] :1:1: Premature end of file.
2026-06-06 17:51:04,681 [ERROR] LogOutputStream:75 - [STDERR_REDIRECT] 
2026-06-06 17:51:05,681 [ERROR] LogOutputStream:75 - [STDERR_REDIRECT] [Fatal Error] :1:1: Premature end of file.
2026-06-06 17:51:05,682 [ERROR] LogOutputStream:75 - [STDERR_REDIRECT] 
2026-06-06 17:51:06,683 [ERROR] LogOutputStream:75 - [STDERR_REDIRECT] [Fatal Error] :1:1: Premature end of file.
2026-06-06 17:51:06,683 [ERROR] LogOutputStream:75 - [STDERR_REDIRECT] 
2026-06-06 17:51:07,678 [ERROR] LogOutputStream:75 - [STDERR_REDIRECT] [Fatal Error] :1:1: Premature end of file.
2026-06-06 17:51:07,678 [ERROR] LogOutputStream:75 - [STDERR_REDIRECT] 
2026-06-06 17:51:08,684 [ERROR] LogOutputStream:75 - [STDERR_REDIRECT] [Fatal Error] :1:1: Premature end of file.
2026-06-06 17:51:08,684 [ERROR] LogOutputStream:75 - [STDERR_REDIRECT] 
2026-06-06 17:51:09,681 [ERROR] LogOutputStream:75 - [STDERR_REDIRECT] [Fatal Error] :1:1: Premature end of file.
2026-06-06 17:51:09,681 [ERROR] LogOutputStream:75 - [STDERR_REDIRECT] 
2026-06-06 17:51:10,680 [ERROR] LogOutputStream:75 - [STDERR_REDIRECT] [Fatal Error] :1:1: Premature end of file.
2026-06-06 17:51:10,680 [ERROR] LogOutputStream:75 - [STDERR_REDIRECT] 
2026-06-06 17:51:11,680 [ERROR] LogOutputStream:75 - [STDERR_REDIRECT] [Fatal Error] :1:1: Premature end of file.
2026-06-06 17:51:11,680 [ERROR] LogOutputStream:75 - [STDERR_REDIRECT] 
2026-06-06 17:51:12,687 [ERROR] LogOutputStream:75 - [STDERR_REDIRECT] [Fatal Error] :1:1: Premature end of file.
2026-06-06 17:51:12,688 [ERROR] LogOutputStream:75 - [STDERR_REDIRECT] 
2026-06-06 17:51:13,680 [ERROR] LogOutputStream:75 - [STDERR_REDIRECT] [Fatal Error] :1:1: Premature end of file.
2026-06-06 17:51:13,680 [ERROR] LogOutputStream:75 - [STDERR_REDIRECT] 
2026-06-06 17:51:14,682 [ERROR] LogOutputStream:75 - [STDERR_REDIRECT] [Fatal Error] :1:1: Premature end of file.
2026-06-06 17:51:14,682 [ERROR] LogOutputStream:75 - [STDERR_REDIRECT] 
2026-06-06 17:51:15,682 [ERROR] LogOutputStream:75 - [STDERR_REDIRECT] [Fatal Error] :1:1: Premature end of file.
2026-06-06 17:51:15,682 [ERROR] LogOutputStream:75 - [STDERR_REDIRECT] 
2026-06-06 17:51:16,680 [ERROR] LogOutputStream:75 - [STDERR_REDIRECT] [Fatal Error] :1:1: Premature end of file.
2026-06-06 17:51:16,680 [ERROR] LogOutputStream:75 - [STDERR_REDIRECT] 
2026-06-06 17:51:17,680 [ERROR] LogOutputStream:75 - [STDERR_REDIRECT] [Fatal Error] :1:1: Premature end of file.
2026-06-06 17:51:17,680 [ERROR] LogOutputStream:75 - [STDERR_REDIRECT] 
2026-06-06 17:51:18,681 [ERROR] LogOutputStream:75 - [STDERR_REDIRECT] [Fatal Error] :1:1: Premature end of file.
2026-06-06 17:51:18,681 [ERROR] LogOutputStream:75 - [STDERR_REDIRECT] 
2026-06-06 17:51:19,682 [ERROR] LogOutputStream:75 - [STDERR_REDIRECT] [Fatal Error] :1:1: Premature end of file.
2026-06-06 17:51:19,683 [ERROR] LogOutputStream:75 - [STDERR_REDIRECT] 
2026-06-06 17:51:20,679 [ERROR] LogOutputStream:75 - [STDERR_REDIRECT] [Fatal Error] :1:1: Premature end of file.
2026-06-06 17:51:20,679 [ERROR] LogOutputStream:75 - [STDERR_REDIRECT] 
2026-06-06 17:51:21,682 [ERROR] LogOutputStream:75 - [STDERR_REDIRECT] [Fatal Error] :1:1: Premature end of file.
2026-06-06 17:51:21,682 [ERROR] LogOutputStream:75 - [STDERR_REDIRECT] 
2026-06-06 17:51:22,681 [ERROR] LogOutputStream:75 - [STDERR_REDIRECT] [Fatal Error] :1:1: Premature end of file.
2026-06-06 17:51:22,682 [ERROR] LogOutputStream:75 - [STDERR_REDIRECT] 
2026-06-06 17:51:23,681 [ERROR] LogOutputStream:75 - [STDERR_REDIRECT] [Fatal Error] :1:1: Premature end of file.
2026-06-06 17:51:23,681 [ERROR] LogOutputStream:75 - [STDERR_REDIRECT] 
2026-06-06 17:51:24,686 [ERROR] LogOutputStream:75 - [STDERR_REDIRECT] [Fatal Error] :1:1: Premature end of file.
2026-06-06 17:51:24,686 [ERROR] LogOutputStream:75 - [STDERR_REDIRECT] 
2026-06-06 17:51:25,680 [ERROR] LogOutputStream:75 - [STDERR_REDIRECT] [Fatal Error] :1:1: Premature end of file.
2026-06-06 17:51:25,680 [ERROR] LogOutputStream:75 - [STDERR_REDIRECT] 
2026-06-06 17:51:26,680 [ERROR] LogOutputStream:75 - [STDERR_REDIRECT] [Fatal Error] :1:1: Premature end of file.
2026-06-06 17:51:26,680 [ERROR] LogOutputStream:75 - [STDERR_REDIRECT] 
2026-06-06 17:51:27,684 [ERROR] LogOutputStream:75 - [STDERR_REDIRECT] [Fatal Error] :1:1: Premature end of file.
2026-06-06 17:51:27,684 [ERROR] LogOutputStream:75 - [STDERR_REDIRECT] 
2026-06-06 17:51:28,684 [ERROR] LogOutputStream:75 - [STDERR_REDIRECT] [Fatal Error] :1:1: Premature end of file.
2026-06-06 17:51:28,684 [ERROR] LogOutputStream:75 - [STDERR_REDIRECT] 
2026-06-06 17:51:29,685 [ERROR] LogOutputStream:75 - [STDERR_REDIRECT] [Fatal Error] :1:1: Premature end of file.
2026-06-06 17:51:29,685 [ERROR] LogOutputStream:75 - [STDERR_REDIRECT] 
2026-06-06 17:51:30,679 [ERROR] LogOutputStream:75 - [STDERR_REDIRECT] [Fatal Error] :1:1: Premature end of file.
2026-06-06 17:51:30,679 [ERROR] LogOutputStream:75 - [STDERR_REDIRECT] 
2026-06-06 17:51:31,682 [ERROR] LogOutputStream:75 - [STDERR_REDIRECT] [Fatal Error] :1:1: Premature end of file.
2026-06-06 17:51:31,682 [ERROR] LogOutputStream:75 - [STDERR_REDIRECT] 
2026-06-06 17:51:32,680 [ERROR] LogOutputStream:75 - [STDERR_REDIRECT] [Fatal Error] :1:1: Premature end of file.
2026-06-06 17:51:32,680 [ERROR] LogOutputStream:75 - [STDERR_REDIRECT] 
2026-06-06 17:51:33,680 [ERROR] LogOutputStream:75 - [STDERR_REDIRECT] [Fatal Error] :1:1: Premature end of file.
2026-06-06 17:51:33,680 [ERROR] LogOutputStream:75 - [STDERR_REDIRECT] 
2026-06-06 17:51:34,679 [ERROR] LogOutputStream:75 - [STDERR_REDIRECT] [Fatal Error] :1:1: Premature end of file.
2026-06-06 17:51:34,679 [ERROR] LogOutputStream:75 - [STDERR_REDIRECT] 
2026-06-06 17:51:35,680 [ERROR] LogOutputStream:75 - [STDERR_REDIRECT] [Fatal Error] :1:1: Premature end of file.
2026-06-06 17:51:35,680 [ERROR] LogOutputStream:75 - [STDERR_REDIRECT] 
2026-06-06 17:51:36,680 [ERROR] LogOutputStream:75 - [STDERR_REDIRECT] [Fatal Error] :1:1: Premature end of file.
2026-06-06 17:51:36,680 [ERROR] LogOutputStream:75 - [STDERR_REDIRECT] 
2026-06-06 17:51:37,682 [ERROR] LogOutputStream:75 - [STDERR_REDIRECT] [Fatal Error] :1:1: Premature end of file.
2026-06-06 17:51:37,683 [ERROR] LogOutputStream:75 - [STDERR_REDIRECT] 
2026-06-06 17:51:38,681 [ERROR] LogOutputStream:75 - [STDERR_REDIRECT] [Fatal Error] :1:1: Premature end of file.
2026-06-06 17:51:38,681 [ERROR] LogOutputStream:75 - [STDERR_REDIRECT] 
2026-06-06 17:51:39,683 [ERROR] LogOutputStream:75 - [STDERR_REDIRECT] [Fatal Error] :1:1: Premature end of file.
2026-06-06 17:51:39,683 [ERROR] LogOutputStream:75 - [STDERR_REDIRECT] 
2026-06-06 17:51:40,680 [ERROR] LogOutputStream:75 - [STDERR_REDIRECT] [Fatal Error] :1:1: Premature end of file.
2026-06-06 17:51:40,680 [ERROR] LogOutputStream:75 - [STDERR_REDIRECT] 
2026-06-06 17:51:41,684 [ERROR] LogOutputStream:75 - [STDERR_REDIRECT] [Fatal Error] :1:1: Premature end of file.
2026-06-06 17:51:41,684 [ERROR] LogOutputStream:75 - [STDERR_REDIRECT] 
2026-06-06 17:51:42,680 [ERROR] LogOutputStream:75 - [STDERR_REDIRECT] [Fatal Error] :1:1: Premature end of file.
2026-06-06 17:51:42,680 [ERROR] LogOutputStream:75 - [STDERR_REDIRECT] 
2026-06-06 17:51:43,682 [ERROR] LogOutputStream:75 - [STDERR_REDIRECT] [Fatal Error] :1:1: Premature end of file.
2026-06-06 17:51:43,682 [ERROR] LogOutputStream:75 - [STDERR_REDIRECT] 
2026-06-06 17:51:44,693 [ERROR] LogOutputStream:75 - [STDERR_REDIRECT] [Fatal Error] :1:1: Premature end of file.
2026-06-06 17:51:44,693 [ERROR] LogOutputStream:75 - [STDERR_REDIRECT] 
2026-06-06 17:51:45,683 [ERROR] LogOutputStream:75 - [STDERR_REDIRECT] [Fatal Error] :1:1: Premature end of file.
2026-06-06 17:51:45,683 [ERROR] LogOutputStream:75 - [STDERR_REDIRECT] 
2026-06-06 17:51:46,688 [ERROR] LogOutputStream:75 - [STDERR_REDIRECT] [Fatal Error] :1:1: Premature end of file.
2026-06-06 17:51:46,688 [ERROR] LogOutputStream:75 - [STDERR_REDIRECT] 
2026-06-06 17:51:47,683 [ERROR] LogOutputStream:75 - [STDERR_REDIRECT] [Fatal Error] :1:1: Premature end of file.
2026-06-06 17:51:47,684 [ERROR] LogOutputStream:75 - [STDERR_REDIRECT] 
2026-06-06 17:51:48,682 [ERROR] LogOutputStream:75 - [STDERR_REDIRECT] [Fatal Error] :1:1: Premature end of file.
2026-06-06 17:51:48,683 [ERROR] LogOutputStream:75 - [STDERR_REDIRECT] 
2026-06-06 17:51:49,687 [ERROR] LogOutputStream:75 - [STDERR_REDIRECT] [Fatal Error] :1:1: Premature end of file.
2026-06-06 17:51:49,687 [ERROR] LogOutputStream:75 - [STDERR_REDIRECT] 
2026-06-06 17:51:50,684 [ERROR] LogOutputStream:75 - [STDERR_REDIRECT] [Fatal Error] :1:1: Premature end of file.
2026-06-06 17:51:50,684 [ERROR] LogOutputStream:75 - [STDERR_REDIRECT] 
2026-06-06 17:51:51,685 [ERROR] LogOutputStream:75 - [STDERR_REDIRECT] [Fatal Error] :1:1: Premature end of file.
2026-06-06 17:51:51,685 [ERROR] LogOutputStream:75 - [STDERR_REDIRECT] 
2026-06-06 17:51:52,682 [ERROR] LogOutputStream:75 - [STDERR_REDIRECT] [Fatal Error] :1:1: Premature end of file.
2026-06-06 17:51:52,682 [ERROR] LogOutputStream:75 - [STDERR_REDIRECT] 
2026-06-06 17:51:53,679 [ERROR] LogOutputStream:75 - [STDERR_REDIRECT] [Fatal Error] :1:1: Premature end of file.
2026-06-06 17:51:53,680 [ERROR] LogOutputStream:75 - [STDERR_REDIRECT] 
2026-06-06 17:51:54,685 [ERROR] LogOutputStream:75 - [STDERR_REDIRECT] [Fatal Error] :1:1: Premature end of file.
2026-06-06 17:51:54,686 [ERROR] LogOutputStream:75 - [STDERR_REDIRECT] 
2026-06-06 17:51:55,682 [ERROR] LogOutputStream:75 - [STDERR_REDIRECT] [Fatal Error] :1:1: Premature end of file.
2026-06-06 17:51:55,683 [ERROR] LogOutputStream:75 - [STDERR_REDIRECT] 
2026-06-06 17:51:56,684 [ERROR] LogOutputStream:75 - [STDERR_REDIRECT] [Fatal Error] :1:1: Premature end of file.
2026-06-06 17:51:56,684 [ERROR] LogOutputStream:75 - [STDERR_REDIRECT] 
2026-06-06 17:51:57,691 [ERROR] LogOutputStream:75 - [STDERR_REDIRECT] [Fatal Error] :1:1: Premature end of file.
2026-06-06 17:51:57,691 [ERROR] LogOutputStream:75 - [STDERR_REDIRECT] 
2026-06-06 17:51:58,688 [ERROR] LogOutputStream:75 - [STDERR_REDIRECT] [Fatal Error] :1:1: Premature end of file.
2026-06-06 17:51:58,688 [ERROR] LogOutputStream:75 - [STDERR_REDIRECT] 
2026-06-06 17:51:59,688 [ERROR] LogOutputStream:75 - [STDERR_REDIRECT] [Fatal Error] :1:1: Premature end of file.
2026-06-06 17:51:59,688 [ERROR] LogOutputStream:75 - [STDERR_REDIRECT] 
2026-06-06 17:52:00,682 [ERROR] LogOutputStream:75 - [STDERR_REDIRECT] [Fatal Error] :1:1: Premature end of file.
2026-06-06 17:52:00,683 [ERROR] LogOutputStream:75 - [STDERR_REDIRECT] 
2026-06-06 17:52:01,681 [ERROR] LogOutputStream:75 - [STDERR_REDIRECT] [Fatal Error] :1:1: Premature end of file.
2026-06-06 17:52:01,681 [ERROR] LogOutputStream:75 - [STDERR_REDIRECT] 
2026-06-06 17:52:02,687 [ERROR] LogOutputStream:75 - [STDERR_REDIRECT] [Fatal Error] :1:1: Premature end of file.
2026-06-06 17:52:02,687 [ERROR] LogOutputStream:75 - [STDERR_REDIRECT] 
2026-06-06 17:52:03,682 [ERROR] LogOutputStream:75 - [STDERR_REDIRECT] [Fatal Error] :1:1: Premature end of file.
2026-06-06 17:52:03,683 [ERROR] LogOutputStream:75 - [STDERR_REDIRECT] 
2026-06-06 17:52:04,686 [ERROR] LogOutputStream:75 - [STDERR_REDIRECT] [Fatal Error] :1:1: Premature end of file.
2026-06-06 17:52:04,687 [ERROR] LogOutputStream:75 - [STDERR_REDIRECT] 
2026-06-06 17:52:05,682 [ERROR] LogOutputStream:75 - [STDERR_REDIRECT] [Fatal Error] :1:1: Premature end of file.
2026-06-06 17:52:05,682 [ERROR] LogOutputStream:75 - [STDERR_REDIRECT] 
2026-06-06 17:52:06,684 [ERROR] LogOutputStream:75 - [STDERR_REDIRECT] [Fatal Error] :1:1: Premature end of file.
2026-06-06 17:52:06,684 [ERROR] LogOutputStream:75 - [STDERR_REDIRECT] 
2026-06-06 17:52:07,683 [ERROR] LogOutputStream:75 - [STDERR_REDIRECT] [Fatal Error] :1:1: Premature end of file.
2026-06-06 17:52:07,683 [ERROR] LogOutputStream:75 - [STDERR_REDIRECT] 
2026-06-06 17:52:08,685 [ERROR] LogOutputStream:75 - [STDERR_REDIRECT] [Fatal Error] :1:1: Premature end of file.
2026-06-06 17:52:08,685 [ERROR] LogOutputStream:75 - [STDERR_REDIRECT] 
2026-06-06 17:52:09,689 [ERROR] LogOutputStream:75 - [STDERR_REDIRECT] [Fatal Error] :1:1: Premature end of file.
2026-06-06 17:52:09,689 [ERROR] LogOutputStream:75 - [STDERR_REDIRECT] 
2026-06-06 17:52:10,684 [ERROR] LogOutputStream:75 - [STDERR_REDIRECT] [Fatal Error] :1:1: Premature end of file.
2026-06-06 17:52:10,684 [ERROR] LogOutputStream:75 - [STDERR_REDIRECT] 
2026-06-06 17:52:11,684 [ERROR] LogOutputStream:75 - [STDERR_REDIRECT] [Fatal Error] :1:1: Premature end of file.
2026-06-06 17:52:11,684 [ERROR] LogOutputStream:75 - [STDERR_REDIRECT] 
2026-06-06 17:52:12,682 [ERROR] LogOutputStream:75 - [STDERR_REDIRECT] [Fatal Error] :1:1: Premature end of file.
2026-06-06 17:52:12,682 [ERROR] LogOutputStream:75 - [STDERR_REDIRECT] 
2026-06-06 17:52:13,687 [ERROR] LogOutputStream:75 - [STDERR_REDIRECT] [Fatal Error] :1:1: Premature end of file.
2026-06-06 17:52:13,688 [ERROR] LogOutputStream:75 - [STDERR_REDIRECT] 
2026-06-06 17:52:14,685 [ERROR] LogOutputStream:75 - [STDERR_REDIRECT] [Fatal Error] :1:1: Premature end of file.
2026-06-06 17:52:14,685 [ERROR] LogOutputStream:75 - [STDERR_REDIRECT] 
2026-06-06 17:52:15,688 [ERROR] LogOutputStream:75 - [STDERR_REDIRECT] [Fatal Error] :1:1: Premature end of file.
2026-06-06 17:52:15,688 [ERROR] LogOutputStream:75 - [STDERR_REDIRECT] 
2026-06-06 17:52:16,685 [ERROR] LogOutputStream:75 - [STDERR_REDIRECT] [Fatal Error] :1:1: Premature end of file.
2026-06-06 17:52:16,685 [ERROR] LogOutputStream:75 - [STDERR_REDIRECT] 
2026-06-06 17:52:17,683 [ERROR] LogOutputStream:75 - [STDERR_REDIRECT] [Fatal Error] :1:1: Premature end of file.
2026-06-06 17:52:17,683 [ERROR] LogOutputStream:75 - [STDERR_REDIRECT] 
2026-06-06 17:52:18,684 [ERROR] LogOutputStream:75 - [STDERR_REDIRECT] [Fatal Error] :1:1: Premature end of file.
2026-06-06 17:52:18,684 [ERROR] LogOutputStream:75 - [STDERR_REDIRECT] 
2026-06-06 17:52:19,687 [ERROR] LogOutputStream:75 - [STDERR_REDIRECT] [Fatal Error] :1:1: Premature end of file.
2026-06-06 17:52:19,687 [ERROR] LogOutputStream:75 - [STDERR_REDIRECT] 
2026-06-06 17:52:20,689 [ERROR] LogOutputStream:75 - [STDERR_REDIRECT] [Fatal Error] :1:1: Premature end of file.
2026-06-06 17:52:20,690 [ERROR] LogOutputStream:75 - [STDERR_REDIRECT] 
2026-06-06 17:52:21,689 [ERROR] LogOutputStream:75 - [STDERR_REDIRECT] [Fatal Error] :1:1: Premature end of file.
2026-06-06 17:52:21,689 [ERROR] LogOutputStream:75 - [STDERR_REDIRECT] 
2026-06-06 17:52:22,687 [ERROR] LogOutputStream:75 - [STDERR_REDIRECT] [Fatal Error] :1:1: Premature end of file.
2026-06-06 17:52:22,687 [ERROR] LogOutputStream:75 - [STDERR_REDIRECT] 
2026-06-06 17:52:23,684 [ERROR] LogOutputStream:75 - [STDERR_REDIRECT] [Fatal Error] :1:1: Premature end of file.
2026-06-06 17:52:23,684 [ERROR] LogOutputStream:75 - [STDERR_REDIRECT] 
2026-06-06 17:52:24,683 [ERROR] LogOutputStream:75 - [STDERR_REDIRECT] [Fatal Error] :1:1: Premature end of file.
2026-06-06 17:52:24,683 [ERROR] LogOutputStream:75 - [STDERR_REDIRECT] 
2026-06-06 17:52:25,687 [ERROR] LogOutputStream:75 - [STDERR_REDIRECT] [Fatal Error] :1:1: Premature end of file.
2026-06-06 17:52:25,687 [ERROR] LogOutputStream:75 - [STDERR_REDIRECT] 
2026-06-06 17:52:26,690 [ERROR] LogOutputStream:75 - [STDERR_REDIRECT] [Fatal Error] :1:1: Premature end of file.
2026-06-06 17:52:26,690 [ERROR] LogOutputStream:75 - [STDERR_REDIRECT] 
2026-06-06 17:52:27,687 [ERROR] LogOutputStream:75 - [STDERR_REDIRECT] [Fatal Error] :1:1: Premature end of file.
2026-06-06 17:52:27,687 [ERROR] LogOutputStream:75 - [STDERR_REDIRECT] 
2026-06-06 17:52:28,698 [ERROR] LogOutputStream:75 - [STDERR_REDIRECT] [Fatal Error] :1:1: Premature end of file.
2026-06-06 17:52:28,698 [ERROR] LogOutputStream:75 - [STDERR_REDIRECT] 
2026-06-06 17:52:29,683 [ERROR] LogOutputStream:75 - [STDERR_REDIRECT] [Fatal Error] :1:1: Premature end of file.
2026-06-06 17:52:29,683 [ERROR] LogOutputStream:75 - [STDERR_REDIRECT] 
2026-06-06 17:52:30,685 [ERROR] LogOutputStream:75 - [STDERR_REDIRECT] [Fatal Error] :1:1: Premature end of file.
2026-06-06 17:52:30,685 [ERROR] LogOutputStream:75 - [STDERR_REDIRECT] 
2026-06-06 17:52:31,684 [ERROR] LogOutputStream:75 - [STDERR_REDIRECT] [Fatal Error] :1:1: Premature end of file.
2026-06-06 17:52:31,684 [ERROR] LogOutputStream:75 - [STDERR_REDIRECT] 
2026-06-06 17:52:32,685 [ERROR] LogOutputStream:75 - [STDERR_REDIRECT] [Fatal Error] :1:1: Premature end of file.
2026-06-06 17:52:32,685 [ERROR] LogOutputStream:75 - [STDERR_REDIRECT] 
2026-06-06 17:52:33,684 [ERROR] LogOutputStream:75 - [STDERR_REDIRECT] [Fatal Error] :1:1: Premature end of file.
2026-06-06 17:52:33,684 [ERROR] LogOutputStream:75 - [STDERR_REDIRECT] 
2026-06-06 17:52:34,688 [ERROR] LogOutputStream:75 - [STDERR_REDIRECT] [Fatal Error] :1:1: Premature end of file.
2026-06-06 17:52:34,688 [ERROR] LogOutputStream:75 - [STDERR_REDIRECT] 
2026-06-06 17:52:35,685 [ERROR] LogOutputStream:75 - [STDERR_REDIRECT] [Fatal Error] :1:1: Premature end of file.
2026-06-06 17:52:35,685 [ERROR] LogOutputStream:75 - [STDERR_REDIRECT] 
2026-06-06 17:52:36,685 [ERROR] LogOutputStream:75 - [STDERR_REDIRECT] [Fatal Error] :1:1: Premature end of file.
2026-06-06 17:52:36,686 [ERROR] LogOutputStream:75 - [STDERR_REDIRECT] 
2026-06-06 17:52:37,684 [ERROR] LogOutputStream:75 - [STDERR_REDIRECT] [Fatal Error] :1:1: Premature end of file.
2026-06-06 17:52:37,684 [ERROR] LogOutputStream:75 - [STDERR_REDIRECT] 
2026-06-06 17:52:38,682 [ERROR] LogOutputStream:75 - [STDERR_REDIRECT] [Fatal Error] :1:1: Premature end of file.
2026-06-06 17:52:38,682 [ERROR] LogOutputStream:75 - [STDERR_REDIRECT] 
2026-06-06 17:52:39,688 [ERROR] LogOutputStream:75 - [STDERR_REDIRECT] [Fatal Error] :1:1: Premature end of file.
2026-06-06 17:52:39,688 [ERROR] LogOutputStream:75 - [STDERR_REDIRECT] 
2026-06-06 17:52:40,682 [ERROR] LogOutputStream:75 - [STDERR_REDIRECT] [Fatal Error] :1:1: Premature end of file.
2026-06-06 17:52:40,682 [ERROR] LogOutputStream:75 - [STDERR_REDIRECT] 
2026-06-06 17:52:41,684 [ERROR] LogOutputStream:75 - [STDERR_REDIRECT] [Fatal Error] :1:1: Premature end of file.
2026-06-06 17:52:41,684 [ERROR] LogOutputStream:75 - [STDERR_REDIRECT] 
2026-06-06 17:52:42,685 [ERROR] LogOutputStream:75 - [STDERR_REDIRECT] [Fatal Error] :1:1: Premature end of file.
2026-06-06 17:52:42,685 [ERROR] LogOutputStream:75 - [STDERR_REDIRECT] 
2026-06-06 17:52:43,692 [ERROR] LogOutputStream:75 - [STDERR_REDIRECT] [Fatal Error] :1:1: Premature end of file.
2026-06-06 17:52:43,692 [ERROR] LogOutputStream:75 - [STDERR_REDIRECT] 
2026-06-06 17:52:44,683 [ERROR] LogOutputStream:75 - [STDERR_REDIRECT] [Fatal Error] :1:1: Premature end of file.
2026-06-06 17:52:44,684 [ERROR] LogOutputStream:75 - [STDERR_REDIRECT] 
2026-06-06 17:52:45,690 [ERROR] LogOutputStream:75 - [STDERR_REDIRECT] [Fatal Error] :1:1: Premature end of file.
2026-06-06 17:52:45,690 [ERROR] LogOutputStream:75 - [STDERR_REDIRECT] 
2026-06-06 17:52:46,686 [ERROR] LogOutputStream:75 - [STDERR_REDIRECT] [Fatal Error] :1:1: Premature end of file.
2026-06-06 17:52:46,687 [ERROR] LogOutputStream:75 - [STDERR_REDIRECT] 
2026-06-06 17:52:47,686 [ERROR] LogOutputStream:75 - [STDERR_REDIRECT] [Fatal Error] :1:1: Premature end of file.
2026-06-06 17:52:47,686 [ERROR] LogOutputStream:75 - [STDERR_REDIRECT] 
2026-06-06 17:52:48,687 [ERROR] LogOutputStream:75 - [STDERR_REDIRECT] [Fatal Error] :1:1: Premature end of file.
2026-06-06 17:52:48,687 [ERROR] LogOutputStream:75 - [STDERR_REDIRECT] 
2026-06-06 17:52:49,686 [ERROR] LogOutputStream:75 - [STDERR_REDIRECT] [Fatal Error] :1:1: Premature end of file.
2026-06-06 17:52:49,686 [ERROR] LogOutputStream:75 - [STDERR_REDIRECT] 
2026-06-06 17:52:50,683 [ERROR] LogOutputStream:75 - [STDERR_REDIRECT] [Fatal Error] :1:1: Premature end of file.
2026-06-06 17:52:50,683 [ERROR] LogOutputStream:75 - [STDERR_REDIRECT] 
2026-06-06 17:52:51,690 [ERROR] LogOutputStream:75 - [STDERR_REDIRECT] [Fatal Error] :1:1: Premature end of file.
2026-06-06 17:52:51,691 [ERROR] LogOutputStream:75 - [STDERR_REDIRECT] 
2026-06-06 17:52:52,687 [ERROR] LogOutputStream:75 - [STDERR_REDIRECT] [Fatal Error] :1:1: Premature end of file.
2026-06-06 17:52:52,687 [ERROR] LogOutputStream:75 - [STDERR_REDIRECT] 
2026-06-06 17:52:53,688 [ERROR] LogOutputStream:75 - [STDERR_REDIRECT] [Fatal Error] :1:1: Premature end of file.
2026-06-06 17:52:53,688 [ERROR] LogOutputStream:75 - [STDERR_REDIRECT] 
2026-06-06 17:52:54,686 [ERROR] LogOutputStream:75 - [STDERR_REDIRECT] [Fatal Error] :1:1: Premature end of file.
2026-06-06 17:52:54,686 [ERROR] LogOutputStream:75 - [STDERR_REDIRECT] 
2026-06-06 17:52:55,685 [ERROR] LogOutputStream:75 - [STDERR_REDIRECT] [Fatal Error] :1:1: Premature end of file.
2026-06-06 17:52:55,686 [ERROR] LogOutputStream:75 - [STDERR_REDIRECT] 
2026-06-06 17:52:56,682 [ERROR] LogOutputStream:75 - [STDERR_REDIRECT] [Fatal Error] :1:1: Premature end of file.
2026-06-06 17:52:56,682 [ERROR] LogOutputStream:75 - [STDERR_REDIRECT] 
2026-06-06 17:52:57,688 [ERROR] LogOutputStream:75 - [STDERR_REDIRECT] [Fatal Error] :1:1: Premature end of file.
2026-06-06 17:52:57,688 [ERROR] LogOutputStream:75 - [STDERR_REDIRECT] 
2026-06-06 17:52:58,684 [ERROR] LogOutputStream:75 - [STDERR_REDIRECT] [Fatal Error] :1:1: Premature end of file.
2026-06-06 17:52:58,684 [ERROR] LogOutputStream:75 - [STDERR_REDIRECT] 
2026-06-06 17:52:59,692 [ERROR] LogOutputStream:75 - [STDERR_REDIRECT] [Fatal Error] :1:1: Premature end of file.
2026-06-06 17:52:59,692 [ERROR] LogOutputStream:75 - [STDERR_REDIRECT] 
2026-06-06 17:53:00,685 [ERROR] LogOutputStream:75 - [STDERR_REDIRECT] [Fatal Error] :1:1: Premature end of file.
2026-06-06 17:53:00,685 [ERROR] LogOutputStream:75 - [STDERR_REDIRECT] 
2026-06-06 17:53:01,684 [ERROR] LogOutputStream:75 - [STDERR_REDIRECT] [Fatal Error] :1:1: Premature end of file.
2026-06-06 17:53:01,685 [ERROR] LogOutputStream:75 - [STDERR_REDIRECT] 
2026-06-06 17:53:02,681 [ERROR] LogOutputStream:75 - [STDERR_REDIRECT] [Fatal Error] :1:1: Premature end of file.
2026-06-06 17:53:02,681 [ERROR] LogOutputStream:75 - [STDERR_REDIRECT] 
2026-06-06 17:53:03,682 [ERROR] LogOutputStream:75 - [STDERR_REDIRECT] [Fatal Error] :1:1: Premature end of file.
2026-06-06 17:53:03,685 [ERROR] LogOutputStream:75 - [STDERR_REDIRECT] 
2026-06-06 17:53:04,681 [ERROR] LogOutputStream:75 - [STDERR_REDIRECT] [Fatal Error] :1:1: Premature end of file.
2026-06-06 17:53:04,682 [ERROR] LogOutputStream:75 - [STDERR_REDIRECT] 
2026-06-06 17:53:05,694 [ERROR] LogOutputStream:75 - [STDERR_REDIRECT] [Fatal Error] :1:1: Premature end of file.
2026-06-06 17:53:05,694 [ERROR] LogOutputStream:75 - [STDERR_REDIRECT] 
2026-06-06 17:53:06,685 [ERROR] LogOutputStream:75 - [STDERR_REDIRECT] [Fatal Error] :1:1: Premature end of file.
2026-06-06 17:53:06,685 [ERROR] LogOutputStream:75 - [STDERR_REDIRECT] 
2026-06-06 17:53:07,684 [ERROR] LogOutputStream:75 - [STDERR_REDIRECT] [Fatal Error] :1:1: Premature end of file.
2026-06-06 17:53:07,684 [ERROR] LogOutputStream:75 - [STDERR_REDIRECT] 
2026-06-06 17:53:08,686 [ERROR] LogOutputStream:75 - [STDERR_REDIRECT] [Fatal Error] :1:1: Premature end of file.
2026-06-06 17:53:08,686 [ERROR] LogOutputStream:75 - [STDERR_REDIRECT] 
2026-06-06 17:53:09,686 [ERROR] LogOutputStream:75 - [STDERR_REDIRECT] [Fatal Error] :1:1: Premature end of file.
2026-06-06 17:53:09,687 [ERROR] LogOutputStream:75 - [STDERR_REDIRECT] 
2026-06-06 17:53:10,679 [ERROR] LogOutputStream:75 - [STDERR_REDIRECT] [Fatal Error] :1:1: Premature end of file.
2026-06-06 17:53:10,679 [ERROR] LogOutputStream:75 - [STDERR_REDIRECT] 
2026-06-06 17:53:11,682 [ERROR] LogOutputStream:75 - [STDERR_REDIRECT] [Fatal Error] :1:1: Premature end of file.
2026-06-06 17:53:11,682 [ERROR] LogOutputStream:75 - [STDERR_REDIRECT] 
2026-06-06 17:53:12,680 [ERROR] LogOutputStream:75 - [STDERR_REDIRECT] [Fatal Error] :1:1: Premature end of file.
2026-06-06 17:53:12,680 [ERROR] LogOutputStream:75 - [STDERR_REDIRECT] 
2026-06-06 17:53:13,682 [ERROR] LogOutputStream:75 - [STDERR_REDIRECT] [Fatal Error] :1:1: Premature end of file.
2026-06-06 17:53:13,683 [ERROR] LogOutputStream:75 - [STDERR_REDIRECT] 
2026-06-06 17:53:14,680 [ERROR] LogOutputStream:75 - [STDERR_REDIRECT] [Fatal Error] :1:1: Premature end of file.
2026-06-06 17:53:14,681 [ERROR] LogOutputStream:75 - [STDERR_REDIRECT] 
2026-06-06 17:53:15,680 [ERROR] LogOutputStream:75 - [STDERR_REDIRECT] [Fatal Error] :1:1: Premature end of file.
2026-06-06 17:53:15,680 [ERROR] LogOutputStream:75 - [STDERR_REDIRECT] 
2026-06-06 17:53:16,686 [ERROR] LogOutputStream:75 - [STDERR_REDIRECT] [Fatal Error] :1:1: Premature end of file.
2026-06-06 17:53:16,686 [ERROR] LogOutputStream:75 - [STDERR_REDIRECT] 
2026-06-06 17:53:17,683 [ERROR] LogOutputStream:75 - [STDERR_REDIRECT] [Fatal Error] :1:1: Premature end of file.
2026-06-06 17:53:17,683 [ERROR] LogOutputStream:75 - [STDERR_REDIRECT] 
2026-06-06 17:53:18,682 [ERROR] LogOutputStream:75 - [STDERR_REDIRECT] [Fatal Error] :1:1: Premature end of file.
2026-06-06 17:53:18,682 [ERROR] LogOutputStream:75 - [STDERR_REDIRECT] 
2026-06-06 17:53:19,686 [ERROR] LogOutputStream:75 - [STDERR_REDIRECT] [Fatal Error] :1:1: Premature end of file.
2026-06-06 17:53:19,686 [ERROR] LogOutputStream:75 - [STDERR_REDIRECT] 
2026-06-06 17:53:20,681 [ERROR] LogOutputStream:75 - [STDERR_REDIRECT] [Fatal Error] :1:1: Premature end of file.
2026-06-06 17:53:20,681 [ERROR] LogOutputStream:75 - [STDERR_REDIRECT] 
2026-06-06 17:53:21,679 [ERROR] LogOutputStream:75 - [STDERR_REDIRECT] [Fatal Error] :1:1: Premature end of file.
2026-06-06 17:53:21,680 [ERROR] LogOutputStream:75 - [STDERR_REDIRECT] 
2026-06-06 17:53:22,681 [ERROR] LogOutputStream:75 - [STDERR_REDIRECT] [Fatal Error] :1:1: Premature end of file.
2026-06-06 17:53:22,681 [ERROR] LogOutputStream:75 - [STDERR_REDIRECT] 
2026-06-06 17:53:23,680 [ERROR] LogOutputStream:75 - [STDERR_REDIRECT] [Fatal Error] :1:1: Premature end of file.
2026-06-06 17:53:23,680 [ERROR] LogOutputStream:75 - [STDERR_REDIRECT] 
2026-06-06 17:53:24,682 [ERROR] LogOutputStream:75 - [STDERR_REDIRECT] [Fatal Error] :1:1: Premature end of file.
2026-06-06 17:53:24,682 [ERROR] LogOutputStream:75 - [STDERR_REDIRECT] 
2026-06-06 17:53:25,682 [ERROR] LogOutputStream:75 - [STDERR_REDIRECT] [Fatal Error] :1:1: Premature end of file.
2026-06-06 17:53:25,682 [ERROR] LogOutputStream:75 - [STDERR_REDIRECT] 
2026-06-06 17:53:26,682 [ERROR] LogOutputStream:75 - [STDERR_REDIRECT] [Fatal Error] :1:1: Premature end of file.
2026-06-06 17:53:26,682 [ERROR] LogOutputStream:75 - [STDERR_REDIRECT] 
2026-06-06 17:53:27,680 [ERROR] LogOutputStream:75 - [STDERR_REDIRECT] [Fatal Error] :1:1: Premature end of file.
2026-06-06 17:53:27,681 [ERROR] LogOutputStream:75 - [STDERR_REDIRECT] 
2026-06-06 17:53:28,684 [ERROR] LogOutputStream:75 - [STDERR_REDIRECT] [Fatal Error] :1:1: Premature end of file.
2026-06-06 17:53:28,684 [ERROR] LogOutputStream:75 - [STDERR_REDIRECT] 
2026-06-06 17:53:29,683 [ERROR] LogOutputStream:75 - [STDERR_REDIRECT] [Fatal Error] :1:1: Premature end of file.
2026-06-06 17:53:29,684 [ERROR] LogOutputStream:75 - [STDERR_REDIRECT] 
2026-06-06 17:53:30,680 [ERROR] LogOutputStream:75 - [STDERR_REDIRECT] [Fatal Error] :1:1: Premature end of file.
2026-06-06 17:53:30,680 [ERROR] LogOutputStream:75 - [STDERR_REDIRECT] 
2026-06-06 17:53:31,684 [ERROR] LogOutputStream:75 - [STDERR_REDIRECT] [Fatal Error] :1:1: Premature end of file.
2026-06-06 17:53:31,684 [ERROR] LogOutputStream:75 - [STDERR_REDIRECT] 
2026-06-06 17:53:32,681 [ERROR] LogOutputStream:75 - [STDERR_REDIRECT] [Fatal Error] :1:1: Premature end of file.
2026-06-06 17:53:32,681 [ERROR] LogOutputStream:75 - [STDERR_REDIRECT] 
2026-06-06 17:53:33,681 [ERROR] LogOutputStream:75 - [STDERR_REDIRECT] [Fatal Error] :1:1: Premature end of file.
2026-06-06 17:53:33,681 [ERROR] LogOutputStream:75 - [STDERR_REDIRECT] 
2026-06-06 17:53:34,684 [ERROR] LogOutputStream:75 - [STDERR_REDIRECT] [Fatal Error] :1:1: Premature end of file.
2026-06-06 17:53:34,684 [ERROR] LogOutputStream:75 - [STDERR_REDIRECT] 
2026-06-06 17:53:35,681 [ERROR] LogOutputStream:75 - [STDERR_REDIRECT] [Fatal Error] :1:1: Premature end of file.
2026-06-06 17:53:35,681 [ERROR] LogOutputStream:75 - [STDERR_REDIRECT] 
2026-06-06 17:53:36,685 [ERROR] LogOutputStream:75 - [STDERR_REDIRECT] [Fatal Error] :1:1: Premature end of file.
2026-06-06 17:53:36,685 [ERROR] LogOutputStream:75 - [STDERR_REDIRECT] 
2026-06-06 17:53:37,681 [ERROR] LogOutputStream:75 - [STDERR_REDIRECT] [Fatal Error] :1:1: Premature end of file.
2026-06-06 17:53:37,681 [ERROR] LogOutputStream:75 - [STDERR_REDIRECT] 
2026-06-06 17:53:38,682 [ERROR] LogOutputStream:75 - [STDERR_REDIRECT] [Fatal Error] :1:1: Premature end of file.
2026-06-06 17:53:38,682 [ERROR] LogOutputStream:75 - [STDERR_REDIRECT] 
2026-06-06 17:53:39,682 [ERROR] LogOutputStream:75 - [STDERR_REDIRECT] [Fatal Error] :1:1: Premature end of file.
2026-06-06 17:53:39,682 [ERROR] LogOutputStream:75 - [STDERR_REDIRECT] 
2026-06-06 17:53:40,686 [ERROR] LogOutputStream:75 - [STDERR_REDIRECT] [Fatal Error] :1:1: Premature end of file.
2026-06-06 17:53:40,686 [ERROR] LogOutputStream:75 - [STDERR_REDIRECT] 
2026-06-06 17:53:41,682 [ERROR] LogOutputStream:75 - [STDERR_REDIRECT] [Fatal Error] :1:1: Premature end of file.
2026-06-06 17:53:41,683 [ERROR] LogOutputStream:75 - [STDERR_REDIRECT] 
2026-06-06 17:53:42,681 [ERROR] LogOutputStream:75 - [STDERR_REDIRECT] [Fatal Error] :1:1: Premature end of file.
2026-06-06 17:53:42,681 [ERROR] LogOutputStream:75 - [STDERR_REDIRECT] 
2026-06-06 17:53:43,681 [ERROR] LogOutputStream:75 - [STDERR_REDIRECT] [Fatal Error] :1:1: Premature end of file.
2026-06-06 17:53:43,681 [ERROR] LogOutputStream:75 - [STDERR_REDIRECT] 
2026-06-06 17:53:44,681 [ERROR] LogOutputStream:75 - [STDERR_REDIRECT] [Fatal Error] :1:1: Premature end of file.
2026-06-06 17:53:44,682 [ERROR] LogOutputStream:75 - [STDERR_REDIRECT] 
2026-06-06 17:53:45,681 [ERROR] LogOutputStream:75 - [STDERR_REDIRECT] [Fatal Error] :1:1: Premature end of file.
2026-06-06 17:53:45,681 [ERROR] LogOutputStream:75 - [STDERR_REDIRECT] 
2026-06-06 17:53:46,687 [ERROR] LogOutputStream:75 - [STDERR_REDIRECT] [Fatal Error] :1:1: Premature end of file.
2026-06-06 17:53:46,687 [ERROR] LogOutputStream:75 - [STDERR_REDIRECT] 
2026-06-06 17:53:47,680 [ERROR] LogOutputStream:75 - [STDERR_REDIRECT] [Fatal Error] :1:1: Premature end of file.
2026-06-06 17:53:47,680 [ERROR] LogOutputStream:75 - [STDERR_REDIRECT] 
2026-06-06 17:53:48,682 [ERROR] LogOutputStream:75 - [STDERR_REDIRECT] [Fatal Error] :1:1: Premature end of file.
2026-06-06 17:53:48,683 [ERROR] LogOutputStream:75 - [STDERR_REDIRECT] 
2026-06-06 17:53:49,682 [ERROR] LogOutputStream:75 - [STDERR_REDIRECT] [Fatal Error] :1:1: Premature end of file.
2026-06-06 17:53:49,683 [ERROR] LogOutputStream:75 - [STDERR_REDIRECT] 
2026-06-06 17:53:50,685 [ERROR] LogOutputStream:75 - [STDERR_REDIRECT] [Fatal Error] :1:1: Premature end of file.
2026-06-06 17:53:50,686 [ERROR] LogOutputStream:75 - [STDERR_REDIRECT] 
2026-06-06 17:53:51,680 [ERROR] LogOutputStream:75 - [STDERR_REDIRECT] [Fatal Error] :1:1: Premature end of file.
2026-06-06 17:53:51,680 [ERROR] LogOutputStream:75 - [STDERR_REDIRECT] 
2026-06-06 17:53:52,681 [ERROR] LogOutputStream:75 - [STDERR_REDIRECT] [Fatal Error] :1:1: Premature end of file.
2026-06-06 17:53:52,682 [ERROR] LogOutputStream:75 - [STDERR_REDIRECT] 
2026-06-06 17:53:53,681 [ERROR] LogOutputStream:75 - [STDERR_REDIRECT] [Fatal Error] :1:1: Premature end of file.
2026-06-06 17:53:53,681 [ERROR] LogOutputStream:75 - [STDERR_REDIRECT] 
2026-06-06 17:53:54,685 [ERROR] LogOutputStream:75 - [STDERR_REDIRECT] [Fatal Error] :1:1: Premature end of file.
2026-06-06 17:53:54,686 [ERROR] LogOutputStream:75 - [STDERR_REDIRECT] 
2026-06-06 17:53:55,680 [ERROR] LogOutputStream:75 - [STDERR_REDIRECT] [Fatal Error] :1:1: Premature end of file.
2026-06-06 17:53:55,680 [ERROR] LogOutputStream:75 - [STDERR_REDIRECT] 
2026-06-06 17:53:56,680 [ERROR] LogOutputStream:75 - [STDERR_REDIRECT] [Fatal Error] :1:1: Premature end of file.
2026-06-06 17:53:56,680 [ERROR] LogOutputStream:75 - [STDERR_REDIRECT] 
2026-06-06 17:53:57,682 [ERROR] LogOutputStream:75 - [STDERR_REDIRECT] [Fatal Error] :1:1: Premature end of file.
2026-06-06 17:53:57,683 [ERROR] LogOutputStream:75 - [STDERR_REDIRECT] 
2026-06-06 17:53:58,681 [ERROR] LogOutputStream:75 - [STDERR_REDIRECT] [Fatal Error] :1:1: Premature end of file.
2026-06-06 17:53:58,681 [ERROR] LogOutputStream:75 - [STDERR_REDIRECT] 
2026-06-06 17:53:59,685 [ERROR] LogOutputStream:75 - [STDERR_REDIRECT] [Fatal Error] :1:1: Premature end of file.
2026-06-06 17:53:59,685 [ERROR] LogOutputStream:75 - [STDERR_REDIRECT] 
2026-06-06 17:54:00,681 [ERROR] LogOutputStream:75 - [STDERR_REDIRECT] [Fatal Error] :1:1: Premature end of file.
2026-06-06 17:54:00,681 [ERROR] LogOutputStream:75 - [STDERR_REDIRECT] 
2026-06-06 17:54:01,686 [ERROR] LogOutputStream:75 - [STDERR_REDIRECT] [Fatal Error] :1:1: Premature end of file.
2026-06-06 17:54:01,686 [ERROR] LogOutputStream:75 - [STDERR_REDIRECT] 
2026-06-06 17:54:02,681 [ERROR] LogOutputStream:75 - [STDERR_REDIRECT] [Fatal Error] :1:1: Premature end of file.
2026-06-06 17:54:02,682 [ERROR] LogOutputStream:75 - [STDERR_REDIRECT] 
2026-06-06 17:54:03,683 [ERROR] LogOutputStream:75 - [STDERR_REDIRECT] [Fatal Error] :1:1: Premature end of file.
2026-06-06 17:54:03,683 [ERROR] LogOutputStream:75 - [STDERR_REDIRECT] 
2026-06-06 17:54:04,691 [ERROR] LogOutputStream:75 - [STDERR_REDIRECT] [Fatal Error] :1:1: Premature end of file.
2026-06-06 17:54:04,691 [ERROR] LogOutputStream:75 - [STDERR_REDIRECT] 
2026-06-06 17:54:05,686 [ERROR] LogOutputStream:75 - [STDERR_REDIRECT] [Fatal Error] :1:1: Premature end of file.
2026-06-06 17:54:05,686 [ERROR] LogOutputStream:75 - [STDERR_REDIRECT] 
2026-06-06 17:54:06,681 [ERROR] LogOutputStream:75 - [STDERR_REDIRECT] [Fatal Error] :1:1: Premature end of file.
2026-06-06 17:54:06,681 [ERROR] LogOutputStream:75 - [STDERR_REDIRECT] 
2026-06-06 17:54:07,683 [ERROR] LogOutputStream:75 - [STDERR_REDIRECT] [Fatal Error] :1:1: Premature end of file.
2026-06-06 17:54:07,683 [ERROR] LogOutputStream:75 - [STDERR_REDIRECT] 
2026-06-06 17:54:08,687 [ERROR] LogOutputStream:75 - [STDERR_REDIRECT] [Fatal Error] :1:1: Premature end of file.
2026-06-06 17:54:08,688 [ERROR] LogOutputStream:75 - [STDERR_REDIRECT] 
2026-06-06 17:54:09,687 [ERROR] LogOutputStream:75 - [STDERR_REDIRECT] [Fatal Error] :1:1: Premature end of file.
2026-06-06 17:54:09,687 [ERROR] LogOutputStream:75 - [STDERR_REDIRECT] 
2026-06-06 17:54:10,680 [ERROR] LogOutputStream:75 - [STDERR_REDIRECT] [Fatal Error] :1:1: Premature end of file.
2026-06-06 17:54:10,680 [ERROR] LogOutputStream:75 - [STDERR_REDIRECT] 
2026-06-06 17:54:11,685 [ERROR] LogOutputStream:75 - [STDERR_REDIRECT] [Fatal Error] :1:1: Premature end of file.
2026-06-06 17:54:11,685 [ERROR] LogOutputStream:75 - [STDERR_REDIRECT] 
2026-06-06 17:54:12,691 [ERROR] LogOutputStream:75 - [STDERR_REDIRECT] [Fatal Error] :1:1: Premature end of file.
2026-06-06 17:54:12,691 [ERROR] LogOutputStream:75 - [STDERR_REDIRECT] 
2026-06-06 17:54:13,686 [ERROR] LogOutputStream:75 - [STDERR_REDIRECT] [Fatal Error] :1:1: Premature end of file.
2026-06-06 17:54:13,686 [ERROR] LogOutputStream:75 - [STDERR_REDIRECT] 
2026-06-06 17:54:14,684 [ERROR] LogOutputStream:75 - [STDERR_REDIRECT] [Fatal Error] :1:1: Premature end of file.
2026-06-06 17:54:14,684 [ERROR] LogOutputStream:75 - [STDERR_REDIRECT] 
2026-06-06 17:54:15,687 [ERROR] LogOutputStream:75 - [STDERR_REDIRECT] [Fatal Error] :1:1: Premature end of file.
2026-06-06 17:54:15,687 [ERROR] LogOutputStream:75 - [STDERR_REDIRECT] 
2026-06-06 17:54:16,683 [ERROR] LogOutputStream:75 - [STDERR_REDIRECT] [Fatal Error] :1:1: Premature end of file.
2026-06-06 17:54:16,683 [ERROR] LogOutputStream:75 - [STDERR_REDIRECT] 
2026-06-06 17:54:17,683 [ERROR] LogOutputStream:75 - [STDERR_REDIRECT] [Fatal Error] :1:1: Premature end of file.
2026-06-06 17:54:17,684 [ERROR] LogOutputStream:75 - [STDERR_REDIRECT] 
2026-06-06 17:54:18,687 [ERROR] LogOutputStream:75 - [STDERR_REDIRECT] [Fatal Error] :1:1: Premature end of file.
2026-06-06 17:54:18,687 [ERROR] LogOutputStream:75 - [STDERR_REDIRECT] 
2026-06-06 17:54:19,682 [ERROR] LogOutputStream:75 - [STDERR_REDIRECT] [Fatal Error] :1:1: Premature end of file.
2026-06-06 17:54:19,682 [ERROR] LogOutputStream:75 - [STDERR_REDIRECT] 
2026-06-06 17:54:20,687 [ERROR] LogOutputStream:75 - [STDERR_REDIRECT] [Fatal Error] :1:1: Premature end of file.
2026-06-06 17:54:20,687 [ERROR] LogOutputStream:75 - [STDERR_REDIRECT] 
2026-06-06 17:54:21,682 [ERROR] LogOutputStream:75 - [STDERR_REDIRECT] [Fatal Error] :1:1: Premature end of file.
2026-06-06 17:54:21,682 [ERROR] LogOutputStream:75 - [STDERR_REDIRECT] 
2026-06-06 17:54:22,683 [ERROR] LogOutputStream:75 - [STDERR_REDIRECT] [Fatal Error] :1:1: Premature end of file.
2026-06-06 17:54:22,683 [ERROR] LogOutputStream:75 - [STDERR_REDIRECT] 
2026-06-06 17:54:23,690 [ERROR] LogOutputStream:75 - [STDERR_REDIRECT] [Fatal Error] :1:1: Premature end of file.
2026-06-06 17:54:23,691 [ERROR] LogOutputStream:75 - [STDERR_REDIRECT] 
2026-06-06 17:54:24,685 [ERROR] LogOutputStream:75 - [STDERR_REDIRECT] [Fatal Error] :1:1: Premature end of file.
2026-06-06 17:54:24,685 [ERROR] LogOutputStream:75 - [STDERR_REDIRECT] 
2026-06-06 17:54:25,690 [ERROR] LogOutputStream:75 - [STDERR_REDIRECT] [Fatal Error] :1:1: Premature end of file.
2026-06-06 17:54:25,690 [ERROR] LogOutputStream:75 - [STDERR_REDIRECT] 
2026-06-06 17:54:26,684 [ERROR] LogOutputStream:75 - [STDERR_REDIRECT] [Fatal Error] :1:1: Premature end of file.
2026-06-06 17:54:26,684 [ERROR] LogOutputStream:75 - [STDERR_REDIRECT] 
2026-06-06 17:54:27,683 [ERROR] LogOutputStream:75 - [STDERR_REDIRECT] [Fatal Error] :1:1: Premature end of file.
2026-06-06 17:54:27,683 [ERROR] LogOutputStream:75 - [STDERR_REDIRECT] 
2026-06-06 17:54:28,688 [ERROR] LogOutputStream:75 - [STDERR_REDIRECT] [Fatal Error] :1:1: Premature end of file.
2026-06-06 17:54:28,688 [ERROR] LogOutputStream:75 - [STDERR_REDIRECT] 
2026-06-06 17:54:29,691 [ERROR] LogOutputStream:75 - [STDERR_REDIRECT] [Fatal Error] :1:1: Premature end of file.
2026-06-06 17:54:29,691 [ERROR] LogOutputStream:75 - [STDERR_REDIRECT] 
2026-06-06 17:54:30,685 [ERROR] LogOutputStream:75 - [STDERR_REDIRECT] [Fatal Error] :1:1: Premature end of file.
2026-06-06 17:54:30,685 [ERROR] LogOutputStream:75 - [STDERR_REDIRECT] 
2026-06-06 17:54:31,680 [ERROR] LogOutputStream:75 - [STDERR_REDIRECT] [Fatal Error] :1:1: Premature end of file.
2026-06-06 17:54:31,682 [ERROR] LogOutputStream:75 - [STDERR_REDIRECT] 
2026-06-06 17:54:32,683 [ERROR] LogOutputStream:75 - [STDERR_REDIRECT] [Fatal Error] :1:1: Premature end of file.
2026-06-06 17:54:32,683 [ERROR] LogOutputStream:75 - [STDERR_REDIRECT] 
2026-06-06 17:54:33,685 [ERROR] LogOutputStream:75 - [STDERR_REDIRECT] [Fatal Error] :1:1: Premature end of file.
2026-06-06 17:54:33,685 [ERROR] LogOutputStream:75 - [STDERR_REDIRECT] 
2026-06-06 17:54:34,686 [ERROR] LogOutputStream:75 - [STDERR_REDIRECT] [Fatal Error] :1:1: Premature end of file.
2026-06-06 17:54:34,687 [ERROR] LogOutputStream:75 - [STDERR_REDIRECT] 
2026-06-06 17:54:35,684 [ERROR] LogOutputStream:75 - [STDERR_REDIRECT] [Fatal Error] :1:1: Premature end of file.
2026-06-06 17:54:35,684 [ERROR] LogOutputStream:75 - [STDERR_REDIRECT] 
2026-06-06 17:54:36,685 [ERROR] LogOutputStream:75 - [STDERR_REDIRECT] [Fatal Error] :1:1: Premature end of file.
2026-06-06 17:54:36,685 [ERROR] LogOutputStream:75 - [STDERR_REDIRECT] 
2026-06-06 17:54:37,688 [ERROR] LogOutputStream:75 - [STDERR_REDIRECT] [Fatal Error] :1:1: Premature end of file.
2026-06-06 17:54:37,688 [ERROR] LogOutputStream:75 - [STDERR_REDIRECT] 
2026-06-06 17:54:38,688 [ERROR] LogOutputStream:75 - [STDERR_REDIRECT] [Fatal Error] :1:1: Premature end of file.
2026-06-06 17:54:38,688 [ERROR] LogOutputStream:75 - [STDERR_REDIRECT] 
2026-06-06 17:54:39,686 [ERROR] LogOutputStream:75 - [STDERR_REDIRECT] [Fatal Error] :1:1: Premature end of file.
2026-06-06 17:54:39,686 [ERROR] LogOutputStream:75 - [STDERR_REDIRECT] 
2026-06-06 17:54:40,684 [ERROR] LogOutputStream:75 - [STDERR_REDIRECT] [Fatal Error] :1:1: Premature end of file.
2026-06-06 17:54:40,686 [ERROR] LogOutputStream:75 - [STDERR_REDIRECT] 
2026-06-06 17:54:41,690 [ERROR] LogOutputStream:75 - [STDERR_REDIRECT] [Fatal Error] :1:1: Premature end of file.
2026-06-06 17:54:41,690 [ERROR] LogOutputStream:75 - [STDERR_REDIRECT] 
2026-06-06 17:54:42,681 [ERROR] LogOutputStream:75 - [STDERR_REDIRECT] [Fatal Error] :1:1: Premature end of file.
2026-06-06 17:54:42,681 [ERROR] LogOutputStream:75 - [STDERR_REDIRECT] 
2026-06-06 17:54:43,688 [ERROR] LogOutputStream:75 - [STDERR_REDIRECT] [Fatal Error] :1:1: Premature end of file.
2026-06-06 17:54:43,688 [ERROR] LogOutputStream:75 - [STDERR_REDIRECT] 
2026-06-06 17:54:44,687 [ERROR] LogOutputStream:75 - [STDERR_REDIRECT] [Fatal Error] :1:1: Premature end of file.
2026-06-06 17:54:44,687 [ERROR] LogOutputStream:75 - [STDERR_REDIRECT] 
2026-06-06 17:54:45,693 [ERROR] LogOutputStream:75 - [STDERR_REDIRECT] [Fatal Error] :1:1: Premature end of file.
2026-06-06 17:54:45,693 [ERROR] LogOutputStream:75 - [STDERR_REDIRECT] 
2026-06-06 17:54:46,697 [ERROR] LogOutputStream:75 - [STDERR_REDIRECT] [Fatal Error] :1:1: Premature end of file.
2026-06-06 17:54:46,697 [ERROR] LogOutputStream:75 - [STDERR_REDIRECT] 
2026-06-06 17:54:47,690 [ERROR] LogOutputStream:75 - [STDERR_REDIRECT] [Fatal Error] :1:1: Premature end of file.
2026-06-06 17:54:47,690 [ERROR] LogOutputStream:75 - [STDERR_REDIRECT] 
2026-06-06 17:54:48,688 [ERROR] LogOutputStream:75 - [STDERR_REDIRECT] [Fatal Error] :1:1: Premature end of file.
2026-06-06 17:54:48,688 [ERROR] LogOutputStream:75 - [STDERR_REDIRECT] 
2026-06-06 17:54:49,689 [ERROR] LogOutputStream:75 - [STDERR_REDIRECT] [Fatal Error] :1:1: Premature end of file.
2026-06-06 17:54:49,689 [ERROR] LogOutputStream:75 - [STDERR_REDIRECT] 
2026-06-06 17:54:50,688 [ERROR] LogOutputStream:75 - [STDERR_REDIRECT] [Fatal Error] :1:1: Premature end of file.
2026-06-06 17:54:50,688 [ERROR] LogOutputStream:75 - [STDERR_REDIRECT] 
2026-06-06 17:54:51,686 [ERROR] LogOutputStream:75 - [STDERR_REDIRECT] [Fatal Error] :1:1: Premature end of file.
2026-06-06 17:54:51,687 [ERROR] LogOutputStream:75 - [STDERR_REDIRECT] 
2026-06-06 17:54:52,685 [ERROR] LogOutputStream:75 - [STDERR_REDIRECT] [Fatal Error] :1:1: Premature end of file.
2026-06-06 17:54:52,686 [ERROR] LogOutputStream:75 - [STDERR_REDIRECT] 
2026-06-06 17:54:53,685 [ERROR] LogOutputStream:75 - [STDERR_REDIRECT] [Fatal Error] :1:1: Premature end of file.
2026-06-06 17:54:53,685 [ERROR] LogOutputStream:75 - [STDERR_REDIRECT] 
2026-06-06 17:54:54,691 [ERROR] LogOutputStream:75 - [STDERR_REDIRECT] [Fatal Error] :1:1: Premature end of file.
2026-06-06 17:54:54,691 [ERROR] LogOutputStream:75 - [STDERR_REDIRECT] 
2026-06-06 17:54:55,690 [ERROR] LogOutputStream:75 - [STDERR_REDIRECT] [Fatal Error] :1:1: Premature end of file.
2026-06-06 17:54:55,691 [ERROR] LogOutputStream:75 - [STDERR_REDIRECT] 
2026-06-06 17:54:56,696 [ERROR] LogOutputStream:75 - [STDERR_REDIRECT] [Fatal Error] :1:1: Premature end of file.
2026-06-06 17:54:56,697 [ERROR] LogOutputStream:75 - [STDERR_REDIRECT] 
2026-06-06 17:54:57,691 [ERROR] LogOutputStream:75 - [STDERR_REDIRECT] [Fatal Error] :1:1: Premature end of file.
2026-06-06 17:54:57,691 [ERROR] LogOutputStream:75 - [STDERR_REDIRECT] 
2026-06-06 17:54:58,685 [ERROR] LogOutputStream:75 - [STDERR_REDIRECT] [Fatal Error] :1:1: Premature end of file.
2026-06-06 17:54:58,685 [ERROR] LogOutputStream:75 - [STDERR_REDIRECT] 
2026-06-06 17:54:59,687 [ERROR] LogOutputStream:75 - [STDERR_REDIRECT] [Fatal Error] :1:1: Premature end of file.
2026-06-06 17:54:59,687 [ERROR] LogOutputStream:75 - [STDERR_REDIRECT] 
2026-06-06 17:55:00,687 [ERROR] LogOutputStream:75 - [STDERR_REDIRECT] [Fatal Error] :1:1: Premature end of file.
2026-06-06 17:55:00,688 [ERROR] LogOutputStream:75 - [STDERR_REDIRECT] 
2026-06-06 17:55:01,692 [ERROR] LogOutputStream:75 - [STDERR_REDIRECT] [Fatal Error] :1:1: Premature end of file.
2026-06-06 17:55:01,692 [ERROR] LogOutputStream:75 - [STDERR_REDIRECT] 
2026-06-06 17:55:02,688 [ERROR] LogOutputStream:75 - [STDERR_REDIRECT] [Fatal Error] :1:1: Premature end of file.
2026-06-06 17:55:02,688 [ERROR] LogOutputStream:75 - [STDERR_REDIRECT] 
2026-06-06 17:55:03,684 [ERROR] LogOutputStream:75 - [STDERR_REDIRECT] [Fatal Error] :1:1: Premature end of file.
2026-06-06 17:55:03,684 [ERROR] LogOutputStream:75 - [STDERR_REDIRECT] 
2026-06-06 17:55:04,688 [ERROR] LogOutputStream:75 - [STDERR_REDIRECT] [Fatal Error] :1:1: Premature end of file.
2026-06-06 17:55:04,688 [ERROR] LogOutputStream:75 - [STDERR_REDIRECT] 
2026-06-06 17:55:05,693 [ERROR] LogOutputStream:75 - [STDERR_REDIRECT] [Fatal Error] :1:1: Premature end of file.
2026-06-06 17:55:05,693 [ERROR] LogOutputStream:75 - [STDERR_REDIRECT] 
2026-06-06 17:55:06,684 [ERROR] LogOutputStream:75 - [STDERR_REDIRECT] [Fatal Error] :1:1: Premature end of file.
2026-06-06 17:55:06,684 [ERROR] LogOutputStream:75 - [STDERR_REDIRECT] 
2026-06-06 17:55:07,694 [ERROR] LogOutputStream:75 - [STDERR_REDIRECT] [Fatal Error] :1:1: Premature end of file.
2026-06-06 17:55:07,694 [ERROR] LogOutputStream:75 - [STDERR_REDIRECT] 
2026-06-06 17:55:08,695 [ERROR] LogOutputStream:75 - [STDERR_REDIRECT] [Fatal Error] :1:1: Premature end of file.
2026-06-06 17:55:08,695 [ERROR] LogOutputStream:75 - [STDERR_REDIRECT] 
2026-06-06 17:55:09,682 [ERROR] LogOutputStream:75 - [STDERR_REDIRECT] [Fatal Error] :1:1: Premature end of file.
2026-06-06 17:55:09,682 [ERROR] LogOutputStream:75 - [STDERR_REDIRECT] 
2026-06-06 17:55:10,682 [ERROR] LogOutputStream:75 - [STDERR_REDIRECT] [Fatal Error] :1:1: Premature end of file.
2026-06-06 17:55:10,682 [ERROR] LogOutputStream:75 - [STDERR_REDIRECT] 
2026-06-06 17:55:11,682 [ERROR] LogOutputStream:75 - [STDERR_REDIRECT] [Fatal Error] :1:1: Premature end of file.
2026-06-06 17:55:11,682 [ERROR] LogOutputStream:75 - [STDERR_REDIRECT] 
2026-06-06 17:55:12,681 [ERROR] LogOutputStream:75 - [STDERR_REDIRECT] [Fatal Error] :1:1: Premature end of file.
2026-06-06 17:55:12,681 [ERROR] LogOutputStream:75 - [STDERR_REDIRECT] 
2026-06-06 17:55:13,691 [ERROR] LogOutputStream:75 - [STDERR_REDIRECT] [Fatal Error] :1:1: Premature end of file.
2026-06-06 17:55:13,691 [ERROR] LogOutputStream:75 - [STDERR_REDIRECT] 
2026-06-06 17:55:14,683 [ERROR] LogOutputStream:75 - [STDERR_REDIRECT] [Fatal Error] :1:1: Premature end of file.
2026-06-06 17:55:14,683 [ERROR] LogOutputStream:75 - [STDERR_REDIRECT] 
2026-06-06 17:55:15,688 [ERROR] LogOutputStream:75 - [STDERR_REDIRECT] [Fatal Error] :1:1: Premature end of file.
2026-06-06 17:55:15,688 [ERROR] LogOutputStream:75 - [STDERR_REDIRECT] 
2026-06-06 17:55:16,683 [ERROR] LogOutputStream:75 - [STDERR_REDIRECT] [Fatal Error] :1:1: Premature end of file.
2026-06-06 17:55:16,683 [ERROR] LogOutputStream:75 - [STDERR_REDIRECT] 
2026-06-06 17:55:17,680 [ERROR] LogOutputStream:75 - [STDERR_REDIRECT] [Fatal Error] :1:1: Premature end of file.
2026-06-06 17:55:17,680 [ERROR] LogOutputStream:75 - [STDERR_REDIRECT] 
2026-06-06 17:55:18,681 [ERROR] LogOutputStream:75 - [STDERR_REDIRECT] [Fatal Error] :1:1: Premature end of file.
2026-06-06 17:55:18,681 [ERROR] LogOutputStream:75 - [STDERR_REDIRECT] 
2026-06-06 17:55:19,681 [ERROR] LogOutputStream:75 - [STDERR_REDIRECT] [Fatal Error] :1:1: Premature end of file.
2026-06-06 17:55:19,681 [ERROR] LogOutputStream:75 - [STDERR_REDIRECT] 
2026-06-06 17:55:20,682 [ERROR] LogOutputStream:75 - [STDERR_REDIRECT] [Fatal Error] :1:1: Premature end of file.
2026-06-06 17:55:20,682 [ERROR] LogOutputStream:75 - [STDERR_REDIRECT] 
2026-06-06 17:55:21,685 [ERROR] LogOutputStream:75 - [STDERR_REDIRECT] [Fatal Error] :1:1: Premature end of file.
2026-06-06 17:55:21,685 [ERROR] LogOutputStream:75 - [STDERR_REDIRECT] 
2026-06-06 17:55:22,679 [ERROR] LogOutputStream:75 - [STDERR_REDIRECT] [Fatal Error] :1:1: Premature end of file.
2026-06-06 17:55:22,679 [ERROR] LogOutputStream:75 - [STDERR_REDIRECT] 
2026-06-06 17:55:23,679 [ERROR] LogOutputStream:75 - [STDERR_REDIRECT] [Fatal Error] :1:1: Premature end of file.
2026-06-06 17:55:23,679 [ERROR] LogOutputStream:75 - [STDERR_REDIRECT] 
2026-06-06 17:55:24,680 [ERROR] LogOutputStream:75 - [STDERR_REDIRECT] [Fatal Error] :1:1: Premature end of file.
2026-06-06 17:55:24,681 [ERROR] LogOutputStream:75 - [STDERR_REDIRECT] 
2026-06-06 17:55:25,680 [ERROR] LogOutputStream:75 - [STDERR_REDIRECT] [Fatal Error] :1:1: Premature end of file.
2026-06-06 17:55:25,680 [ERROR] LogOutputStream:75 - [STDERR_REDIRECT] 
2026-06-06 17:55:26,682 [ERROR] LogOutputStream:75 - [STDERR_REDIRECT] [Fatal Error] :1:1: Premature end of file.
2026-06-06 17:55:26,682 [ERROR] LogOutputStream:75 - [STDERR_REDIRECT] 
2026-06-06 17:55:27,680 [ERROR] LogOutputStream:75 - [STDERR_REDIRECT] [Fatal Error] :1:1: Premature end of file.
2026-06-06 17:55:27,680 [ERROR] LogOutputStream:75 - [STDERR_REDIRECT] 
2026-06-06 17:55:28,681 [ERROR] LogOutputStream:75 - [STDERR_REDIRECT] [Fatal Error] :1:1: Premature end of file.
2026-06-06 17:55:28,681 [ERROR] LogOutputStream:75 - [STDERR_REDIRECT] 
2026-06-06 17:55:29,680 [ERROR] LogOutputStream:75 - [STDERR_REDIRECT] [Fatal Error] :1:1: Premature end of file.
2026-06-06 17:55:29,680 [ERROR] LogOutputStream:75 - [STDERR_REDIRECT] 
2026-06-06 17:55:30,680 [ERROR] LogOutputStream:75 - [STDERR_REDIRECT] [Fatal Error] :1:1: Premature end of file.
2026-06-06 17:55:30,680 [ERROR] LogOutputStream:75 - [STDERR_REDIRECT] 
2026-06-06 17:55:31,681 [ERROR] LogOutputStream:75 - [STDERR_REDIRECT] [Fatal Error] :1:1: Premature end of file.
2026-06-06 17:55:31,681 [ERROR] LogOutputStream:75 - [STDERR_REDIRECT] 
2026-06-06 17:55:32,682 [ERROR] LogOutputStream:75 - [STDERR_REDIRECT] [Fatal Error] :1:1: Premature end of file.
2026-06-06 17:55:32,682 [ERROR] LogOutputStream:75 - [STDERR_REDIRECT] 
2026-06-06 17:55:33,679 [ERROR] LogOutputStream:75 - [STDERR_REDIRECT] [Fatal Error] :1:1: Premature end of file.
2026-06-06 17:55:33,679 [ERROR] LogOutputStream:75 - [STDERR_REDIRECT] 
2026-06-06 17:55:34,679 [ERROR] LogOutputStream:75 - [STDERR_REDIRECT] [Fatal Error] :1:1: Premature end of file.
2026-06-06 17:55:34,679 [ERROR] LogOutputStream:75 - [STDERR_REDIRECT] 
2026-06-06 17:55:35,681 [ERROR] LogOutputStream:75 - [STDERR_REDIRECT] [Fatal Error] :1:1: Premature end of file.
2026-06-06 17:55:35,681 [ERROR] LogOutputStream:75 - [STDERR_REDIRECT] 
2026-06-06 17:55:36,689 [ERROR] LogOutputStream:75 - [STDERR_REDIRECT] [Fatal Error] :1:1: Premature end of file.
2026-06-06 17:55:36,689 [ERROR] LogOutputStream:75 - [STDERR_REDIRECT] 
2026-06-06 17:55:37,682 [ERROR] LogOutputStream:75 - [STDERR_REDIRECT] [Fatal Error] :1:1: Premature end of file.
2026-06-06 17:55:37,682 [ERROR] LogOutputStream:75 - [STDERR_REDIRECT] 
2026-06-06 17:55:38,680 [ERROR] LogOutputStream:75 - [STDERR_REDIRECT] [Fatal Error] :1:1: Premature end of file.
2026-06-06 17:55:38,680 [ERROR] LogOutputStream:75 - [STDERR_REDIRECT] 
2026-06-06 17:55:39,682 [ERROR] LogOutputStream:75 - [STDERR_REDIRECT] [Fatal Error] :1:1: Premature end of file.
2026-06-06 17:55:39,682 [ERROR] LogOutputStream:75 - [STDERR_REDIRECT] 
2026-06-06 17:55:40,682 [ERROR] LogOutputStream:75 - [STDERR_REDIRECT] [Fatal Error] :1:1: Premature end of file.
2026-06-06 17:55:40,683 [ERROR] LogOutputStream:75 - [STDERR_REDIRECT] 
2026-06-06 17:55:41,680 [ERROR] LogOutputStream:75 - [STDERR_REDIRECT] [Fatal Error] :1:1: Premature end of file.
2026-06-06 17:55:41,680 [ERROR] LogOutputStream:75 - [STDERR_REDIRECT] 
2026-06-06 17:55:42,680 [ERROR] LogOutputStream:75 - [STDERR_REDIRECT] [Fatal Error] :1:1: Premature end of file.
2026-06-06 17:55:42,680 [ERROR] LogOutputStream:75 - [STDERR_REDIRECT] 
2026-06-06 17:55:43,682 [ERROR] LogOutputStream:75 - [STDERR_REDIRECT] [Fatal Error] :1:1: Premature end of file.
2026-06-06 17:55:43,682 [ERROR] LogOutputStream:75 - [STDERR_REDIRECT] 
2026-06-06 17:55:44,681 [ERROR] LogOutputStream:75 - [STDERR_REDIRECT] [Fatal Error] :1:1: Premature end of file.
2026-06-06 17:55:44,681 [ERROR] LogOutputStream:75 - [STDERR_REDIRECT] 
2026-06-06 17:55:45,679 [ERROR] LogOutputStream:75 - [STDERR_REDIRECT] [Fatal Error] :1:1: Premature end of file.
2026-06-06 17:55:45,679 [ERROR] LogOutputStream:75 - [STDERR_REDIRECT] 
2026-06-06 17:55:46,679 [ERROR] LogOutputStream:75 - [STDERR_REDIRECT] [Fatal Error] :1:1: Premature end of file.
2026-06-06 17:55:46,679 [ERROR] LogOutputStream:75 - [STDERR_REDIRECT] 
2026-06-06 17:55:47,684 [ERROR] LogOutputStream:75 - [STDERR_REDIRECT] [Fatal Error] :1:1: Premature end of file.
2026-06-06 17:55:47,684 [ERROR] LogOutputStream:75 - [STDERR_REDIRECT] 
2026-06-06 17:55:48,681 [ERROR] LogOutputStream:75 - [STDERR_REDIRECT] [Fatal Error] :1:1: Premature end of file.
2026-06-06 17:55:48,681 [ERROR] LogOutputStream:75 - [STDERR_REDIRECT] 
2026-06-06 17:55:49,680 [ERROR] LogOutputStream:75 - [STDERR_REDIRECT] [Fatal Error] :1:1: Premature end of file.
2026-06-06 17:55:49,682 [ERROR] LogOutputStream:75 - [STDERR_REDIRECT] 
2026-06-06 17:55:50,688 [ERROR] LogOutputStream:75 - [STDERR_REDIRECT] [Fatal Error] :1:1: Premature end of file.
2026-06-06 17:55:50,689 [ERROR] LogOutputStream:75 - [STDERR_REDIRECT] 
2026-06-06 17:55:51,681 [ERROR] LogOutputStream:75 - [STDERR_REDIRECT] [Fatal Error] :1:1: Premature end of file.
2026-06-06 17:55:51,681 [ERROR] LogOutputStream:75 - [STDERR_REDIRECT] 
2026-06-06 17:55:52,680 [ERROR] LogOutputStream:75 - [STDERR_REDIRECT] [Fatal Error] :1:1: Premature end of file.
2026-06-06 17:55:52,680 [ERROR] LogOutputStream:75 - [STDERR_REDIRECT] 
2026-06-06 17:55:53,686 [ERROR] LogOutputStream:75 - [STDERR_REDIRECT] [Fatal Error] :1:1: Premature end of file.
2026-06-06 17:55:53,686 [ERROR] LogOutputStream:75 - [STDERR_REDIRECT] 
2026-06-06 17:55:54,687 [ERROR] LogOutputStream:75 - [STDERR_REDIRECT] [Fatal Error] :1:1: Premature end of file.
2026-06-06 17:55:54,687 [ERROR] LogOutputStream:75 - [STDERR_REDIRECT] 
2026-06-06 17:55:55,684 [ERROR] LogOutputStream:75 - [STDERR_REDIRECT] [Fatal Error] :1:1: Premature end of file.
2026-06-06 17:55:55,684 [ERROR] LogOutputStream:75 - [STDERR_REDIRECT] 
2026-06-06 17:55:56,680 [ERROR] LogOutputStream:75 - [STDERR_REDIRECT] [Fatal Error] :1:1: Premature end of file.
2026-06-06 17:55:56,681 [ERROR] LogOutputStream:75 - [STDERR_REDIRECT] 
2026-06-06 17:55:57,688 [ERROR] LogOutputStream:75 - [STDERR_REDIRECT] [Fatal Error] :1:1: Premature end of file.
2026-06-06 17:55:57,688 [ERROR] LogOutputStream:75 - [STDERR_REDIRECT] 
2026-06-06 17:55:58,682 [ERROR] LogOutputStream:75 - [STDERR_REDIRECT] [Fatal Error] :1:1: Premature end of file.
2026-06-06 17:55:58,683 [ERROR] LogOutputStream:75 - [STDERR_REDIRECT] 
2026-06-06 17:55:59,681 [ERROR] LogOutputStream:75 - [STDERR_REDIRECT] [Fatal Error] :1:1: Premature end of file.
2026-06-06 17:55:59,681 [ERROR] LogOutputStream:75 - [STDERR_REDIRECT] 
2026-06-06 17:56:00,682 [ERROR] LogOutputStream:75 - [STDERR_REDIRECT] [Fatal Error] :1:1: Premature end of file.
2026-06-06 17:56:00,682 [ERROR] LogOutputStream:75 - [STDERR_REDIRECT] 
2026-06-06 17:56:01,683 [ERROR] LogOutputStream:75 - [STDERR_REDIRECT] [Fatal Error] :1:1: Premature end of file.
2026-06-06 17:56:01,683 [ERROR] LogOutputStream:75 - [STDERR_REDIRECT] 
2026-06-06 17:56:02,683 [ERROR] LogOutputStream:75 - [STDERR_REDIRECT] [Fatal Error] :1:1: Premature end of file.
2026-06-06 17:56:02,684 [ERROR] LogOutputStream:75 - [STDERR_REDIRECT] 
2026-06-06 17:56:03,683 [ERROR] LogOutputStream:75 - [STDERR_REDIRECT] [Fatal Error] :1:1: Premature end of file.
2026-06-06 17:56:03,683 [ERROR] LogOutputStream:75 - [STDERR_REDIRECT] 
2026-06-06 17:56:04,687 [ERROR] LogOutputStream:75 - [STDERR_REDIRECT] [Fatal Error] :1:1: Premature end of file.
2026-06-06 17:56:04,687 [ERROR] LogOutputStream:75 - [STDERR_REDIRECT] 
2026-06-06 17:56:05,691 [ERROR] LogOutputStream:75 - [STDERR_REDIRECT] [Fatal Error] :1:1: Premature end of file.
2026-06-06 17:56:05,691 [ERROR] LogOutputStream:75 - [STDERR_REDIRECT] 
2026-06-06 17:56:06,686 [ERROR] LogOutputStream:75 - [STDERR_REDIRECT] [Fatal Error] :1:1: Premature end of file.
2026-06-06 17:56:06,687 [ERROR] LogOutputStream:75 - [STDERR_REDIRECT] 
2026-06-06 17:56:07,679 [ERROR] LogOutputStream:75 - [STDERR_REDIRECT] [Fatal Error] :1:1: Premature end of file.
2026-06-06 17:56:07,679 [ERROR] LogOutputStream:75 - [STDERR_REDIRECT] 
2026-06-06 17:56:08,686 [ERROR] LogOutputStream:75 - [STDERR_REDIRECT] [Fatal Error] :1:1: Premature end of file.
2026-06-06 17:56:08,686 [ERROR] LogOutputStream:75 - [STDERR_REDIRECT] 
2026-06-06 17:56:09,682 [ERROR] LogOutputStream:75 - [STDERR_REDIRECT] [Fatal Error] :1:1: Premature end of file.
2026-06-06 17:56:09,682 [ERROR] LogOutputStream:75 - [STDERR_REDIRECT] 
2026-06-06 17:56:10,685 [ERROR] LogOutputStream:75 - [STDERR_REDIRECT] [Fatal Error] :1:1: Premature end of file.
2026-06-06 17:56:10,685 [ERROR] LogOutputStream:75 - [STDERR_REDIRECT] 
2026-06-06 17:56:11,686 [ERROR] LogOutputStream:75 - [STDERR_REDIRECT] [Fatal Error] :1:1: Premature end of file.
2026-06-06 17:56:11,686 [ERROR] LogOutputStream:75 - [STDERR_REDIRECT] 
2026-06-06 17:56:12,686 [ERROR] LogOutputStream:75 - [STDERR_REDIRECT] [Fatal Error] :1:1: Premature end of file.
2026-06-06 17:56:12,686 [ERROR] LogOutputStream:75 - [STDERR_REDIRECT] 
2026-06-06 17:56:13,684 [ERROR] LogOutputStream:75 - [STDERR_REDIRECT] [Fatal Error] :1:1: Premature end of file.
2026-06-06 17:56:13,684 [ERROR] LogOutputStream:75 - [STDERR_REDIRECT] 
2026-06-06 17:56:14,683 [ERROR] LogOutputStream:75 - [STDERR_REDIRECT] [Fatal Error] :1:1: Premature end of file.
2026-06-06 17:56:14,685 [ERROR] LogOutputStream:75 - [STDERR_REDIRECT] 
2026-06-06 17:56:15,683 [ERROR] LogOutputStream:75 - [STDERR_REDIRECT] [Fatal Error] :1:1: Premature end of file.
2026-06-06 17:56:15,683 [ERROR] LogOutputStream:75 - [STDERR_REDIRECT] 
2026-06-06 17:56:16,688 [ERROR] LogOutputStream:75 - [STDERR_REDIRECT] [Fatal Error] :1:1: Premature end of file.
2026-06-06 17:56:16,688 [ERROR] LogOutputStream:75 - [STDERR_REDIRECT] 
2026-06-06 17:56:17,682 [ERROR] LogOutputStream:75 - [STDERR_REDIRECT] [Fatal Error] :1:1: Premature end of file.
2026-06-06 17:56:17,682 [ERROR] LogOutputStream:75 - [STDERR_REDIRECT] 
2026-06-06 17:56:18,685 [ERROR] LogOutputStream:75 - [STDERR_REDIRECT] [Fatal Error] :1:1: Premature end of file.
2026-06-06 17:56:18,685 [ERROR] LogOutputStream:75 - [STDERR_REDIRECT] 
2026-06-06 17:56:19,685 [ERROR] LogOutputStream:75 - [STDERR_REDIRECT] [Fatal Error] :1:1: Premature end of file.
2026-06-06 17:56:19,685 [ERROR] LogOutputStream:75 - [STDERR_REDIRECT] 
2026-06-06 17:56:20,684 [ERROR] LogOutputStream:75 - [STDERR_REDIRECT] [Fatal Error] :1:1: Premature end of file.
2026-06-06 17:56:20,684 [ERROR] LogOutputStream:75 - [STDERR_REDIRECT] 
2026-06-06 17:56:21,686 [ERROR] LogOutputStream:75 - [STDERR_REDIRECT] [Fatal Error] :1:1: Premature end of file.
2026-06-06 17:56:21,686 [ERROR] LogOutputStream:75 - [STDERR_REDIRECT] 
2026-06-06 17:56:22,683 [ERROR] LogOutputStream:75 - [STDERR_REDIRECT] [Fatal Error] :1:1: Premature end of file.
2026-06-06 17:56:22,683 [ERROR] LogOutputStream:75 - [STDERR_REDIRECT] 
2026-06-06 17:56:23,680 [ERROR] LogOutputStream:75 - [STDERR_REDIRECT] [Fatal Error] :1:1: Premature end of file.
2026-06-06 17:56:23,680 [ERROR] LogOutputStream:75 - [STDERR_REDIRECT] 
2026-06-06 17:56:24,685 [ERROR] LogOutputStream:75 - [STDERR_REDIRECT] [Fatal Error] :1:1: Premature end of file.
2026-06-06 17:56:24,685 [ERROR] LogOutputStream:75 - [STDERR_REDIRECT] 
2026-06-06 17:56:25,692 [ERROR] LogOutputStream:75 - [STDERR_REDIRECT] [Fatal Error] :1:1: Premature end of file.
2026-06-06 17:56:25,692 [ERROR] LogOutputStream:75 - [STDERR_REDIRECT] 
2026-06-06 17:56:26,684 [ERROR] LogOutputStream:75 - [STDERR_REDIRECT] [Fatal Error] :1:1: Premature end of file.
2026-06-06 17:56:26,684 [ERROR] LogOutputStream:75 - [STDERR_REDIRECT] 
2026-06-06 17:56:27,683 [ERROR] LogOutputStream:75 - [STDERR_REDIRECT] [Fatal Error] :1:1: Premature end of file.
2026-06-06 17:56:27,683 [ERROR] LogOutputStream:75 - [STDERR_REDIRECT] 
2026-06-06 17:56:28,679 [ERROR] LogOutputStream:75 - [STDERR_REDIRECT] [Fatal Error] :1:1: Premature end of file.
2026-06-06 17:56:28,680 [ERROR] LogOutputStream:75 - [STDERR_REDIRECT] 
2026-06-06 17:56:29,687 [ERROR] LogOutputStream:75 - [STDERR_REDIRECT] [Fatal Error] :1:1: Premature end of file.
2026-06-06 17:56:29,687 [ERROR] LogOutputStream:75 - [STDERR_REDIRECT] 
2026-06-06 17:56:30,681 [ERROR] LogOutputStream:75 - [STDERR_REDIRECT] [Fatal Error] :1:1: Premature end of file.
2026-06-06 17:56:30,681 [ERROR] LogOutputStream:75 - [STDERR_REDIRECT] 
2026-06-06 17:56:31,680 [ERROR] LogOutputStream:75 - [STDERR_REDIRECT] [Fatal Error] :1:1: Premature end of file.
2026-06-06 17:56:31,680 [ERROR] LogOutputStream:75 - [STDERR_REDIRECT] 
2026-06-06 17:56:32,684 [ERROR] LogOutputStream:75 - [STDERR_REDIRECT] [Fatal Error] :1:1: Premature end of file.
2026-06-06 17:56:32,684 [ERROR] LogOutputStream:75 - [STDERR_REDIRECT] 
2026-06-06 17:56:33,680 [ERROR] LogOutputStream:75 - [STDERR_REDIRECT] [Fatal Error] :1:1: Premature end of file.
2026-06-06 17:56:33,681 [ERROR] LogOutputStream:75 - [STDERR_REDIRECT] 
2026-06-06 17:56:34,685 [ERROR] LogOutputStream:75 - [STDERR_REDIRECT] [Fatal Error] :1:1: Premature end of file.
2026-06-06 17:56:34,685 [ERROR] LogOutputStream:75 - [STDERR_REDIRECT] 
2026-06-06 17:56:35,689 [ERROR] LogOutputStream:75 - [STDERR_REDIRECT] [Fatal Error] :1:1: Premature end of file.
2026-06-06 17:56:35,690 [ERROR] LogOutputStream:75 - [STDERR_REDIRECT] 
2026-06-06 17:56:36,688 [ERROR] LogOutputStream:75 - [STDERR_REDIRECT] [Fatal Error] :1:1: Premature end of file.
2026-06-06 17:56:36,688 [ERROR] LogOutputStream:75 - [STDERR_REDIRECT] 
2026-06-06 17:56:37,691 [ERROR] LogOutputStream:75 - [STDERR_REDIRECT] [Fatal Error] :1:1: Premature end of file.
2026-06-06 17:56:37,692 [ERROR] LogOutputStream:75 - [STDERR_REDIRECT] 
2026-06-06 17:56:38,686 [ERROR] LogOutputStream:75 - [STDERR_REDIRECT] [Fatal Error] :1:1: Premature end of file.
2026-06-06 17:56:38,686 [ERROR] LogOutputStream:75 - [STDERR_REDIRECT] 
2026-06-06 17:56:39,682 [ERROR] LogOutputStream:75 - [STDERR_REDIRECT] [Fatal Error] :1:1: Premature end of file.
2026-06-06 17:56:39,682 [ERROR] LogOutputStream:75 - [STDERR_REDIRECT] 
2026-06-06 17:56:40,683 [ERROR] LogOutputStream:75 - [STDERR_REDIRECT] [Fatal Error] :1:1: Premature end of file.
2026-06-06 17:56:40,683 [ERROR] LogOutputStream:75 - [STDERR_REDIRECT] 
2026-06-06 17:56:41,697 [ERROR] LogOutputStream:75 - [STDERR_REDIRECT] [Fatal Error] :1:1: Premature end of file.
2026-06-06 17:56:41,697 [ERROR] LogOutputStream:75 - [STDERR_REDIRECT] 
2026-06-06 17:56:42,692 [ERROR] LogOutputStream:75 - [STDERR_REDIRECT] [Fatal Error] :1:1: Premature end of file.
2026-06-06 17:56:42,692 [ERROR] LogOutputStream:75 - [STDERR_REDIRECT] 
2026-06-06 17:56:43,686 [ERROR] LogOutputStream:75 - [STDERR_REDIRECT] [Fatal Error] :1:1: Premature end of file.
2026-06-06 17:56:43,686 [ERROR] LogOutputStream:75 - [STDERR_REDIRECT] 
2026-06-06 17:56:44,694 [ERROR] LogOutputStream:75 - [STDERR_REDIRECT] [Fatal Error] :1:1: Premature end of file.
2026-06-06 17:56:44,695 [ERROR] LogOutputStream:75 - [STDERR_REDIRECT] 
2026-06-06 17:56:45,685 [ERROR] LogOutputStream:75 - [STDERR_REDIRECT] [Fatal Error] :1:1: Premature end of file.
2026-06-06 17:56:45,685 [ERROR] LogOutputStream:75 - [STDERR_REDIRECT] 
2026-06-06 17:56:46,688 [ERROR] LogOutputStream:75 - [STDERR_REDIRECT] [Fatal Error] :1:1: Premature end of file.
2026-06-06 17:56:46,688 [ERROR] LogOutputStream:75 - [STDERR_REDIRECT] 
2026-06-06 17:56:47,694 [ERROR] LogOutputStream:75 - [STDERR_REDIRECT] [Fatal Error] :1:1: Premature end of file.
2026-06-06 17:56:47,694 [ERROR] LogOutputStream:75 - [STDERR_REDIRECT] 
2026-06-06 17:56:48,687 [ERROR] LogOutputStream:75 - [STDERR_REDIRECT] [Fatal Error] :1:1: Premature end of file.
2026-06-06 17:56:48,687 [ERROR] LogOutputStream:75 - [STDERR_REDIRECT] 
2026-06-06 17:56:49,686 [ERROR] LogOutputStream:75 - [STDERR_REDIRECT] [Fatal Error] :1:1: Premature end of file.
2026-06-06 17:56:49,686 [ERROR] LogOutputStream:75 - [STDERR_REDIRECT] 
2026-06-06 17:56:50,685 [ERROR] LogOutputStream:75 - [STDERR_REDIRECT] [Fatal Error] :1:1: Premature end of file.
2026-06-06 17:56:50,685 [ERROR] LogOutputStream:75 - [STDERR_REDIRECT] 
2026-06-06 17:56:51,685 [ERROR] LogOutputStream:75 - [STDERR_REDIRECT] [Fatal Error] :1:1: Premature end of file.
2026-06-06 17:56:51,685 [ERROR] LogOutputStream:75 - [STDERR_REDIRECT] 
2026-06-06 17:56:52,695 [ERROR] LogOutputStream:75 - [STDERR_REDIRECT] [Fatal Error] :1:1: Premature end of file.
2026-06-06 17:56:52,696 [ERROR] LogOutputStream:75 - [STDERR_REDIRECT] 
2026-06-06 17:56:53,689 [ERROR] LogOutputStream:75 - [STDERR_REDIRECT] [Fatal Error] :1:1: Premature end of file.
2026-06-06 17:56:53,689 [ERROR] LogOutputStream:75 - [STDERR_REDIRECT] 
2026-06-06 17:56:54,684 [ERROR] LogOutputStream:75 - [STDERR_REDIRECT] [Fatal Error] :1:1: Premature end of file.
2026-06-06 17:56:54,684 [ERROR] LogOutputStream:75 - [STDERR_REDIRECT] 
2026-06-06 17:56:55,692 [ERROR] LogOutputStream:75 - [STDERR_REDIRECT] [Fatal Error] :1:1: Premature end of file.
2026-06-06 17:56:55,692 [ERROR] LogOutputStream:75 - [STDERR_REDIRECT] 
2026-06-06 17:56:56,689 [ERROR] LogOutputStream:75 - [STDERR_REDIRECT] [Fatal Error] :1:1: Premature end of file.
2026-06-06 17:56:56,689 [ERROR] LogOutputStream:75 - [STDERR_REDIRECT] 
2026-06-06 17:56:57,681 [ERROR] LogOutputStream:75 - [STDERR_REDIRECT] [Fatal Error] :1:1: Premature end of file.
2026-06-06 17:56:57,682 [ERROR] LogOutputStream:75 - [STDERR_REDIRECT] 
2026-06-06 17:56:58,692 [ERROR] LogOutputStream:75 - [STDERR_REDIRECT] [Fatal Error] :1:1: Premature end of file.
2026-06-06 17:56:58,692 [ERROR] LogOutputStream:75 - [STDERR_REDIRECT] 
2026-06-06 17:56:59,685 [ERROR] LogOutputStream:75 - [STDERR_REDIRECT] [Fatal Error] :1:1: Premature end of file.
2026-06-06 17:56:59,685 [ERROR] LogOutputStream:75 - [STDERR_REDIRECT] 
2026-06-06 17:57:00,685 [ERROR] LogOutputStream:75 - [STDERR_REDIRECT] [Fatal Error] :1:1: Premature end of file.
2026-06-06 17:57:00,685 [ERROR] LogOutputStream:75 - [STDERR_REDIRECT] 
2026-06-06 17:57:01,691 [ERROR] LogOutputStream:75 - [STDERR_REDIRECT] [Fatal Error] :1:1: Premature end of file.
2026-06-06 17:57:01,691 [ERROR] LogOutputStream:75 - [STDERR_REDIRECT] 
2026-06-06 17:57:02,683 [ERROR] LogOutputStream:75 - [STDERR_REDIRECT] [Fatal Error] :1:1: Premature end of file.
2026-06-06 17:57:02,683 [ERROR] LogOutputStream:75 - [STDERR_REDIRECT] 
2026-06-06 17:57:03,686 [ERROR] LogOutputStream:75 - [STDERR_REDIRECT] [Fatal Error] :1:1: Premature end of file.
2026-06-06 17:57:03,686 [ERROR] LogOutputStream:75 - [STDERR_REDIRECT] 
2026-06-06 17:57:04,689 [ERROR] LogOutputStream:75 - [STDERR_REDIRECT] [Fatal Error] :1:1: Premature end of file.
2026-06-06 17:57:04,689 [ERROR] LogOutputStream:75 - [STDERR_REDIRECT] 
2026-06-06 17:57:05,686 [ERROR] LogOutputStream:75 - [STDERR_REDIRECT] [Fatal Error] :1:1: Premature end of file.
2026-06-06 17:57:05,686 [ERROR] LogOutputStream:75 - [STDERR_REDIRECT] 
2026-06-06 17:57:06,685 [ERROR] LogOutputStream:75 - [STDERR_REDIRECT] [Fatal Error] :1:1: Premature end of file.
2026-06-06 17:57:06,685 [ERROR] LogOutputStream:75 - [STDERR_REDIRECT] 
2026-06-06 17:57:07,680 [ERROR] LogOutputStream:75 - [STDERR_REDIRECT] [Fatal Error] :1:1: Premature end of file.
2026-06-06 17:57:07,680 [ERROR] LogOutputStream:75 - [STDERR_REDIRECT] 
2026-06-06 17:57:08,685 [ERROR] LogOutputStream:75 - [STDERR_REDIRECT] [Fatal Error] :1:1: Premature end of file.
2026-06-06 17:57:08,685 [ERROR] LogOutputStream:75 - [STDERR_REDIRECT] 
2026-06-06 17:57:09,696 [ERROR] LogOutputStream:75 - [STDERR_REDIRECT] [Fatal Error] :1:1: Premature end of file.
2026-06-06 17:57:09,696 [ERROR] LogOutputStream:75 - [STDERR_REDIRECT] 
2026-06-06 17:57:10,688 [ERROR] LogOutputStream:75 - [STDERR_REDIRECT] [Fatal Error] :1:1: Premature end of file.
2026-06-06 17:57:10,689 [ERROR] LogOutputStream:75 - [STDERR_REDIRECT] 
2026-06-06 17:57:11,690 [ERROR] LogOutputStream:75 - [STDERR_REDIRECT] [Fatal Error] :1:1: Premature end of file.
2026-06-06 17:57:11,690 [ERROR] LogOutputStream:75 - [STDERR_REDIRECT] 
2026-06-06 17:57:12,683 [ERROR] LogOutputStream:75 - [STDERR_REDIRECT] [Fatal Error] :1:1: Premature end of file.
2026-06-06 17:57:12,683 [ERROR] LogOutputStream:75 - [STDERR_REDIRECT] 
2026-06-06 17:57:13,681 [ERROR] LogOutputStream:75 - [STDERR_REDIRECT] [Fatal Error] :1:1: Premature end of file.
2026-06-06 17:57:13,681 [ERROR] LogOutputStream:75 - [STDERR_REDIRECT] 
2026-06-06 17:57:14,686 [ERROR] LogOutputStream:75 - [STDERR_REDIRECT] [Fatal Error] :1:1: Premature end of file.
2026-06-06 17:57:14,686 [ERROR] LogOutputStream:75 - [STDERR_REDIRECT] 
2026-06-06 17:57:15,680 [ERROR] LogOutputStream:75 - [STDERR_REDIRECT] [Fatal Error] :1:1: Premature end of file.
2026-06-06 17:57:15,680 [ERROR] LogOutputStream:75 - [STDERR_REDIRECT] 
2026-06-06 17:57:16,683 [ERROR] LogOutputStream:75 - [STDERR_REDIRECT] [Fatal Error] :1:1: Premature end of file.
2026-06-06 17:57:16,683 [ERROR] LogOutputStream:75 - [STDERR_REDIRECT] 
2026-06-06 17:57:17,682 [ERROR] LogOutputStream:75 - [STDERR_REDIRECT] [Fatal Error] :1:1: Premature end of file.
2026-06-06 17:57:17,682 [ERROR] LogOutputStream:75 - [STDERR_REDIRECT] 
2026-06-06 17:57:18,681 [ERROR] LogOutputStream:75 - [STDERR_REDIRECT] [Fatal Error] :1:1: Premature end of file.
2026-06-06 17:57:18,681 [ERROR] LogOutputStream:75 - [STDERR_REDIRECT] 
2026-06-06 17:57:19,691 [ERROR] LogOutputStream:75 - [STDERR_REDIRECT] [Fatal Error] :1:1: Premature end of file.
2026-06-06 17:57:19,691 [ERROR] LogOutputStream:75 - [STDERR_REDIRECT] 
2026-06-06 17:57:20,683 [ERROR] LogOutputStream:75 - [STDERR_REDIRECT] [Fatal Error] :1:1: Premature end of file.
2026-06-06 17:57:20,683 [ERROR] LogOutputStream:75 - [STDERR_REDIRECT] 
2026-06-06 17:57:21,680 [ERROR] LogOutputStream:75 - [STDERR_REDIRECT] [Fatal Error] :1:1: Premature end of file.
2026-06-06 17:57:21,680 [ERROR] LogOutputStream:75 - [STDERR_REDIRECT] 
2026-06-06 17:57:22,680 [ERROR] LogOutputStream:75 - [STDERR_REDIRECT] [Fatal Error] :1:1: Premature end of file.
2026-06-06 17:57:22,681 [ERROR] LogOutputStream:75 - [STDERR_REDIRECT] 
2026-06-06 17:57:23,690 [ERROR] LogOutputStream:75 - [STDERR_REDIRECT] [Fatal Error] :1:1: Premature end of file.
2026-06-06 17:57:23,691 [ERROR] LogOutputStream:75 - [STDERR_REDIRECT] 
2026-06-06 17:57:24,686 [ERROR] LogOutputStream:75 - [STDERR_REDIRECT] [Fatal Error] :1:1: Premature end of file.
2026-06-06 17:57:24,686 [ERROR] LogOutputStream:75 - [STDERR_REDIRECT] 
2026-06-06 17:57:25,682 [ERROR] LogOutputStream:75 - [STDERR_REDIRECT] [Fatal Error] :1:1: Premature end of file.
2026-06-06 17:57:25,682 [ERROR] LogOutputStream:75 - [STDERR_REDIRECT] 
2026-06-06 17:57:26,683 [ERROR] LogOutputStream:75 - [STDERR_REDIRECT] [Fatal Error] :1:1: Premature end of file.
2026-06-06 17:57:26,683 [ERROR] LogOutputStream:75 - [STDERR_REDIRECT] 
2026-06-06 17:57:27,681 [ERROR] LogOutputStream:75 - [STDERR_REDIRECT] [Fatal Error] :1:1: Premature end of file.
2026-06-06 17:57:27,681 [ERROR] LogOutputStream:75 - [STDERR_REDIRECT] 
2026-06-06 17:57:28,680 [ERROR] LogOutputStream:75 - [STDERR_REDIRECT] [Fatal Error] :1:1: Premature end of file.
2026-06-06 17:57:28,681 [ERROR] LogOutputStream:75 - [STDERR_REDIRECT] 
2026-06-06 17:57:29,682 [ERROR] LogOutputStream:75 - [STDERR_REDIRECT] [Fatal Error] :1:1: Premature end of file.
2026-06-06 17:57:29,682 [ERROR] LogOutputStream:75 - [STDERR_REDIRECT] 
2026-06-06 17:57:30,680 [ERROR] LogOutputStream:75 - [STDERR_REDIRECT] [Fatal Error] :1:1: Premature end of file.
2026-06-06 17:57:30,680 [ERROR] LogOutputStream:75 - [STDERR_REDIRECT] 
2026-06-06 17:57:31,685 [ERROR] LogOutputStream:75 - [STDERR_REDIRECT] [Fatal Error] :1:1: Premature end of file.
2026-06-06 17:57:31,685 [ERROR] LogOutputStream:75 - [STDERR_REDIRECT] 
2026-06-06 17:57:32,678 [ERROR] LogOutputStream:75 - [STDERR_REDIRECT] [Fatal Error] :1:1: Premature end of file.
2026-06-06 17:57:32,678 [ERROR] LogOutputStream:75 - [STDERR_REDIRECT] 
2026-06-06 17:57:33,680 [ERROR] LogOutputStream:75 - [STDERR_REDIRECT] [Fatal Error] :1:1: Premature end of file.
2026-06-06 17:57:33,680 [ERROR] LogOutputStream:75 - [STDERR_REDIRECT] 
2026-06-06 17:57:34,680 [ERROR] LogOutputStream:75 - [STDERR_REDIRECT] [Fatal Error] :1:1: Premature end of file.
2026-06-06 17:57:34,680 [ERROR] LogOutputStream:75 - [STDERR_REDIRECT] 
2026-06-06 17:57:35,685 [ERROR] LogOutputStream:75 - [STDERR_REDIRECT] [Fatal Error] :1:1: Premature end of file.
2026-06-06 17:57:35,685 [ERROR] LogOutputStream:75 - [STDERR_REDIRECT] 
2026-06-06 17:57:36,679 [ERROR] LogOutputStream:75 - [STDERR_REDIRECT] [Fatal Error] :1:1: Premature end of file.
2026-06-06 17:57:36,679 [ERROR] LogOutputStream:75 - [STDERR_REDIRECT] 
2026-06-06 17:57:37,680 [ERROR] LogOutputStream:75 - [STDERR_REDIRECT] [Fatal Error] :1:1: Premature end of file.
2026-06-06 17:57:37,680 [ERROR] LogOutputStream:75 - [STDERR_REDIRECT] 
2026-06-06 17:57:38,679 [ERROR] LogOutputStream:75 - [STDERR_REDIRECT] [Fatal Error] :1:1: Premature end of file.
2026-06-06 17:57:38,679 [ERROR] LogOutputStream:75 - [STDERR_REDIRECT] 
2026-06-06 17:57:39,677 [ERROR] LogOutputStream:75 - [STDERR_REDIRECT] [Fatal Error] :1:1: Premature end of file.
2026-06-06 17:57:39,677 [ERROR] LogOutputStream:75 - [STDERR_REDIRECT] 
2026-06-06 17:57:40,680 [ERROR] LogOutputStream:75 - [STDERR_REDIRECT] [Fatal Error] :1:1: Premature end of file.
2026-06-06 17:57:40,680 [ERROR] LogOutputStream:75 - [STDERR_REDIRECT] 
2026-06-06 17:57:41,683 [ERROR] LogOutputStream:75 - [STDERR_REDIRECT] [Fatal Error] :1:1: Premature end of file.
2026-06-06 17:57:41,684 [ERROR] LogOutputStream:75 - [STDERR_REDIRECT] 
2026-06-06 17:57:42,683 [ERROR] LogOutputStream:75 - [STDERR_REDIRECT] [Fatal Error] :1:1: Premature end of file.
2026-06-06 17:57:42,683 [ERROR] LogOutputStream:75 - [STDERR_REDIRECT] 
2026-06-06 17:57:43,679 [ERROR] LogOutputStream:75 - [STDERR_REDIRECT] [Fatal Error] :1:1: Premature end of file.
2026-06-06 17:57:43,679 [ERROR] LogOutputStream:75 - [STDERR_REDIRECT] 
2026-06-06 17:57:44,679 [ERROR] LogOutputStream:75 - [STDERR_REDIRECT] [Fatal Error] :1:1: Premature end of file.
2026-06-06 17:57:44,679 [ERROR] LogOutputStream:75 - [STDERR_REDIRECT] 
2026-06-06 17:57:45,680 [ERROR] LogOutputStream:75 - [STDERR_REDIRECT] [Fatal Error] :1:1: Premature end of file.
2026-06-06 17:57:45,680 [ERROR] LogOutputStream:75 - [STDERR_REDIRECT] 
2026-06-06 17:57:46,681 [ERROR] LogOutputStream:75 - [STDERR_REDIRECT] [Fatal Error] :1:1: Premature end of file.
2026-06-06 17:57:46,681 [ERROR] LogOutputStream:75 - [STDERR_REDIRECT] 
2026-06-06 17:57:47,680 [ERROR] LogOutputStream:75 - [STDERR_REDIRECT] [Fatal Error] :1:1: Premature end of file.
2026-06-06 17:57:47,680 [ERROR] LogOutputStream:75 - [STDERR_REDIRECT] 
2026-06-06 17:57:48,684 [ERROR] LogOutputStream:75 - [STDERR_REDIRECT] [Fatal Error] :1:1: Premature end of file.
2026-06-06 17:57:48,684 [ERROR] LogOutputStream:75 - [STDERR_REDIRECT] 
2026-06-06 17:57:49,678 [ERROR] LogOutputStream:75 - [STDERR_REDIRECT] [Fatal Error] :1:1: Premature end of file.
2026-06-06 17:57:49,678 [ERROR] LogOutputStream:75 - [STDERR_REDIRECT] 
2026-06-06 17:57:50,678 [ERROR] LogOutputStream:75 - [STDERR_REDIRECT] [Fatal Error] :1:1: Premature end of file.
2026-06-06 17:57:50,678 [ERROR] LogOutputStream:75 - [STDERR_REDIRECT] 
2026-06-06 17:57:51,681 [ERROR] LogOutputStream:75 - [STDERR_REDIRECT] [Fatal Error] :1:1: Premature end of file.
2026-06-06 17:57:51,681 [ERROR] LogOutputStream:75 - [STDERR_REDIRECT] 
2026-06-06 17:57:52,683 [ERROR] LogOutputStream:75 - [STDERR_REDIRECT] [Fatal Error] :1:1: Premature end of file.
2026-06-06 17:57:52,683 [ERROR] LogOutputStream:75 - [STDERR_REDIRECT] 
2026-06-06 17:57:53,682 [ERROR] LogOutputStream:75 - [STDERR_REDIRECT] [Fatal Error] :1:1: Premature end of file.
2026-06-06 17:57:53,682 [ERROR] LogOutputStream:75 - [STDERR_REDIRECT] 
2026-06-06 17:57:54,680 [ERROR] LogOutputStream:75 - [STDERR_REDIRECT] [Fatal Error] :1:1: Premature end of file.
2026-06-06 17:57:54,681 [ERROR] LogOutputStream:75 - [STDERR_REDIRECT] 
2026-06-06 17:57:55,678 [ERROR] LogOutputStream:75 - [STDERR_REDIRECT] [Fatal Error] :1:1: Premature end of file.
2026-06-06 17:57:55,678 [ERROR] LogOutputStream:75 - [STDERR_REDIRECT] 
2026-06-06 17:57:56,680 [ERROR] LogOutputStream:75 - [STDERR_REDIRECT] [Fatal Error] :1:1: Premature end of file.
2026-06-06 17:57:56,680 [ERROR] LogOutputStream:75 - [STDERR_REDIRECT] 
2026-06-06 17:57:57,680 [ERROR] LogOutputStream:75 - [STDERR_REDIRECT] [Fatal Error] :1:1: Premature end of file.
2026-06-06 17:57:57,680 [ERROR] LogOutputStream:75 - [STDERR_REDIRECT] 
2026-06-06 17:57:58,680 [ERROR] LogOutputStream:75 - [STDERR_REDIRECT] [Fatal Error] :1:1: Premature end of file.
2026-06-06 17:57:58,681 [ERROR] LogOutputStream:75 - [STDERR_REDIRECT] 
2026-06-06 17:57:59,682 [ERROR] LogOutputStream:75 - [STDERR_REDIRECT] [Fatal Error] :1:1: Premature end of file.
2026-06-06 17:57:59,682 [ERROR] LogOutputStream:75 - [STDERR_REDIRECT] 
2026-06-06 17:58:00,680 [ERROR] LogOutputStream:75 - [STDERR_REDIRECT] [Fatal Error] :1:1: Premature end of file.
2026-06-06 17:58:00,680 [ERROR] LogOutputStream:75 - [STDERR_REDIRECT] 
2026-06-06 17:58:01,680 [ERROR] LogOutputStream:75 - [STDERR_REDIRECT] [Fatal Error] :1:1: Premature end of file.
2026-06-06 17:58:01,680 [ERROR] LogOutputStream:75 - [STDERR_REDIRECT] 
2026-06-06 17:58:02,678 [ERROR] LogOutputStream:75 - [STDERR_REDIRECT] [Fatal Error] :1:1: Premature end of file.
2026-06-06 17:58:02,678 [ERROR] LogOutputStream:75 - [STDERR_REDIRECT] 
2026-06-06 17:58:03,678 [ERROR] LogOutputStream:75 - [STDERR_REDIRECT] [Fatal Error] :1:1: Premature end of file.
2026-06-06 17:58:03,678 [ERROR] LogOutputStream:75 - [STDERR_REDIRECT] 
2026-06-06 17:58:04,679 [ERROR] LogOutputStream:75 - [STDERR_REDIRECT] [Fatal Error] :1:1: Premature end of file.
2026-06-06 17:58:04,680 [ERROR] LogOutputStream:75 - [STDERR_REDIRECT] 
2026-06-06 17:58:05,679 [ERROR] LogOutputStream:75 - [STDERR_REDIRECT] [Fatal Error] :1:1: Premature end of file.
2026-06-06 17:58:05,679 [ERROR] LogOutputStream:75 - [STDERR_REDIRECT] 
2026-06-06 17:58:06,681 [ERROR] LogOutputStream:75 - [STDERR_REDIRECT] [Fatal Error] :1:1: Premature end of file.
2026-06-06 17:58:06,681 [ERROR] LogOutputStream:75 - [STDERR_REDIRECT] 
2026-06-06 17:58:07,680 [ERROR] LogOutputStream:75 - [STDERR_REDIRECT] [Fatal Error] :1:1: Premature end of file.
2026-06-06 17:58:07,680 [ERROR] LogOutputStream:75 - [STDERR_REDIRECT] 
2026-06-06 17:58:08,681 [ERROR] LogOutputStream:75 - [STDERR_REDIRECT] [Fatal Error] :1:1: Premature end of file.
2026-06-06 17:58:08,681 [ERROR] LogOutputStream:75 - [STDERR_REDIRECT] 
2026-06-06 17:58:09,684 [ERROR] LogOutputStream:75 - [STDERR_REDIRECT] [Fatal Error] :1:1: Premature end of file.
2026-06-06 17:58:09,684 [ERROR] LogOutputStream:75 - [STDERR_REDIRECT] 
2026-06-06 17:58:10,680 [ERROR] LogOutputStream:75 - [STDERR_REDIRECT] [Fatal Error] :1:1: Premature end of file.
2026-06-06 17:58:10,680 [ERROR] LogOutputStream:75 - [STDERR_REDIRECT] 
2026-06-06 17:58:11,681 [ERROR] LogOutputStream:75 - [STDERR_REDIRECT] [Fatal Error] :1:1: Premature end of file.
2026-06-06 17:58:11,681 [ERROR] LogOutputStream:75 - [STDERR_REDIRECT] 
2026-06-06 17:58:12,685 [ERROR] LogOutputStream:75 - [STDERR_REDIRECT] [Fatal Error] :1:1: Premature end of file.
2026-06-06 17:58:12,685 [ERROR] LogOutputStream:75 - [STDERR_REDIRECT] 
2026-06-06 17:58:13,680 [ERROR] LogOutputStream:75 - [STDERR_REDIRECT] [Fatal Error] :1:1: Premature end of file.
2026-06-06 17:58:13,681 [ERROR] LogOutputStream:75 - [STDERR_REDIRECT] 
2026-06-06 17:58:14,681 [ERROR] LogOutputStream:75 - [STDERR_REDIRECT] [Fatal Error] :1:1: Premature end of file.
2026-06-06 17:58:14,681 [ERROR] LogOutputStream:75 - [STDERR_REDIRECT] 
2026-06-06 17:58:15,679 [ERROR] LogOutputStream:75 - [STDERR_REDIRECT] [Fatal Error] :1:1: Premature end of file.
2026-06-06 17:58:15,679 [ERROR] LogOutputStream:75 - [STDERR_REDIRECT] 
2026-06-06 17:58:16,685 [ERROR] LogOutputStream:75 - [STDERR_REDIRECT] [Fatal Error] :1:1: Premature end of file.
2026-06-06 17:58:16,685 [ERROR] LogOutputStream:75 - [STDERR_REDIRECT] 
2026-06-06 17:58:17,684 [ERROR] LogOutputStream:75 - [STDERR_REDIRECT] [Fatal Error] :1:1: Premature end of file.
2026-06-06 17:58:17,684 [ERROR] LogOutputStream:75 - [STDERR_REDIRECT] 
2026-06-06 17:58:18,683 [ERROR] LogOutputStream:75 - [STDERR_REDIRECT] [Fatal Error] :1:1: Premature end of file.
2026-06-06 17:58:18,683 [ERROR] LogOutputStream:75 - [STDERR_REDIRECT] 
2026-06-06 17:58:19,682 [ERROR] LogOutputStream:75 - [STDERR_REDIRECT] [Fatal Error] :1:1: Premature end of file.
2026-06-06 17:58:19,682 [ERROR] LogOutputStream:75 - [STDERR_REDIRECT] 
2026-06-06 17:58:20,685 [ERROR] LogOutputStream:75 - [STDERR_REDIRECT] [Fatal Error] :1:1: Premature end of file.
2026-06-06 17:58:20,685 [ERROR] LogOutputStream:75 - [STDERR_REDIRECT] 
2026-06-06 17:58:21,687 [ERROR] LogOutputStream:75 - [STDERR_REDIRECT] [Fatal Error] :1:1: Premature end of file.
2026-06-06 17:58:21,687 [ERROR] LogOutputStream:75 - [STDERR_REDIRECT] 
2026-06-06 17:58:22,684 [ERROR] LogOutputStream:75 - [STDERR_REDIRECT] [Fatal Error] :1:1: Premature end of file.
2026-06-06 17:58:22,684 [ERROR] LogOutputStream:75 - [STDERR_REDIRECT] 
2026-06-06 17:58:23,681 [ERROR] LogOutputStream:75 - [STDERR_REDIRECT] [Fatal Error] :1:1: Premature end of file.
2026-06-06 17:58:23,681 [ERROR] LogOutputStream:75 - [STDERR_REDIRECT] 
2026-06-06 17:58:24,688 [ERROR] LogOutputStream:75 - [STDERR_REDIRECT] [Fatal Error] :1:1: Premature end of file.
2026-06-06 17:58:24,688 [ERROR] LogOutputStream:75 - [STDERR_REDIRECT] 
2026-06-06 17:58:25,678 [ERROR] LogOutputStream:75 - [STDERR_REDIRECT] [Fatal Error] :1:1: Premature end of file.
2026-06-06 17:58:25,679 [ERROR] LogOutputStream:75 - [STDERR_REDIRECT] 
2026-06-06 17:58:26,681 [ERROR] LogOutputStream:75 - [STDERR_REDIRECT] [Fatal Error] :1:1: Premature end of file.
2026-06-06 17:58:26,681 [ERROR] LogOutputStream:75 - [STDERR_REDIRECT] 
2026-06-06 17:58:27,689 [ERROR] LogOutputStream:75 - [STDERR_REDIRECT] [Fatal Error] :1:1: Premature end of file.
2026-06-06 17:58:27,689 [ERROR] LogOutputStream:75 - [STDERR_REDIRECT] 
2026-06-06 17:58:28,686 [ERROR] LogOutputStream:75 - [STDERR_REDIRECT] [Fatal Error] :1:1: Premature end of file.
2026-06-06 17:58:28,686 [ERROR] LogOutputStream:75 - [STDERR_REDIRECT] 
2026-06-06 17:58:29,686 [ERROR] LogOutputStream:75 - [STDERR_REDIRECT] [Fatal Error] :1:1: Premature end of file.
2026-06-06 17:58:29,686 [ERROR] LogOutputStream:75 - [STDERR_REDIRECT] 
2026-06-06 17:58:30,684 [ERROR] LogOutputStream:75 - [STDERR_REDIRECT] [Fatal Error] :1:1: Premature end of file.
2026-06-06 17:58:30,684 [ERROR] LogOutputStream:75 - [STDERR_REDIRECT] 
2026-06-06 17:58:31,684 [ERROR] LogOutputStream:75 - [STDERR_REDIRECT] [Fatal Error] :1:1: Premature end of file.
2026-06-06 17:58:31,684 [ERROR] LogOutputStream:75 - [STDERR_REDIRECT] 
2026-06-06 17:58:32,680 [ERROR] LogOutputStream:75 - [STDERR_REDIRECT] [Fatal Error] :1:1: Premature end of file.
2026-06-06 17:58:32,680 [ERROR] LogOutputStream:75 - [STDERR_REDIRECT] 
2026-06-06 17:58:33,686 [ERROR] LogOutputStream:75 - [STDERR_REDIRECT] [Fatal Error] :1:1: Premature end of file.
2026-06-06 17:58:33,686 [ERROR] LogOutputStream:75 - [STDERR_REDIRECT] 
2026-06-06 17:58:34,685 [ERROR] LogOutputStream:75 - [STDERR_REDIRECT] [Fatal Error] :1:1: Premature end of file.
2026-06-06 17:58:34,685 [ERROR] LogOutputStream:75 - [STDERR_REDIRECT] 
2026-06-06 17:58:35,684 [ERROR] LogOutputStream:75 - [STDERR_REDIRECT] [Fatal Error] :1:1: Premature end of file.
2026-06-06 17:58:35,684 [ERROR] LogOutputStream:75 - [STDERR_REDIRECT] 
2026-06-06 17:58:36,684 [ERROR] LogOutputStream:75 - [STDERR_REDIRECT] [Fatal Error] :1:1: Premature end of file.
2026-06-06 17:58:36,684 [ERROR] LogOutputStream:75 - [STDERR_REDIRECT] 
2026-06-06 17:58:37,683 [ERROR] LogOutputStream:75 - [STDERR_REDIRECT] [Fatal Error] :1:1: Premature end of file.
2026-06-06 17:58:37,683 [ERROR] LogOutputStream:75 - [STDERR_REDIRECT] 
2026-06-06 17:58:38,684 [ERROR] LogOutputStream:75 - [STDERR_REDIRECT] [Fatal Error] :1:1: Premature end of file.
2026-06-06 17:58:38,684 [ERROR] LogOutputStream:75 - [STDERR_REDIRECT] 
2026-06-06 17:58:39,685 [ERROR] LogOutputStream:75 - [STDERR_REDIRECT] [Fatal Error] :1:1: Premature end of file.
2026-06-06 17:58:39,685 [ERROR] LogOutputStream:75 - [STDERR_REDIRECT] 
2026-06-06 17:58:40,684 [ERROR] LogOutputStream:75 - [STDERR_REDIRECT] [Fatal Error] :1:1: Premature end of file.
2026-06-06 17:58:40,684 [ERROR] LogOutputStream:75 - [STDERR_REDIRECT] 
2026-06-06 17:58:41,687 [ERROR] LogOutputStream:75 - [STDERR_REDIRECT] [Fatal Error] :1:1: Premature end of file.
2026-06-06 17:58:41,687 [ERROR] LogOutputStream:75 - [STDERR_REDIRECT] 
2026-06-06 17:58:42,687 [ERROR] LogOutputStream:75 - [STDERR_REDIRECT] [Fatal Error] :1:1: Premature end of file.
2026-06-06 17:58:42,687 [ERROR] LogOutputStream:75 - [STDERR_REDIRECT] 
2026-06-06 17:58:43,683 [ERROR] LogOutputStream:75 - [STDERR_REDIRECT] [Fatal Error] :1:1: Premature end of file.
2026-06-06 17:58:43,683 [ERROR] LogOutputStream:75 - [STDERR_REDIRECT] 
2026-06-06 17:58:44,684 [ERROR] LogOutputStream:75 - [STDERR_REDIRECT] [Fatal Error] :1:1: Premature end of file.
2026-06-06 17:58:44,684 [ERROR] LogOutputStream:75 - [STDERR_REDIRECT] 
2026-06-06 17:58:45,684 [ERROR] LogOutputStream:75 - [STDERR_REDIRECT] [Fatal Error] :1:1: Premature end of file.
2026-06-06 17:58:45,684 [ERROR] LogOutputStream:75 - [STDERR_REDIRECT] 
2026-06-06 17:58:46,689 [ERROR] LogOutputStream:75 - [STDERR_REDIRECT] [Fatal Error] :1:1: Premature end of file.
2026-06-06 17:58:46,689 [ERROR] LogOutputStream:75 - [STDERR_REDIRECT] 
2026-06-06 17:58:47,687 [ERROR] LogOutputStream:75 - [STDERR_REDIRECT] [Fatal Error] :1:1: Premature end of file.
2026-06-06 17:58:47,687 [ERROR] LogOutputStream:75 - [STDERR_REDIRECT] 
2026-06-06 17:58:48,687 [ERROR] LogOutputStream:75 - [STDERR_REDIRECT] [Fatal Error] :1:1: Premature end of file.
2026-06-06 17:58:48,687 [ERROR] LogOutputStream:75 - [STDERR_REDIRECT] 
2026-06-06 17:58:49,686 [ERROR] LogOutputStream:75 - [STDERR_REDIRECT] [Fatal Error] :1:1: Premature end of file.
2026-06-06 17:58:49,686 [ERROR] LogOutputStream:75 - [STDERR_REDIRECT] 
2026-06-06 17:58:50,683 [ERROR] LogOutputStream:75 - [STDERR_REDIRECT] [Fatal Error] :1:1: Premature end of file.
2026-06-06 17:58:50,683 [ERROR] LogOutputStream:75 - [STDERR_REDIRECT] 
2026-06-06 17:58:51,681 [ERROR] LogOutputStream:75 - [STDERR_REDIRECT] [Fatal Error] :1:1: Premature end of file.
2026-06-06 17:58:51,681 [ERROR] LogOutputStream:75 - [STDERR_REDIRECT] 
2026-06-06 17:58:52,691 [ERROR] LogOutputStream:75 - [STDERR_REDIRECT] [Fatal Error] :1:1: Premature end of file.
2026-06-06 17:58:52,692 [ERROR] LogOutputStream:75 - [STDERR_REDIRECT] 
2026-06-06 17:58:53,686 [ERROR] LogOutputStream:75 - [STDERR_REDIRECT] [Fatal Error] :1:1: Premature end of file.
2026-06-06 17:58:53,686 [ERROR] LogOutputStream:75 - [STDERR_REDIRECT] 
2026-06-06 17:58:54,683 [ERROR] LogOutputStream:75 - [STDERR_REDIRECT] [Fatal Error] :1:1: Premature end of file.
2026-06-06 17:58:54,684 [ERROR] LogOutputStream:75 - [STDERR_REDIRECT] 
2026-06-06 17:58:55,685 [ERROR] LogOutputStream:75 - [STDERR_REDIRECT] [Fatal Error] :1:1: Premature end of file.
2026-06-06 17:58:55,685 [ERROR] LogOutputStream:75 - [STDERR_REDIRECT] 
2026-06-06 17:58:56,687 [ERROR] LogOutputStream:75 - [STDERR_REDIRECT] [Fatal Error] :1:1: Premature end of file.
2026-06-06 17:58:56,687 [ERROR] LogOutputStream:75 - [STDERR_REDIRECT] 
2026-06-06 17:58:57,681 [ERROR] LogOutputStream:75 - [STDERR_REDIRECT] [Fatal Error] :1:1: Premature end of file.
2026-06-06 17:58:57,683 [ERROR] LogOutputStream:75 - [STDERR_REDIRECT] 
2026-06-06 17:58:58,685 [ERROR] LogOutputStream:75 - [STDERR_REDIRECT] [Fatal Error] :1:1: Premature end of file.
2026-06-06 17:58:58,685 [ERROR] LogOutputStream:75 - [STDERR_REDIRECT] 
2026-06-06 17:58:59,687 [ERROR] LogOutputStream:75 - [STDERR_REDIRECT] [Fatal Error] :1:1: Premature end of file.
2026-06-06 17:58:59,687 [ERROR] LogOutputStream:75 - [STDERR_REDIRECT] 
2026-06-06 17:59:00,681 [ERROR] LogOutputStream:75 - [STDERR_REDIRECT] [Fatal Error] :1:1: Premature end of file.
2026-06-06 17:59:00,681 [ERROR] LogOutputStream:75 - [STDERR_REDIRECT] 
2026-06-06 17:59:01,686 [ERROR] LogOutputStream:75 - [STDERR_REDIRECT] [Fatal Error] :1:1: Premature end of file.
2026-06-06 17:59:01,686 [ERROR] LogOutputStream:75 - [STDERR_REDIRECT] 
2026-06-06 17:59:02,684 [ERROR] LogOutputStream:75 - [STDERR_REDIRECT] [Fatal Error] :1:1: Premature end of file.
2026-06-06 17:59:02,684 [ERROR] LogOutputStream:75 - [STDERR_REDIRECT] 
2026-06-06 17:59:03,689 [ERROR] LogOutputStream:75 - [STDERR_REDIRECT] [Fatal Error] :1:1: Premature end of file.
2026-06-06 17:59:03,689 [ERROR] LogOutputStream:75 - [STDERR_REDIRECT] 
2026-06-06 17:59:04,682 [ERROR] LogOutputStream:75 - [STDERR_REDIRECT] [Fatal Error] :1:1: Premature end of file.
2026-06-06 17:59:04,682 [ERROR] LogOutputStream:75 - [STDERR_REDIRECT] 
2026-06-06 17:59:05,682 [ERROR] LogOutputStream:75 - [STDERR_REDIRECT] [Fatal Error] :1:1: Premature end of file.
2026-06-06 17:59:05,682 [ERROR] LogOutputStream:75 - [STDERR_REDIRECT] 
2026-06-06 17:59:06,684 [ERROR] LogOutputStream:75 - [STDERR_REDIRECT] [Fatal Error] :1:1: Premature end of file.
2026-06-06 17:59:06,684 [ERROR] LogOutputStream:75 - [STDERR_REDIRECT] 
2026-06-06 17:59:07,690 [ERROR] LogOutputStream:75 - [STDERR_REDIRECT] [Fatal Error] :1:1: Premature end of file.
2026-06-06 17:59:07,690 [ERROR] LogOutputStream:75 - [STDERR_REDIRECT] 
2026-06-06 17:59:08,683 [ERROR] LogOutputStream:75 - [STDERR_REDIRECT] [Fatal Error] :1:1: Premature end of file.
2026-06-06 17:59:08,683 [ERROR] LogOutputStream:75 - [STDERR_REDIRECT] 
2026-06-06 17:59:09,685 [ERROR] LogOutputStream:75 - [STDERR_REDIRECT] [Fatal Error] :1:1: Premature end of file.
2026-06-06 17:59:09,685 [ERROR] LogOutputStream:75 - [STDERR_REDIRECT] 
2026-06-06 17:59:10,687 [ERROR] LogOutputStream:75 - [STDERR_REDIRECT] [Fatal Error] :1:1: Premature end of file.
2026-06-06 17:59:10,687 [ERROR] LogOutputStream:75 - [STDERR_REDIRECT] 
2026-06-06 17:59:11,681 [ERROR] LogOutputStream:75 - [STDERR_REDIRECT] [Fatal Error] :1:1: Premature end of file.
2026-06-06 17:59:11,681 [ERROR] LogOutputStream:75 - [STDERR_REDIRECT] 
2026-06-06 17:59:12,686 [ERROR] LogOutputStream:75 - [STDERR_REDIRECT] [Fatal Error] :1:1: Premature end of file.
2026-06-06 17:59:12,686 [ERROR] LogOutputStream:75 - [STDERR_REDIRECT] 
2026-06-06 17:59:13,682 [ERROR] LogOutputStream:75 - [STDERR_REDIRECT] [Fatal Error] :1:1: Premature end of file.
2026-06-06 17:59:13,682 [ERROR] LogOutputStream:75 - [STDERR_REDIRECT] 
2026-06-06 17:59:14,683 [ERROR] LogOutputStream:75 - [STDERR_REDIRECT] [Fatal Error] :1:1: Premature end of file.
2026-06-06 17:59:14,684 [ERROR] LogOutputStream:75 - [STDERR_REDIRECT] 
2026-06-06 17:59:15,684 [ERROR] LogOutputStream:75 - [STDERR_REDIRECT] [Fatal Error] :1:1: Premature end of file.
2026-06-06 17:59:15,684 [ERROR] LogOutputStream:75 - [STDERR_REDIRECT] 
2026-06-06 17:59:16,692 [ERROR] LogOutputStream:75 - [STDERR_REDIRECT] [Fatal Error] :1:1: Premature end of file.
2026-06-06 17:59:16,692 [ERROR] LogOutputStream:75 - [STDERR_REDIRECT] 
2026-06-06 17:59:17,684 [ERROR] LogOutputStream:75 - [STDERR_REDIRECT] [Fatal Error] :1:1: Premature end of file.
2026-06-06 17:59:17,685 [ERROR] LogOutputStream:75 - [STDERR_REDIRECT] 
2026-06-06 17:59:18,696 [ERROR] LogOutputStream:75 - [STDERR_REDIRECT] [Fatal Error] :1:1: Premature end of file.
2026-06-06 17:59:18,696 [ERROR] LogOutputStream:75 - [STDERR_REDIRECT] 
2026-06-06 17:59:19,681 [ERROR] LogOutputStream:75 - [STDERR_REDIRECT] [Fatal Error] :1:1: Premature end of file.
2026-06-06 17:59:19,681 [ERROR] LogOutputStream:75 - [STDERR_REDIRECT] 
2026-06-06 17:59:20,682 [ERROR] LogOutputStream:75 - [STDERR_REDIRECT] [Fatal Error] :1:1: Premature end of file.
2026-06-06 17:59:20,682 [ERROR] LogOutputStream:75 - [STDERR_REDIRECT] 
2026-06-06 17:59:21,687 [ERROR] LogOutputStream:75 - [STDERR_REDIRECT] [Fatal Error] :1:1: Premature end of file.
2026-06-06 17:59:21,687 [ERROR] LogOutputStream:75 - [STDERR_REDIRECT] 
2026-06-06 17:59:22,689 [ERROR] LogOutputStream:75 - [STDERR_REDIRECT] [Fatal Error] :1:1: Premature end of file.
2026-06-06 17:59:22,689 [ERROR] LogOutputStream:75 - [STDERR_REDIRECT] 
2026-06-06 17:59:23,688 [ERROR] LogOutputStream:75 - [STDERR_REDIRECT] [Fatal Error] :1:1: Premature end of file.
2026-06-06 17:59:23,688 [ERROR] LogOutputStream:75 - [STDERR_REDIRECT] 
2026-06-06 17:59:24,683 [ERROR] LogOutputStream:75 - [STDERR_REDIRECT] [Fatal Error] :1:1: Premature end of file.
2026-06-06 17:59:24,683 [ERROR] LogOutputStream:75 - [STDERR_REDIRECT] 
2026-06-06 17:59:25,685 [ERROR] LogOutputStream:75 - [STDERR_REDIRECT] [Fatal Error] :1:1: Premature end of file.
2026-06-06 17:59:25,685 [ERROR] LogOutputStream:75 - [STDERR_REDIRECT] 
2026-06-06 17:59:26,687 [ERROR] LogOutputStream:75 - [STDERR_REDIRECT] [Fatal Error] :1:1: Premature end of file.
2026-06-06 17:59:26,687 [ERROR] LogOutputStream:75 - [STDERR_REDIRECT] 
2026-06-06 17:59:27,686 [ERROR] LogOutputStream:75 - [STDERR_REDIRECT] [Fatal Error] :1:1: Premature end of file.
2026-06-06 17:59:27,687 [ERROR] LogOutputStream:75 - [STDERR_REDIRECT] 
2026-06-06 17:59:28,680 [ERROR] LogOutputStream:75 - [STDERR_REDIRECT] [Fatal Error] :1:1: Premature end of file.
2026-06-06 17:59:28,681 [ERROR] LogOutputStream:75 - [STDERR_REDIRECT] 
2026-06-06 17:59:29,684 [ERROR] LogOutputStream:75 - [STDERR_REDIRECT] [Fatal Error] :1:1: Premature end of file.
2026-06-06 17:59:29,684 [ERROR] LogOutputStream:75 - [STDERR_REDIRECT] 
2026-06-06 17:59:30,686 [ERROR] LogOutputStream:75 - [STDERR_REDIRECT] [Fatal Error] :1:1: Premature end of file.
2026-06-06 17:59:30,686 [ERROR] LogOutputStream:75 - [STDERR_REDIRECT] 
2026-06-06 17:59:31,686 [ERROR] LogOutputStream:75 - [STDERR_REDIRECT] [Fatal Error] :1:1: Premature end of file.
2026-06-06 17:59:31,686 [ERROR] LogOutputStream:75 - [STDERR_REDIRECT] 
2026-06-06 17:59:32,685 [ERROR] LogOutputStream:75 - [STDERR_REDIRECT] [Fatal Error] :1:1: Premature end of file.
2026-06-06 17:59:32,685 [ERROR] LogOutputStream:75 - [STDERR_REDIRECT] 
2026-06-06 17:59:33,680 [ERROR] LogOutputStream:75 - [STDERR_REDIRECT] [Fatal Error] :1:1: Premature end of file.
2026-06-06 17:59:33,680 [ERROR] LogOutputStream:75 - [STDERR_REDIRECT] 
2026-06-06 17:59:34,687 [ERROR] LogOutputStream:75 - [STDERR_REDIRECT] [Fatal Error] :1:1: Premature end of file.
2026-06-06 17:59:34,687 [ERROR] LogOutputStream:75 - [STDERR_REDIRECT] 
2026-06-06 17:59:35,681 [ERROR] LogOutputStream:75 - [STDERR_REDIRECT] [Fatal Error] :1:1: Premature end of file.
2026-06-06 17:59:35,681 [ERROR] LogOutputStream:75 - [STDERR_REDIRECT] 
2026-06-06 17:59:36,685 [ERROR] LogOutputStream:75 - [STDERR_REDIRECT] [Fatal Error] :1:1: Premature end of file.
2026-06-06 17:59:36,685 [ERROR] LogOutputStream:75 - [STDERR_REDIRECT] 
2026-06-06 17:59:37,680 [ERROR] LogOutputStream:75 - [STDERR_REDIRECT] [Fatal Error] :1:1: Premature end of file.
2026-06-06 17:59:37,680 [ERROR] LogOutputStream:75 - [STDERR_REDIRECT] 
2026-06-06 17:59:38,683 [ERROR] LogOutputStream:75 - [STDERR_REDIRECT] [Fatal Error] :1:1: Premature end of file.
2026-06-06 17:59:38,683 [ERROR] LogOutputStream:75 - [STDERR_REDIRECT] 
2026-06-06 17:59:39,680 [ERROR] LogOutputStream:75 - [STDERR_REDIRECT] [Fatal Error] :1:1: Premature end of file.
2026-06-06 17:59:39,680 [ERROR] LogOutputStream:75 - [STDERR_REDIRECT] 
2026-06-06 17:59:40,682 [ERROR] LogOutputStream:75 - [STDERR_REDIRECT] [Fatal Error] :1:1: Premature end of file.
2026-06-06 17:59:40,682 [ERROR] LogOutputStream:75 - [STDERR_REDIRECT] 
2026-06-06 17:59:41,686 [ERROR] LogOutputStream:75 - [STDERR_REDIRECT] [Fatal Error] :1:1: Premature end of file.
2026-06-06 17:59:41,686 [ERROR] LogOutputStream:75 - [STDERR_REDIRECT] 
2026-06-06 17:59:42,683 [ERROR] LogOutputStream:75 - [STDERR_REDIRECT] [Fatal Error] :1:1: Premature end of file.
2026-06-06 17:59:42,683 [ERROR] LogOutputStream:75 - [STDERR_REDIRECT] 
2026-06-06 17:59:43,682 [ERROR] LogOutputStream:75 - [STDERR_REDIRECT] [Fatal Error] :1:1: Premature end of file.
2026-06-06 17:59:43,682 [ERROR] LogOutputStream:75 - [STDERR_REDIRECT] 
2026-06-06 17:59:44,679 [ERROR] LogOutputStream:75 - [STDERR_REDIRECT] [Fatal Error] :1:1: Premature end of file.
2026-06-06 17:59:44,679 [ERROR] LogOutputStream:75 - [STDERR_REDIRECT] 
2026-06-06 17:59:45,680 [ERROR] LogOutputStream:75 - [STDERR_REDIRECT] [Fatal Error] :1:1: Premature end of file.
2026-06-06 17:59:45,680 [ERROR] LogOutputStream:75 - [STDERR_REDIRECT] 
2026-06-06 17:59:46,685 [ERROR] LogOutputStream:75 - [STDERR_REDIRECT] [Fatal Error] :1:1: Premature end of file.
2026-06-06 17:59:46,685 [ERROR] LogOutputStream:75 - [STDERR_REDIRECT] 
2026-06-06 17:59:47,682 [ERROR] LogOutputStream:75 - [STDERR_REDIRECT] [Fatal Error] :1:1: Premature end of file.
2026-06-06 17:59:47,682 [ERROR] LogOutputStream:75 - [STDERR_REDIRECT] 
2026-06-06 17:59:48,701 [ERROR] LogOutputStream:75 - [STDERR_REDIRECT] [Fatal Error] :1:1: Premature end of file.
2026-06-06 17:59:48,702 [ERROR] LogOutputStream:75 - [STDERR_REDIRECT] 
2026-06-06 17:59:49,699 [ERROR] LogOutputStream:75 - [STDERR_REDIRECT] [Fatal Error] :1:1: Premature end of file.
2026-06-06 17:59:49,700 [ERROR] LogOutputStream:75 - [STDERR_REDIRECT] 
2026-06-06 17:59:50,680 [ERROR] LogOutputStream:75 - [STDERR_REDIRECT] [Fatal Error] :1:1: Premature end of file.
2026-06-06 17:59:50,680 [ERROR] LogOutputStream:75 - [STDERR_REDIRECT] 
2026-06-06 17:59:51,687 [ERROR] LogOutputStream:75 - [STDERR_REDIRECT] [Fatal Error] :1:1: Premature end of file.
2026-06-06 17:59:51,688 [ERROR] LogOutputStream:75 - [STDERR_REDIRECT] 
2026-06-06 17:59:52,685 [ERROR] LogOutputStream:75 - [STDERR_REDIRECT] [Fatal Error] :1:1: Premature end of file.
2026-06-06 17:59:52,685 [ERROR] LogOutputStream:75 - [STDERR_REDIRECT] 
2026-06-06 17:59:53,680 [ERROR] LogOutputStream:75 - [STDERR_REDIRECT] [Fatal Error] :1:1: Premature end of file.
2026-06-06 17:59:53,680 [ERROR] LogOutputStream:75 - [STDERR_REDIRECT] 
2026-06-06 17:59:54,682 [ERROR] LogOutputStream:75 - [STDERR_REDIRECT] [Fatal Error] :1:1: Premature end of file.
2026-06-06 17:59:54,683 [ERROR] LogOutputStream:75 - [STDERR_REDIRECT] 
2026-06-06 17:59:55,683 [ERROR] LogOutputStream:75 - [STDERR_REDIRECT] [Fatal Error] :1:1: Premature end of file.
2026-06-06 17:59:55,683 [ERROR] LogOutputStream:75 - [STDERR_REDIRECT] 
2026-06-06 17:59:56,681 [ERROR] LogOutputStream:75 - [STDERR_REDIRECT] [Fatal Error] :1:1: Premature end of file.
2026-06-06 17:59:56,681 [ERROR] LogOutputStream:75 - [STDERR_REDIRECT] 
2026-06-06 17:59:57,681 [ERROR] LogOutputStream:75 - [STDERR_REDIRECT] [Fatal Error] :1:1: Premature end of file.
2026-06-06 17:59:57,681 [ERROR] LogOutputStream:75 - [STDERR_REDIRECT] 
2026-06-06 17:59:58,687 [ERROR] LogOutputStream:75 - [STDERR_REDIRECT] [Fatal Error] :1:1: Premature end of file.
2026-06-06 17:59:58,687 [ERROR] LogOutputStream:75 - [STDERR_REDIRECT] 
2026-06-06 17:59:59,680 [ERROR] LogOutputStream:75 - [STDERR_REDIRECT] [Fatal Error] :1:1: Premature end of file.
2026-06-06 17:59:59,680 [ERROR] LogOutputStream:75 - [STDERR_REDIRECT] 
2026-06-06 18:00:00,681 [ERROR] LogOutputStream:75 - [STDERR_REDIRECT] [Fatal Error] :1:1: Premature end of file.
2026-06-06 18:00:00,681 [ERROR] LogOutputStream:75 - [STDERR_REDIRECT] 
2026-06-06 18:00:01,689 [ERROR] LogOutputStream:75 - [STDERR_REDIRECT] [Fatal Error] :1:1: Premature end of file.
2026-06-06 18:00:01,689 [ERROR] LogOutputStream:75 - [STDERR_REDIRECT] 
2026-06-06 18:00:02,683 [ERROR] LogOutputStream:75 - [STDERR_REDIRECT] [Fatal Error] :1:1: Premature end of file.
2026-06-06 18:00:02,683 [ERROR] LogOutputStream:75 - [STDERR_REDIRECT] 
2026-06-06 18:00:03,679 [ERROR] LogOutputStream:75 - [STDERR_REDIRECT] [Fatal Error] :1:1: Premature end of file.
2026-06-06 18:00:03,679 [ERROR] LogOutputStream:75 - [STDERR_REDIRECT] 
2026-06-06 18:00:04,679 [ERROR] LogOutputStream:75 - [STDERR_REDIRECT] [Fatal Error] :1:1: Premature end of file.
2026-06-06 18:00:04,679 [ERROR] LogOutputStream:75 - [STDERR_REDIRECT] 
2026-06-06 18:00:05,680 [ERROR] LogOutputStream:75 - [STDERR_REDIRECT] [Fatal Error] :1:1: Premature end of file.
2026-06-06 18:00:05,680 [ERROR] LogOutputStream:75 - [STDERR_REDIRECT] 
2026-06-06 18:00:06,682 [ERROR] LogOutputStream:75 - [STDERR_REDIRECT] [Fatal Error] :1:1: Premature end of file.
2026-06-06 18:00:06,682 [ERROR] LogOutputStream:75 - [STDERR_REDIRECT] 
2026-06-06 18:00:07,681 [ERROR] LogOutputStream:75 - [STDERR_REDIRECT] [Fatal Error] :1:1: Premature end of file.
2026-06-06 18:00:07,681 [ERROR] LogOutputStream:75 - [STDERR_REDIRECT] 
2026-06-06 18:00:08,681 [ERROR] LogOutputStream:75 - [STDERR_REDIRECT] [Fatal Error] :1:1: Premature end of file.
2026-06-06 18:00:08,681 [ERROR] LogOutputStream:75 - [STDERR_REDIRECT] 
2026-06-06 18:00:09,682 [ERROR] LogOutputStream:75 - [STDERR_REDIRECT] [Fatal Error] :1:1: Premature end of file.
2026-06-06 18:00:09,683 [ERROR] LogOutputStream:75 - [STDERR_REDIRECT] 
2026-06-06 18:00:10,686 [ERROR] LogOutputStream:75 - [STDERR_REDIRECT] [Fatal Error] :1:1: Premature end of file.
2026-06-06 18:00:10,686 [ERROR] LogOutputStream:75 - [STDERR_REDIRECT] 
2026-06-06 18:00:11,683 [ERROR] LogOutputStream:75 - [STDERR_REDIRECT] [Fatal Error] :1:1: Premature end of file.
2026-06-06 18:00:11,683 [ERROR] LogOutputStream:75 - [STDERR_REDIRECT] 
2026-06-06 18:00:12,688 [ERROR] LogOutputStream:75 - [STDERR_REDIRECT] [Fatal Error] :1:1: Premature end of file.
2026-06-06 18:00:12,688 [ERROR] LogOutputStream:75 - [STDERR_REDIRECT] 
2026-06-06 18:00:13,680 [ERROR] LogOutputStream:75 - [STDERR_REDIRECT] [Fatal Error] :1:1: Premature end of file.
2026-06-06 18:00:13,680 [ERROR] LogOutputStream:75 - [STDERR_REDIRECT] 
2026-06-06 18:00:14,680 [ERROR] LogOutputStream:75 - [STDERR_REDIRECT] [Fatal Error] :1:1: Premature end of file.
2026-06-06 18:00:14,680 [ERROR] LogOutputStream:75 - [STDERR_REDIRECT] 
2026-06-06 18:00:15,680 [ERROR] LogOutputStream:75 - [STDERR_REDIRECT] [Fatal Error] :1:1: Premature end of file.
2026-06-06 18:00:15,680 [ERROR] LogOutputStream:75 - [STDERR_REDIRECT] 
2026-06-06 18:00:16,684 [ERROR] LogOutputStream:75 - [STDERR_REDIRECT] [Fatal Error] :1:1: Premature end of file.
2026-06-06 18:00:16,684 [ERROR] LogOutputStream:75 - [STDERR_REDIRECT] 
2026-06-06 18:00:17,680 [ERROR] LogOutputStream:75 - [STDERR_REDIRECT] [Fatal Error] :1:1: Premature end of file.
2026-06-06 18:00:17,680 [ERROR] LogOutputStream:75 - [STDERR_REDIRECT] 
2026-06-06 18:00:18,681 [ERROR] LogOutputStream:75 - [STDERR_REDIRECT] [Fatal Error] :1:1: Premature end of file.
2026-06-06 18:00:18,681 [ERROR] LogOutputStream:75 - [STDERR_REDIRECT] 
2026-06-06 18:00:19,683 [ERROR] LogOutputStream:75 - [STDERR_REDIRECT] [Fatal Error] :1:1: Premature end of file.
2026-06-06 18:00:19,683 [ERROR] LogOutputStream:75 - [STDERR_REDIRECT] 
2026-06-06 18:00:20,683 [ERROR] LogOutputStream:75 - [STDERR_REDIRECT] [Fatal Error] :1:1: Premature end of file.
2026-06-06 18:00:20,683 [ERROR] LogOutputStream:75 - [STDERR_REDIRECT] 
2026-06-06 18:00:21,679 [ERROR] LogOutputStream:75 - [STDERR_REDIRECT] [Fatal Error] :1:1: Premature end of file.
2026-06-06 18:00:21,679 [ERROR] LogOutputStream:75 - [STDERR_REDIRECT] 
2026-06-06 18:00:22,680 [ERROR] LogOutputStream:75 - [STDERR_REDIRECT] [Fatal Error] :1:1: Premature end of file.
2026-06-06 18:00:22,680 [ERROR] LogOutputStream:75 - [STDERR_REDIRECT] 
2026-06-06 18:00:23,679 [ERROR] LogOutputStream:75 - [STDERR_REDIRECT] [Fatal Error] :1:1: Premature end of file.
2026-06-06 18:00:23,679 [ERROR] LogOutputStream:75 - [STDERR_REDIRECT] 
2026-06-06 18:00:24,684 [ERROR] LogOutputStream:75 - [STDERR_REDIRECT] [Fatal Error] :1:1: Premature end of file.
2026-06-06 18:00:24,684 [ERROR] LogOutputStream:75 - [STDERR_REDIRECT] 
2026-06-06 18:00:25,681 [ERROR] LogOutputStream:75 - [STDERR_REDIRECT] [Fatal Error] :1:1: Premature end of file.
2026-06-06 18:00:25,681 [ERROR] LogOutputStream:75 - [STDERR_REDIRECT] 
2026-06-06 18:00:26,680 [ERROR] LogOutputStream:75 - [STDERR_REDIRECT] [Fatal Error] :1:1: Premature end of file.
2026-06-06 18:00:26,680 [ERROR] LogOutputStream:75 - [STDERR_REDIRECT] 
2026-06-06 18:00:27,679 [ERROR] LogOutputStream:75 - [STDERR_REDIRECT] [Fatal Error] :1:1: Premature end of file.
2026-06-06 18:00:27,680 [ERROR] LogOutputStream:75 - [STDERR_REDIRECT] 
2026-06-06 18:00:28,681 [ERROR] LogOutputStream:75 - [STDERR_REDIRECT] [Fatal Error] :1:1: Premature end of file.
2026-06-06 18:00:28,681 [ERROR] LogOutputStream:75 - [STDERR_REDIRECT] 
2026-06-06 18:00:29,681 [ERROR] LogOutputStream:75 - [STDERR_REDIRECT] [Fatal Error] :1:1: Premature end of file.
2026-06-06 18:00:29,681 [ERROR] LogOutputStream:75 - [STDERR_REDIRECT] 
2026-06-06 18:00:30,680 [ERROR] LogOutputStream:75 - [STDERR_REDIRECT] [Fatal Error] :1:1: Premature end of file.
2026-06-06 18:00:30,680 [ERROR] LogOutputStream:75 - [STDERR_REDIRECT] 
2026-06-06 18:00:31,686 [ERROR] LogOutputStream:75 - [STDERR_REDIRECT] [Fatal Error] :1:1: Premature end of file.
2026-06-06 18:00:31,686 [ERROR] LogOutputStream:75 - [STDERR_REDIRECT] 
2026-06-06 18:00:32,680 [ERROR] LogOutputStream:75 - [STDERR_REDIRECT] [Fatal Error] :1:1: Premature end of file.
2026-06-06 18:00:32,680 [ERROR] LogOutputStream:75 - [STDERR_REDIRECT] 
2026-06-06 18:00:33,678 [ERROR] LogOutputStream:75 - [STDERR_REDIRECT] [Fatal Error] :1:1: Premature end of file.
2026-06-06 18:00:33,678 [ERROR] LogOutputStream:75 - [STDERR_REDIRECT] 
2026-06-06 18:00:34,681 [ERROR] LogOutputStream:75 - [STDERR_REDIRECT] [Fatal Error] :1:1: Premature end of file.
2026-06-06 18:00:34,682 [ERROR] LogOutputStream:75 - [STDERR_REDIRECT] 
2026-06-06 18:00:35,679 [ERROR] LogOutputStream:75 - [STDERR_REDIRECT] [Fatal Error] :1:1: Premature end of file.
2026-06-06 18:00:35,679 [ERROR] LogOutputStream:75 - [STDERR_REDIRECT] 
2026-06-06 18:00:36,686 [ERROR] LogOutputStream:75 - [STDERR_REDIRECT] [Fatal Error] :1:1: Premature end of file.
2026-06-06 18:00:36,686 [ERROR] LogOutputStream:75 - [STDERR_REDIRECT] 
2026-06-06 18:00:37,679 [ERROR] LogOutputStream:75 - [STDERR_REDIRECT] [Fatal Error] :1:1: Premature end of file.
2026-06-06 18:00:37,680 [ERROR] LogOutputStream:75 - [STDERR_REDIRECT] 
2026-06-06 18:00:38,683 [ERROR] LogOutputStream:75 - [STDERR_REDIRECT] [Fatal Error] :1:1: Premature end of file.
2026-06-06 18:00:38,683 [ERROR] LogOutputStream:75 - [STDERR_REDIRECT] 
2026-06-06 18:00:39,682 [ERROR] LogOutputStream:75 - [STDERR_REDIRECT] [Fatal Error] :1:1: Premature end of file.
2026-06-06 18:00:39,683 [ERROR] LogOutputStream:75 - [STDERR_REDIRECT] 
2026-06-06 18:00:40,681 [ERROR] LogOutputStream:75 - [STDERR_REDIRECT] [Fatal Error] :1:1: Premature end of file.
2026-06-06 18:00:40,681 [ERROR] LogOutputStream:75 - [STDERR_REDIRECT] 
2026-06-06 18:00:41,679 [ERROR] LogOutputStream:75 - [STDERR_REDIRECT] [Fatal Error] :1:1: Premature end of file.
2026-06-06 18:00:41,679 [ERROR] LogOutputStream:75 - [STDERR_REDIRECT] 
2026-06-06 18:00:42,688 [ERROR] LogOutputStream:75 - [STDERR_REDIRECT] [Fatal Error] :1:1: Premature end of file.
2026-06-06 18:00:42,688 [ERROR] LogOutputStream:75 - [STDERR_REDIRECT] 
2026-06-06 18:00:43,681 [ERROR] LogOutputStream:75 - [STDERR_REDIRECT] [Fatal Error] :1:1: Premature end of file.
2026-06-06 18:00:43,681 [ERROR] LogOutputStream:75 - [STDERR_REDIRECT] 
2026-06-06 18:00:44,680 [ERROR] LogOutputStream:75 - [STDERR_REDIRECT] [Fatal Error] :1:1: Premature end of file.
2026-06-06 18:00:44,680 [ERROR] LogOutputStream:75 - [STDERR_REDIRECT] 
2026-06-06 18:00:45,680 [ERROR] LogOutputStream:75 - [STDERR_REDIRECT] [Fatal Error] :1:1: Premature end of file.
2026-06-06 18:00:45,680 [ERROR] LogOutputStream:75 - [STDERR_REDIRECT] 
2026-06-06 18:00:46,687 [ERROR] LogOutputStream:75 - [STDERR_REDIRECT] [Fatal Error] :1:1: Premature end of file.
2026-06-06 18:00:46,687 [ERROR] LogOutputStream:75 - [STDERR_REDIRECT] 
2026-06-06 18:00:47,681 [ERROR] LogOutputStream:75 - [STDERR_REDIRECT] [Fatal Error] :1:1: Premature end of file.
2026-06-06 18:00:47,681 [ERROR] LogOutputStream:75 - [STDERR_REDIRECT] 
2026-06-06 18:00:48,686 [ERROR] LogOutputStream:75 - [STDERR_REDIRECT] [Fatal Error] :1:1: Premature end of file.
2026-06-06 18:00:48,686 [ERROR] LogOutputStream:75 - [STDERR_REDIRECT] 
2026-06-06 18:00:49,686 [ERROR] LogOutputStream:75 - [STDERR_REDIRECT] [Fatal Error] :1:1: Premature end of file.
2026-06-06 18:00:49,686 [ERROR] LogOutputStream:75 - [STDERR_REDIRECT] 
2026-06-06 18:00:50,680 [ERROR] LogOutputStream:75 - [STDERR_REDIRECT] [Fatal Error] :1:1: Premature end of file.
2026-06-06 18:00:50,681 [ERROR] LogOutputStream:75 - [STDERR_REDIRECT] 
2026-06-06 18:00:51,682 [ERROR] LogOutputStream:75 - [STDERR_REDIRECT] [Fatal Error] :1:1: Premature end of file.
2026-06-06 18:00:51,682 [ERROR] LogOutputStream:75 - [STDERR_REDIRECT] 
2026-06-06 18:00:52,682 [ERROR] LogOutputStream:75 - [STDERR_REDIRECT] [Fatal Error] :1:1: Premature end of file.
2026-06-06 18:00:52,682 [ERROR] LogOutputStream:75 - [STDERR_REDIRECT] 
2026-06-06 18:00:53,686 [ERROR] LogOutputStream:75 - [STDERR_REDIRECT] [Fatal Error] :1:1: Premature end of file.
2026-06-06 18:00:53,687 [ERROR] LogOutputStream:75 - [STDERR_REDIRECT] 
2026-06-06 18:00:54,681 [ERROR] LogOutputStream:75 - [STDERR_REDIRECT] [Fatal Error] :1:1: Premature end of file.
2026-06-06 18:00:54,681 [ERROR] LogOutputStream:75 - [STDERR_REDIRECT] 
2026-06-06 18:00:55,679 [ERROR] LogOutputStream:75 - [STDERR_REDIRECT] [Fatal Error] :1:1: Premature end of file.
2026-06-06 18:00:55,679 [ERROR] LogOutputStream:75 - [STDERR_REDIRECT] 
2026-06-06 18:00:56,683 [ERROR] LogOutputStream:75 - [STDERR_REDIRECT] [Fatal Error] :1:1: Premature end of file.
2026-06-06 18:00:56,683 [ERROR] LogOutputStream:75 - [STDERR_REDIRECT] 
2026-06-06 18:00:57,681 [ERROR] LogOutputStream:75 - [STDERR_REDIRECT] [Fatal Error] :1:1: Premature end of file.
2026-06-06 18:00:57,681 [ERROR] LogOutputStream:75 - [STDERR_REDIRECT] 
2026-06-06 18:00:58,683 [ERROR] LogOutputStream:75 - [STDERR_REDIRECT] [Fatal Error] :1:1: Premature end of file.
2026-06-06 18:00:58,683 [ERROR] LogOutputStream:75 - [STDERR_REDIRECT] 
2026-06-06 18:00:59,680 [ERROR] LogOutputStream:75 - [STDERR_REDIRECT] [Fatal Error] :1:1: Premature end of file.
2026-06-06 18:00:59,680 [ERROR] LogOutputStream:75 - [STDERR_REDIRECT] 
2026-06-06 18:01:00,684 [ERROR] LogOutputStream:75 - [STDERR_REDIRECT] [Fatal Error] :1:1: Premature end of file.
2026-06-06 18:01:00,685 [ERROR] LogOutputStream:75 - [STDERR_REDIRECT] 
2026-06-06 18:01:01,681 [ERROR] LogOutputStream:75 - [STDERR_REDIRECT] [Fatal Error] :1:1: Premature end of file.
2026-06-06 18:01:01,681 [ERROR] LogOutputStream:75 - [STDERR_REDIRECT] 
2026-06-06 18:01:02,681 [ERROR] LogOutputStream:75 - [STDERR_REDIRECT] [Fatal Error] :1:1: Premature end of file.
2026-06-06 18:01:02,681 [ERROR] LogOutputStream:75 - [STDERR_REDIRECT] 
2026-06-06 18:01:03,681 [ERROR] LogOutputStream:75 - [STDERR_REDIRECT] [Fatal Error] :1:1: Premature end of file.
2026-06-06 18:01:03,682 [ERROR] LogOutputStream:75 - [STDERR_REDIRECT] 
2026-06-06 18:01:04,681 [ERROR] LogOutputStream:75 - [STDERR_REDIRECT] [Fatal Error] :1:1: Premature end of file.
2026-06-06 18:01:04,681 [ERROR] LogOutputStream:75 - [STDERR_REDIRECT] 
2026-06-06 18:01:05,682 [ERROR] LogOutputStream:75 - [STDERR_REDIRECT] [Fatal Error] :1:1: Premature end of file.
2026-06-06 18:01:05,682 [ERROR] LogOutputStream:75 - [STDERR_REDIRECT] 
2026-06-06 18:01:06,679 [ERROR] LogOutputStream:75 - [STDERR_REDIRECT] [Fatal Error] :1:1: Premature end of file.
2026-06-06 18:01:06,679 [ERROR] LogOutputStream:75 - [STDERR_REDIRECT] 
2026-06-06 18:01:07,679 [ERROR] LogOutputStream:75 - [STDERR_REDIRECT] [Fatal Error] :1:1: Premature end of file.
2026-06-06 18:01:07,679 [ERROR] LogOutputStream:75 - [STDERR_REDIRECT] 
2026-06-06 18:01:08,681 [ERROR] LogOutputStream:75 - [STDERR_REDIRECT] [Fatal Error] :1:1: Premature end of file.
2026-06-06 18:01:08,681 [ERROR] LogOutputStream:75 - [STDERR_REDIRECT] 
2026-06-06 18:01:09,680 [ERROR] LogOutputStream:75 - [STDERR_REDIRECT] [Fatal Error] :1:1: Premature end of file.
2026-06-06 18:01:09,680 [ERROR] LogOutputStream:75 - [STDERR_REDIRECT] 
2026-06-06 18:01:10,681 [ERROR] LogOutputStream:75 - [STDERR_REDIRECT] [Fatal Error] :1:1: Premature end of file.
2026-06-06 18:01:10,681 [ERROR] LogOutputStream:75 - [STDERR_REDIRECT] 
2026-06-06 18:01:11,678 [ERROR] LogOutputStream:75 - [STDERR_REDIRECT] [Fatal Error] :1:1: Premature end of file.
2026-06-06 18:01:11,678 [ERROR] LogOutputStream:75 - [STDERR_REDIRECT] 
2026-06-06 18:01:12,687 [ERROR] LogOutputStream:75 - [STDERR_REDIRECT] [Fatal Error] :1:1: Premature end of file.
2026-06-06 18:01:12,687 [ERROR] LogOutputStream:75 - [STDERR_REDIRECT] 
2026-06-06 18:01:13,682 [ERROR] LogOutputStream:75 - [STDERR_REDIRECT] [Fatal Error] :1:1: Premature end of file.
2026-06-06 18:01:13,683 [ERROR] LogOutputStream:75 - [STDERR_REDIRECT] 
2026-06-06 18:01:14,684 [ERROR] LogOutputStream:75 - [STDERR_REDIRECT] [Fatal Error] :1:1: Premature end of file.
2026-06-06 18:01:14,684 [ERROR] LogOutputStream:75 - [STDERR_REDIRECT] 
2026-06-06 18:01:15,679 [ERROR] LogOutputStream:75 - [STDERR_REDIRECT] [Fatal Error] :1:1: Premature end of file.
2026-06-06 18:01:15,679 [ERROR] LogOutputStream:75 - [STDERR_REDIRECT] 
2026-06-06 18:01:16,680 [ERROR] LogOutputStream:75 - [STDERR_REDIRECT] [Fatal Error] :1:1: Premature end of file.
2026-06-06 18:01:16,680 [ERROR] LogOutputStream:75 - [STDERR_REDIRECT] 
2026-06-06 18:01:17,681 [ERROR] LogOutputStream:75 - [STDERR_REDIRECT] [Fatal Error] :1:1: Premature end of file.
2026-06-06 18:01:17,681 [ERROR] LogOutputStream:75 - [STDERR_REDIRECT] 
2026-06-06 18:01:18,684 [ERROR] LogOutputStream:75 - [STDERR_REDIRECT] [Fatal Error] :1:1: Premature end of file.
2026-06-06 18:01:18,684 [ERROR] LogOutputStream:75 - [STDERR_REDIRECT] 
2026-06-06 18:01:19,683 [ERROR] LogOutputStream:75 - [STDERR_REDIRECT] [Fatal Error] :1:1: Premature end of file.
2026-06-06 18:01:19,683 [ERROR] LogOutputStream:75 - [STDERR_REDIRECT] 
2026-06-06 18:01:20,680 [ERROR] LogOutputStream:75 - [STDERR_REDIRECT] [Fatal Error] :1:1: Premature end of file.
2026-06-06 18:01:20,680 [ERROR] LogOutputStream:75 - [STDERR_REDIRECT] 
2026-06-06 18:01:21,682 [ERROR] LogOutputStream:75 - [STDERR_REDIRECT] [Fatal Error] :1:1: Premature end of file.
2026-06-06 18:01:21,682 [ERROR] LogOutputStream:75 - [STDERR_REDIRECT] 
2026-06-06 18:01:22,679 [ERROR] LogOutputStream:75 - [STDERR_REDIRECT] [Fatal Error] :1:1: Premature end of file.
2026-06-06 18:01:22,679 [ERROR] LogOutputStream:75 - [STDERR_REDIRECT] 
2026-06-06 18:01:23,687 [ERROR] LogOutputStream:75 - [STDERR_REDIRECT] [Fatal Error] :1:1: Premature end of file.
2026-06-06 18:01:23,687 [ERROR] LogOutputStream:75 - [STDERR_REDIRECT] 
2026-06-06 18:01:24,680 [ERROR] LogOutputStream:75 - [STDERR_REDIRECT] [Fatal Error] :1:1: Premature end of file.
2026-06-06 18:01:24,681 [ERROR] LogOutputStream:75 - [STDERR_REDIRECT] 
2026-06-06 18:01:25,686 [ERROR] LogOutputStream:75 - [STDERR_REDIRECT] [Fatal Error] :1:1: Premature end of file.
2026-06-06 18:01:25,686 [ERROR] LogOutputStream:75 - [STDERR_REDIRECT] 
2026-06-06 18:01:26,685 [ERROR] LogOutputStream:75 - [STDERR_REDIRECT] [Fatal Error] :1:1: Premature end of file.
2026-06-06 18:01:26,685 [ERROR] LogOutputStream:75 - [STDERR_REDIRECT] 
2026-06-06 18:01:27,681 [ERROR] LogOutputStream:75 - [STDERR_REDIRECT] [Fatal Error] :1:1: Premature end of file.
2026-06-06 18:01:27,682 [ERROR] LogOutputStream:75 - [STDERR_REDIRECT] 
2026-06-06 18:01:28,682 [ERROR] LogOutputStream:75 - [STDERR_REDIRECT] [Fatal Error] :1:1: Premature end of file.
2026-06-06 18:01:28,682 [ERROR] LogOutputStream:75 - [STDERR_REDIRECT] 
2026-06-06 18:01:29,685 [ERROR] LogOutputStream:75 - [STDERR_REDIRECT] [Fatal Error] :1:1: Premature end of file.
2026-06-06 18:01:29,685 [ERROR] LogOutputStream:75 - [STDERR_REDIRECT] 
2026-06-06 18:01:30,691 [ERROR] LogOutputStream:75 - [STDERR_REDIRECT] [Fatal Error] :1:1: Premature end of file.
2026-06-06 18:01:30,691 [ERROR] LogOutputStream:75 - [STDERR_REDIRECT] 
2026-06-06 18:01:31,690 [ERROR] LogOutputStream:75 - [STDERR_REDIRECT] [Fatal Error] :1:1: Premature end of file.
2026-06-06 18:01:31,690 [ERROR] LogOutputStream:75 - [STDERR_REDIRECT] 
2026-06-06 18:01:32,683 [ERROR] LogOutputStream:75 - [STDERR_REDIRECT] [Fatal Error] :1:1: Premature end of file.
2026-06-06 18:01:32,684 [ERROR] LogOutputStream:75 - [STDERR_REDIRECT] 
2026-06-06 18:01:33,684 [ERROR] LogOutputStream:75 - [STDERR_REDIRECT] [Fatal Error] :1:1: Premature end of file.
2026-06-06 18:01:33,684 [ERROR] LogOutputStream:75 - [STDERR_REDIRECT] 
2026-06-06 18:01:34,683 [ERROR] LogOutputStream:75 - [STDERR_REDIRECT] [Fatal Error] :1:1: Premature end of file.
2026-06-06 18:01:34,683 [ERROR] LogOutputStream:75 - [STDERR_REDIRECT] 
2026-06-06 18:01:35,683 [ERROR] LogOutputStream:75 - [STDERR_REDIRECT] [Fatal Error] :1:1: Premature end of file.
2026-06-06 18:01:35,683 [ERROR] LogOutputStream:75 - [STDERR_REDIRECT] 
2026-06-06 18:01:36,682 [ERROR] LogOutputStream:75 - [STDERR_REDIRECT] [Fatal Error] :1:1: Premature end of file.
2026-06-06 18:01:36,683 [ERROR] LogOutputStream:75 - [STDERR_REDIRECT] 
2026-06-06 18:01:37,684 [ERROR] LogOutputStream:75 - [STDERR_REDIRECT] [Fatal Error] :1:1: Premature end of file.
2026-06-06 18:01:37,684 [ERROR] LogOutputStream:75 - [STDERR_REDIRECT] 
2026-06-06 18:01:38,682 [ERROR] LogOutputStream:75 - [STDERR_REDIRECT] [Fatal Error] :1:1: Premature end of file.
2026-06-06 18:01:38,682 [ERROR] LogOutputStream:75 - [STDERR_REDIRECT] 
2026-06-06 18:01:39,684 [ERROR] LogOutputStream:75 - [STDERR_REDIRECT] [Fatal Error] :1:1: Premature end of file.
2026-06-06 18:01:39,684 [ERROR] LogOutputStream:75 - [STDERR_REDIRECT] 
2026-06-06 18:01:40,683 [ERROR] LogOutputStream:75 - [STDERR_REDIRECT] [Fatal Error] :1:1: Premature end of file.
2026-06-06 18:01:40,683 [ERROR] LogOutputStream:75 - [STDERR_REDIRECT] 
2026-06-06 18:01:41,686 [ERROR] LogOutputStream:75 - [STDERR_REDIRECT] [Fatal Error] :1:1: Premature end of file.
2026-06-06 18:01:41,686 [ERROR] LogOutputStream:75 - [STDERR_REDIRECT] 
2026-06-06 18:01:42,691 [ERROR] LogOutputStream:75 - [STDERR_REDIRECT] [Fatal Error] :1:1: Premature end of file.
2026-06-06 18:01:42,692 [ERROR] LogOutputStream:75 - [STDERR_REDIRECT] 
2026-06-06 18:01:43,684 [ERROR] LogOutputStream:75 - [STDERR_REDIRECT] [Fatal Error] :1:1: Premature end of file.
2026-06-06 18:01:43,684 [ERROR] LogOutputStream:75 - [STDERR_REDIRECT] 
2026-06-06 18:01:44,685 [ERROR] LogOutputStream:75 - [STDERR_REDIRECT] [Fatal Error] :1:1: Premature end of file.
2026-06-06 18:01:44,685 [ERROR] LogOutputStream:75 - [STDERR_REDIRECT] 
2026-06-06 18:01:45,682 [ERROR] LogOutputStream:75 - [STDERR_REDIRECT] [Fatal Error] :1:1: Premature end of file.
2026-06-06 18:01:45,682 [ERROR] LogOutputStream:75 - [STDERR_REDIRECT] 
2026-06-06 18:01:46,683 [ERROR] LogOutputStream:75 - [STDERR_REDIRECT] [Fatal Error] :1:1: Premature end of file.
2026-06-06 18:01:46,683 [ERROR] LogOutputStream:75 - [STDERR_REDIRECT] 
2026-06-06 18:01:47,682 [ERROR] LogOutputStream:75 - [STDERR_REDIRECT] [Fatal Error] :1:1: Premature end of file.
2026-06-06 18:01:47,682 [ERROR] LogOutputStream:75 - [STDERR_REDIRECT] 
2026-06-06 18:01:48,682 [ERROR] LogOutputStream:75 - [STDERR_REDIRECT] [Fatal Error] :1:1: Premature end of file.
2026-06-06 18:01:48,682 [ERROR] LogOutputStream:75 - [STDERR_REDIRECT] 
2026-06-06 18:01:49,690 [ERROR] LogOutputStream:75 - [STDERR_REDIRECT] [Fatal Error] :1:1: Premature end of file.
2026-06-06 18:01:49,690 [ERROR] LogOutputStream:75 - [STDERR_REDIRECT] 
2026-06-06 18:01:50,690 [ERROR] LogOutputStream:75 - [STDERR_REDIRECT] [Fatal Error] :1:1: Premature end of file.
2026-06-06 18:01:50,690 [ERROR] LogOutputStream:75 - [STDERR_REDIRECT] 
2026-06-06 18:01:51,686 [ERROR] LogOutputStream:75 - [STDERR_REDIRECT] [Fatal Error] :1:1: Premature end of file.
2026-06-06 18:01:51,686 [ERROR] LogOutputStream:75 - [STDERR_REDIRECT] 
2026-06-06 18:01:52,680 [ERROR] LogOutputStream:75 - [STDERR_REDIRECT] [Fatal Error] :1:1: Premature end of file.
2026-06-06 18:01:52,680 [ERROR] LogOutputStream:75 - [STDERR_REDIRECT] 
2026-06-06 18:01:53,685 [ERROR] LogOutputStream:75 - [STDERR_REDIRECT] [Fatal Error] :1:1: Premature end of file.
2026-06-06 18:01:53,685 [ERROR] LogOutputStream:75 - [STDERR_REDIRECT] 
2026-06-06 18:01:54,681 [ERROR] LogOutputStream:75 - [STDERR_REDIRECT] [Fatal Error] :1:1: Premature end of file.
2026-06-06 18:01:54,681 [ERROR] LogOutputStream:75 - [STDERR_REDIRECT] 
2026-06-06 18:01:55,689 [ERROR] LogOutputStream:75 - [STDERR_REDIRECT] [Fatal Error] :1:1: Premature end of file.
2026-06-06 18:01:55,689 [ERROR] LogOutputStream:75 - [STDERR_REDIRECT] 
2026-06-06 18:01:56,688 [ERROR] LogOutputStream:75 - [STDERR_REDIRECT] [Fatal Error] :1:1: Premature end of file.
2026-06-06 18:01:56,688 [ERROR] LogOutputStream:75 - [STDERR_REDIRECT] 
2026-06-06 18:01:57,687 [ERROR] LogOutputStream:75 - [STDERR_REDIRECT] [Fatal Error] :1:1: Premature end of file.
2026-06-06 18:01:57,687 [ERROR] LogOutputStream:75 - [STDERR_REDIRECT] 
2026-06-06 18:01:58,691 [ERROR] LogOutputStream:75 - [STDERR_REDIRECT] [Fatal Error] :1:1: Premature end of file.
2026-06-06 18:01:58,691 [ERROR] LogOutputStream:75 - [STDERR_REDIRECT] 
2026-06-06 18:01:59,685 [ERROR] LogOutputStream:75 - [STDERR_REDIRECT] [Fatal Error] :1:1: Premature end of file.
2026-06-06 18:01:59,685 [ERROR] LogOutputStream:75 - [STDERR_REDIRECT] 
2026-06-06 18:02:00,681 [ERROR] LogOutputStream:75 - [STDERR_REDIRECT] [Fatal Error] :1:1: Premature end of file.
2026-06-06 18:02:00,681 [ERROR] LogOutputStream:75 - [STDERR_REDIRECT] 
2026-06-06 18:02:01,693 [ERROR] LogOutputStream:75 - [STDERR_REDIRECT] [Fatal Error] :1:1: Premature end of file.
2026-06-06 18:02:01,693 [ERROR] LogOutputStream:75 - [STDERR_REDIRECT] 
2026-06-06 18:02:02,690 [ERROR] LogOutputStream:75 - [STDERR_REDIRECT] [Fatal Error] :1:1: Premature end of file.
2026-06-06 18:02:02,690 [ERROR] LogOutputStream:75 - [STDERR_REDIRECT] 
2026-06-06 18:02:03,682 [ERROR] LogOutputStream:75 - [STDERR_REDIRECT] [Fatal Error] :1:1: Premature end of file.
2026-06-06 18:02:03,682 [ERROR] LogOutputStream:75 - [STDERR_REDIRECT] 
2026-06-06 18:02:04,683 [ERROR] LogOutputStream:75 - [STDERR_REDIRECT] [Fatal Error] :1:1: Premature end of file.
2026-06-06 18:02:04,683 [ERROR] LogOutputStream:75 - [STDERR_REDIRECT] 
2026-06-06 18:02:05,680 [ERROR] LogOutputStream:75 - [STDERR_REDIRECT] [Fatal Error] :1:1: Premature end of file.
2026-06-06 18:02:05,680 [ERROR] LogOutputStream:75 - [STDERR_REDIRECT] 
2026-06-06 18:02:06,687 [ERROR] LogOutputStream:75 - [STDERR_REDIRECT] [Fatal Error] :1:1: Premature end of file.
2026-06-06 18:02:06,687 [ERROR] LogOutputStream:75 - [STDERR_REDIRECT] 
2026-06-06 18:02:07,681 [ERROR] LogOutputStream:75 - [STDERR_REDIRECT] [Fatal Error] :1:1: Premature end of file.
2026-06-06 18:02:07,681 [ERROR] LogOutputStream:75 - [STDERR_REDIRECT] 
2026-06-06 18:02:08,687 [ERROR] LogOutputStream:75 - [STDERR_REDIRECT] [Fatal Error] :1:1: Premature end of file.
2026-06-06 18:02:08,687 [ERROR] LogOutputStream:75 - [STDERR_REDIRECT] 
2026-06-06 18:02:09,694 [ERROR] LogOutputStream:75 - [STDERR_REDIRECT] [Fatal Error] :1:1: Premature end of file.
2026-06-06 18:02:09,694 [ERROR] LogOutputStream:75 - [STDERR_REDIRECT] 
2026-06-06 18:02:10,682 [ERROR] LogOutputStream:75 - [STDERR_REDIRECT] [Fatal Error] :1:1: Premature end of file.
2026-06-06 18:02:10,682 [ERROR] LogOutputStream:75 - [STDERR_REDIRECT] 
2026-06-06 18:02:11,682 [ERROR] LogOutputStream:75 - [STDERR_REDIRECT] [Fatal Error] :1:1: Premature end of file.
2026-06-06 18:02:11,682 [ERROR] LogOutputStream:75 - [STDERR_REDIRECT] 
2026-06-06 18:02:12,685 [ERROR] LogOutputStream:75 - [STDERR_REDIRECT] [Fatal Error] :1:1: Premature end of file.
2026-06-06 18:02:12,685 [ERROR] LogOutputStream:75 - [STDERR_REDIRECT] 
2026-06-06 18:02:13,683 [ERROR] LogOutputStream:75 - [STDERR_REDIRECT] [Fatal Error] :1:1: Premature end of file.
2026-06-06 18:02:13,683 [ERROR] LogOutputStream:75 - [STDERR_REDIRECT] 
2026-06-06 18:02:14,684 [ERROR] LogOutputStream:75 - [STDERR_REDIRECT] [Fatal Error] :1:1: Premature end of file.
2026-06-06 18:02:14,684 [ERROR] LogOutputStream:75 - [STDERR_REDIRECT] 
2026-06-06 18:02:15,684 [ERROR] LogOutputStream:75 - [STDERR_REDIRECT] [Fatal Error] :1:1: Premature end of file.
2026-06-06 18:02:15,684 [ERROR] LogOutputStream:75 - [STDERR_REDIRECT] 
2026-06-06 18:02:16,686 [ERROR] LogOutputStream:75 - [STDERR_REDIRECT] [Fatal Error] :1:1: Premature end of file.
2026-06-06 18:02:16,686 [ERROR] LogOutputStream:75 - [STDERR_REDIRECT] 
2026-06-06 18:02:17,683 [ERROR] LogOutputStream:75 - [STDERR_REDIRECT] [Fatal Error] :1:1: Premature end of file.
2026-06-06 18:02:17,683 [ERROR] LogOutputStream:75 - [STDERR_REDIRECT] 
2026-06-06 18:02:18,687 [ERROR] LogOutputStream:75 - [STDERR_REDIRECT] [Fatal Error] :1:1: Premature end of file.
2026-06-06 18:02:18,687 [ERROR] LogOutputStream:75 - [STDERR_REDIRECT] 
2026-06-06 18:02:19,685 [ERROR] LogOutputStream:75 - [STDERR_REDIRECT] [Fatal Error] :1:1: Premature end of file.
2026-06-06 18:02:19,685 [ERROR] LogOutputStream:75 - [STDERR_REDIRECT] 
2026-06-06 18:02:20,686 [ERROR] LogOutputStream:75 - [STDERR_REDIRECT] [Fatal Error] :1:1: Premature end of file.
2026-06-06 18:02:20,686 [ERROR] LogOutputStream:75 - [STDERR_REDIRECT] 
2026-06-06 18:02:21,685 [ERROR] LogOutputStream:75 - [STDERR_REDIRECT] [Fatal Error] :1:1: Premature end of file.
2026-06-06 18:02:21,686 [ERROR] LogOutputStream:75 - [STDERR_REDIRECT] 
2026-06-06 18:02:22,686 [ERROR] LogOutputStream:75 - [STDERR_REDIRECT] [Fatal Error] :1:1: Premature end of file.
2026-06-06 18:02:22,686 [ERROR] LogOutputStream:75 - [STDERR_REDIRECT] 
2026-06-06 18:02:23,685 [ERROR] LogOutputStream:75 - [STDERR_REDIRECT] [Fatal Error] :1:1: Premature end of file.
2026-06-06 18:02:23,685 [ERROR] LogOutputStream:75 - [STDERR_REDIRECT] 
2026-06-06 18:02:24,686 [ERROR] LogOutputStream:75 - [STDERR_REDIRECT] [Fatal Error] :1:1: Premature end of file.
2026-06-06 18:02:24,687 [ERROR] LogOutputStream:75 - [STDERR_REDIRECT] 
2026-06-06 18:02:25,684 [ERROR] LogOutputStream:75 - [STDERR_REDIRECT] [Fatal Error] :1:1: Premature end of file.
2026-06-06 18:02:25,684 [ERROR] LogOutputStream:75 - [STDERR_REDIRECT] 
2026-06-06 18:02:26,686 [ERROR] LogOutputStream:75 - [STDERR_REDIRECT] [Fatal Error] :1:1: Premature end of file.
2026-06-06 18:02:26,686 [ERROR] LogOutputStream:75 - [STDERR_REDIRECT] 
2026-06-06 18:02:27,683 [ERROR] LogOutputStream:75 - [STDERR_REDIRECT] [Fatal Error] :1:1: Premature end of file.
2026-06-06 18:02:27,684 [ERROR] LogOutputStream:75 - [STDERR_REDIRECT] 
2026-06-06 18:02:28,684 [ERROR] LogOutputStream:75 - [STDERR_REDIRECT] [Fatal Error] :1:1: Premature end of file.
2026-06-06 18:02:28,684 [ERROR] LogOutputStream:75 - [STDERR_REDIRECT] 
2026-06-06 18:02:29,690 [ERROR] LogOutputStream:75 - [STDERR_REDIRECT] [Fatal Error] :1:1: Premature end of file.
2026-06-06 18:02:29,690 [ERROR] LogOutputStream:75 - [STDERR_REDIRECT] 
2026-06-06 18:02:30,697 [ERROR] LogOutputStream:75 - [STDERR_REDIRECT] [Fatal Error] :1:1: Premature end of file.
2026-06-06 18:02:30,697 [ERROR] LogOutputStream:75 - [STDERR_REDIRECT] 
2026-06-06 18:02:31,689 [ERROR] LogOutputStream:75 - [STDERR_REDIRECT] [Fatal Error] :1:1: Premature end of file.
2026-06-06 18:02:31,689 [ERROR] LogOutputStream:75 - [STDERR_REDIRECT] 
2026-06-06 18:02:32,686 [ERROR] LogOutputStream:75 - [STDERR_REDIRECT] [Fatal Error] :1:1: Premature end of file.
2026-06-06 18:02:32,686 [ERROR] LogOutputStream:75 - [STDERR_REDIRECT] 
2026-06-06 18:02:33,683 [ERROR] LogOutputStream:75 - [STDERR_REDIRECT] [Fatal Error] :1:1: Premature end of file.
2026-06-06 18:02:33,683 [ERROR] LogOutputStream:75 - [STDERR_REDIRECT] 
2026-06-06 18:02:34,686 [ERROR] LogOutputStream:75 - [STDERR_REDIRECT] [Fatal Error] :1:1: Premature end of file.
2026-06-06 18:02:34,686 [ERROR] LogOutputStream:75 - [STDERR_REDIRECT] 
2026-06-06 18:02:35,680 [ERROR] LogOutputStream:75 - [STDERR_REDIRECT] [Fatal Error] :1:1: Premature end of file.
2026-06-06 18:02:35,680 [ERROR] LogOutputStream:75 - [STDERR_REDIRECT] 
2026-06-06 18:02:36,679 [ERROR] LogOutputStream:75 - [STDERR_REDIRECT] [Fatal Error] :1:1: Premature end of file.
2026-06-06 18:02:36,679 [ERROR] LogOutputStream:75 - [STDERR_REDIRECT] 
2026-06-06 18:02:37,683 [ERROR] LogOutputStream:75 - [STDERR_REDIRECT] [Fatal Error] :1:1: Premature end of file.
2026-06-06 18:02:37,683 [ERROR] LogOutputStream:75 - [STDERR_REDIRECT] 
2026-06-06 18:02:38,683 [ERROR] LogOutputStream:75 - [STDERR_REDIRECT] [Fatal Error] :1:1: Premature end of file.
2026-06-06 18:02:38,683 [ERROR] LogOutputStream:75 - [STDERR_REDIRECT] 
2026-06-06 18:02:39,682 [ERROR] LogOutputStream:75 - [STDERR_REDIRECT] [Fatal Error] :1:1: Premature end of file.
2026-06-06 18:02:39,682 [ERROR] LogOutputStream:75 - [STDERR_REDIRECT] 
2026-06-06 18:02:40,681 [ERROR] LogOutputStream:75 - [STDERR_REDIRECT] [Fatal Error] :1:1: Premature end of file.
2026-06-06 18:02:40,681 [ERROR] LogOutputStream:75 - [STDERR_REDIRECT] 
2026-06-06 18:02:41,681 [ERROR] LogOutputStream:75 - [STDERR_REDIRECT] [Fatal Error] :1:1: Premature end of file.
2026-06-06 18:02:41,681 [ERROR] LogOutputStream:75 - [STDERR_REDIRECT] 
2026-06-06 18:02:42,684 [ERROR] LogOutputStream:75 - [STDERR_REDIRECT] [Fatal Error] :1:1: Premature end of file.
2026-06-06 18:02:42,684 [ERROR] LogOutputStream:75 - [STDERR_REDIRECT] 
2026-06-06 18:02:43,683 [ERROR] LogOutputStream:75 - [STDERR_REDIRECT] [Fatal Error] :1:1: Premature end of file.
2026-06-06 18:02:43,683 [ERROR] LogOutputStream:75 - [STDERR_REDIRECT] 
2026-06-06 18:02:44,685 [ERROR] LogOutputStream:75 - [STDERR_REDIRECT] [Fatal Error] :1:1: Premature end of file.
2026-06-06 18:02:44,685 [ERROR] LogOutputStream:75 - [STDERR_REDIRECT] 
2026-06-06 18:02:45,681 [ERROR] LogOutputStream:75 - [STDERR_REDIRECT] [Fatal Error] :1:1: Premature end of file.
2026-06-06 18:02:45,681 [ERROR] LogOutputStream:75 - [STDERR_REDIRECT] 
2026-06-06 18:02:46,686 [ERROR] LogOutputStream:75 - [STDERR_REDIRECT] [Fatal Error] :1:1: Premature end of file.
2026-06-06 18:02:46,686 [ERROR] LogOutputStream:75 - [STDERR_REDIRECT] 
2026-06-06 18:02:47,680 [ERROR] LogOutputStream:75 - [STDERR_REDIRECT] [Fatal Error] :1:1: Premature end of file.
2026-06-06 18:02:47,680 [ERROR] LogOutputStream:75 - [STDERR_REDIRECT] 
2026-06-06 18:02:48,683 [ERROR] LogOutputStream:75 - [STDERR_REDIRECT] [Fatal Error] :1:1: Premature end of file.
2026-06-06 18:02:48,683 [ERROR] LogOutputStream:75 - [STDERR_REDIRECT] 
2026-06-06 18:02:49,682 [ERROR] LogOutputStream:75 - [STDERR_REDIRECT] [Fatal Error] :1:1: Premature end of file.
2026-06-06 18:02:49,683 [ERROR] LogOutputStream:75 - [STDERR_REDIRECT] 
2026-06-06 18:02:50,688 [ERROR] LogOutputStream:75 - [STDERR_REDIRECT] [Fatal Error] :1:1: Premature end of file.
2026-06-06 18:02:50,688 [ERROR] LogOutputStream:75 - [STDERR_REDIRECT] 
2026-06-06 18:02:51,682 [ERROR] LogOutputStream:75 - [STDERR_REDIRECT] [Fatal Error] :1:1: Premature end of file.
2026-06-06 18:02:51,682 [ERROR] LogOutputStream:75 - [STDERR_REDIRECT] 
2026-06-06 18:02:52,684 [ERROR] LogOutputStream:75 - [STDERR_REDIRECT] [Fatal Error] :1:1: Premature end of file.
2026-06-06 18:02:52,684 [ERROR] LogOutputStream:75 - [STDERR_REDIRECT] 
2026-06-06 18:02:53,684 [ERROR] LogOutputStream:75 - [STDERR_REDIRECT] [Fatal Error] :1:1: Premature end of file.
2026-06-06 18:02:53,684 [ERROR] LogOutputStream:75 - [STDERR_REDIRECT] 
2026-06-06 18:02:54,684 [ERROR] LogOutputStream:75 - [STDERR_REDIRECT] [Fatal Error] :1:1: Premature end of file.
2026-06-06 18:02:54,684 [ERROR] LogOutputStream:75 - [STDERR_REDIRECT] 
2026-06-06 18:02:55,681 [ERROR] LogOutputStream:75 - [STDERR_REDIRECT] [Fatal Error] :1:1: Premature end of file.
2026-06-06 18:02:55,681 [ERROR] LogOutputStream:75 - [STDERR_REDIRECT] 
2026-06-06 18:02:56,682 [ERROR] LogOutputStream:75 - [STDERR_REDIRECT] [Fatal Error] :1:1: Premature end of file.
2026-06-06 18:02:56,682 [ERROR] LogOutputStream:75 - [STDERR_REDIRECT] 
2026-06-06 18:02:57,681 [ERROR] LogOutputStream:75 - [STDERR_REDIRECT] [Fatal Error] :1:1: Premature end of file.
2026-06-06 18:02:57,681 [ERROR] LogOutputStream:75 - [STDERR_REDIRECT] 
2026-06-06 18:02:58,681 [ERROR] LogOutputStream:75 - [STDERR_REDIRECT] [Fatal Error] :1:1: Premature end of file.
2026-06-06 18:02:58,681 [ERROR] LogOutputStream:75 - [STDERR_REDIRECT] 
2026-06-06 18:02:59,682 [ERROR] LogOutputStream:75 - [STDERR_REDIRECT] [Fatal Error] :1:1: Premature end of file.
2026-06-06 18:02:59,682 [ERROR] LogOutputStream:75 - [STDERR_REDIRECT] 
2026-06-06 18:03:00,680 [ERROR] LogOutputStream:75 - [STDERR_REDIRECT] [Fatal Error] :1:1: Premature end of file.
2026-06-06 18:03:00,681 [ERROR] LogOutputStream:75 - [STDERR_REDIRECT] 
2026-06-06 18:03:01,687 [ERROR] LogOutputStream:75 - [STDERR_REDIRECT] [Fatal Error] :1:1: Premature end of file.
2026-06-06 18:03:01,688 [ERROR] LogOutputStream:75 - [STDERR_REDIRECT] 
2026-06-06 18:03:02,681 [ERROR] LogOutputStream:75 - [STDERR_REDIRECT] [Fatal Error] :1:1: Premature end of file.
2026-06-06 18:03:02,681 [ERROR] LogOutputStream:75 - [STDERR_REDIRECT] 
2026-06-06 18:03:03,682 [ERROR] LogOutputStream:75 - [STDERR_REDIRECT] [Fatal Error] :1:1: Premature end of file.
2026-06-06 18:03:03,682 [ERROR] LogOutputStream:75 - [STDERR_REDIRECT] 
2026-06-06 18:03:04,681 [ERROR] LogOutputStream:75 - [STDERR_REDIRECT] [Fatal Error] :1:1: Premature end of file.
2026-06-06 18:03:04,682 [ERROR] LogOutputStream:75 - [STDERR_REDIRECT] 
2026-06-06 18:03:05,678 [ERROR] LogOutputStream:75 - [STDERR_REDIRECT] [Fatal Error] :1:1: Premature end of file.
2026-06-06 18:03:05,679 [ERROR] LogOutputStream:75 - [STDERR_REDIRECT] 
2026-06-06 18:03:06,682 [ERROR] LogOutputStream:75 - [STDERR_REDIRECT] [Fatal Error] :1:1: Premature end of file.
2026-06-06 18:03:06,682 [ERROR] LogOutputStream:75 - [STDERR_REDIRECT] 
2026-06-06 18:03:07,685 [ERROR] LogOutputStream:75 - [STDERR_REDIRECT] [Fatal Error] :1:1: Premature end of file.
2026-06-06 18:03:07,685 [ERROR] LogOutputStream:75 - [STDERR_REDIRECT] 
2026-06-06 18:03:08,682 [ERROR] LogOutputStream:75 - [STDERR_REDIRECT] [Fatal Error] :1:1: Premature end of file.
2026-06-06 18:03:08,682 [ERROR] LogOutputStream:75 - [STDERR_REDIRECT] 
2026-06-06 18:03:09,679 [ERROR] LogOutputStream:75 - [STDERR_REDIRECT] [Fatal Error] :1:1: Premature end of file.
2026-06-06 18:03:09,679 [ERROR] LogOutputStream:75 - [STDERR_REDIRECT] 
2026-06-06 18:03:10,681 [ERROR] LogOutputStream:75 - [STDERR_REDIRECT] [Fatal Error] :1:1: Premature end of file.
2026-06-06 18:03:10,681 [ERROR] LogOutputStream:75 - [STDERR_REDIRECT] 
2026-06-06 18:03:11,683 [ERROR] LogOutputStream:75 - [STDERR_REDIRECT] [Fatal Error] :1:1: Premature end of file.
2026-06-06 18:03:11,683 [ERROR] LogOutputStream:75 - [STDERR_REDIRECT] 
2026-06-06 18:03:12,681 [ERROR] LogOutputStream:75 - [STDERR_REDIRECT] [Fatal Error] :1:1: Premature end of file.
2026-06-06 18:03:12,681 [ERROR] LogOutputStream:75 - [STDERR_REDIRECT] 
2026-06-06 18:03:13,683 [ERROR] LogOutputStream:75 - [STDERR_REDIRECT] [Fatal Error] :1:1: Premature end of file.
2026-06-06 18:03:13,683 [ERROR] LogOutputStream:75 - [STDERR_REDIRECT] 
2026-06-06 18:03:14,682 [ERROR] LogOutputStream:75 - [STDERR_REDIRECT] [Fatal Error] :1:1: Premature end of file.
2026-06-06 18:03:14,682 [ERROR] LogOutputStream:75 - [STDERR_REDIRECT] 
2026-06-06 18:03:15,682 [ERROR] LogOutputStream:75 - [STDERR_REDIRECT] [Fatal Error] :1:1: Premature end of file.
2026-06-06 18:03:15,682 [ERROR] LogOutputStream:75 - [STDERR_REDIRECT] 
2026-06-06 18:03:16,682 [ERROR] LogOutputStream:75 - [STDERR_REDIRECT] [Fatal Error] :1:1: Premature end of file.
2026-06-06 18:03:16,682 [ERROR] LogOutputStream:75 - [STDERR_REDIRECT] 
2026-06-06 18:03:17,685 [ERROR] LogOutputStream:75 - [STDERR_REDIRECT] [Fatal Error] :1:1: Premature end of file.
2026-06-06 18:03:17,685 [ERROR] LogOutputStream:75 - [STDERR_REDIRECT] 
2026-06-06 18:03:18,683 [ERROR] LogOutputStream:75 - [STDERR_REDIRECT] [Fatal Error] :1:1: Premature end of file.
2026-06-06 18:03:18,683 [ERROR] LogOutputStream:75 - [STDERR_REDIRECT] 
2026-06-06 18:03:19,682 [ERROR] LogOutputStream:75 - [STDERR_REDIRECT] [Fatal Error] :1:1: Premature end of file.
2026-06-06 18:03:19,682 [ERROR] LogOutputStream:75 - [STDERR_REDIRECT] 
2026-06-06 18:03:20,680 [ERROR] LogOutputStream:75 - [STDERR_REDIRECT] [Fatal Error] :1:1: Premature end of file.
2026-06-06 18:03:20,680 [ERROR] LogOutputStream:75 - [STDERR_REDIRECT] 
2026-06-06 18:03:21,683 [ERROR] LogOutputStream:75 - [STDERR_REDIRECT] [Fatal Error] :1:1: Premature end of file.
2026-06-06 18:03:21,684 [ERROR] LogOutputStream:75 - [STDERR_REDIRECT] 
2026-06-06 18:03:22,682 [ERROR] LogOutputStream:75 - [STDERR_REDIRECT] [Fatal Error] :1:1: Premature end of file.
2026-06-06 18:03:22,682 [ERROR] LogOutputStream:75 - [STDERR_REDIRECT] 
2026-06-06 18:03:23,681 [ERROR] LogOutputStream:75 - [STDERR_REDIRECT] [Fatal Error] :1:1: Premature end of file.
2026-06-06 18:03:23,681 [ERROR] LogOutputStream:75 - [STDERR_REDIRECT] 
2026-06-06 18:03:24,683 [ERROR] LogOutputStream:75 - [STDERR_REDIRECT] [Fatal Error] :1:1: Premature end of file.
2026-06-06 18:03:24,684 [ERROR] LogOutputStream:75 - [STDERR_REDIRECT] 
2026-06-06 18:03:25,680 [ERROR] LogOutputStream:75 - [STDERR_REDIRECT] [Fatal Error] :1:1: Premature end of file.
2026-06-06 18:03:25,680 [ERROR] LogOutputStream:75 - [STDERR_REDIRECT] 
2026-06-06 18:03:26,681 [ERROR] LogOutputStream:75 - [STDERR_REDIRECT] [Fatal Error] :1:1: Premature end of file.
2026-06-06 18:03:26,682 [ERROR] LogOutputStream:75 - [STDERR_REDIRECT] 
2026-06-06 18:03:27,681 [ERROR] LogOutputStream:75 - [STDERR_REDIRECT] [Fatal Error] :1:1: Premature end of file.
2026-06-06 18:03:27,681 [ERROR] LogOutputStream:75 - [STDERR_REDIRECT] 
2026-06-06 18:03:28,683 [ERROR] LogOutputStream:75 - [STDERR_REDIRECT] [Fatal Error] :1:1: Premature end of file.
2026-06-06 18:03:28,683 [ERROR] LogOutputStream:75 - [STDERR_REDIRECT] 
2026-06-06 18:03:29,681 [ERROR] LogOutputStream:75 - [STDERR_REDIRECT] [Fatal Error] :1:1: Premature end of file.
2026-06-06 18:03:29,681 [ERROR] LogOutputStream:75 - [STDERR_REDIRECT] 
2026-06-06 18:03:30,679 [ERROR] LogOutputStream:75 - [STDERR_REDIRECT] [Fatal Error] :1:1: Premature end of file.
2026-06-06 18:03:30,680 [ERROR] LogOutputStream:75 - [STDERR_REDIRECT] 
2026-06-06 18:03:31,678 [ERROR] LogOutputStream:75 - [STDERR_REDIRECT] [Fatal Error] :1:1: Premature end of file.
2026-06-06 18:03:31,678 [ERROR] LogOutputStream:75 - [STDERR_REDIRECT] 
2026-06-06 18:03:32,681 [ERROR] LogOutputStream:75 - [STDERR_REDIRECT] [Fatal Error] :1:1: Premature end of file.
2026-06-06 18:03:32,681 [ERROR] LogOutputStream:75 - [STDERR_REDIRECT] 
2026-06-06 18:03:33,683 [ERROR] LogOutputStream:75 - [STDERR_REDIRECT] [Fatal Error] :1:1: Premature end of file.
2026-06-06 18:03:33,683 [ERROR] LogOutputStream:75 - [STDERR_REDIRECT] 
2026-06-06 18:03:34,681 [ERROR] LogOutputStream:75 - [STDERR_REDIRECT] [Fatal Error] :1:1: Premature end of file.
2026-06-06 18:03:34,681 [ERROR] LogOutputStream:75 - [STDERR_REDIRECT] 
2026-06-06 18:03:35,679 [ERROR] LogOutputStream:75 - [STDERR_REDIRECT] [Fatal Error] :1:1: Premature end of file.
2026-06-06 18:03:35,679 [ERROR] LogOutputStream:75 - [STDERR_REDIRECT] 
2026-06-06 18:03:36,678 [ERROR] LogOutputStream:75 - [STDERR_REDIRECT] [Fatal Error] :1:1: Premature end of file.
2026-06-06 18:03:36,679 [ERROR] LogOutputStream:75 - [STDERR_REDIRECT] 
2026-06-06 18:03:37,682 [ERROR] LogOutputStream:75 - [STDERR_REDIRECT] [Fatal Error] :1:1: Premature end of file.
2026-06-06 18:03:37,682 [ERROR] LogOutputStream:75 - [STDERR_REDIRECT] 
2026-06-06 18:03:38,685 [ERROR] LogOutputStream:75 - [STDERR_REDIRECT] [Fatal Error] :1:1: Premature end of file.
2026-06-06 18:03:38,685 [ERROR] LogOutputStream:75 - [STDERR_REDIRECT] 
2026-06-06 18:03:39,682 [ERROR] LogOutputStream:75 - [STDERR_REDIRECT] [Fatal Error] :1:1: Premature end of file.
2026-06-06 18:03:39,683 [ERROR] LogOutputStream:75 - [STDERR_REDIRECT] 
2026-06-06 18:03:40,688 [ERROR] LogOutputStream:75 - [STDERR_REDIRECT] [Fatal Error] :1:1: Premature end of file.
2026-06-06 18:03:40,688 [ERROR] LogOutputStream:75 - [STDERR_REDIRECT] 
2026-06-06 18:03:41,692 [ERROR] LogOutputStream:75 - [STDERR_REDIRECT] [Fatal Error] :1:1: Premature end of file.
2026-06-06 18:03:41,692 [ERROR] LogOutputStream:75 - [STDERR_REDIRECT] 
2026-06-06 18:03:42,678 [ERROR] LogOutputStream:75 - [STDERR_REDIRECT] [Fatal Error] :1:1: Premature end of file.
2026-06-06 18:03:42,678 [ERROR] LogOutputStream:75 - [STDERR_REDIRECT] 
2026-06-06 18:03:43,681 [ERROR] LogOutputStream:75 - [STDERR_REDIRECT] [Fatal Error] :1:1: Premature end of file.
2026-06-06 18:03:43,681 [ERROR] LogOutputStream:75 - [STDERR_REDIRECT] 
2026-06-06 18:03:44,680 [ERROR] LogOutputStream:75 - [STDERR_REDIRECT] [Fatal Error] :1:1: Premature end of file.
2026-06-06 18:03:44,680 [ERROR] LogOutputStream:75 - [STDERR_REDIRECT] 
2026-06-06 18:03:45,680 [ERROR] LogOutputStream:75 - [STDERR_REDIRECT] [Fatal Error] :1:1: Premature end of file.
2026-06-06 18:03:45,680 [ERROR] LogOutputStream:75 - [STDERR_REDIRECT] 
2026-06-06 18:03:46,681 [ERROR] LogOutputStream:75 - [STDERR_REDIRECT] [Fatal Error] :1:1: Premature end of file.
2026-06-06 18:03:46,682 [ERROR] LogOutputStream:75 - [STDERR_REDIRECT] 
2026-06-06 18:03:47,680 [ERROR] LogOutputStream:75 - [STDERR_REDIRECT] [Fatal Error] :1:1: Premature end of file.
2026-06-06 18:03:47,680 [ERROR] LogOutputStream:75 - [STDERR_REDIRECT] 
2026-06-06 18:03:48,683 [ERROR] LogOutputStream:75 - [STDERR_REDIRECT] [Fatal Error] :1:1: Premature end of file.
2026-06-06 18:03:48,683 [ERROR] LogOutputStream:75 - [STDERR_REDIRECT] 
2026-06-06 18:03:49,682 [ERROR] LogOutputStream:75 - [STDERR_REDIRECT] [Fatal Error] :1:1: Premature end of file.
2026-06-06 18:03:49,682 [ERROR] LogOutputStream:75 - [STDERR_REDIRECT] 
2026-06-06 18:03:50,692 [ERROR] LogOutputStream:75 - [STDERR_REDIRECT] [Fatal Error] :1:1: Premature end of file.
2026-06-06 18:03:50,692 [ERROR] LogOutputStream:75 - [STDERR_REDIRECT] 
2026-06-06 18:03:51,683 [ERROR] LogOutputStream:75 - [STDERR_REDIRECT] [Fatal Error] :1:1: Premature end of file.
2026-06-06 18:03:51,683 [ERROR] LogOutputStream:75 - [STDERR_REDIRECT] 
2026-06-06 18:03:52,682 [ERROR] LogOutputStream:75 - [STDERR_REDIRECT] [Fatal Error] :1:1: Premature end of file.
2026-06-06 18:03:52,682 [ERROR] LogOutputStream:75 - [STDERR_REDIRECT] 
2026-06-06 18:03:53,684 [ERROR] LogOutputStream:75 - [STDERR_REDIRECT] [Fatal Error] :1:1: Premature end of file.
2026-06-06 18:03:53,684 [ERROR] LogOutputStream:75 - [STDERR_REDIRECT] 
2026-06-06 18:03:54,680 [ERROR] LogOutputStream:75 - [STDERR_REDIRECT] [Fatal Error] :1:1: Premature end of file.
2026-06-06 18:03:54,680 [ERROR] LogOutputStream:75 - [STDERR_REDIRECT] 
2026-06-06 18:03:55,681 [ERROR] LogOutputStream:75 - [STDERR_REDIRECT] [Fatal Error] :1:1: Premature end of file.
2026-06-06 18:03:55,681 [ERROR] LogOutputStream:75 - [STDERR_REDIRECT] 
2026-06-06 18:03:56,679 [ERROR] LogOutputStream:75 - [STDERR_REDIRECT] [Fatal Error] :1:1: Premature end of file.
2026-06-06 18:03:56,679 [ERROR] LogOutputStream:75 - [STDERR_REDIRECT] 
2026-06-06 18:03:57,687 [ERROR] LogOutputStream:75 - [STDERR_REDIRECT] [Fatal Error] :1:1: Premature end of file.
2026-06-06 18:03:57,687 [ERROR] LogOutputStream:75 - [STDERR_REDIRECT] 
2026-06-06 18:03:58,687 [ERROR] LogOutputStream:75 - [STDERR_REDIRECT] [Fatal Error] :1:1: Premature end of file.
2026-06-06 18:03:58,688 [ERROR] LogOutputStream:75 - [STDERR_REDIRECT] 
2026-06-06 18:03:59,681 [ERROR] LogOutputStream:75 - [STDERR_REDIRECT] [Fatal Error] :1:1: Premature end of file.
2026-06-06 18:03:59,681 [ERROR] LogOutputStream:75 - [STDERR_REDIRECT] 
2026-06-06 18:04:00,683 [ERROR] LogOutputStream:75 - [STDERR_REDIRECT] [Fatal Error] :1:1: Premature end of file.
2026-06-06 18:04:00,683 [ERROR] LogOutputStream:75 - [STDERR_REDIRECT] 
2026-06-06 18:04:01,679 [ERROR] LogOutputStream:75 - [STDERR_REDIRECT] [Fatal Error] :1:1: Premature end of file.
2026-06-06 18:04:01,680 [ERROR] LogOutputStream:75 - [STDERR_REDIRECT] 
2026-06-06 18:04:02,685 [ERROR] LogOutputStream:75 - [STDERR_REDIRECT] [Fatal Error] :1:1: Premature end of file.
2026-06-06 18:04:02,686 [ERROR] LogOutputStream:75 - [STDERR_REDIRECT] 
2026-06-06 18:04:03,680 [ERROR] LogOutputStream:75 - [STDERR_REDIRECT] [Fatal Error] :1:1: Premature end of file.
2026-06-06 18:04:03,680 [ERROR] LogOutputStream:75 - [STDERR_REDIRECT] 
2026-06-06 18:04:04,680 [ERROR] LogOutputStream:75 - [STDERR_REDIRECT] [Fatal Error] :1:1: Premature end of file.
2026-06-06 18:04:04,680 [ERROR] LogOutputStream:75 - [STDERR_REDIRECT] 
2026-06-06 18:04:05,682 [ERROR] LogOutputStream:75 - [STDERR_REDIRECT] [Fatal Error] :1:1: Premature end of file.
2026-06-06 18:04:05,682 [ERROR] LogOutputStream:75 - [STDERR_REDIRECT] 
2026-06-06 18:04:06,680 [ERROR] LogOutputStream:75 - [STDERR_REDIRECT] [Fatal Error] :1:1: Premature end of file.
2026-06-06 18:04:06,681 [ERROR] LogOutputStream:75 - [STDERR_REDIRECT] 
2026-06-06 18:04:07,685 [ERROR] LogOutputStream:75 - [STDERR_REDIRECT] [Fatal Error] :1:1: Premature end of file.
2026-06-06 18:04:07,685 [ERROR] LogOutputStream:75 - [STDERR_REDIRECT] 
2026-06-06 18:04:08,686 [ERROR] LogOutputStream:75 - [STDERR_REDIRECT] [Fatal Error] :1:1: Premature end of file.
2026-06-06 18:04:08,686 [ERROR] LogOutputStream:75 - [STDERR_REDIRECT] 
2026-06-06 18:04:09,679 [ERROR] LogOutputStream:75 - [STDERR_REDIRECT] [Fatal Error] :1:1: Premature end of file.
2026-06-06 18:04:09,679 [ERROR] LogOutputStream:75 - [STDERR_REDIRECT] 
2026-06-06 18:04:10,679 [ERROR] LogOutputStream:75 - [STDERR_REDIRECT] [Fatal Error] :1:1: Premature end of file.
2026-06-06 18:04:10,679 [ERROR] LogOutputStream:75 - [STDERR_REDIRECT] 
2026-06-06 18:04:11,685 [ERROR] LogOutputStream:75 - [STDERR_REDIRECT] [Fatal Error] :1:1: Premature end of file.
2026-06-06 18:04:11,685 [ERROR] LogOutputStream:75 - [STDERR_REDIRECT] 
2026-06-06 18:04:12,685 [ERROR] LogOutputStream:75 - [STDERR_REDIRECT] [Fatal Error] :1:1: Premature end of file.
2026-06-06 18:04:12,686 [ERROR] LogOutputStream:75 - [STDERR_REDIRECT] 
2026-06-06 18:04:13,679 [ERROR] LogOutputStream:75 - [STDERR_REDIRECT] [Fatal Error] :1:1: Premature end of file.
2026-06-06 18:04:13,679 [ERROR] LogOutputStream:75 - [STDERR_REDIRECT] 
2026-06-06 18:04:14,686 [ERROR] LogOutputStream:75 - [STDERR_REDIRECT] [Fatal Error] :1:1: Premature end of file.
2026-06-06 18:04:14,686 [ERROR] LogOutputStream:75 - [STDERR_REDIRECT] 
2026-06-06 18:04:15,679 [ERROR] LogOutputStream:75 - [STDERR_REDIRECT] [Fatal Error] :1:1: Premature end of file.
2026-06-06 18:04:15,679 [ERROR] LogOutputStream:75 - [STDERR_REDIRECT] 
2026-06-06 18:04:16,681 [ERROR] LogOutputStream:75 - [STDERR_REDIRECT] [Fatal Error] :1:1: Premature end of file.
2026-06-06 18:04:16,681 [ERROR] LogOutputStream:75 - [STDERR_REDIRECT] 
2026-06-06 18:04:17,677 [ERROR] LogOutputStream:75 - [STDERR_REDIRECT] [Fatal Error] :1:1: Premature end of file.
2026-06-06 18:04:17,677 [ERROR] LogOutputStream:75 - [STDERR_REDIRECT] 
2026-06-06 18:04:18,685 [ERROR] LogOutputStream:75 - [STDERR_REDIRECT] [Fatal Error] :1:1: Premature end of file.
2026-06-06 18:04:18,685 [ERROR] LogOutputStream:75 - [STDERR_REDIRECT] 
2026-06-06 18:04:19,683 [ERROR] LogOutputStream:75 - [STDERR_REDIRECT] [Fatal Error] :1:1: Premature end of file.
2026-06-06 18:04:19,684 [ERROR] LogOutputStream:75 - [STDERR_REDIRECT] 
2026-06-06 18:04:20,685 [ERROR] LogOutputStream:75 - [STDERR_REDIRECT] [Fatal Error] :1:1: Premature end of file.
2026-06-06 18:04:20,685 [ERROR] LogOutputStream:75 - [STDERR_REDIRECT] 
2026-06-06 18:04:21,684 [ERROR] LogOutputStream:75 - [STDERR_REDIRECT] [Fatal Error] :1:1: Premature end of file.
2026-06-06 18:04:21,684 [ERROR] LogOutputStream:75 - [STDERR_REDIRECT] 
2026-06-06 18:04:22,688 [ERROR] LogOutputStream:75 - [STDERR_REDIRECT] [Fatal Error] :1:1: Premature end of file.
2026-06-06 18:04:22,688 [ERROR] LogOutputStream:75 - [STDERR_REDIRECT] 
2026-06-06 18:04:23,684 [ERROR] LogOutputStream:75 - [STDERR_REDIRECT] [Fatal Error] :1:1: Premature end of file.
2026-06-06 18:04:23,684 [ERROR] LogOutputStream:75 - [STDERR_REDIRECT] 
2026-06-06 18:04:24,683 [ERROR] LogOutputStream:75 - [STDERR_REDIRECT] [Fatal Error] :1:1: Premature end of file.
2026-06-06 18:04:24,683 [ERROR] LogOutputStream:75 - [STDERR_REDIRECT] 
2026-06-06 18:04:25,683 [ERROR] LogOutputStream:75 - [STDERR_REDIRECT] [Fatal Error] :1:1: Premature end of file.
2026-06-06 18:04:25,683 [ERROR] LogOutputStream:75 - [STDERR_REDIRECT] 
2026-06-06 18:04:26,678 [ERROR] LogOutputStream:75 - [STDERR_REDIRECT] [Fatal Error] :1:1: Premature end of file.
2026-06-06 18:04:26,678 [ERROR] LogOutputStream:75 - [STDERR_REDIRECT] 
2026-06-06 18:04:27,682 [ERROR] LogOutputStream:75 - [STDERR_REDIRECT] [Fatal Error] :1:1: Premature end of file.
2026-06-06 18:04:27,682 [ERROR] LogOutputStream:75 - [STDERR_REDIRECT] 
2026-06-06 18:04:28,685 [ERROR] LogOutputStream:75 - [STDERR_REDIRECT] [Fatal Error] :1:1: Premature end of file.
2026-06-06 18:04:28,685 [ERROR] LogOutputStream:75 - [STDERR_REDIRECT] 
2026-06-06 18:04:29,692 [ERROR] LogOutputStream:75 - [STDERR_REDIRECT] [Fatal Error] :1:1: Premature end of file.
2026-06-06 18:04:29,692 [ERROR] LogOutputStream:75 - [STDERR_REDIRECT] 
2026-06-06 18:04:30,691 [ERROR] LogOutputStream:75 - [STDERR_REDIRECT] [Fatal Error] :1:1: Premature end of file.
2026-06-06 18:04:30,691 [ERROR] LogOutputStream:75 - [STDERR_REDIRECT] 
2026-06-06 18:04:31,683 [ERROR] LogOutputStream:75 - [STDERR_REDIRECT] [Fatal Error] :1:1: Premature end of file.
2026-06-06 18:04:31,683 [ERROR] LogOutputStream:75 - [STDERR_REDIRECT] 
2026-06-06 18:04:32,684 [ERROR] LogOutputStream:75 - [STDERR_REDIRECT] [Fatal Error] :1:1: Premature end of file.
2026-06-06 18:04:32,684 [ERROR] LogOutputStream:75 - [STDERR_REDIRECT] 
2026-06-06 18:04:33,679 [ERROR] LogOutputStream:75 - [STDERR_REDIRECT] [Fatal Error] :1:1: Premature end of file.
2026-06-06 18:04:33,679 [ERROR] LogOutputStream:75 - [STDERR_REDIRECT] 
2026-06-06 18:04:34,683 [ERROR] LogOutputStream:75 - [STDERR_REDIRECT] [Fatal Error] :1:1: Premature end of file.
2026-06-06 18:04:34,683 [ERROR] LogOutputStream:75 - [STDERR_REDIRECT] 
2026-06-06 18:04:35,685 [ERROR] LogOutputStream:75 - [STDERR_REDIRECT] [Fatal Error] :1:1: Premature end of file.
2026-06-06 18:04:35,685 [ERROR] LogOutputStream:75 - [STDERR_REDIRECT] 
2026-06-06 18:04:36,677 [ERROR] LogOutputStream:75 - [STDERR_REDIRECT] [Fatal Error] :1:1: Premature end of file.
2026-06-06 18:04:36,677 [ERROR] LogOutputStream:75 - [STDERR_REDIRECT] 
2026-06-06 18:04:37,683 [ERROR] LogOutputStream:75 - [STDERR_REDIRECT] [Fatal Error] :1:1: Premature end of file.
2026-06-06 18:04:37,683 [ERROR] LogOutputStream:75 - [STDERR_REDIRECT] 
2026-06-06 18:04:38,689 [ERROR] LogOutputStream:75 - [STDERR_REDIRECT] [Fatal Error] :1:1: Premature end of file.
2026-06-06 18:04:38,689 [ERROR] LogOutputStream:75 - [STDERR_REDIRECT] 
2026-06-06 18:04:39,686 [ERROR] LogOutputStream:75 - [STDERR_REDIRECT] [Fatal Error] :1:1: Premature end of file.
2026-06-06 18:04:39,686 [ERROR] LogOutputStream:75 - [STDERR_REDIRECT] 
2026-06-06 18:04:40,683 [ERROR] LogOutputStream:75 - [STDERR_REDIRECT] [Fatal Error] :1:1: Premature end of file.
2026-06-06 18:04:40,683 [ERROR] LogOutputStream:75 - [STDERR_REDIRECT] 
2026-06-06 18:04:41,685 [ERROR] LogOutputStream:75 - [STDERR_REDIRECT] [Fatal Error] :1:1: Premature end of file.
2026-06-06 18:04:41,685 [ERROR] LogOutputStream:75 - [STDERR_REDIRECT] 
2026-06-06 18:04:42,684 [ERROR] LogOutputStream:75 - [STDERR_REDIRECT] [Fatal Error] :1:1: Premature end of file.
2026-06-06 18:04:42,684 [ERROR] LogOutputStream:75 - [STDERR_REDIRECT] 
2026-06-06 18:04:43,683 [ERROR] LogOutputStream:75 - [STDERR_REDIRECT] [Fatal Error] :1:1: Premature end of file.
2026-06-06 18:04:43,683 [ERROR] LogOutputStream:75 - [STDERR_REDIRECT] 
2026-06-06 18:04:44,683 [ERROR] LogOutputStream:75 - [STDERR_REDIRECT] [Fatal Error] :1:1: Premature end of file.
2026-06-06 18:04:44,683 [ERROR] LogOutputStream:75 - [STDERR_REDIRECT] 
2026-06-06 18:04:45,682 [ERROR] LogOutputStream:75 - [STDERR_REDIRECT] [Fatal Error] :1:1: Premature end of file.
2026-06-06 18:04:45,682 [ERROR] LogOutputStream:75 - [STDERR_REDIRECT] 
2026-06-06 18:04:46,686 [ERROR] LogOutputStream:75 - [STDERR_REDIRECT] [Fatal Error] :1:1: Premature end of file.
2026-06-06 18:04:46,686 [ERROR] LogOutputStream:75 - [STDERR_REDIRECT] 
2026-06-06 18:04:47,685 [ERROR] LogOutputStream:75 - [STDERR_REDIRECT] [Fatal Error] :1:1: Premature end of file.
2026-06-06 18:04:47,685 [ERROR] LogOutputStream:75 - [STDERR_REDIRECT] 
2026-06-06 18:04:48,686 [ERROR] LogOutputStream:75 - [STDERR_REDIRECT] [Fatal Error] :1:1: Premature end of file.
2026-06-06 18:04:48,686 [ERROR] LogOutputStream:75 - [STDERR_REDIRECT] 
2026-06-06 18:04:49,688 [ERROR] LogOutputStream:75 - [STDERR_REDIRECT] [Fatal Error] :1:1: Premature end of file.
2026-06-06 18:04:49,688 [ERROR] LogOutputStream:75 - [STDERR_REDIRECT] 
2026-06-06 18:04:50,685 [ERROR] LogOutputStream:75 - [STDERR_REDIRECT] [Fatal Error] :1:1: Premature end of file.
2026-06-06 18:04:50,686 [ERROR] LogOutputStream:75 - [STDERR_REDIRECT] 
2026-06-06 18:04:51,693 [ERROR] LogOutputStream:75 - [STDERR_REDIRECT] [Fatal Error] :1:1: Premature end of file.
2026-06-06 18:04:51,693 [ERROR] LogOutputStream:75 - [STDERR_REDIRECT] 
2026-06-06 18:04:52,689 [ERROR] LogOutputStream:75 - [STDERR_REDIRECT] [Fatal Error] :1:1: Premature end of file.
2026-06-06 18:04:52,689 [ERROR] LogOutputStream:75 - [STDERR_REDIRECT] 
2026-06-06 18:04:53,687 [ERROR] LogOutputStream:75 - [STDERR_REDIRECT] [Fatal Error] :1:1: Premature end of file.
2026-06-06 18:04:53,687 [ERROR] LogOutputStream:75 - [STDERR_REDIRECT] 
2026-06-06 18:04:54,697 [ERROR] LogOutputStream:75 - [STDERR_REDIRECT] [Fatal Error] :1:1: Premature end of file.
2026-06-06 18:04:54,697 [ERROR] LogOutputStream:75 - [STDERR_REDIRECT] 
2026-06-06 18:04:55,689 [ERROR] LogOutputStream:75 - [STDERR_REDIRECT] [Fatal Error] :1:1: Premature end of file.
2026-06-06 18:04:55,689 [ERROR] LogOutputStream:75 - [STDERR_REDIRECT] 
2026-06-06 18:04:56,684 [ERROR] LogOutputStream:75 - [STDERR_REDIRECT] [Fatal Error] :1:1: Premature end of file.
2026-06-06 18:04:56,684 [ERROR] LogOutputStream:75 - [STDERR_REDIRECT] 
2026-06-06 18:04:57,685 [ERROR] LogOutputStream:75 - [STDERR_REDIRECT] [Fatal Error] :1:1: Premature end of file.
2026-06-06 18:04:57,685 [ERROR] LogOutputStream:75 - [STDERR_REDIRECT] 
2026-06-06 18:04:58,683 [ERROR] LogOutputStream:75 - [STDERR_REDIRECT] [Fatal Error] :1:1: Premature end of file.
2026-06-06 18:04:58,683 [ERROR] LogOutputStream:75 - [STDERR_REDIRECT] 
2026-06-06 18:04:59,687 [ERROR] LogOutputStream:75 - [STDERR_REDIRECT] [Fatal Error] :1:1: Premature end of file.
2026-06-06 18:04:59,687 [ERROR] LogOutputStream:75 - [STDERR_REDIRECT] 
2026-06-06 18:05:00,691 [ERROR] LogOutputStream:75 - [STDERR_REDIRECT] [Fatal Error] :1:1: Premature end of file.
2026-06-06 18:05:00,691 [ERROR] LogOutputStream:75 - [STDERR_REDIRECT] 
2026-06-06 18:05:01,684 [ERROR] LogOutputStream:75 - [STDERR_REDIRECT] [Fatal Error] :1:1: Premature end of file.
2026-06-06 18:05:01,684 [ERROR] LogOutputStream:75 - [STDERR_REDIRECT] 
2026-06-06 18:05:02,679 [ERROR] LogOutputStream:75 - [STDERR_REDIRECT] [Fatal Error] :1:1: Premature end of file.
2026-06-06 18:05:02,679 [ERROR] LogOutputStream:75 - [STDERR_REDIRECT] 
2026-06-06 18:05:03,691 [ERROR] LogOutputStream:75 - [STDERR_REDIRECT] [Fatal Error] :1:1: Premature end of file.
2026-06-06 18:05:03,691 [ERROR] LogOutputStream:75 - [STDERR_REDIRECT] 
2026-06-06 18:05:04,685 [ERROR] LogOutputStream:75 - [STDERR_REDIRECT] [Fatal Error] :1:1: Premature end of file.
2026-06-06 18:05:04,685 [ERROR] LogOutputStream:75 - [STDERR_REDIRECT] 
2026-06-06 18:05:05,687 [ERROR] LogOutputStream:75 - [STDERR_REDIRECT] [Fatal Error] :1:1: Premature end of file.
2026-06-06 18:05:05,687 [ERROR] LogOutputStream:75 - [STDERR_REDIRECT] 
2026-06-06 18:05:06,683 [ERROR] LogOutputStream:75 - [STDERR_REDIRECT] [Fatal Error] :1:1: Premature end of file.
2026-06-06 18:05:06,683 [ERROR] LogOutputStream:75 - [STDERR_REDIRECT] 
2026-06-06 18:05:07,689 [ERROR] LogOutputStream:75 - [STDERR_REDIRECT] [Fatal Error] :1:1: Premature end of file.
2026-06-06 18:05:07,690 [ERROR] LogOutputStream:75 - [STDERR_REDIRECT] 
2026-06-06 18:05:08,689 [ERROR] LogOutputStream:75 - [STDERR_REDIRECT] [Fatal Error] :1:1: Premature end of file.
2026-06-06 18:05:08,689 [ERROR] LogOutputStream:75 - [STDERR_REDIRECT] 
2026-06-06 18:05:09,689 [ERROR] LogOutputStream:75 - [STDERR_REDIRECT] [Fatal Error] :1:1: Premature end of file.
2026-06-06 18:05:09,689 [ERROR] LogOutputStream:75 - [STDERR_REDIRECT] 
2026-06-06 18:05:10,688 [ERROR] LogOutputStream:75 - [STDERR_REDIRECT] [Fatal Error] :1:1: Premature end of file.
2026-06-06 18:05:10,688 [ERROR] LogOutputStream:75 - [STDERR_REDIRECT] 
2026-06-06 18:05:11,687 [ERROR] LogOutputStream:75 - [STDERR_REDIRECT] [Fatal Error] :1:1: Premature end of file.
2026-06-06 18:05:11,687 [ERROR] LogOutputStream:75 - [STDERR_REDIRECT] 
2026-06-06 18:05:12,686 [ERROR] LogOutputStream:75 - [STDERR_REDIRECT] [Fatal Error] :1:1: Premature end of file.
2026-06-06 18:05:12,686 [ERROR] LogOutputStream:75 - [STDERR_REDIRECT] 
2026-06-06 18:05:13,682 [ERROR] LogOutputStream:75 - [STDERR_REDIRECT] [Fatal Error] :1:1: Premature end of file.
2026-06-06 18:05:13,682 [ERROR] LogOutputStream:75 - [STDERR_REDIRECT] 
2026-06-06 18:05:14,686 [ERROR] LogOutputStream:75 - [STDERR_REDIRECT] [Fatal Error] :1:1: Premature end of file.
2026-06-06 18:05:14,686 [ERROR] LogOutputStream:75 - [STDERR_REDIRECT] 
2026-06-06 18:05:15,684 [ERROR] LogOutputStream:75 - [STDERR_REDIRECT] [Fatal Error] :1:1: Premature end of file.
2026-06-06 18:05:15,684 [ERROR] LogOutputStream:75 - [STDERR_REDIRECT] 
2026-06-06 18:05:16,684 [ERROR] LogOutputStream:75 - [STDERR_REDIRECT] [Fatal Error] :1:1: Premature end of file.
2026-06-06 18:05:16,684 [ERROR] LogOutputStream:75 - [STDERR_REDIRECT] 
2026-06-06 18:05:17,685 [ERROR] LogOutputStream:75 - [STDERR_REDIRECT] [Fatal Error] :1:1: Premature end of file.
2026-06-06 18:05:17,685 [ERROR] LogOutputStream:75 - [STDERR_REDIRECT] 
2026-06-06 18:05:18,686 [ERROR] LogOutputStream:75 - [STDERR_REDIRECT] [Fatal Error] :1:1: Premature end of file.
2026-06-06 18:05:18,686 [ERROR] LogOutputStream:75 - [STDERR_REDIRECT] 
2026-06-06 18:05:19,690 [ERROR] LogOutputStream:75 - [STDERR_REDIRECT] [Fatal Error] :1:1: Premature end of file.
2026-06-06 18:05:19,690 [ERROR] LogOutputStream:75 - [STDERR_REDIRECT] 
2026-06-06 18:05:20,697 [ERROR] LogOutputStream:75 - [STDERR_REDIRECT] [Fatal Error] :1:1: Premature end of file.
2026-06-06 18:05:20,697 [ERROR] LogOutputStream:75 - [STDERR_REDIRECT] 
2026-06-06 18:05:21,685 [ERROR] LogOutputStream:75 - [STDERR_REDIRECT] [Fatal Error] :1:1: Premature end of file.
2026-06-06 18:05:21,686 [ERROR] LogOutputStream:75 - [STDERR_REDIRECT] 
2026-06-06 18:05:22,681 [ERROR] LogOutputStream:75 - [STDERR_REDIRECT] [Fatal Error] :1:1: Premature end of file.
2026-06-06 18:05:22,681 [ERROR] LogOutputStream:75 - [STDERR_REDIRECT] 
2026-06-06 18:05:23,684 [ERROR] LogOutputStream:75 - [STDERR_REDIRECT] [Fatal Error] :1:1: Premature end of file.
2026-06-06 18:05:23,684 [ERROR] LogOutputStream:75 - [STDERR_REDIRECT] 
2026-06-06 18:05:24,682 [ERROR] LogOutputStream:75 - [STDERR_REDIRECT] [Fatal Error] :1:1: Premature end of file.
2026-06-06 18:05:24,682 [ERROR] LogOutputStream:75 - [STDERR_REDIRECT] 
2026-06-06 18:05:25,683 [ERROR] LogOutputStream:75 - [STDERR_REDIRECT] [Fatal Error] :1:1: Premature end of file.
2026-06-06 18:05:25,683 [ERROR] LogOutputStream:75 - [STDERR_REDIRECT] 
2026-06-06 18:05:26,687 [ERROR] LogOutputStream:75 - [STDERR_REDIRECT] [Fatal Error] :1:1: Premature end of file.
2026-06-06 18:05:26,688 [ERROR] LogOutputStream:75 - [STDERR_REDIRECT] 
2026-06-06 18:05:27,687 [ERROR] LogOutputStream:75 - [STDERR_REDIRECT] [Fatal Error] :1:1: Premature end of file.
2026-06-06 18:05:27,687 [ERROR] LogOutputStream:75 - [STDERR_REDIRECT] 
2026-06-06 18:05:28,687 [ERROR] LogOutputStream:75 - [STDERR_REDIRECT] [Fatal Error] :1:1: Premature end of file.
2026-06-06 18:05:28,687 [ERROR] LogOutputStream:75 - [STDERR_REDIRECT] 
2026-06-06 18:05:29,688 [ERROR] LogOutputStream:75 - [STDERR_REDIRECT] [Fatal Error] :1:1: Premature end of file.
2026-06-06 18:05:29,688 [ERROR] LogOutputStream:75 - [STDERR_REDIRECT] 
2026-06-06 18:05:30,682 [ERROR] LogOutputStream:75 - [STDERR_REDIRECT] [Fatal Error] :1:1: Premature end of file.
2026-06-06 18:05:30,682 [ERROR] LogOutputStream:75 - [STDERR_REDIRECT] 
2026-06-06 18:05:31,683 [ERROR] LogOutputStream:75 - [STDERR_REDIRECT] [Fatal Error] :1:1: Premature end of file.
2026-06-06 18:05:31,683 [ERROR] LogOutputStream:75 - [STDERR_REDIRECT] 
2026-06-06 18:05:32,684 [ERROR] LogOutputStream:75 - [STDERR_REDIRECT] [Fatal Error] :1:1: Premature end of file.
2026-06-06 18:05:32,685 [ERROR] LogOutputStream:75 - [STDERR_REDIRECT] 
2026-06-06 18:05:33,686 [ERROR] LogOutputStream:75 - [STDERR_REDIRECT] [Fatal Error] :1:1: Premature end of file.
2026-06-06 18:05:33,686 [ERROR] LogOutputStream:75 - [STDERR_REDIRECT] 
2026-06-06 18:05:34,689 [ERROR] LogOutputStream:75 - [STDERR_REDIRECT] [Fatal Error] :1:1: Premature end of file.
2026-06-06 18:05:34,689 [ERROR] LogOutputStream:75 - [STDERR_REDIRECT] 
2026-06-06 18:05:35,687 [ERROR] LogOutputStream:75 - [STDERR_REDIRECT] [Fatal Error] :1:1: Premature end of file.
2026-06-06 18:05:35,687 [ERROR] LogOutputStream:75 - [STDERR_REDIRECT] 
2026-06-06 18:05:36,677 [ERROR] LogOutputStream:75 - [STDERR_REDIRECT] [Fatal Error] :1:1: Premature end of file.
2026-06-06 18:05:36,677 [ERROR] LogOutputStream:75 - [STDERR_REDIRECT] 
2026-06-06 18:05:37,681 [ERROR] LogOutputStream:75 - [STDERR_REDIRECT] [Fatal Error] :1:1: Premature end of file.
2026-06-06 18:05:37,681 [ERROR] LogOutputStream:75 - [STDERR_REDIRECT] 
2026-06-06 18:05:38,686 [ERROR] LogOutputStream:75 - [STDERR_REDIRECT] [Fatal Error] :1:1: Premature end of file.
2026-06-06 18:05:38,686 [ERROR] LogOutputStream:75 - [STDERR_REDIRECT] 
2026-06-06 18:05:39,685 [ERROR] LogOutputStream:75 - [STDERR_REDIRECT] [Fatal Error] :1:1: Premature end of file.
2026-06-06 18:05:39,686 [ERROR] LogOutputStream:75 - [STDERR_REDIRECT] 
2026-06-06 18:05:40,683 [ERROR] LogOutputStream:75 - [STDERR_REDIRECT] [Fatal Error] :1:1: Premature end of file.
2026-06-06 18:05:40,683 [ERROR] LogOutputStream:75 - [STDERR_REDIRECT] 
2026-06-06 18:05:41,682 [ERROR] LogOutputStream:75 - [STDERR_REDIRECT] [Fatal Error] :1:1: Premature end of file.
2026-06-06 18:05:41,682 [ERROR] LogOutputStream:75 - [STDERR_REDIRECT] 
2026-06-06 18:05:42,683 [ERROR] LogOutputStream:75 - [STDERR_REDIRECT] [Fatal Error] :1:1: Premature end of file.
2026-06-06 18:05:42,683 [ERROR] LogOutputStream:75 - [STDERR_REDIRECT] 
2026-06-06 18:05:43,681 [ERROR] LogOutputStream:75 - [STDERR_REDIRECT] [Fatal Error] :1:1: Premature end of file.
2026-06-06 18:05:43,681 [ERROR] LogOutputStream:75 - [STDERR_REDIRECT] 
2026-06-06 18:05:44,682 [ERROR] LogOutputStream:75 - [STDERR_REDIRECT] [Fatal Error] :1:1: Premature end of file.
2026-06-06 18:05:44,682 [ERROR] LogOutputStream:75 - [STDERR_REDIRECT] 
2026-06-06 18:05:45,685 [ERROR] LogOutputStream:75 - [STDERR_REDIRECT] [Fatal Error] :1:1: Premature end of file.
2026-06-06 18:05:45,685 [ERROR] LogOutputStream:75 - [STDERR_REDIRECT] 
2026-06-06 18:05:46,682 [ERROR] LogOutputStream:75 - [STDERR_REDIRECT] [Fatal Error] :1:1: Premature end of file.
2026-06-06 18:05:46,682 [ERROR] LogOutputStream:75 - [STDERR_REDIRECT] 
2026-06-06 18:05:47,682 [ERROR] LogOutputStream:75 - [STDERR_REDIRECT] [Fatal Error] :1:1: Premature end of file.
2026-06-06 18:05:47,682 [ERROR] LogOutputStream:75 - [STDERR_REDIRECT] 
2026-06-06 18:05:48,685 [ERROR] LogOutputStream:75 - [STDERR_REDIRECT] [Fatal Error] :1:1: Premature end of file.
2026-06-06 18:05:48,685 [ERROR] LogOutputStream:75 - [STDERR_REDIRECT] 
2026-06-06 18:05:49,684 [ERROR] LogOutputStream:75 - [STDERR_REDIRECT] [Fatal Error] :1:1: Premature end of file.
2026-06-06 18:05:49,684 [ERROR] LogOutputStream:75 - [STDERR_REDIRECT] 
2026-06-06 18:05:50,686 [ERROR] LogOutputStream:75 - [STDERR_REDIRECT] [Fatal Error] :1:1: Premature end of file.
2026-06-06 18:05:50,686 [ERROR] LogOutputStream:75 - [STDERR_REDIRECT] 
2026-06-06 18:05:51,700 [ERROR] LogOutputStream:75 - [STDERR_REDIRECT] [Fatal Error] :1:1: Premature end of file.
2026-06-06 18:05:51,700 [ERROR] LogOutputStream:75 - [STDERR_REDIRECT] 
2026-06-06 18:05:52,691 [ERROR] LogOutputStream:75 - [STDERR_REDIRECT] [Fatal Error] :1:1: Premature end of file.
2026-06-06 18:05:52,691 [ERROR] LogOutputStream:75 - [STDERR_REDIRECT] 
2026-06-06 18:05:53,680 [ERROR] LogOutputStream:75 - [STDERR_REDIRECT] [Fatal Error] :1:1: Premature end of file.
2026-06-06 18:05:53,680 [ERROR] LogOutputStream:75 - [STDERR_REDIRECT] 
2026-06-06 18:05:54,679 [ERROR] LogOutputStream:75 - [STDERR_REDIRECT] [Fatal Error] :1:1: Premature end of file.
2026-06-06 18:05:54,679 [ERROR] LogOutputStream:75 - [STDERR_REDIRECT] 
2026-06-06 18:05:55,691 [ERROR] LogOutputStream:75 - [STDERR_REDIRECT] [Fatal Error] :1:1: Premature end of file.
2026-06-06 18:05:55,691 [ERROR] LogOutputStream:75 - [STDERR_REDIRECT] 
2026-06-06 18:05:56,689 [ERROR] LogOutputStream:75 - [STDERR_REDIRECT] [Fatal Error] :1:1: Premature end of file.
2026-06-06 18:05:56,690 [ERROR] LogOutputStream:75 - [STDERR_REDIRECT] 
2026-06-06 18:05:57,689 [ERROR] LogOutputStream:75 - [STDERR_REDIRECT] [Fatal Error] :1:1: Premature end of file.
2026-06-06 18:05:57,689 [ERROR] LogOutputStream:75 - [STDERR_REDIRECT] 
2026-06-06 18:05:58,687 [ERROR] LogOutputStream:75 - [STDERR_REDIRECT] [Fatal Error] :1:1: Premature end of file.
2026-06-06 18:05:58,687 [ERROR] LogOutputStream:75 - [STDERR_REDIRECT] 
2026-06-06 18:05:59,683 [ERROR] LogOutputStream:75 - [STDERR_REDIRECT] [Fatal Error] :1:1: Premature end of file.
2026-06-06 18:05:59,683 [ERROR] LogOutputStream:75 - [STDERR_REDIRECT] 
2026-06-06 18:06:00,684 [ERROR] LogOutputStream:75 - [STDERR_REDIRECT] [Fatal Error] :1:1: Premature end of file.
2026-06-06 18:06:00,684 [ERROR] LogOutputStream:75 - [STDERR_REDIRECT] 
2026-06-06 18:06:01,679 [ERROR] LogOutputStream:75 - [STDERR_REDIRECT] [Fatal Error] :1:1: Premature end of file.
2026-06-06 18:06:01,679 [ERROR] LogOutputStream:75 - [STDERR_REDIRECT] 
2026-06-06 18:06:02,683 [ERROR] LogOutputStream:75 - [STDERR_REDIRECT] [Fatal Error] :1:1: Premature end of file.
2026-06-06 18:06:02,684 [ERROR] LogOutputStream:75 - [STDERR_REDIRECT] 
2026-06-06 18:06:03,679 [ERROR] LogOutputStream:75 - [STDERR_REDIRECT] [Fatal Error] :1:1: Premature end of file.
2026-06-06 18:06:03,679 [ERROR] LogOutputStream:75 - [STDERR_REDIRECT] 
2026-06-06 18:06:04,686 [ERROR] LogOutputStream:75 - [STDERR_REDIRECT] [Fatal Error] :1:1: Premature end of file.
2026-06-06 18:06:04,686 [ERROR] LogOutputStream:75 - [STDERR_REDIRECT] 
2026-06-06 18:06:05,680 [ERROR] LogOutputStream:75 - [STDERR_REDIRECT] [Fatal Error] :1:1: Premature end of file.
2026-06-06 18:06:05,680 [ERROR] LogOutputStream:75 - [STDERR_REDIRECT] 
2026-06-06 18:06:06,679 [ERROR] LogOutputStream:75 - [STDERR_REDIRECT] [Fatal Error] :1:1: Premature end of file.
2026-06-06 18:06:06,680 [ERROR] LogOutputStream:75 - [STDERR_REDIRECT] 
2026-06-06 18:06:07,684 [ERROR] LogOutputStream:75 - [STDERR_REDIRECT] [Fatal Error] :1:1: Premature end of file.
2026-06-06 18:06:07,684 [ERROR] LogOutputStream:75 - [STDERR_REDIRECT] 
2026-06-06 18:06:08,683 [ERROR] LogOutputStream:75 - [STDERR_REDIRECT] [Fatal Error] :1:1: Premature end of file.
2026-06-06 18:06:08,683 [ERROR] LogOutputStream:75 - [STDERR_REDIRECT] 
2026-06-06 18:06:09,681 [ERROR] LogOutputStream:75 - [STDERR_REDIRECT] [Fatal Error] :1:1: Premature end of file.
2026-06-06 18:06:09,681 [ERROR] LogOutputStream:75 - [STDERR_REDIRECT] 
2026-06-06 18:06:10,680 [ERROR] LogOutputStream:75 - [STDERR_REDIRECT] [Fatal Error] :1:1: Premature end of file.
2026-06-06 18:06:10,680 [ERROR] LogOutputStream:75 - [STDERR_REDIRECT] 
2026-06-06 18:06:11,679 [ERROR] LogOutputStream:75 - [STDERR_REDIRECT] [Fatal Error] :1:1: Premature end of file.
2026-06-06 18:06:11,679 [ERROR] LogOutputStream:75 - [STDERR_REDIRECT] 
2026-06-06 18:06:12,680 [ERROR] LogOutputStream:75 - [STDERR_REDIRECT] [Fatal Error] :1:1: Premature end of file.
2026-06-06 18:06:12,680 [ERROR] LogOutputStream:75 - [STDERR_REDIRECT] 
2026-06-06 18:06:13,679 [ERROR] LogOutputStream:75 - [STDERR_REDIRECT] [Fatal Error] :1:1: Premature end of file.
2026-06-06 18:06:13,679 [ERROR] LogOutputStream:75 - [STDERR_REDIRECT] 
2026-06-06 18:06:14,680 [ERROR] LogOutputStream:75 - [STDERR_REDIRECT] [Fatal Error] :1:1: Premature end of file.
2026-06-06 18:06:14,680 [ERROR] LogOutputStream:75 - [STDERR_REDIRECT] 
2026-06-06 18:06:15,680 [ERROR] LogOutputStream:75 - [STDERR_REDIRECT] [Fatal Error] :1:1: Premature end of file.
2026-06-06 18:06:15,680 [ERROR] LogOutputStream:75 - [STDERR_REDIRECT] 
2026-06-06 18:06:16,681 [ERROR] LogOutputStream:75 - [STDERR_REDIRECT] [Fatal Error] :1:1: Premature end of file.
2026-06-06 18:06:16,682 [ERROR] LogOutputStream:75 - [STDERR_REDIRECT] 
2026-06-06 18:06:17,682 [ERROR] LogOutputStream:75 - [STDERR_REDIRECT] [Fatal Error] :1:1: Premature end of file.
2026-06-06 18:06:17,682 [ERROR] LogOutputStream:75 - [STDERR_REDIRECT] 
2026-06-06 18:06:18,690 [ERROR] LogOutputStream:75 - [STDERR_REDIRECT] [Fatal Error] :1:1: Premature end of file.
2026-06-06 18:06:18,691 [ERROR] LogOutputStream:75 - [STDERR_REDIRECT] 
2026-06-06 18:06:19,680 [ERROR] LogOutputStream:75 - [STDERR_REDIRECT] [Fatal Error] :1:1: Premature end of file.
2026-06-06 18:06:19,680 [ERROR] LogOutputStream:75 - [STDERR_REDIRECT] 
2026-06-06 18:06:20,681 [ERROR] LogOutputStream:75 - [STDERR_REDIRECT] [Fatal Error] :1:1: Premature end of file.
2026-06-06 18:06:20,681 [ERROR] LogOutputStream:75 - [STDERR_REDIRECT] 
2026-06-06 18:06:21,681 [ERROR] LogOutputStream:75 - [STDERR_REDIRECT] [Fatal Error] :1:1: Premature end of file.
2026-06-06 18:06:21,681 [ERROR] LogOutputStream:75 - [STDERR_REDIRECT] 
2026-06-06 18:06:22,688 [ERROR] LogOutputStream:75 - [STDERR_REDIRECT] [Fatal Error] :1:1: Premature end of file.
2026-06-06 18:06:22,688 [ERROR] LogOutputStream:75 - [STDERR_REDIRECT] 
2026-06-06 18:06:23,678 [ERROR] LogOutputStream:75 - [STDERR_REDIRECT] [Fatal Error] :1:1: Premature end of file.
2026-06-06 18:06:23,678 [ERROR] LogOutputStream:75 - [STDERR_REDIRECT] 
2026-06-06 18:06:24,679 [ERROR] LogOutputStream:75 - [STDERR_REDIRECT] [Fatal Error] :1:1: Premature end of file.
2026-06-06 18:06:24,679 [ERROR] LogOutputStream:75 - [STDERR_REDIRECT] 
2026-06-06 18:06:25,680 [ERROR] LogOutputStream:75 - [STDERR_REDIRECT] [Fatal Error] :1:1: Premature end of file.
2026-06-06 18:06:25,680 [ERROR] LogOutputStream:75 - [STDERR_REDIRECT] 
2026-06-06 18:06:26,682 [ERROR] LogOutputStream:75 - [STDERR_REDIRECT] [Fatal Error] :1:1: Premature end of file.
2026-06-06 18:06:26,682 [ERROR] LogOutputStream:75 - [STDERR_REDIRECT] 
2026-06-06 18:06:27,681 [ERROR] LogOutputStream:75 - [STDERR_REDIRECT] [Fatal Error] :1:1: Premature end of file.
2026-06-06 18:06:27,681 [ERROR] LogOutputStream:75 - [STDERR_REDIRECT] 
2026-06-06 18:06:28,679 [ERROR] LogOutputStream:75 - [STDERR_REDIRECT] [Fatal Error] :1:1: Premature end of file.
2026-06-06 18:06:28,679 [ERROR] LogOutputStream:75 - [STDERR_REDIRECT] 
2026-06-06 18:06:29,679 [ERROR] LogOutputStream:75 - [STDERR_REDIRECT] [Fatal Error] :1:1: Premature end of file.
2026-06-06 18:06:29,681 [ERROR] LogOutputStream:75 - [STDERR_REDIRECT] 
2026-06-06 18:06:30,681 [ERROR] LogOutputStream:75 - [STDERR_REDIRECT] [Fatal Error] :1:1: Premature end of file.
2026-06-06 18:06:30,681 [ERROR] LogOutputStream:75 - [STDERR_REDIRECT] 
2026-06-06 18:06:31,679 [ERROR] LogOutputStream:75 - [STDERR_REDIRECT] [Fatal Error] :1:1: Premature end of file.
2026-06-06 18:06:31,679 [ERROR] LogOutputStream:75 - [STDERR_REDIRECT] 
2026-06-06 18:06:32,681 [ERROR] LogOutputStream:75 - [STDERR_REDIRECT] [Fatal Error] :1:1: Premature end of file.
2026-06-06 18:06:32,681 [ERROR] LogOutputStream:75 - [STDERR_REDIRECT] 
2026-06-06 18:06:33,681 [ERROR] LogOutputStream:75 - [STDERR_REDIRECT] [Fatal Error] :1:1: Premature end of file.
2026-06-06 18:06:33,682 [ERROR] LogOutputStream:75 - [STDERR_REDIRECT] 
2026-06-06 18:06:34,682 [ERROR] LogOutputStream:75 - [STDERR_REDIRECT] [Fatal Error] :1:1: Premature end of file.
2026-06-06 18:06:34,682 [ERROR] LogOutputStream:75 - [STDERR_REDIRECT] 
2026-06-06 18:06:35,684 [ERROR] LogOutputStream:75 - [STDERR_REDIRECT] [Fatal Error] :1:1: Premature end of file.
2026-06-06 18:06:35,684 [ERROR] LogOutputStream:75 - [STDERR_REDIRECT] 
2026-06-06 18:06:36,684 [ERROR] LogOutputStream:75 - [STDERR_REDIRECT] [Fatal Error] :1:1: Premature end of file.
2026-06-06 18:06:36,684 [ERROR] LogOutputStream:75 - [STDERR_REDIRECT] 
2026-06-06 18:06:37,679 [ERROR] LogOutputStream:75 - [STDERR_REDIRECT] [Fatal Error] :1:1: Premature end of file.
2026-06-06 18:06:37,679 [ERROR] LogOutputStream:75 - [STDERR_REDIRECT] 
2026-06-06 18:06:38,679 [ERROR] LogOutputStream:75 - [STDERR_REDIRECT] [Fatal Error] :1:1: Premature end of file.
2026-06-06 18:06:38,679 [ERROR] LogOutputStream:75 - [STDERR_REDIRECT] 
2026-06-06 18:06:39,680 [ERROR] LogOutputStream:75 - [STDERR_REDIRECT] [Fatal Error] :1:1: Premature end of file.
2026-06-06 18:06:39,680 [ERROR] LogOutputStream:75 - [STDERR_REDIRECT] 
2026-06-06 18:06:40,679 [ERROR] LogOutputStream:75 - [STDERR_REDIRECT] [Fatal Error] :1:1: Premature end of file.
2026-06-06 18:06:40,679 [ERROR] LogOutputStream:75 - [STDERR_REDIRECT] 
2026-06-06 18:06:41,680 [ERROR] LogOutputStream:75 - [STDERR_REDIRECT] [Fatal Error] :1:1: Premature end of file.
2026-06-06 18:06:41,680 [ERROR] LogOutputStream:75 - [STDERR_REDIRECT] 
2026-06-06 18:06:42,679 [ERROR] LogOutputStream:75 - [STDERR_REDIRECT] [Fatal Error] :1:1: Premature end of file.
2026-06-06 18:06:42,679 [ERROR] LogOutputStream:75 - [STDERR_REDIRECT] 
2026-06-06 18:06:43,680 [ERROR] LogOutputStream:75 - [STDERR_REDIRECT] [Fatal Error] :1:1: Premature end of file.
2026-06-06 18:06:43,680 [ERROR] LogOutputStream:75 - [STDERR_REDIRECT] 
2026-06-06 18:06:44,684 [ERROR] LogOutputStream:75 - [STDERR_REDIRECT] [Fatal Error] :1:1: Premature end of file.
2026-06-06 18:06:44,684 [ERROR] LogOutputStream:75 - [STDERR_REDIRECT] 
2026-06-06 18:06:45,683 [ERROR] LogOutputStream:75 - [STDERR_REDIRECT] [Fatal Error] :1:1: Premature end of file.
2026-06-06 18:06:45,683 [ERROR] LogOutputStream:75 - [STDERR_REDIRECT] 
2026-06-06 18:06:46,681 [ERROR] LogOutputStream:75 - [STDERR_REDIRECT] [Fatal Error] :1:1: Premature end of file.
2026-06-06 18:06:46,682 [ERROR] LogOutputStream:75 - [STDERR_REDIRECT] 
2026-06-06 18:06:47,685 [ERROR] LogOutputStream:75 - [STDERR_REDIRECT] [Fatal Error] :1:1: Premature end of file.
2026-06-06 18:06:47,685 [ERROR] LogOutputStream:75 - [STDERR_REDIRECT] 
2026-06-06 18:06:48,680 [ERROR] LogOutputStream:75 - [STDERR_REDIRECT] [Fatal Error] :1:1: Premature end of file.
2026-06-06 18:06:48,680 [ERROR] LogOutputStream:75 - [STDERR_REDIRECT] 
2026-06-06 18:06:49,679 [ERROR] LogOutputStream:75 - [STDERR_REDIRECT] [Fatal Error] :1:1: Premature end of file.
2026-06-06 18:06:49,679 [ERROR] LogOutputStream:75 - [STDERR_REDIRECT] 
2026-06-06 18:06:50,679 [ERROR] LogOutputStream:75 - [STDERR_REDIRECT] [Fatal Error] :1:1: Premature end of file.
2026-06-06 18:06:50,679 [ERROR] LogOutputStream:75 - [STDERR_REDIRECT] 
2026-06-06 18:06:51,681 [ERROR] LogOutputStream:75 - [STDERR_REDIRECT] [Fatal Error] :1:1: Premature end of file.
2026-06-06 18:06:51,681 [ERROR] LogOutputStream:75 - [STDERR_REDIRECT] 
2026-06-06 18:06:52,684 [ERROR] LogOutputStream:75 - [STDERR_REDIRECT] [Fatal Error] :1:1: Premature end of file.
2026-06-06 18:06:52,684 [ERROR] LogOutputStream:75 - [STDERR_REDIRECT] 
2026-06-06 18:06:53,681 [ERROR] LogOutputStream:75 - [STDERR_REDIRECT] [Fatal Error] :1:1: Premature end of file.
2026-06-06 18:06:53,681 [ERROR] LogOutputStream:75 - [STDERR_REDIRECT] 
2026-06-06 18:06:54,680 [ERROR] LogOutputStream:75 - [STDERR_REDIRECT] [Fatal Error] :1:1: Premature end of file.
2026-06-06 18:06:54,680 [ERROR] LogOutputStream:75 - [STDERR_REDIRECT] 
2026-06-06 18:06:55,685 [ERROR] LogOutputStream:75 - [STDERR_REDIRECT] [Fatal Error] :1:1: Premature end of file.
2026-06-06 18:06:55,686 [ERROR] LogOutputStream:75 - [STDERR_REDIRECT] 
2026-06-06 18:06:56,683 [ERROR] LogOutputStream:75 - [STDERR_REDIRECT] [Fatal Error] :1:1: Premature end of file.
2026-06-06 18:06:56,683 [ERROR] LogOutputStream:75 - [STDERR_REDIRECT] 
2026-06-06 18:06:57,684 [ERROR] LogOutputStream:75 - [STDERR_REDIRECT] [Fatal Error] :1:1: Premature end of file.
2026-06-06 18:06:57,685 [ERROR] LogOutputStream:75 - [STDERR_REDIRECT] 
2026-06-06 18:06:58,687 [ERROR] LogOutputStream:75 - [STDERR_REDIRECT] [Fatal Error] :1:1: Premature end of file.
2026-06-06 18:06:58,687 [ERROR] LogOutputStream:75 - [STDERR_REDIRECT] 
2026-06-06 18:06:59,681 [ERROR] LogOutputStream:75 - [STDERR_REDIRECT] [Fatal Error] :1:1: Premature end of file.
2026-06-06 18:06:59,681 [ERROR] LogOutputStream:75 - [STDERR_REDIRECT] 
2026-06-06 18:07:00,684 [ERROR] LogOutputStream:75 - [STDERR_REDIRECT] [Fatal Error] :1:1: Premature end of file.
2026-06-06 18:07:00,684 [ERROR] LogOutputStream:75 - [STDERR_REDIRECT] 
2026-06-06 18:07:01,682 [ERROR] LogOutputStream:75 - [STDERR_REDIRECT] [Fatal Error] :1:1: Premature end of file.
2026-06-06 18:07:01,682 [ERROR] LogOutputStream:75 - [STDERR_REDIRECT] 
2026-06-06 18:07:02,680 [ERROR] LogOutputStream:75 - [STDERR_REDIRECT] [Fatal Error] :1:1: Premature end of file.
2026-06-06 18:07:02,681 [ERROR] LogOutputStream:75 - [STDERR_REDIRECT] 
2026-06-06 18:07:03,680 [ERROR] LogOutputStream:75 - [STDERR_REDIRECT] [Fatal Error] :1:1: Premature end of file.
2026-06-06 18:07:03,680 [ERROR] LogOutputStream:75 - [STDERR_REDIRECT] 
2026-06-06 18:07:04,680 [ERROR] LogOutputStream:75 - [STDERR_REDIRECT] [Fatal Error] :1:1: Premature end of file.
2026-06-06 18:07:04,680 [ERROR] LogOutputStream:75 - [STDERR_REDIRECT] 
2026-06-06 18:07:05,682 [ERROR] LogOutputStream:75 - [STDERR_REDIRECT] [Fatal Error] :1:1: Premature end of file.
2026-06-06 18:07:05,682 [ERROR] LogOutputStream:75 - [STDERR_REDIRECT] 
2026-06-06 18:07:06,680 [ERROR] LogOutputStream:75 - [STDERR_REDIRECT] [Fatal Error] :1:1: Premature end of file.
2026-06-06 18:07:06,680 [ERROR] LogOutputStream:75 - [STDERR_REDIRECT] 
2026-06-06 18:07:07,679 [ERROR] LogOutputStream:75 - [STDERR_REDIRECT] [Fatal Error] :1:1: Premature end of file.
2026-06-06 18:07:07,680 [ERROR] LogOutputStream:75 - [STDERR_REDIRECT] 
2026-06-06 18:07:08,680 [ERROR] LogOutputStream:75 - [STDERR_REDIRECT] [Fatal Error] :1:1: Premature end of file.
2026-06-06 18:07:08,680 [ERROR] LogOutputStream:75 - [STDERR_REDIRECT] 
2026-06-06 18:07:09,679 [ERROR] LogOutputStream:75 - [STDERR_REDIRECT] [Fatal Error] :1:1: Premature end of file.
2026-06-06 18:07:09,679 [ERROR] LogOutputStream:75 - [STDERR_REDIRECT] 
2026-06-06 18:07:10,679 [ERROR] LogOutputStream:75 - [STDERR_REDIRECT] [Fatal Error] :1:1: Premature end of file.
2026-06-06 18:07:10,680 [ERROR] LogOutputStream:75 - [STDERR_REDIRECT] 
2026-06-06 18:07:11,680 [ERROR] LogOutputStream:75 - [STDERR_REDIRECT] [Fatal Error] :1:1: Premature end of file.
2026-06-06 18:07:11,680 [ERROR] LogOutputStream:75 - [STDERR_REDIRECT] 
2026-06-06 18:07:12,684 [ERROR] LogOutputStream:75 - [STDERR_REDIRECT] [Fatal Error] :1:1: Premature end of file.
2026-06-06 18:07:12,684 [ERROR] LogOutputStream:75 - [STDERR_REDIRECT] 
2026-06-06 18:07:13,679 [ERROR] LogOutputStream:75 - [STDERR_REDIRECT] [Fatal Error] :1:1: Premature end of file.
2026-06-06 18:07:13,679 [ERROR] LogOutputStream:75 - [STDERR_REDIRECT] 
2026-06-06 18:07:14,694 [ERROR] LogOutputStream:75 - [STDERR_REDIRECT] [Fatal Error] :1:1: Premature end of file.
2026-06-06 18:07:14,694 [ERROR] LogOutputStream:75 - [STDERR_REDIRECT] 
2026-06-06 18:07:15,683 [ERROR] LogOutputStream:75 - [STDERR_REDIRECT] [Fatal Error] :1:1: Premature end of file.
2026-06-06 18:07:15,683 [ERROR] LogOutputStream:75 - [STDERR_REDIRECT] 
2026-06-06 18:07:16,680 [ERROR] LogOutputStream:75 - [STDERR_REDIRECT] [Fatal Error] :1:1: Premature end of file.
2026-06-06 18:07:16,680 [ERROR] LogOutputStream:75 - [STDERR_REDIRECT] 
2026-06-06 18:07:17,679 [ERROR] LogOutputStream:75 - [STDERR_REDIRECT] [Fatal Error] :1:1: Premature end of file.
2026-06-06 18:07:17,680 [ERROR] LogOutputStream:75 - [STDERR_REDIRECT] 
2026-06-06 18:07:18,678 [ERROR] LogOutputStream:75 - [STDERR_REDIRECT] [Fatal Error] :1:1: Premature end of file.
2026-06-06 18:07:18,678 [ERROR] LogOutputStream:75 - [STDERR_REDIRECT] 
2026-06-06 18:07:19,679 [ERROR] LogOutputStream:75 - [STDERR_REDIRECT] [Fatal Error] :1:1: Premature end of file.
2026-06-06 18:07:19,679 [ERROR] LogOutputStream:75 - [STDERR_REDIRECT] 
2026-06-06 18:07:20,679 [ERROR] LogOutputStream:75 - [STDERR_REDIRECT] [Fatal Error] :1:1: Premature end of file.
2026-06-06 18:07:20,679 [ERROR] LogOutputStream:75 - [STDERR_REDIRECT] 
2026-06-06 18:07:21,679 [ERROR] LogOutputStream:75 - [STDERR_REDIRECT] [Fatal Error] :1:1: Premature end of file.
2026-06-06 18:07:21,679 [ERROR] LogOutputStream:75 - [STDERR_REDIRECT] 
2026-06-06 18:07:22,680 [ERROR] LogOutputStream:75 - [STDERR_REDIRECT] [Fatal Error] :1:1: Premature end of file.
2026-06-06 18:07:22,680 [ERROR] LogOutputStream:75 - [STDERR_REDIRECT] 
2026-06-06 18:07:23,680 [ERROR] LogOutputStream:75 - [STDERR_REDIRECT] [Fatal Error] :1:1: Premature end of file.
2026-06-06 18:07:23,680 [ERROR] LogOutputStream:75 - [STDERR_REDIRECT] 
2026-06-06 18:07:24,679 [ERROR] LogOutputStream:75 - [STDERR_REDIRECT] [Fatal Error] :1:1: Premature end of file.
2026-06-06 18:07:24,679 [ERROR] LogOutputStream:75 - [STDERR_REDIRECT] 
2026-06-06 18:07:25,680 [ERROR] LogOutputStream:75 - [STDERR_REDIRECT] [Fatal Error] :1:1: Premature end of file.
2026-06-06 18:07:25,680 [ERROR] LogOutputStream:75 - [STDERR_REDIRECT] 
2026-06-06 18:07:26,678 [ERROR] LogOutputStream:75 - [STDERR_REDIRECT] [Fatal Error] :1:1: Premature end of file.
2026-06-06 18:07:26,679 [ERROR] LogOutputStream:75 - [STDERR_REDIRECT] 
2026-06-06 18:07:27,683 [ERROR] LogOutputStream:75 - [STDERR_REDIRECT] [Fatal Error] :1:1: Premature end of file.
2026-06-06 18:07:27,683 [ERROR] LogOutputStream:75 - [STDERR_REDIRECT] 
2026-06-06 18:07:28,691 [ERROR] LogOutputStream:75 - [STDERR_REDIRECT] [Fatal Error] :1:1: Premature end of file.
2026-06-06 18:07:28,691 [ERROR] LogOutputStream:75 - [STDERR_REDIRECT] 
2026-06-06 18:07:29,688 [ERROR] LogOutputStream:75 - [STDERR_REDIRECT] [Fatal Error] :1:1: Premature end of file.
2026-06-06 18:07:29,688 [ERROR] LogOutputStream:75 - [STDERR_REDIRECT] 
2026-06-06 18:07:30,685 [ERROR] LogOutputStream:75 - [STDERR_REDIRECT] [Fatal Error] :1:1: Premature end of file.
2026-06-06 18:07:30,685 [ERROR] LogOutputStream:75 - [STDERR_REDIRECT] 
2026-06-06 18:07:31,680 [ERROR] LogOutputStream:75 - [STDERR_REDIRECT] [Fatal Error] :1:1: Premature end of file.
2026-06-06 18:07:31,680 [ERROR] LogOutputStream:75 - [STDERR_REDIRECT] 
2026-06-06 18:07:32,681 [ERROR] LogOutputStream:75 - [STDERR_REDIRECT] [Fatal Error] :1:1: Premature end of file.
2026-06-06 18:07:32,681 [ERROR] LogOutputStream:75 - [STDERR_REDIRECT] 
2026-06-06 18:07:33,678 [ERROR] LogOutputStream:75 - [STDERR_REDIRECT] [Fatal Error] :1:1: Premature end of file.
2026-06-06 18:07:33,678 [ERROR] LogOutputStream:75 - [STDERR_REDIRECT] 
2026-06-06 18:07:34,683 [ERROR] LogOutputStream:75 - [STDERR_REDIRECT] [Fatal Error] :1:1: Premature end of file.
2026-06-06 18:07:34,683 [ERROR] LogOutputStream:75 - [STDERR_REDIRECT] 
2026-06-06 18:07:35,682 [ERROR] LogOutputStream:75 - [STDERR_REDIRECT] [Fatal Error] :1:1: Premature end of file.
2026-06-06 18:07:35,682 [ERROR] LogOutputStream:75 - [STDERR_REDIRECT] 
2026-06-06 18:07:36,686 [ERROR] LogOutputStream:75 - [STDERR_REDIRECT] [Fatal Error] :1:1: Premature end of file.
2026-06-06 18:07:36,686 [ERROR] LogOutputStream:75 - [STDERR_REDIRECT] 
2026-06-06 18:07:37,681 [ERROR] LogOutputStream:75 - [STDERR_REDIRECT] [Fatal Error] :1:1: Premature end of file.
2026-06-06 18:07:37,681 [ERROR] LogOutputStream:75 - [STDERR_REDIRECT] 
2026-06-06 18:07:38,680 [ERROR] LogOutputStream:75 - [STDERR_REDIRECT] [Fatal Error] :1:1: Premature end of file.
2026-06-06 18:07:38,680 [ERROR] LogOutputStream:75 - [STDERR_REDIRECT] 
2026-06-06 18:07:39,681 [ERROR] LogOutputStream:75 - [STDERR_REDIRECT] [Fatal Error] :1:1: Premature end of file.
2026-06-06 18:07:39,681 [ERROR] LogOutputStream:75 - [STDERR_REDIRECT] 
2026-06-06 18:07:40,686 [ERROR] LogOutputStream:75 - [STDERR_REDIRECT] [Fatal Error] :1:1: Premature end of file.
2026-06-06 18:07:40,686 [ERROR] LogOutputStream:75 - [STDERR_REDIRECT] 
2026-06-06 18:07:41,680 [ERROR] LogOutputStream:75 - [STDERR_REDIRECT] [Fatal Error] :1:1: Premature end of file.
2026-06-06 18:07:41,680 [ERROR] LogOutputStream:75 - [STDERR_REDIRECT] 
2026-06-06 18:07:42,680 [ERROR] LogOutputStream:75 - [STDERR_REDIRECT] [Fatal Error] :1:1: Premature end of file.
2026-06-06 18:07:42,680 [ERROR] LogOutputStream:75 - [STDERR_REDIRECT] 
2026-06-06 18:07:43,684 [ERROR] LogOutputStream:75 - [STDERR_REDIRECT] [Fatal Error] :1:1: Premature end of file.
2026-06-06 18:07:43,684 [ERROR] LogOutputStream:75 - [STDERR_REDIRECT] 
2026-06-06 18:07:44,681 [ERROR] LogOutputStream:75 - [STDERR_REDIRECT] [Fatal Error] :1:1: Premature end of file.
2026-06-06 18:07:44,681 [ERROR] LogOutputStream:75 - [STDERR_REDIRECT] 
2026-06-06 18:07:45,682 [ERROR] LogOutputStream:75 - [STDERR_REDIRECT] [Fatal Error] :1:1: Premature end of file.
2026-06-06 18:07:45,682 [ERROR] LogOutputStream:75 - [STDERR_REDIRECT] 
2026-06-06 18:07:46,683 [ERROR] LogOutputStream:75 - [STDERR_REDIRECT] [Fatal Error] :1:1: Premature end of file.
2026-06-06 18:07:46,683 [ERROR] LogOutputStream:75 - [STDERR_REDIRECT] 
2026-06-06 18:07:47,690 [ERROR] LogOutputStream:75 - [STDERR_REDIRECT] [Fatal Error] :1:1: Premature end of file.
2026-06-06 18:07:47,690 [ERROR] LogOutputStream:75 - [STDERR_REDIRECT] 
2026-06-06 18:07:48,681 [ERROR] LogOutputStream:75 - [STDERR_REDIRECT] [Fatal Error] :1:1: Premature end of file.
2026-06-06 18:07:48,682 [ERROR] LogOutputStream:75 - [STDERR_REDIRECT] 
2026-06-06 18:07:49,684 [ERROR] LogOutputStream:75 - [STDERR_REDIRECT] [Fatal Error] :1:1: Premature end of file.
2026-06-06 18:07:49,684 [ERROR] LogOutputStream:75 - [STDERR_REDIRECT] 
2026-06-06 18:07:50,687 [ERROR] LogOutputStream:75 - [STDERR_REDIRECT] [Fatal Error] :1:1: Premature end of file.
2026-06-06 18:07:50,687 [ERROR] LogOutputStream:75 - [STDERR_REDIRECT] 
2026-06-06 18:07:51,683 [ERROR] LogOutputStream:75 - [STDERR_REDIRECT] [Fatal Error] :1:1: Premature end of file.
2026-06-06 18:07:51,683 [ERROR] LogOutputStream:75 - [STDERR_REDIRECT] 
2026-06-06 18:07:52,689 [ERROR] LogOutputStream:75 - [STDERR_REDIRECT] [Fatal Error] :1:1: Premature end of file.
2026-06-06 18:07:52,689 [ERROR] LogOutputStream:75 - [STDERR_REDIRECT] 
2026-06-06 18:07:53,683 [ERROR] LogOutputStream:75 - [STDERR_REDIRECT] [Fatal Error] :1:1: Premature end of file.
2026-06-06 18:07:53,683 [ERROR] LogOutputStream:75 - [STDERR_REDIRECT] 
2026-06-06 18:07:54,684 [ERROR] LogOutputStream:75 - [STDERR_REDIRECT] [Fatal Error] :1:1: Premature end of file.
2026-06-06 18:07:54,685 [ERROR] LogOutputStream:75 - [STDERR_REDIRECT] 
2026-06-06 18:07:55,686 [ERROR] LogOutputStream:75 - [STDERR_REDIRECT] [Fatal Error] :1:1: Premature end of file.
2026-06-06 18:07:55,687 [ERROR] LogOutputStream:75 - [STDERR_REDIRECT] 
2026-06-06 18:07:56,684 [ERROR] LogOutputStream:75 - [STDERR_REDIRECT] [Fatal Error] :1:1: Premature end of file.
2026-06-06 18:07:56,684 [ERROR] LogOutputStream:75 - [STDERR_REDIRECT] 
2026-06-06 18:07:57,687 [ERROR] LogOutputStream:75 - [STDERR_REDIRECT] [Fatal Error] :1:1: Premature end of file.
2026-06-06 18:07:57,687 [ERROR] LogOutputStream:75 - [STDERR_REDIRECT] 
2026-06-06 18:07:58,688 [ERROR] LogOutputStream:75 - [STDERR_REDIRECT] [Fatal Error] :1:1: Premature end of file.
2026-06-06 18:07:58,688 [ERROR] LogOutputStream:75 - [STDERR_REDIRECT] 
2026-06-06 18:07:59,685 [ERROR] LogOutputStream:75 - [STDERR_REDIRECT] [Fatal Error] :1:1: Premature end of file.
2026-06-06 18:07:59,685 [ERROR] LogOutputStream:75 - [STDERR_REDIRECT] 
2026-06-06 18:08:00,684 [ERROR] LogOutputStream:75 - [STDERR_REDIRECT] [Fatal Error] :1:1: Premature end of file.
2026-06-06 18:08:00,684 [ERROR] LogOutputStream:75 - [STDERR_REDIRECT] 
2026-06-06 18:08:01,687 [ERROR] LogOutputStream:75 - [STDERR_REDIRECT] [Fatal Error] :1:1: Premature end of file.
2026-06-06 18:08:01,687 [ERROR] LogOutputStream:75 - [STDERR_REDIRECT] 
2026-06-06 18:08:02,690 [ERROR] LogOutputStream:75 - [STDERR_REDIRECT] [Fatal Error] :1:1: Premature end of file.
2026-06-06 18:08:02,690 [ERROR] LogOutputStream:75 - [STDERR_REDIRECT] 
2026-06-06 18:08:03,682 [ERROR] LogOutputStream:75 - [STDERR_REDIRECT] [Fatal Error] :1:1: Premature end of file.
2026-06-06 18:08:03,682 [ERROR] LogOutputStream:75 - [STDERR_REDIRECT] 
2026-06-06 18:08:04,682 [ERROR] LogOutputStream:75 - [STDERR_REDIRECT] [Fatal Error] :1:1: Premature end of file.
2026-06-06 18:08:04,682 [ERROR] LogOutputStream:75 - [STDERR_REDIRECT] 
2026-06-06 18:08:05,684 [ERROR] LogOutputStream:75 - [STDERR_REDIRECT] [Fatal Error] :1:1: Premature end of file.
2026-06-06 18:08:05,684 [ERROR] LogOutputStream:75 - [STDERR_REDIRECT] 
2026-06-06 18:08:06,683 [ERROR] LogOutputStream:75 - [STDERR_REDIRECT] [Fatal Error] :1:1: Premature end of file.
2026-06-06 18:08:06,683 [ERROR] LogOutputStream:75 - [STDERR_REDIRECT] 
2026-06-06 18:08:07,684 [ERROR] LogOutputStream:75 - [STDERR_REDIRECT] [Fatal Error] :1:1: Premature end of file.
2026-06-06 18:08:07,684 [ERROR] LogOutputStream:75 - [STDERR_REDIRECT] 
2026-06-06 18:08:08,690 [ERROR] LogOutputStream:75 - [STDERR_REDIRECT] [Fatal Error] :1:1: Premature end of file.
2026-06-06 18:08:08,690 [ERROR] LogOutputStream:75 - [STDERR_REDIRECT] 
2026-06-06 18:08:09,685 [ERROR] LogOutputStream:75 - [STDERR_REDIRECT] [Fatal Error] :1:1: Premature end of file.
2026-06-06 18:08:09,685 [ERROR] LogOutputStream:75 - [STDERR_REDIRECT] 
2026-06-06 18:08:10,682 [ERROR] LogOutputStream:75 - [STDERR_REDIRECT] [Fatal Error] :1:1: Premature end of file.
2026-06-06 18:08:10,682 [ERROR] LogOutputStream:75 - [STDERR_REDIRECT] 
2026-06-06 18:08:11,681 [ERROR] LogOutputStream:75 - [STDERR_REDIRECT] [Fatal Error] :1:1: Premature end of file.
2026-06-06 18:08:11,681 [ERROR] LogOutputStream:75 - [STDERR_REDIRECT] 
2026-06-06 18:08:12,688 [ERROR] LogOutputStream:75 - [STDERR_REDIRECT] [Fatal Error] :1:1: Premature end of file.
2026-06-06 18:08:12,688 [ERROR] LogOutputStream:75 - [STDERR_REDIRECT] 
2026-06-06 18:08:13,686 [ERROR] LogOutputStream:75 - [STDERR_REDIRECT] [Fatal Error] :1:1: Premature end of file.
2026-06-06 18:08:13,686 [ERROR] LogOutputStream:75 - [STDERR_REDIRECT] 
2026-06-06 18:08:14,682 [ERROR] LogOutputStream:75 - [STDERR_REDIRECT] [Fatal Error] :1:1: Premature end of file.
2026-06-06 18:08:14,682 [ERROR] LogOutputStream:75 - [STDERR_REDIRECT] 
2026-06-06 18:08:15,682 [ERROR] LogOutputStream:75 - [STDERR_REDIRECT] [Fatal Error] :1:1: Premature end of file.
2026-06-06 18:08:15,682 [ERROR] LogOutputStream:75 - [STDERR_REDIRECT] 
2026-06-06 18:08:16,682 [ERROR] LogOutputStream:75 - [STDERR_REDIRECT] [Fatal Error] :1:1: Premature end of file.
2026-06-06 18:08:16,682 [ERROR] LogOutputStream:75 - [STDERR_REDIRECT] 
2026-06-06 18:08:17,686 [ERROR] LogOutputStream:75 - [STDERR_REDIRECT] [Fatal Error] :1:1: Premature end of file.
2026-06-06 18:08:17,686 [ERROR] LogOutputStream:75 - [STDERR_REDIRECT] 
2026-06-06 18:08:18,686 [ERROR] LogOutputStream:75 - [STDERR_REDIRECT] [Fatal Error] :1:1: Premature end of file.
2026-06-06 18:08:18,686 [ERROR] LogOutputStream:75 - [STDERR_REDIRECT] 
2026-06-06 18:08:19,685 [ERROR] LogOutputStream:75 - [STDERR_REDIRECT] [Fatal Error] :1:1: Premature end of file.
2026-06-06 18:08:19,686 [ERROR] LogOutputStream:75 - [STDERR_REDIRECT] 
2026-06-06 18:08:20,700 [ERROR] LogOutputStream:75 - [STDERR_REDIRECT] [Fatal Error] :1:1: Premature end of file.
2026-06-06 18:08:20,700 [ERROR] LogOutputStream:75 - [STDERR_REDIRECT] 
2026-06-06 18:08:21,681 [ERROR] LogOutputStream:75 - [STDERR_REDIRECT] [Fatal Error] :1:1: Premature end of file.
2026-06-06 18:08:21,681 [ERROR] LogOutputStream:75 - [STDERR_REDIRECT] 
2026-06-06 18:08:22,685 [ERROR] LogOutputStream:75 - [STDERR_REDIRECT] [Fatal Error] :1:1: Premature end of file.
2026-06-06 18:08:22,685 [ERROR] LogOutputStream:75 - [STDERR_REDIRECT] 
2026-06-06 18:08:23,685 [ERROR] LogOutputStream:75 - [STDERR_REDIRECT] [Fatal Error] :1:1: Premature end of file.
2026-06-06 18:08:23,685 [ERROR] LogOutputStream:75 - [STDERR_REDIRECT] 
2026-06-06 18:08:24,688 [ERROR] LogOutputStream:75 - [STDERR_REDIRECT] [Fatal Error] :1:1: Premature end of file.
2026-06-06 18:08:24,688 [ERROR] LogOutputStream:75 - [STDERR_REDIRECT] 
2026-06-06 18:08:25,684 [ERROR] LogOutputStream:75 - [STDERR_REDIRECT] [Fatal Error] :1:1: Premature end of file.
2026-06-06 18:08:25,685 [ERROR] LogOutputStream:75 - [STDERR_REDIRECT] 
2026-06-06 18:08:26,681 [ERROR] LogOutputStream:75 - [STDERR_REDIRECT] [Fatal Error] :1:1: Premature end of file.
2026-06-06 18:08:26,681 [ERROR] LogOutputStream:75 - [STDERR_REDIRECT] 
2026-06-06 18:08:27,689 [ERROR] LogOutputStream:75 - [STDERR_REDIRECT] [Fatal Error] :1:1: Premature end of file.
2026-06-06 18:08:27,689 [ERROR] LogOutputStream:75 - [STDERR_REDIRECT] 
2026-06-06 18:08:28,683 [ERROR] LogOutputStream:75 - [STDERR_REDIRECT] [Fatal Error] :1:1: Premature end of file.
2026-06-06 18:08:28,683 [ERROR] LogOutputStream:75 - [STDERR_REDIRECT] 
2026-06-06 18:08:29,689 [ERROR] LogOutputStream:75 - [STDERR_REDIRECT] [Fatal Error] :1:1: Premature end of file.
2026-06-06 18:08:29,689 [ERROR] LogOutputStream:75 - [STDERR_REDIRECT] 
2026-06-06 18:08:30,684 [ERROR] LogOutputStream:75 - [STDERR_REDIRECT] [Fatal Error] :1:1: Premature end of file.
2026-06-06 18:08:30,684 [ERROR] LogOutputStream:75 - [STDERR_REDIRECT] 
2026-06-06 18:08:31,686 [ERROR] LogOutputStream:75 - [STDERR_REDIRECT] [Fatal Error] :1:1: Premature end of file.
2026-06-06 18:08:31,686 [ERROR] LogOutputStream:75 - [STDERR_REDIRECT] 
2026-06-06 18:08:32,688 [ERROR] LogOutputStream:75 - [STDERR_REDIRECT] [Fatal Error] :1:1: Premature end of file.
2026-06-06 18:08:32,688 [ERROR] LogOutputStream:75 - [STDERR_REDIRECT] 
2026-06-06 18:08:33,679 [ERROR] LogOutputStream:75 - [STDERR_REDIRECT] [Fatal Error] :1:1: Premature end of file.
2026-06-06 18:08:33,679 [ERROR] LogOutputStream:75 - [STDERR_REDIRECT] 
2026-06-06 18:08:34,682 [ERROR] LogOutputStream:75 - [STDERR_REDIRECT] [Fatal Error] :1:1: Premature end of file.
2026-06-06 18:08:34,682 [ERROR] LogOutputStream:75 - [STDERR_REDIRECT] 
2026-06-06 18:08:35,681 [ERROR] LogOutputStream:75 - [STDERR_REDIRECT] [Fatal Error] :1:1: Premature end of file.
2026-06-06 18:08:35,681 [ERROR] LogOutputStream:75 - [STDERR_REDIRECT] 
2026-06-06 18:08:36,686 [ERROR] LogOutputStream:75 - [STDERR_REDIRECT] [Fatal Error] :1:1: Premature end of file.
2026-06-06 18:08:36,686 [ERROR] LogOutputStream:75 - [STDERR_REDIRECT] 
2026-06-06 18:08:37,686 [ERROR] LogOutputStream:75 - [STDERR_REDIRECT] [Fatal Error] :1:1: Premature end of file.
2026-06-06 18:08:37,686 [ERROR] LogOutputStream:75 - [STDERR_REDIRECT] 
2026-06-06 18:08:38,684 [ERROR] LogOutputStream:75 - [STDERR_REDIRECT] [Fatal Error] :1:1: Premature end of file.
2026-06-06 18:08:38,685 [ERROR] LogOutputStream:75 - [STDERR_REDIRECT] 
2026-06-06 18:08:39,682 [ERROR] LogOutputStream:75 - [STDERR_REDIRECT] [Fatal Error] :1:1: Premature end of file.
2026-06-06 18:08:39,682 [ERROR] LogOutputStream:75 - [STDERR_REDIRECT] 
2026-06-06 18:08:40,682 [ERROR] LogOutputStream:75 - [STDERR_REDIRECT] [Fatal Error] :1:1: Premature end of file.
2026-06-06 18:08:40,682 [ERROR] LogOutputStream:75 - [STDERR_REDIRECT] 
2026-06-06 18:08:41,682 [ERROR] LogOutputStream:75 - [STDERR_REDIRECT] [Fatal Error] :1:1: Premature end of file.
2026-06-06 18:08:41,682 [ERROR] LogOutputStream:75 - [STDERR_REDIRECT] 
2026-06-06 18:08:42,685 [ERROR] LogOutputStream:75 - [STDERR_REDIRECT] [Fatal Error] :1:1: Premature end of file.
2026-06-06 18:08:42,685 [ERROR] LogOutputStream:75 - [STDERR_REDIRECT] 
2026-06-06 18:08:43,685 [ERROR] LogOutputStream:75 - [STDERR_REDIRECT] [Fatal Error] :1:1: Premature end of file.
2026-06-06 18:08:43,686 [ERROR] LogOutputStream:75 - [STDERR_REDIRECT] 
2026-06-06 18:08:44,686 [ERROR] LogOutputStream:75 - [STDERR_REDIRECT] [Fatal Error] :1:1: Premature end of file.
2026-06-06 18:08:44,686 [ERROR] LogOutputStream:75 - [STDERR_REDIRECT] 
2026-06-06 18:08:45,681 [ERROR] LogOutputStream:75 - [STDERR_REDIRECT] [Fatal Error] :1:1: Premature end of file.
2026-06-06 18:08:45,682 [ERROR] LogOutputStream:75 - [STDERR_REDIRECT] 
2026-06-06 18:08:46,680 [ERROR] LogOutputStream:75 - [STDERR_REDIRECT] [Fatal Error] :1:1: Premature end of file.
2026-06-06 18:08:46,681 [ERROR] LogOutputStream:75 - [STDERR_REDIRECT] 
2026-06-06 18:08:47,682 [ERROR] LogOutputStream:75 - [STDERR_REDIRECT] [Fatal Error] :1:1: Premature end of file.
2026-06-06 18:08:47,682 [ERROR] LogOutputStream:75 - [STDERR_REDIRECT] 
2026-06-06 18:08:48,686 [ERROR] LogOutputStream:75 - [STDERR_REDIRECT] [Fatal Error] :1:1: Premature end of file.
2026-06-06 18:08:48,686 [ERROR] LogOutputStream:75 - [STDERR_REDIRECT] 
2026-06-06 18:08:49,684 [ERROR] LogOutputStream:75 - [STDERR_REDIRECT] [Fatal Error] :1:1: Premature end of file.
2026-06-06 18:08:49,685 [ERROR] LogOutputStream:75 - [STDERR_REDIRECT] 
2026-06-06 18:08:50,680 [ERROR] LogOutputStream:75 - [STDERR_REDIRECT] [Fatal Error] :1:1: Premature end of file.
2026-06-06 18:08:50,680 [ERROR] LogOutputStream:75 - [STDERR_REDIRECT] 
2026-06-06 18:08:51,679 [ERROR] LogOutputStream:75 - [STDERR_REDIRECT] [Fatal Error] :1:1: Premature end of file.
2026-06-06 18:08:51,679 [ERROR] LogOutputStream:75 - [STDERR_REDIRECT] 
2026-06-06 18:08:52,679 [ERROR] LogOutputStream:75 - [STDERR_REDIRECT] [Fatal Error] :1:1: Premature end of file.
2026-06-06 18:08:52,679 [ERROR] LogOutputStream:75 - [STDERR_REDIRECT] 
2026-06-06 18:08:53,687 [ERROR] LogOutputStream:75 - [STDERR_REDIRECT] [Fatal Error] :1:1: Premature end of file.
2026-06-06 18:08:53,687 [ERROR] LogOutputStream:75 - [STDERR_REDIRECT] 
2026-06-06 18:08:54,680 [ERROR] LogOutputStream:75 - [STDERR_REDIRECT] [Fatal Error] :1:1: Premature end of file.
2026-06-06 18:08:54,680 [ERROR] LogOutputStream:75 - [STDERR_REDIRECT] 
2026-06-06 18:08:55,681 [ERROR] LogOutputStream:75 - [STDERR_REDIRECT] [Fatal Error] :1:1: Premature end of file.
2026-06-06 18:08:55,681 [ERROR] LogOutputStream:75 - [STDERR_REDIRECT] 
2026-06-06 18:08:56,685 [ERROR] LogOutputStream:75 - [STDERR_REDIRECT] [Fatal Error] :1:1: Premature end of file.
2026-06-06 18:08:56,685 [ERROR] LogOutputStream:75 - [STDERR_REDIRECT] 
2026-06-06 18:08:57,680 [ERROR] LogOutputStream:75 - [STDERR_REDIRECT] [Fatal Error] :1:1: Premature end of file.
2026-06-06 18:08:57,680 [ERROR] LogOutputStream:75 - [STDERR_REDIRECT] 
2026-06-06 18:08:58,681 [ERROR] LogOutputStream:75 - [STDERR_REDIRECT] [Fatal Error] :1:1: Premature end of file.
2026-06-06 18:08:58,681 [ERROR] LogOutputStream:75 - [STDERR_REDIRECT] 
2026-06-06 18:08:59,680 [ERROR] LogOutputStream:75 - [STDERR_REDIRECT] [Fatal Error] :1:1: Premature end of file.
2026-06-06 18:08:59,680 [ERROR] LogOutputStream:75 - [STDERR_REDIRECT] 
2026-06-06 18:09:00,694 [ERROR] LogOutputStream:75 - [STDERR_REDIRECT] [Fatal Error] :1:1: Premature end of file.
2026-06-06 18:09:00,694 [ERROR] LogOutputStream:75 - [STDERR_REDIRECT] 
2026-06-06 18:09:01,684 [ERROR] LogOutputStream:75 - [STDERR_REDIRECT] [Fatal Error] :1:1: Premature end of file.
2026-06-06 18:09:01,684 [ERROR] LogOutputStream:75 - [STDERR_REDIRECT] 
2026-06-06 18:09:02,681 [ERROR] LogOutputStream:75 - [STDERR_REDIRECT] [Fatal Error] :1:1: Premature end of file.
2026-06-06 18:09:02,681 [ERROR] LogOutputStream:75 - [STDERR_REDIRECT] 
2026-06-06 18:09:03,688 [ERROR] LogOutputStream:75 - [STDERR_REDIRECT] [Fatal Error] :1:1: Premature end of file.
2026-06-06 18:09:03,688 [ERROR] LogOutputStream:75 - [STDERR_REDIRECT] 
2026-06-06 18:09:04,683 [ERROR] LogOutputStream:75 - [STDERR_REDIRECT] [Fatal Error] :1:1: Premature end of file.
2026-06-06 18:09:04,683 [ERROR] LogOutputStream:75 - [STDERR_REDIRECT] 
2026-06-06 18:09:05,694 [ERROR] LogOutputStream:75 - [STDERR_REDIRECT] [Fatal Error] :1:1: Premature end of file.
2026-06-06 18:09:05,694 [ERROR] LogOutputStream:75 - [STDERR_REDIRECT] 
2026-06-06 18:09:06,679 [ERROR] LogOutputStream:75 - [STDERR_REDIRECT] [Fatal Error] :1:1: Premature end of file.
2026-06-06 18:09:06,679 [ERROR] LogOutputStream:75 - [STDERR_REDIRECT] 
2026-06-06 18:09:07,680 [ERROR] LogOutputStream:75 - [STDERR_REDIRECT] [Fatal Error] :1:1: Premature end of file.
2026-06-06 18:09:07,680 [ERROR] LogOutputStream:75 - [STDERR_REDIRECT] 
2026-06-06 18:09:08,683 [ERROR] LogOutputStream:75 - [STDERR_REDIRECT] [Fatal Error] :1:1: Premature end of file.
2026-06-06 18:09:08,683 [ERROR] LogOutputStream:75 - [STDERR_REDIRECT] 
2026-06-06 18:09:09,680 [ERROR] LogOutputStream:75 - [STDERR_REDIRECT] [Fatal Error] :1:1: Premature end of file.
2026-06-06 18:09:09,680 [ERROR] LogOutputStream:75 - [STDERR_REDIRECT] 
2026-06-06 18:09:10,691 [ERROR] LogOutputStream:75 - [STDERR_REDIRECT] [Fatal Error] :1:1: Premature end of file.
2026-06-06 18:09:10,691 [ERROR] LogOutputStream:75 - [STDERR_REDIRECT] 
2026-06-06 18:09:11,682 [ERROR] LogOutputStream:75 - [STDERR_REDIRECT] [Fatal Error] :1:1: Premature end of file.
2026-06-06 18:09:11,682 [ERROR] LogOutputStream:75 - [STDERR_REDIRECT] 
2026-06-06 18:09:12,681 [ERROR] LogOutputStream:75 - [STDERR_REDIRECT] [Fatal Error] :1:1: Premature end of file.
2026-06-06 18:09:12,681 [ERROR] LogOutputStream:75 - [STDERR_REDIRECT] 
2026-06-06 18:09:13,684 [ERROR] LogOutputStream:75 - [STDERR_REDIRECT] [Fatal Error] :1:1: Premature end of file.
2026-06-06 18:09:13,684 [ERROR] LogOutputStream:75 - [STDERR_REDIRECT] 
2026-06-06 18:09:14,680 [ERROR] LogOutputStream:75 - [STDERR_REDIRECT] [Fatal Error] :1:1: Premature end of file.
2026-06-06 18:09:14,680 [ERROR] LogOutputStream:75 - [STDERR_REDIRECT] 
2026-06-06 18:09:15,681 [ERROR] LogOutputStream:75 - [STDERR_REDIRECT] [Fatal Error] :1:1: Premature end of file.
2026-06-06 18:09:15,681 [ERROR] LogOutputStream:75 - [STDERR_REDIRECT] 
2026-06-06 18:09:16,681 [ERROR] LogOutputStream:75 - [STDERR_REDIRECT] [Fatal Error] :1:1: Premature end of file.
2026-06-06 18:09:16,681 [ERROR] LogOutputStream:75 - [STDERR_REDIRECT] 
2026-06-06 18:09:17,681 [ERROR] LogOutputStream:75 - [STDERR_REDIRECT] [Fatal Error] :1:1: Premature end of file.
2026-06-06 18:09:17,681 [ERROR] LogOutputStream:75 - [STDERR_REDIRECT] 
2026-06-06 18:09:18,678 [ERROR] LogOutputStream:75 - [STDERR_REDIRECT] [Fatal Error] :1:1: Premature end of file.
2026-06-06 18:09:18,679 [ERROR] LogOutputStream:75 - [STDERR_REDIRECT] 
2026-06-06 18:09:19,681 [ERROR] LogOutputStream:75 - [STDERR_REDIRECT] [Fatal Error] :1:1: Premature end of file.
2026-06-06 18:09:19,681 [ERROR] LogOutputStream:75 - [STDERR_REDIRECT] 
2026-06-06 18:09:20,684 [ERROR] LogOutputStream:75 - [STDERR_REDIRECT] [Fatal Error] :1:1: Premature end of file.
2026-06-06 18:09:20,684 [ERROR] LogOutputStream:75 - [STDERR_REDIRECT] 
2026-06-06 18:09:21,681 [ERROR] LogOutputStream:75 - [STDERR_REDIRECT] [Fatal Error] :1:1: Premature end of file.
2026-06-06 18:09:21,681 [ERROR] LogOutputStream:75 - [STDERR_REDIRECT] 
2026-06-06 18:09:22,679 [ERROR] LogOutputStream:75 - [STDERR_REDIRECT] [Fatal Error] :1:1: Premature end of file.
2026-06-06 18:09:22,679 [ERROR] LogOutputStream:75 - [STDERR_REDIRECT] 
2026-06-06 18:09:23,679 [ERROR] LogOutputStream:75 - [STDERR_REDIRECT] [Fatal Error] :1:1: Premature end of file.
2026-06-06 18:09:23,679 [ERROR] LogOutputStream:75 - [STDERR_REDIRECT] 
2026-06-06 18:09:24,680 [ERROR] LogOutputStream:75 - [STDERR_REDIRECT] [Fatal Error] :1:1: Premature end of file.
2026-06-06 18:09:24,680 [ERROR] LogOutputStream:75 - [STDERR_REDIRECT] 
2026-06-06 18:09:25,681 [ERROR] LogOutputStream:75 - [STDERR_REDIRECT] [Fatal Error] :1:1: Premature end of file.
2026-06-06 18:09:25,681 [ERROR] LogOutputStream:75 - [STDERR_REDIRECT] 
2026-06-06 18:09:26,683 [ERROR] LogOutputStream:75 - [STDERR_REDIRECT] [Fatal Error] :1:1: Premature end of file.
2026-06-06 18:09:26,683 [ERROR] LogOutputStream:75 - [STDERR_REDIRECT] 
2026-06-06 18:09:27,682 [ERROR] LogOutputStream:75 - [STDERR_REDIRECT] [Fatal Error] :1:1: Premature end of file.
2026-06-06 18:09:27,682 [ERROR] LogOutputStream:75 - [STDERR_REDIRECT] 
2026-06-06 18:09:28,680 [ERROR] LogOutputStream:75 - [STDERR_REDIRECT] [Fatal Error] :1:1: Premature end of file.
2026-06-06 18:09:28,680 [ERROR] LogOutputStream:75 - [STDERR_REDIRECT] 
2026-06-06 18:09:29,682 [ERROR] LogOutputStream:75 - [STDERR_REDIRECT] [Fatal Error] :1:1: Premature end of file.
2026-06-06 18:09:29,682 [ERROR] LogOutputStream:75 - [STDERR_REDIRECT] 
2026-06-06 18:09:30,682 [ERROR] LogOutputStream:75 - [STDERR_REDIRECT] [Fatal Error] :1:1: Premature end of file.
2026-06-06 18:09:30,682 [ERROR] LogOutputStream:75 - [STDERR_REDIRECT] 
2026-06-06 18:09:31,681 [ERROR] LogOutputStream:75 - [STDERR_REDIRECT] [Fatal Error] :1:1: Premature end of file.
2026-06-06 18:09:31,681 [ERROR] LogOutputStream:75 - [STDERR_REDIRECT] 
2026-06-06 18:09:32,683 [ERROR] LogOutputStream:75 - [STDERR_REDIRECT] [Fatal Error] :1:1: Premature end of file.
2026-06-06 18:09:32,683 [ERROR] LogOutputStream:75 - [STDERR_REDIRECT] 
2026-06-06 18:09:33,679 [ERROR] LogOutputStream:75 - [STDERR_REDIRECT] [Fatal Error] :1:1: Premature end of file.
2026-06-06 18:09:33,679 [ERROR] LogOutputStream:75 - [STDERR_REDIRECT] 
2026-06-06 18:09:34,681 [ERROR] LogOutputStream:75 - [STDERR_REDIRECT] [Fatal Error] :1:1: Premature end of file.
2026-06-06 18:09:34,681 [ERROR] LogOutputStream:75 - [STDERR_REDIRECT] 
2026-06-06 18:09:35,680 [ERROR] LogOutputStream:75 - [STDERR_REDIRECT] [Fatal Error] :1:1: Premature end of file.
2026-06-06 18:09:35,680 [ERROR] LogOutputStream:75 - [STDERR_REDIRECT] 
2026-06-06 18:09:36,681 [ERROR] LogOutputStream:75 - [STDERR_REDIRECT] [Fatal Error] :1:1: Premature end of file.
2026-06-06 18:09:36,681 [ERROR] LogOutputStream:75 - [STDERR_REDIRECT] 
2026-06-06 18:09:37,681 [ERROR] LogOutputStream:75 - [STDERR_REDIRECT] [Fatal Error] :1:1: Premature end of file.
2026-06-06 18:09:37,681 [ERROR] LogOutputStream:75 - [STDERR_REDIRECT] 
2026-06-06 18:09:38,679 [ERROR] LogOutputStream:75 - [STDERR_REDIRECT] [Fatal Error] :1:1: Premature end of file.
2026-06-06 18:09:38,679 [ERROR] LogOutputStream:75 - [STDERR_REDIRECT] 
2026-06-06 18:09:39,679 [ERROR] LogOutputStream:75 - [STDERR_REDIRECT] [Fatal Error] :1:1: Premature end of file.
2026-06-06 18:09:39,679 [ERROR] LogOutputStream:75 - [STDERR_REDIRECT] 
2026-06-06 18:09:40,680 [ERROR] LogOutputStream:75 - [STDERR_REDIRECT] [Fatal Error] :1:1: Premature end of file.
2026-06-06 18:09:40,680 [ERROR] LogOutputStream:75 - [STDERR_REDIRECT] 
2026-06-06 18:09:41,680 [ERROR] LogOutputStream:75 - [STDERR_REDIRECT] [Fatal Error] :1:1: Premature end of file.
2026-06-06 18:09:41,680 [ERROR] LogOutputStream:75 - [STDERR_REDIRECT] 
2026-06-06 18:09:42,683 [ERROR] LogOutputStream:75 - [STDERR_REDIRECT] [Fatal Error] :1:1: Premature end of file.
2026-06-06 18:09:42,683 [ERROR] LogOutputStream:75 - [STDERR_REDIRECT] 
2026-06-06 18:09:43,681 [ERROR] LogOutputStream:75 - [STDERR_REDIRECT] [Fatal Error] :1:1: Premature end of file.
2026-06-06 18:09:43,681 [ERROR] LogOutputStream:75 - [STDERR_REDIRECT] 
2026-06-06 18:09:44,681 [ERROR] LogOutputStream:75 - [STDERR_REDIRECT] [Fatal Error] :1:1: Premature end of file.
2026-06-06 18:09:44,681 [ERROR] LogOutputStream:75 - [STDERR_REDIRECT] 
2026-06-06 18:09:45,684 [ERROR] LogOutputStream:75 - [STDERR_REDIRECT] [Fatal Error] :1:1: Premature end of file.
2026-06-06 18:09:45,684 [ERROR] LogOutputStream:75 - [STDERR_REDIRECT] 
2026-06-06 18:09:46,683 [ERROR] LogOutputStream:75 - [STDERR_REDIRECT] [Fatal Error] :1:1: Premature end of file.
2026-06-06 18:09:46,683 [ERROR] LogOutputStream:75 - [STDERR_REDIRECT] 
2026-06-06 18:09:47,679 [ERROR] LogOutputStream:75 - [STDERR_REDIRECT] [Fatal Error] :1:1: Premature end of file.
2026-06-06 18:09:47,680 [ERROR] LogOutputStream:75 - [STDERR_REDIRECT] 
2026-06-06 18:09:48,688 [ERROR] LogOutputStream:75 - [STDERR_REDIRECT] [Fatal Error] :1:1: Premature end of file.
2026-06-06 18:09:48,688 [ERROR] LogOutputStream:75 - [STDERR_REDIRECT] 
2026-06-06 18:09:49,681 [ERROR] LogOutputStream:75 - [STDERR_REDIRECT] [Fatal Error] :1:1: Premature end of file.
2026-06-06 18:09:49,681 [ERROR] LogOutputStream:75 - [STDERR_REDIRECT] 
2026-06-06 18:09:50,678 [ERROR] LogOutputStream:75 - [STDERR_REDIRECT] [Fatal Error] :1:1: Premature end of file.
2026-06-06 18:09:50,678 [ERROR] LogOutputStream:75 - [STDERR_REDIRECT] 
2026-06-06 18:09:51,679 [ERROR] LogOutputStream:75 - [STDERR_REDIRECT] [Fatal Error] :1:1: Premature end of file.
2026-06-06 18:09:51,680 [ERROR] LogOutputStream:75 - [STDERR_REDIRECT] 
2026-06-06 18:09:52,680 [ERROR] LogOutputStream:75 - [STDERR_REDIRECT] [Fatal Error] :1:1: Premature end of file.
2026-06-06 18:09:52,680 [ERROR] LogOutputStream:75 - [STDERR_REDIRECT] 
2026-06-06 18:09:53,679 [ERROR] LogOutputStream:75 - [STDERR_REDIRECT] [Fatal Error] :1:1: Premature end of file.
2026-06-06 18:09:53,679 [ERROR] LogOutputStream:75 - [STDERR_REDIRECT] 
2026-06-06 18:09:54,688 [ERROR] LogOutputStream:75 - [STDERR_REDIRECT] [Fatal Error] :1:1: Premature end of file.
2026-06-06 18:09:54,688 [ERROR] LogOutputStream:75 - [STDERR_REDIRECT] 
2026-06-06 18:09:55,681 [ERROR] LogOutputStream:75 - [STDERR_REDIRECT] [Fatal Error] :1:1: Premature end of file.
2026-06-06 18:09:55,681 [ERROR] LogOutputStream:75 - [STDERR_REDIRECT] 
2026-06-06 18:09:56,682 [ERROR] LogOutputStream:75 - [STDERR_REDIRECT] [Fatal Error] :1:1: Premature end of file.
2026-06-06 18:09:56,682 [ERROR] LogOutputStream:75 - [STDERR_REDIRECT] 
2026-06-06 18:09:57,680 [ERROR] LogOutputStream:75 - [STDERR_REDIRECT] [Fatal Error] :1:1: Premature end of file.
2026-06-06 18:09:57,680 [ERROR] LogOutputStream:75 - [STDERR_REDIRECT] 
2026-06-06 18:09:58,680 [ERROR] LogOutputStream:75 - [STDERR_REDIRECT] [Fatal Error] :1:1: Premature end of file.
2026-06-06 18:09:58,681 [ERROR] LogOutputStream:75 - [STDERR_REDIRECT] 
2026-06-06 18:09:59,683 [ERROR] LogOutputStream:75 - [STDERR_REDIRECT] [Fatal Error] :1:1: Premature end of file.
2026-06-06 18:09:59,683 [ERROR] LogOutputStream:75 - [STDERR_REDIRECT] 
2026-06-06 18:10:00,688 [ERROR] LogOutputStream:75 - [STDERR_REDIRECT] [Fatal Error] :1:1: Premature end of file.
2026-06-06 18:10:00,688 [ERROR] LogOutputStream:75 - [STDERR_REDIRECT] 
2026-06-06 18:10:01,683 [ERROR] LogOutputStream:75 - [STDERR_REDIRECT] [Fatal Error] :1:1: Premature end of file.
2026-06-06 18:10:01,683 [ERROR] LogOutputStream:75 - [STDERR_REDIRECT] 
2026-06-06 18:10:02,700 [ERROR] LogOutputStream:75 - [STDERR_REDIRECT] [Fatal Error] :1:1: Premature end of file.
2026-06-06 18:10:02,700 [ERROR] LogOutputStream:75 - [STDERR_REDIRECT] 
2026-06-06 18:10:03,680 [ERROR] LogOutputStream:75 - [STDERR_REDIRECT] [Fatal Error] :1:1: Premature end of file.
2026-06-06 18:10:03,680 [ERROR] LogOutputStream:75 - [STDERR_REDIRECT] 
2026-06-06 18:10:04,681 [ERROR] LogOutputStream:75 - [STDERR_REDIRECT] [Fatal Error] :1:1: Premature end of file.
2026-06-06 18:10:04,681 [ERROR] LogOutputStream:75 - [STDERR_REDIRECT] 
2026-06-06 18:10:05,680 [ERROR] LogOutputStream:75 - [STDERR_REDIRECT] [Fatal Error] :1:1: Premature end of file.
2026-06-06 18:10:05,680 [ERROR] LogOutputStream:75 - [STDERR_REDIRECT] 
2026-06-06 18:10:06,680 [ERROR] LogOutputStream:75 - [STDERR_REDIRECT] [Fatal Error] :1:1: Premature end of file.
2026-06-06 18:10:06,680 [ERROR] LogOutputStream:75 - [STDERR_REDIRECT] 
2026-06-06 18:10:07,681 [ERROR] LogOutputStream:75 - [STDERR_REDIRECT] [Fatal Error] :1:1: Premature end of file.
2026-06-06 18:10:07,681 [ERROR] LogOutputStream:75 - [STDERR_REDIRECT] 
2026-06-06 18:10:08,678 [ERROR] LogOutputStream:75 - [STDERR_REDIRECT] [Fatal Error] :1:1: Premature end of file.
2026-06-06 18:10:08,678 [ERROR] LogOutputStream:75 - [STDERR_REDIRECT] 
2026-06-06 18:10:09,684 [ERROR] LogOutputStream:75 - [STDERR_REDIRECT] [Fatal Error] :1:1: Premature end of file.
2026-06-06 18:10:09,684 [ERROR] LogOutputStream:75 - [STDERR_REDIRECT] 
2026-06-06 18:10:10,683 [ERROR] LogOutputStream:75 - [STDERR_REDIRECT] [Fatal Error] :1:1: Premature end of file.
2026-06-06 18:10:10,683 [ERROR] LogOutputStream:75 - [STDERR_REDIRECT] 
2026-06-06 18:10:11,690 [ERROR] LogOutputStream:75 - [STDERR_REDIRECT] [Fatal Error] :1:1: Premature end of file.
2026-06-06 18:10:11,690 [ERROR] LogOutputStream:75 - [STDERR_REDIRECT] 
2026-06-06 18:10:12,680 [ERROR] LogOutputStream:75 - [STDERR_REDIRECT] [Fatal Error] :1:1: Premature end of file.
2026-06-06 18:10:12,680 [ERROR] LogOutputStream:75 - [STDERR_REDIRECT] 
2026-06-06 18:10:13,681 [ERROR] LogOutputStream:75 - [STDERR_REDIRECT] [Fatal Error] :1:1: Premature end of file.
2026-06-06 18:10:13,681 [ERROR] LogOutputStream:75 - [STDERR_REDIRECT] 
2026-06-06 18:10:14,681 [ERROR] LogOutputStream:75 - [STDERR_REDIRECT] [Fatal Error] :1:1: Premature end of file.
2026-06-06 18:10:14,681 [ERROR] LogOutputStream:75 - [STDERR_REDIRECT] 
2026-06-06 18:10:15,680 [ERROR] LogOutputStream:75 - [STDERR_REDIRECT] [Fatal Error] :1:1: Premature end of file.
2026-06-06 18:10:15,681 [ERROR] LogOutputStream:75 - [STDERR_REDIRECT] 
2026-06-06 18:10:16,682 [ERROR] LogOutputStream:75 - [STDERR_REDIRECT] [Fatal Error] :1:1: Premature end of file.
2026-06-06 18:10:16,682 [ERROR] LogOutputStream:75 - [STDERR_REDIRECT] 
2026-06-06 18:10:17,689 [ERROR] LogOutputStream:75 - [STDERR_REDIRECT] [Fatal Error] :1:1: Premature end of file.
2026-06-06 18:10:17,689 [ERROR] LogOutputStream:75 - [STDERR_REDIRECT] 
2026-06-06 18:10:18,679 [ERROR] LogOutputStream:75 - [STDERR_REDIRECT] [Fatal Error] :1:1: Premature end of file.
2026-06-06 18:10:18,679 [ERROR] LogOutputStream:75 - [STDERR_REDIRECT] 
2026-06-06 18:10:19,680 [ERROR] LogOutputStream:75 - [STDERR_REDIRECT] [Fatal Error] :1:1: Premature end of file.
2026-06-06 18:10:19,680 [ERROR] LogOutputStream:75 - [STDERR_REDIRECT] 
2026-06-06 18:10:20,683 [ERROR] LogOutputStream:75 - [STDERR_REDIRECT] [Fatal Error] :1:1: Premature end of file.
2026-06-06 18:10:20,683 [ERROR] LogOutputStream:75 - [STDERR_REDIRECT] 
2026-06-06 18:10:21,681 [ERROR] LogOutputStream:75 - [STDERR_REDIRECT] [Fatal Error] :1:1: Premature end of file.
2026-06-06 18:10:21,681 [ERROR] LogOutputStream:75 - [STDERR_REDIRECT] 
2026-06-06 18:10:22,680 [ERROR] LogOutputStream:75 - [STDERR_REDIRECT] [Fatal Error] :1:1: Premature end of file.
2026-06-06 18:10:22,680 [ERROR] LogOutputStream:75 - [STDERR_REDIRECT] 
2026-06-06 18:10:23,690 [ERROR] LogOutputStream:75 - [STDERR_REDIRECT] [Fatal Error] :1:1: Premature end of file.
2026-06-06 18:10:23,691 [ERROR] LogOutputStream:75 - [STDERR_REDIRECT] 
2026-06-06 18:10:24,686 [ERROR] LogOutputStream:75 - [STDERR_REDIRECT] [Fatal Error] :1:1: Premature end of file.
2026-06-06 18:10:24,686 [ERROR] LogOutputStream:75 - [STDERR_REDIRECT] 
2026-06-06 18:10:25,680 [ERROR] LogOutputStream:75 - [STDERR_REDIRECT] [Fatal Error] :1:1: Premature end of file.
2026-06-06 18:10:25,680 [ERROR] LogOutputStream:75 - [STDERR_REDIRECT] 
2026-06-06 18:10:26,680 [ERROR] LogOutputStream:75 - [STDERR_REDIRECT] [Fatal Error] :1:1: Premature end of file.
2026-06-06 18:10:26,681 [ERROR] LogOutputStream:75 - [STDERR_REDIRECT] 
2026-06-06 18:10:27,680 [ERROR] LogOutputStream:75 - [STDERR_REDIRECT] [Fatal Error] :1:1: Premature end of file.
2026-06-06 18:10:27,680 [ERROR] LogOutputStream:75 - [STDERR_REDIRECT] 
2026-06-06 18:10:28,684 [ERROR] LogOutputStream:75 - [STDERR_REDIRECT] [Fatal Error] :1:1: Premature end of file.
2026-06-06 18:10:28,684 [ERROR] LogOutputStream:75 - [STDERR_REDIRECT] 
2026-06-06 18:10:29,678 [ERROR] LogOutputStream:75 - [STDERR_REDIRECT] [Fatal Error] :1:1: Premature end of file.
2026-06-06 18:10:29,678 [ERROR] LogOutputStream:75 - [STDERR_REDIRECT] 
2026-06-06 18:10:30,685 [ERROR] LogOutputStream:75 - [STDERR_REDIRECT] [Fatal Error] :1:1: Premature end of file.
2026-06-06 18:10:30,685 [ERROR] LogOutputStream:75 - [STDERR_REDIRECT] 
2026-06-06 18:10:31,687 [ERROR] LogOutputStream:75 - [STDERR_REDIRECT] [Fatal Error] :1:1: Premature end of file.
2026-06-06 18:10:31,688 [ERROR] LogOutputStream:75 - [STDERR_REDIRECT] 
2026-06-06 18:10:32,685 [ERROR] LogOutputStream:75 - [STDERR_REDIRECT] [Fatal Error] :1:1: Premature end of file.
2026-06-06 18:10:32,685 [ERROR] LogOutputStream:75 - [STDERR_REDIRECT] 
2026-06-06 18:10:33,682 [ERROR] LogOutputStream:75 - [STDERR_REDIRECT] [Fatal Error] :1:1: Premature end of file.
2026-06-06 18:10:33,682 [ERROR] LogOutputStream:75 - [STDERR_REDIRECT] 
2026-06-06 18:10:34,683 [ERROR] LogOutputStream:75 - [STDERR_REDIRECT] [Fatal Error] :1:1: Premature end of file.
2026-06-06 18:10:34,683 [ERROR] LogOutputStream:75 - [STDERR_REDIRECT] 
2026-06-06 18:10:35,683 [ERROR] LogOutputStream:75 - [STDERR_REDIRECT] [Fatal Error] :1:1: Premature end of file.
2026-06-06 18:10:35,683 [ERROR] LogOutputStream:75 - [STDERR_REDIRECT] 
2026-06-06 18:10:36,681 [ERROR] LogOutputStream:75 - [STDERR_REDIRECT] [Fatal Error] :1:1: Premature end of file.
2026-06-06 18:10:36,681 [ERROR] LogOutputStream:75 - [STDERR_REDIRECT] 
2026-06-06 18:10:37,680 [ERROR] LogOutputStream:75 - [STDERR_REDIRECT] [Fatal Error] :1:1: Premature end of file.
2026-06-06 18:10:37,680 [ERROR] LogOutputStream:75 - [STDERR_REDIRECT] 
2026-06-06 18:10:38,686 [ERROR] LogOutputStream:75 - [STDERR_REDIRECT] [Fatal Error] :1:1: Premature end of file.
2026-06-06 18:10:38,686 [ERROR] LogOutputStream:75 - [STDERR_REDIRECT] 
2026-06-06 18:10:39,683 [ERROR] LogOutputStream:75 - [STDERR_REDIRECT] [Fatal Error] :1:1: Premature end of file.
2026-06-06 18:10:39,683 [ERROR] LogOutputStream:75 - [STDERR_REDIRECT] 
2026-06-06 18:10:40,679 [ERROR] LogOutputStream:75 - [STDERR_REDIRECT] [Fatal Error] :1:1: Premature end of file.
2026-06-06 18:10:40,679 [ERROR] LogOutputStream:75 - [STDERR_REDIRECT] 
2026-06-06 18:10:41,687 [ERROR] LogOutputStream:75 - [STDERR_REDIRECT] [Fatal Error] :1:1: Premature end of file.
2026-06-06 18:10:41,687 [ERROR] LogOutputStream:75 - [STDERR_REDIRECT] 
2026-06-06 18:10:42,685 [ERROR] LogOutputStream:75 - [STDERR_REDIRECT] [Fatal Error] :1:1: Premature end of file.
2026-06-06 18:10:42,686 [ERROR] LogOutputStream:75 - [STDERR_REDIRECT] 
2026-06-06 18:10:43,685 [ERROR] LogOutputStream:75 - [STDERR_REDIRECT] [Fatal Error] :1:1: Premature end of file.
2026-06-06 18:10:43,685 [ERROR] LogOutputStream:75 - [STDERR_REDIRECT] 
2026-06-06 18:10:44,685 [ERROR] LogOutputStream:75 - [STDERR_REDIRECT] [Fatal Error] :1:1: Premature end of file.
2026-06-06 18:10:44,685 [ERROR] LogOutputStream:75 - [STDERR_REDIRECT] 
2026-06-06 18:10:45,685 [ERROR] LogOutputStream:75 - [STDERR_REDIRECT] [Fatal Error] :1:1: Premature end of file.
2026-06-06 18:10:45,685 [ERROR] LogOutputStream:75 - [STDERR_REDIRECT] 
2026-06-06 18:10:46,680 [ERROR] LogOutputStream:75 - [STDERR_REDIRECT] [Fatal Error] :1:1: Premature end of file.
2026-06-06 18:10:46,680 [ERROR] LogOutputStream:75 - [STDERR_REDIRECT] 
2026-06-06 18:10:47,679 [ERROR] LogOutputStream:75 - [STDERR_REDIRECT] [Fatal Error] :1:1: Premature end of file.
2026-06-06 18:10:47,679 [ERROR] LogOutputStream:75 - [STDERR_REDIRECT] 
2026-06-06 18:10:48,687 [ERROR] LogOutputStream:75 - [STDERR_REDIRECT] [Fatal Error] :1:1: Premature end of file.
2026-06-06 18:10:48,687 [ERROR] LogOutputStream:75 - [STDERR_REDIRECT] 
2026-06-06 18:10:49,681 [ERROR] LogOutputStream:75 - [STDERR_REDIRECT] [Fatal Error] :1:1: Premature end of file.
2026-06-06 18:10:49,682 [ERROR] LogOutputStream:75 - [STDERR_REDIRECT] 
2026-06-06 18:10:50,687 [ERROR] LogOutputStream:75 - [STDERR_REDIRECT] [Fatal Error] :1:1: Premature end of file.
2026-06-06 18:10:50,687 [ERROR] LogOutputStream:75 - [STDERR_REDIRECT] 
2026-06-06 18:10:51,684 [ERROR] LogOutputStream:75 - [STDERR_REDIRECT] [Fatal Error] :1:1: Premature end of file.
2026-06-06 18:10:51,684 [ERROR] LogOutputStream:75 - [STDERR_REDIRECT] 
2026-06-06 18:10:52,681 [ERROR] LogOutputStream:75 - [STDERR_REDIRECT] [Fatal Error] :1:1: Premature end of file.
2026-06-06 18:10:52,681 [ERROR] LogOutputStream:75 - [STDERR_REDIRECT] 
2026-06-06 18:10:53,680 [ERROR] LogOutputStream:75 - [STDERR_REDIRECT] [Fatal Error] :1:1: Premature end of file.
2026-06-06 18:10:53,680 [ERROR] LogOutputStream:75 - [STDERR_REDIRECT] 
2026-06-06 18:10:54,688 [ERROR] LogOutputStream:75 - [STDERR_REDIRECT] [Fatal Error] :1:1: Premature end of file.
2026-06-06 18:10:54,688 [ERROR] LogOutputStream:75 - [STDERR_REDIRECT] 
2026-06-06 18:10:55,689 [ERROR] LogOutputStream:75 - [STDERR_REDIRECT] [Fatal Error] :1:1: Premature end of file.
2026-06-06 18:10:55,689 [ERROR] LogOutputStream:75 - [STDERR_REDIRECT] 
2026-06-06 18:10:56,683 [ERROR] LogOutputStream:75 - [STDERR_REDIRECT] [Fatal Error] :1:1: Premature end of file.
2026-06-06 18:10:56,683 [ERROR] LogOutputStream:75 - [STDERR_REDIRECT] 
2026-06-06 18:10:57,684 [ERROR] LogOutputStream:75 - [STDERR_REDIRECT] [Fatal Error] :1:1: Premature end of file.
2026-06-06 18:10:57,684 [ERROR] LogOutputStream:75 - [STDERR_REDIRECT] 
2026-06-06 18:10:58,689 [ERROR] LogOutputStream:75 - [STDERR_REDIRECT] [Fatal Error] :1:1: Premature end of file.
2026-06-06 18:10:58,689 [ERROR] LogOutputStream:75 - [STDERR_REDIRECT] 
2026-06-06 18:10:59,685 [ERROR] LogOutputStream:75 - [STDERR_REDIRECT] [Fatal Error] :1:1: Premature end of file.
2026-06-06 18:10:59,686 [ERROR] LogOutputStream:75 - [STDERR_REDIRECT] 
2026-06-06 18:11:00,685 [ERROR] LogOutputStream:75 - [STDERR_REDIRECT] [Fatal Error] :1:1: Premature end of file.
2026-06-06 18:11:00,685 [ERROR] LogOutputStream:75 - [STDERR_REDIRECT] 
2026-06-06 18:11:01,692 [ERROR] LogOutputStream:75 - [STDERR_REDIRECT] [Fatal Error] :1:1: Premature end of file.
2026-06-06 18:11:01,692 [ERROR] LogOutputStream:75 - [STDERR_REDIRECT] 
2026-06-06 18:11:02,691 [ERROR] LogOutputStream:75 - [STDERR_REDIRECT] [Fatal Error] :1:1: Premature end of file.
2026-06-06 18:11:02,691 [ERROR] LogOutputStream:75 - [STDERR_REDIRECT] 
2026-06-06 18:11:03,683 [ERROR] LogOutputStream:75 - [STDERR_REDIRECT] [Fatal Error] :1:1: Premature end of file.
2026-06-06 18:11:03,683 [ERROR] LogOutputStream:75 - [STDERR_REDIRECT] 
2026-06-06 18:11:04,683 [ERROR] LogOutputStream:75 - [STDERR_REDIRECT] [Fatal Error] :1:1: Premature end of file.
2026-06-06 18:11:04,684 [ERROR] LogOutputStream:75 - [STDERR_REDIRECT] 
2026-06-06 18:11:05,682 [ERROR] LogOutputStream:75 - [STDERR_REDIRECT] [Fatal Error] :1:1: Premature end of file.
2026-06-06 18:11:05,682 [ERROR] LogOutputStream:75 - [STDERR_REDIRECT] 
2026-06-06 18:11:06,686 [ERROR] LogOutputStream:75 - [STDERR_REDIRECT] [Fatal Error] :1:1: Premature end of file.
2026-06-06 18:11:06,686 [ERROR] LogOutputStream:75 - [STDERR_REDIRECT] 
2026-06-06 18:11:07,685 [ERROR] LogOutputStream:75 - [STDERR_REDIRECT] [Fatal Error] :1:1: Premature end of file.
2026-06-06 18:11:07,685 [ERROR] LogOutputStream:75 - [STDERR_REDIRECT] 
2026-06-06 18:11:08,687 [ERROR] LogOutputStream:75 - [STDERR_REDIRECT] [Fatal Error] :1:1: Premature end of file.
2026-06-06 18:11:08,687 [ERROR] LogOutputStream:75 - [STDERR_REDIRECT] 
2026-06-06 18:11:09,687 [ERROR] LogOutputStream:75 - [STDERR_REDIRECT] [Fatal Error] :1:1: Premature end of file.
2026-06-06 18:11:09,687 [ERROR] LogOutputStream:75 - [STDERR_REDIRECT] 
2026-06-06 18:11:10,683 [ERROR] LogOutputStream:75 - [STDERR_REDIRECT] [Fatal Error] :1:1: Premature end of file.
2026-06-06 18:11:10,683 [ERROR] LogOutputStream:75 - [STDERR_REDIRECT] 
2026-06-06 18:11:11,685 [ERROR] LogOutputStream:75 - [STDERR_REDIRECT] [Fatal Error] :1:1: Premature end of file.
2026-06-06 18:11:11,685 [ERROR] LogOutputStream:75 - [STDERR_REDIRECT] 
2026-06-06 18:11:12,689 [ERROR] LogOutputStream:75 - [STDERR_REDIRECT] [Fatal Error] :1:1: Premature end of file.
2026-06-06 18:11:12,689 [ERROR] LogOutputStream:75 - [STDERR_REDIRECT] 
2026-06-06 18:11:13,682 [ERROR] LogOutputStream:75 - [STDERR_REDIRECT] [Fatal Error] :1:1: Premature end of file.
2026-06-06 18:11:13,682 [ERROR] LogOutputStream:75 - [STDERR_REDIRECT] 
2026-06-06 18:11:14,690 [ERROR] LogOutputStream:75 - [STDERR_REDIRECT] [Fatal Error] :1:1: Premature end of file.
2026-06-06 18:11:14,690 [ERROR] LogOutputStream:75 - [STDERR_REDIRECT] 
2026-06-06 18:11:15,684 [ERROR] LogOutputStream:75 - [STDERR_REDIRECT] [Fatal Error] :1:1: Premature end of file.
2026-06-06 18:11:15,684 [ERROR] LogOutputStream:75 - [STDERR_REDIRECT] 
2026-06-06 18:11:16,687 [ERROR] LogOutputStream:75 - [STDERR_REDIRECT] [Fatal Error] :1:1: Premature end of file.
2026-06-06 18:11:16,687 [ERROR] LogOutputStream:75 - [STDERR_REDIRECT] 
2026-06-06 18:11:17,683 [ERROR] LogOutputStream:75 - [STDERR_REDIRECT] [Fatal Error] :1:1: Premature end of file.
2026-06-06 18:11:17,683 [ERROR] LogOutputStream:75 - [STDERR_REDIRECT] 
2026-06-06 18:11:18,683 [ERROR] LogOutputStream:75 - [STDERR_REDIRECT] [Fatal Error] :1:1: Premature end of file.
2026-06-06 18:11:18,683 [ERROR] LogOutputStream:75 - [STDERR_REDIRECT] 
2026-06-06 18:11:19,683 [ERROR] LogOutputStream:75 - [STDERR_REDIRECT] [Fatal Error] :1:1: Premature end of file.
2026-06-06 18:11:19,683 [ERROR] LogOutputStream:75 - [STDERR_REDIRECT] 
2026-06-06 18:11:20,682 [ERROR] LogOutputStream:75 - [STDERR_REDIRECT] [Fatal Error] :1:1: Premature end of file.
2026-06-06 18:11:20,682 [ERROR] LogOutputStream:75 - [STDERR_REDIRECT] 
2026-06-06 18:11:21,686 [ERROR] LogOutputStream:75 - [STDERR_REDIRECT] [Fatal Error] :1:1: Premature end of file.
2026-06-06 18:11:21,686 [ERROR] LogOutputStream:75 - [STDERR_REDIRECT] 
2026-06-06 18:11:22,688 [ERROR] LogOutputStream:75 - [STDERR_REDIRECT] [Fatal Error] :1:1: Premature end of file.
2026-06-06 18:11:22,689 [ERROR] LogOutputStream:75 - [STDERR_REDIRECT] 
2026-06-06 18:11:23,691 [ERROR] LogOutputStream:75 - [STDERR_REDIRECT] [Fatal Error] :1:1: Premature end of file.
2026-06-06 18:11:23,691 [ERROR] LogOutputStream:75 - [STDERR_REDIRECT] 
2026-06-06 18:11:24,686 [ERROR] LogOutputStream:75 - [STDERR_REDIRECT] [Fatal Error] :1:1: Premature end of file.
2026-06-06 18:11:24,686 [ERROR] LogOutputStream:75 - [STDERR_REDIRECT] 
2026-06-06 18:11:25,685 [ERROR] LogOutputStream:75 - [STDERR_REDIRECT] [Fatal Error] :1:1: Premature end of file.
2026-06-06 18:11:25,685 [ERROR] LogOutputStream:75 - [STDERR_REDIRECT] 
2026-06-06 18:11:26,690 [ERROR] LogOutputStream:75 - [STDERR_REDIRECT] [Fatal Error] :1:1: Premature end of file.
2026-06-06 18:11:26,690 [ERROR] LogOutputStream:75 - [STDERR_REDIRECT] 
2026-06-06 18:11:27,686 [ERROR] LogOutputStream:75 - [STDERR_REDIRECT] [Fatal Error] :1:1: Premature end of file.
2026-06-06 18:11:27,686 [ERROR] LogOutputStream:75 - [STDERR_REDIRECT] 
2026-06-06 18:11:28,684 [ERROR] LogOutputStream:75 - [STDERR_REDIRECT] [Fatal Error] :1:1: Premature end of file.
2026-06-06 18:11:28,685 [ERROR] LogOutputStream:75 - [STDERR_REDIRECT] 
2026-06-06 18:11:29,688 [ERROR] LogOutputStream:75 - [STDERR_REDIRECT] [Fatal Error] :1:1: Premature end of file.
2026-06-06 18:11:29,688 [ERROR] LogOutputStream:75 - [STDERR_REDIRECT] 
2026-06-06 18:11:30,684 [ERROR] LogOutputStream:75 - [STDERR_REDIRECT] [Fatal Error] :1:1: Premature end of file.
2026-06-06 18:11:30,685 [ERROR] LogOutputStream:75 - [STDERR_REDIRECT] 
2026-06-06 18:11:31,691 [ERROR] LogOutputStream:75 - [STDERR_REDIRECT] [Fatal Error] :1:1: Premature end of file.
2026-06-06 18:11:31,692 [ERROR] LogOutputStream:75 - [STDERR_REDIRECT] 
2026-06-06 18:11:32,686 [ERROR] LogOutputStream:75 - [STDERR_REDIRECT] [Fatal Error] :1:1: Premature end of file.
2026-06-06 18:11:32,686 [ERROR] LogOutputStream:75 - [STDERR_REDIRECT] 
2026-06-06 18:11:33,685 [ERROR] LogOutputStream:75 - [STDERR_REDIRECT] [Fatal Error] :1:1: Premature end of file.
2026-06-06 18:11:33,685 [ERROR] LogOutputStream:75 - [STDERR_REDIRECT] 
2026-06-06 18:11:34,688 [ERROR] LogOutputStream:75 - [STDERR_REDIRECT] [Fatal Error] :1:1: Premature end of file.
2026-06-06 18:11:34,688 [ERROR] LogOutputStream:75 - [STDERR_REDIRECT] 
2026-06-06 18:11:35,686 [ERROR] LogOutputStream:75 - [STDERR_REDIRECT] [Fatal Error] :1:1: Premature end of file.
2026-06-06 18:11:35,686 [ERROR] LogOutputStream:75 - [STDERR_REDIRECT] 
2026-06-06 18:11:36,688 [ERROR] LogOutputStream:75 - [STDERR_REDIRECT] [Fatal Error] :1:1: Premature end of file.
2026-06-06 18:11:36,689 [ERROR] LogOutputStream:75 - [STDERR_REDIRECT] 
2026-06-06 18:11:37,685 [ERROR] LogOutputStream:75 - [STDERR_REDIRECT] [Fatal Error] :1:1: Premature end of file.
2026-06-06 18:11:37,685 [ERROR] LogOutputStream:75 - [STDERR_REDIRECT] 
2026-06-06 18:11:38,685 [ERROR] LogOutputStream:75 - [STDERR_REDIRECT] [Fatal Error] :1:1: Premature end of file.
2026-06-06 18:11:38,685 [ERROR] LogOutputStream:75 - [STDERR_REDIRECT] 
2026-06-06 18:11:39,684 [ERROR] LogOutputStream:75 - [STDERR_REDIRECT] [Fatal Error] :1:1: Premature end of file.
2026-06-06 18:11:39,684 [ERROR] LogOutputStream:75 - [STDERR_REDIRECT] 
2026-06-06 18:11:40,686 [ERROR] LogOutputStream:75 - [STDERR_REDIRECT] [Fatal Error] :1:1: Premature end of file.
2026-06-06 18:11:40,686 [ERROR] LogOutputStream:75 - [STDERR_REDIRECT] 
2026-06-06 18:11:41,685 [ERROR] LogOutputStream:75 - [STDERR_REDIRECT] [Fatal Error] :1:1: Premature end of file.
2026-06-06 18:11:41,685 [ERROR] LogOutputStream:75 - [STDERR_REDIRECT] 
2026-06-06 18:11:42,683 [ERROR] LogOutputStream:75 - [STDERR_REDIRECT] [Fatal Error] :1:1: Premature end of file.
2026-06-06 18:11:42,683 [ERROR] LogOutputStream:75 - [STDERR_REDIRECT] 
2026-06-06 18:11:43,684 [ERROR] LogOutputStream:75 - [STDERR_REDIRECT] [Fatal Error] :1:1: Premature end of file.
2026-06-06 18:11:43,684 [ERROR] LogOutputStream:75 - [STDERR_REDIRECT] 
2026-06-06 18:11:44,683 [ERROR] LogOutputStream:75 - [STDERR_REDIRECT] [Fatal Error] :1:1: Premature end of file.
2026-06-06 18:11:44,683 [ERROR] LogOutputStream:75 - [STDERR_REDIRECT] 
2026-06-06 18:11:45,685 [ERROR] LogOutputStream:75 - [STDERR_REDIRECT] [Fatal Error] :1:1: Premature end of file.
2026-06-06 18:11:45,685 [ERROR] LogOutputStream:75 - [STDERR_REDIRECT] 
2026-06-06 18:11:46,687 [ERROR] LogOutputStream:75 - [STDERR_REDIRECT] [Fatal Error] :1:1: Premature end of file.
2026-06-06 18:11:46,687 [ERROR] LogOutputStream:75 - [STDERR_REDIRECT] 
2026-06-06 18:11:47,685 [ERROR] LogOutputStream:75 - [STDERR_REDIRECT] [Fatal Error] :1:1: Premature end of file.
2026-06-06 18:11:47,685 [ERROR] LogOutputStream:75 - [STDERR_REDIRECT] 
2026-06-06 18:11:48,685 [ERROR] LogOutputStream:75 - [STDERR_REDIRECT] [Fatal Error] :1:1: Premature end of file.
2026-06-06 18:11:48,685 [ERROR] LogOutputStream:75 - [STDERR_REDIRECT] 
2026-06-06 18:11:49,686 [ERROR] LogOutputStream:75 - [STDERR_REDIRECT] [Fatal Error] :1:1: Premature end of file.
2026-06-06 18:11:49,686 [ERROR] LogOutputStream:75 - [STDERR_REDIRECT] 
2026-06-06 18:11:50,686 [ERROR] LogOutputStream:75 - [STDERR_REDIRECT] [Fatal Error] :1:1: Premature end of file.
2026-06-06 18:11:50,686 [ERROR] LogOutputStream:75 - [STDERR_REDIRECT] 
2026-06-06 18:11:51,689 [ERROR] LogOutputStream:75 - [STDERR_REDIRECT] [Fatal Error] :1:1: Premature end of file.
2026-06-06 18:11:51,689 [ERROR] LogOutputStream:75 - [STDERR_REDIRECT] 
2026-06-06 18:11:52,686 [ERROR] LogOutputStream:75 - [STDERR_REDIRECT] [Fatal Error] :1:1: Premature end of file.
2026-06-06 18:11:52,686 [ERROR] LogOutputStream:75 - [STDERR_REDIRECT] 
2026-06-06 18:11:53,688 [ERROR] LogOutputStream:75 - [STDERR_REDIRECT] [Fatal Error] :1:1: Premature end of file.
2026-06-06 18:11:53,688 [ERROR] LogOutputStream:75 - [STDERR_REDIRECT] 
2026-06-06 18:11:54,686 [ERROR] LogOutputStream:75 - [STDERR_REDIRECT] [Fatal Error] :1:1: Premature end of file.
2026-06-06 18:11:54,686 [ERROR] LogOutputStream:75 - [STDERR_REDIRECT] 
2026-06-06 18:11:55,683 [ERROR] LogOutputStream:75 - [STDERR_REDIRECT] [Fatal Error] :1:1: Premature end of file.
2026-06-06 18:11:55,683 [ERROR] LogOutputStream:75 - [STDERR_REDIRECT] 
2026-06-06 18:11:56,690 [ERROR] LogOutputStream:75 - [STDERR_REDIRECT] [Fatal Error] :1:1: Premature end of file.
2026-06-06 18:11:56,690 [ERROR] LogOutputStream:75 - [STDERR_REDIRECT] 
2026-06-06 18:11:57,684 [ERROR] LogOutputStream:75 - [STDERR_REDIRECT] [Fatal Error] :1:1: Premature end of file.
2026-06-06 18:11:57,684 [ERROR] LogOutputStream:75 - [STDERR_REDIRECT] 
2026-06-06 18:11:58,685 [ERROR] LogOutputStream:75 - [STDERR_REDIRECT] [Fatal Error] :1:1: Premature end of file.
2026-06-06 18:11:58,685 [ERROR] LogOutputStream:75 - [STDERR_REDIRECT] 
2026-06-06 18:11:59,683 [ERROR] LogOutputStream:75 - [STDERR_REDIRECT] [Fatal Error] :1:1: Premature end of file.
2026-06-06 18:11:59,684 [ERROR] LogOutputStream:75 - [STDERR_REDIRECT] 
2026-06-06 18:12:00,681 [ERROR] LogOutputStream:75 - [STDERR_REDIRECT] [Fatal Error] :1:1: Premature end of file.
2026-06-06 18:12:00,681 [ERROR] LogOutputStream:75 - [STDERR_REDIRECT] 
2026-06-06 18:12:01,683 [ERROR] LogOutputStream:75 - [STDERR_REDIRECT] [Fatal Error] :1:1: Premature end of file.
2026-06-06 18:12:01,683 [ERROR] LogOutputStream:75 - [STDERR_REDIRECT] 
2026-06-06 18:12:02,684 [ERROR] LogOutputStream:75 - [STDERR_REDIRECT] [Fatal Error] :1:1: Premature end of file.
2026-06-06 18:12:02,685 [ERROR] LogOutputStream:75 - [STDERR_REDIRECT] 
2026-06-06 18:12:03,685 [ERROR] LogOutputStream:75 - [STDERR_REDIRECT] [Fatal Error] :1:1: Premature end of file.
2026-06-06 18:12:03,685 [ERROR] LogOutputStream:75 - [STDERR_REDIRECT] 
2026-06-06 18:12:04,683 [ERROR] LogOutputStream:75 - [STDERR_REDIRECT] [Fatal Error] :1:1: Premature end of file.
2026-06-06 18:12:04,683 [ERROR] LogOutputStream:75 - [STDERR_REDIRECT] 
2026-06-06 18:12:05,687 [ERROR] LogOutputStream:75 - [STDERR_REDIRECT] [Fatal Error] :1:1: Premature end of file.
2026-06-06 18:12:05,687 [ERROR] LogOutputStream:75 - [STDERR_REDIRECT] 
2026-06-06 18:12:06,683 [ERROR] LogOutputStream:75 - [STDERR_REDIRECT] [Fatal Error] :1:1: Premature end of file.
2026-06-06 18:12:06,683 [ERROR] LogOutputStream:75 - [STDERR_REDIRECT] 
2026-06-06 18:12:07,681 [ERROR] LogOutputStream:75 - [STDERR_REDIRECT] [Fatal Error] :1:1: Premature end of file.
2026-06-06 18:12:07,681 [ERROR] LogOutputStream:75 - [STDERR_REDIRECT] 
2026-06-06 18:12:08,685 [ERROR] LogOutputStream:75 - [STDERR_REDIRECT] [Fatal Error] :1:1: Premature end of file.
2026-06-06 18:12:08,685 [ERROR] LogOutputStream:75 - [STDERR_REDIRECT] 
2026-06-06 18:12:09,681 [ERROR] LogOutputStream:75 - [STDERR_REDIRECT] [Fatal Error] :1:1: Premature end of file.
2026-06-06 18:12:09,681 [ERROR] LogOutputStream:75 - [STDERR_REDIRECT] 
2026-06-06 18:12:10,685 [ERROR] LogOutputStream:75 - [STDERR_REDIRECT] [Fatal Error] :1:1: Premature end of file.
2026-06-06 18:12:10,685 [ERROR] LogOutputStream:75 - [STDERR_REDIRECT] 
2026-06-06 18:12:11,680 [ERROR] LogOutputStream:75 - [STDERR_REDIRECT] [Fatal Error] :1:1: Premature end of file.
2026-06-06 18:12:11,680 [ERROR] LogOutputStream:75 - [STDERR_REDIRECT] 
2026-06-06 18:12:12,685 [ERROR] LogOutputStream:75 - [STDERR_REDIRECT] [Fatal Error] :1:1: Premature end of file.
2026-06-06 18:12:12,686 [ERROR] LogOutputStream:75 - [STDERR_REDIRECT] 
2026-06-06 18:12:13,682 [ERROR] LogOutputStream:75 - [STDERR_REDIRECT] [Fatal Error] :1:1: Premature end of file.
2026-06-06 18:12:13,682 [ERROR] LogOutputStream:75 - [STDERR_REDIRECT] 
2026-06-06 18:12:14,682 [ERROR] LogOutputStream:75 - [STDERR_REDIRECT] [Fatal Error] :1:1: Premature end of file.
2026-06-06 18:12:14,682 [ERROR] LogOutputStream:75 - [STDERR_REDIRECT] 
2026-06-06 18:12:15,682 [ERROR] LogOutputStream:75 - [STDERR_REDIRECT] [Fatal Error] :1:1: Premature end of file.
2026-06-06 18:12:15,682 [ERROR] LogOutputStream:75 - [STDERR_REDIRECT] 
2026-06-06 18:12:16,682 [ERROR] LogOutputStream:75 - [STDERR_REDIRECT] [Fatal Error] :1:1: Premature end of file.
2026-06-06 18:12:16,682 [ERROR] LogOutputStream:75 - [STDERR_REDIRECT] 
2026-06-06 18:12:17,680 [ERROR] LogOutputStream:75 - [STDERR_REDIRECT] [Fatal Error] :1:1: Premature end of file.
2026-06-06 18:12:17,680 [ERROR] LogOutputStream:75 - [STDERR_REDIRECT] 
2026-06-06 18:12:18,691 [ERROR] LogOutputStream:75 - [STDERR_REDIRECT] [Fatal Error] :1:1: Premature end of file.
2026-06-06 18:12:18,691 [ERROR] LogOutputStream:75 - [STDERR_REDIRECT] 
2026-06-06 18:12:19,687 [ERROR] LogOutputStream:75 - [STDERR_REDIRECT] [Fatal Error] :1:1: Premature end of file.
2026-06-06 18:12:19,687 [ERROR] LogOutputStream:75 - [STDERR_REDIRECT] 
2026-06-06 18:12:20,680 [ERROR] LogOutputStream:75 - [STDERR_REDIRECT] [Fatal Error] :1:1: Premature end of file.
2026-06-06 18:12:20,680 [ERROR] LogOutputStream:75 - [STDERR_REDIRECT] 
2026-06-06 18:12:21,681 [ERROR] LogOutputStream:75 - [STDERR_REDIRECT] [Fatal Error] :1:1: Premature end of file.
2026-06-06 18:12:21,681 [ERROR] LogOutputStream:75 - [STDERR_REDIRECT] 
2026-06-06 18:12:22,681 [ERROR] LogOutputStream:75 - [STDERR_REDIRECT] [Fatal Error] :1:1: Premature end of file.
2026-06-06 18:12:22,682 [ERROR] LogOutputStream:75 - [STDERR_REDIRECT] 
2026-06-06 18:12:23,682 [ERROR] LogOutputStream:75 - [STDERR_REDIRECT] [Fatal Error] :1:1: Premature end of file.
2026-06-06 18:12:23,682 [ERROR] LogOutputStream:75 - [STDERR_REDIRECT] 
2026-06-06 18:12:24,681 [ERROR] LogOutputStream:75 - [STDERR_REDIRECT] [Fatal Error] :1:1: Premature end of file.
2026-06-06 18:12:24,682 [ERROR] LogOutputStream:75 - [STDERR_REDIRECT] 
2026-06-06 18:12:25,685 [ERROR] LogOutputStream:75 - [STDERR_REDIRECT] [Fatal Error] :1:1: Premature end of file.
2026-06-06 18:12:25,685 [ERROR] LogOutputStream:75 - [STDERR_REDIRECT] 
2026-06-06 18:12:26,690 [ERROR] LogOutputStream:75 - [STDERR_REDIRECT] [Fatal Error] :1:1: Premature end of file.
2026-06-06 18:12:26,690 [ERROR] LogOutputStream:75 - [STDERR_REDIRECT] 
2026-06-06 18:12:27,681 [ERROR] LogOutputStream:75 - [STDERR_REDIRECT] [Fatal Error] :1:1: Premature end of file.
2026-06-06 18:12:27,681 [ERROR] LogOutputStream:75 - [STDERR_REDIRECT] 
2026-06-06 18:12:28,682 [ERROR] LogOutputStream:75 - [STDERR_REDIRECT] [Fatal Error] :1:1: Premature end of file.
2026-06-06 18:12:28,682 [ERROR] LogOutputStream:75 - [STDERR_REDIRECT] 
2026-06-06 18:12:29,680 [ERROR] LogOutputStream:75 - [STDERR_REDIRECT] [Fatal Error] :1:1: Premature end of file.
2026-06-06 18:12:29,680 [ERROR] LogOutputStream:75 - [STDERR_REDIRECT] 
2026-06-06 18:12:30,681 [ERROR] LogOutputStream:75 - [STDERR_REDIRECT] [Fatal Error] :1:1: Premature end of file.
2026-06-06 18:12:30,681 [ERROR] LogOutputStream:75 - [STDERR_REDIRECT] 
2026-06-06 18:12:31,684 [ERROR] LogOutputStream:75 - [STDERR_REDIRECT] [Fatal Error] :1:1: Premature end of file.
2026-06-06 18:12:31,684 [ERROR] LogOutputStream:75 - [STDERR_REDIRECT] 
2026-06-06 18:12:32,682 [ERROR] LogOutputStream:75 - [STDERR_REDIRECT] [Fatal Error] :1:1: Premature end of file.
2026-06-06 18:12:32,682 [ERROR] LogOutputStream:75 - [STDERR_REDIRECT] 
2026-06-06 18:12:33,678 [ERROR] LogOutputStream:75 - [STDERR_REDIRECT] [Fatal Error] :1:1: Premature end of file.
2026-06-06 18:12:33,678 [ERROR] LogOutputStream:75 - [STDERR_REDIRECT] 
2026-06-06 18:12:34,683 [ERROR] LogOutputStream:75 - [STDERR_REDIRECT] [Fatal Error] :1:1: Premature end of file.
2026-06-06 18:12:34,683 [ERROR] LogOutputStream:75 - [STDERR_REDIRECT] 
2026-06-06 18:12:35,688 [ERROR] LogOutputStream:75 - [STDERR_REDIRECT] [Fatal Error] :1:1: Premature end of file.
2026-06-06 18:12:35,688 [ERROR] LogOutputStream:75 - [STDERR_REDIRECT] 
2026-06-06 18:12:36,683 [ERROR] LogOutputStream:75 - [STDERR_REDIRECT] [Fatal Error] :1:1: Premature end of file.
2026-06-06 18:12:36,683 [ERROR] LogOutputStream:75 - [STDERR_REDIRECT] 
2026-06-06 18:12:37,683 [ERROR] LogOutputStream:75 - [STDERR_REDIRECT] [Fatal Error] :1:1: Premature end of file.
2026-06-06 18:12:37,683 [ERROR] LogOutputStream:75 - [STDERR_REDIRECT] 
2026-06-06 18:12:38,682 [ERROR] LogOutputStream:75 - [STDERR_REDIRECT] [Fatal Error] :1:1: Premature end of file.
2026-06-06 18:12:38,682 [ERROR] LogOutputStream:75 - [STDERR_REDIRECT] 
2026-06-06 18:12:39,680 [ERROR] LogOutputStream:75 - [STDERR_REDIRECT] [Fatal Error] :1:1: Premature end of file.
2026-06-06 18:12:39,680 [ERROR] LogOutputStream:75 - [STDERR_REDIRECT] 
2026-06-06 18:12:40,680 [ERROR] LogOutputStream:75 - [STDERR_REDIRECT] [Fatal Error] :1:1: Premature end of file.
2026-06-06 18:12:40,680 [ERROR] LogOutputStream:75 - [STDERR_REDIRECT] 
2026-06-06 18:12:41,682 [ERROR] LogOutputStream:75 - [STDERR_REDIRECT] [Fatal Error] :1:1: Premature end of file.
2026-06-06 18:12:41,682 [ERROR] LogOutputStream:75 - [STDERR_REDIRECT] 
2026-06-06 18:12:42,681 [ERROR] LogOutputStream:75 - [STDERR_REDIRECT] [Fatal Error] :1:1: Premature end of file.
2026-06-06 18:12:42,681 [ERROR] LogOutputStream:75 - [STDERR_REDIRECT] 
2026-06-06 18:12:43,681 [ERROR] LogOutputStream:75 - [STDERR_REDIRECT] [Fatal Error] :1:1: Premature end of file.
2026-06-06 18:12:43,681 [ERROR] LogOutputStream:75 - [STDERR_REDIRECT] 
2026-06-06 18:12:44,684 [ERROR] LogOutputStream:75 - [STDERR_REDIRECT] [Fatal Error] :1:1: Premature end of file.
2026-06-06 18:12:44,684 [ERROR] LogOutputStream:75 - [STDERR_REDIRECT] 
2026-06-06 18:12:45,683 [ERROR] LogOutputStream:75 - [STDERR_REDIRECT] [Fatal Error] :1:1: Premature end of file.
2026-06-06 18:12:45,683 [ERROR] LogOutputStream:75 - [STDERR_REDIRECT] 
2026-06-06 18:12:46,681 [ERROR] LogOutputStream:75 - [STDERR_REDIRECT] [Fatal Error] :1:1: Premature end of file.
2026-06-06 18:12:46,681 [ERROR] LogOutputStream:75 - [STDERR_REDIRECT] 
2026-06-06 18:12:47,682 [ERROR] LogOutputStream:75 - [STDERR_REDIRECT] [Fatal Error] :1:1: Premature end of file.
2026-06-06 18:12:47,682 [ERROR] LogOutputStream:75 - [STDERR_REDIRECT] 
2026-06-06 18:12:48,681 [ERROR] LogOutputStream:75 - [STDERR_REDIRECT] [Fatal Error] :1:1: Premature end of file.
2026-06-06 18:12:48,681 [ERROR] LogOutputStream:75 - [STDERR_REDIRECT] 
2026-06-06 18:12:49,680 [ERROR] LogOutputStream:75 - [STDERR_REDIRECT] [Fatal Error] :1:1: Premature end of file.
2026-06-06 18:12:49,680 [ERROR] LogOutputStream:75 - [STDERR_REDIRECT] 
2026-06-06 18:12:50,679 [ERROR] LogOutputStream:75 - [STDERR_REDIRECT] [Fatal Error] :1:1: Premature end of file.
2026-06-06 18:12:50,679 [ERROR] LogOutputStream:75 - [STDERR_REDIRECT] 
2026-06-06 18:12:51,681 [ERROR] LogOutputStream:75 - [STDERR_REDIRECT] [Fatal Error] :1:1: Premature end of file.
2026-06-06 18:12:51,681 [ERROR] LogOutputStream:75 - [STDERR_REDIRECT] 
2026-06-06 18:12:52,681 [ERROR] LogOutputStream:75 - [STDERR_REDIRECT] [Fatal Error] :1:1: Premature end of file.
2026-06-06 18:12:52,681 [ERROR] LogOutputStream:75 - [STDERR_REDIRECT] 
2026-06-06 18:12:53,683 [ERROR] LogOutputStream:75 - [STDERR_REDIRECT] [Fatal Error] :1:1: Premature end of file.
2026-06-06 18:12:53,683 [ERROR] LogOutputStream:75 - [STDERR_REDIRECT] 
2026-06-06 18:12:54,683 [ERROR] LogOutputStream:75 - [STDERR_REDIRECT] [Fatal Error] :1:1: Premature end of file.
2026-06-06 18:12:54,683 [ERROR] LogOutputStream:75 - [STDERR_REDIRECT] 
2026-06-06 18:12:55,690 [ERROR] LogOutputStream:75 - [STDERR_REDIRECT] [Fatal Error] :1:1: Premature end of file.
2026-06-06 18:12:55,690 [ERROR] LogOutputStream:75 - [STDERR_REDIRECT] 
2026-06-06 18:12:56,681 [ERROR] LogOutputStream:75 - [STDERR_REDIRECT] [Fatal Error] :1:1: Premature end of file.
2026-06-06 18:12:56,681 [ERROR] LogOutputStream:75 - [STDERR_REDIRECT] 
2026-06-06 18:12:57,680 [ERROR] LogOutputStream:75 - [STDERR_REDIRECT] [Fatal Error] :1:1: Premature end of file.
2026-06-06 18:12:57,680 [ERROR] LogOutputStream:75 - [STDERR_REDIRECT] 
2026-06-06 18:12:58,682 [ERROR] LogOutputStream:75 - [STDERR_REDIRECT] [Fatal Error] :1:1: Premature end of file.
2026-06-06 18:12:58,682 [ERROR] LogOutputStream:75 - [STDERR_REDIRECT] 
2026-06-06 18:12:59,681 [ERROR] LogOutputStream:75 - [STDERR_REDIRECT] [Fatal Error] :1:1: Premature end of file.
2026-06-06 18:12:59,681 [ERROR] LogOutputStream:75 - [STDERR_REDIRECT] 
2026-06-06 18:13:00,680 [ERROR] LogOutputStream:75 - [STDERR_REDIRECT] [Fatal Error] :1:1: Premature end of file.
2026-06-06 18:13:00,680 [ERROR] LogOutputStream:75 - [STDERR_REDIRECT] 
2026-06-06 18:13:01,680 [ERROR] LogOutputStream:75 - [STDERR_REDIRECT] [Fatal Error] :1:1: Premature end of file.
2026-06-06 18:13:01,680 [ERROR] LogOutputStream:75 - [STDERR_REDIRECT] 
2026-06-06 18:13:02,681 [ERROR] LogOutputStream:75 - [STDERR_REDIRECT] [Fatal Error] :1:1: Premature end of file.
2026-06-06 18:13:02,681 [ERROR] LogOutputStream:75 - [STDERR_REDIRECT] 
2026-06-06 18:13:03,681 [ERROR] LogOutputStream:75 - [STDERR_REDIRECT] [Fatal Error] :1:1: Premature end of file.
2026-06-06 18:13:03,681 [ERROR] LogOutputStream:75 - [STDERR_REDIRECT] 
2026-06-06 18:13:04,682 [ERROR] LogOutputStream:75 - [STDERR_REDIRECT] [Fatal Error] :1:1: Premature end of file.
2026-06-06 18:13:04,682 [ERROR] LogOutputStream:75 - [STDERR_REDIRECT] 
2026-06-06 18:13:05,681 [ERROR] LogOutputStream:75 - [STDERR_REDIRECT] [Fatal Error] :1:1: Premature end of file.
2026-06-06 18:13:05,681 [ERROR] LogOutputStream:75 - [STDERR_REDIRECT] 
2026-06-06 18:13:06,684 [ERROR] LogOutputStream:75 - [STDERR_REDIRECT] [Fatal Error] :1:1: Premature end of file.
2026-06-06 18:13:06,684 [ERROR] LogOutputStream:75 - [STDERR_REDIRECT] 
2026-06-06 18:13:07,678 [ERROR] LogOutputStream:75 - [STDERR_REDIRECT] [Fatal Error] :1:1: Premature end of file.
2026-06-06 18:13:07,678 [ERROR] LogOutputStream:75 - [STDERR_REDIRECT] 
2026-06-06 18:13:08,682 [ERROR] LogOutputStream:75 - [STDERR_REDIRECT] [Fatal Error] :1:1: Premature end of file.
2026-06-06 18:13:08,682 [ERROR] LogOutputStream:75 - [STDERR_REDIRECT] 
2026-06-06 18:13:09,681 [ERROR] LogOutputStream:75 - [STDERR_REDIRECT] [Fatal Error] :1:1: Premature end of file.
2026-06-06 18:13:09,681 [ERROR] LogOutputStream:75 - [STDERR_REDIRECT] 
2026-06-06 18:13:10,684 [ERROR] LogOutputStream:75 - [STDERR_REDIRECT] [Fatal Error] :1:1: Premature end of file.
2026-06-06 18:13:10,684 [ERROR] LogOutputStream:75 - [STDERR_REDIRECT] 
2026-06-06 18:13:11,681 [ERROR] LogOutputStream:75 - [STDERR_REDIRECT] [Fatal Error] :1:1: Premature end of file.
2026-06-06 18:13:11,681 [ERROR] LogOutputStream:75 - [STDERR_REDIRECT] 
2026-06-06 18:13:12,682 [ERROR] LogOutputStream:75 - [STDERR_REDIRECT] [Fatal Error] :1:1: Premature end of file.
2026-06-06 18:13:12,682 [ERROR] LogOutputStream:75 - [STDERR_REDIRECT] 
2026-06-06 18:13:13,681 [ERROR] LogOutputStream:75 - [STDERR_REDIRECT] [Fatal Error] :1:1: Premature end of file.
2026-06-06 18:13:13,681 [ERROR] LogOutputStream:75 - [STDERR_REDIRECT] 
2026-06-06 18:13:14,681 [ERROR] LogOutputStream:75 - [STDERR_REDIRECT] [Fatal Error] :1:1: Premature end of file.
2026-06-06 18:13:14,681 [ERROR] LogOutputStream:75 - [STDERR_REDIRECT] 
2026-06-06 18:13:15,681 [ERROR] LogOutputStream:75 - [STDERR_REDIRECT] [Fatal Error] :1:1: Premature end of file.
2026-06-06 18:13:15,681 [ERROR] LogOutputStream:75 - [STDERR_REDIRECT] 
2026-06-06 18:13:16,680 [ERROR] LogOutputStream:75 - [STDERR_REDIRECT] [Fatal Error] :1:1: Premature end of file.
2026-06-06 18:13:16,680 [ERROR] LogOutputStream:75 - [STDERR_REDIRECT] 
2026-06-06 18:13:17,687 [ERROR] LogOutputStream:75 - [STDERR_REDIRECT] [Fatal Error] :1:1: Premature end of file.
2026-06-06 18:13:17,687 [ERROR] LogOutputStream:75 - [STDERR_REDIRECT] 
2026-06-06 18:13:18,681 [ERROR] LogOutputStream:75 - [STDERR_REDIRECT] [Fatal Error] :1:1: Premature end of file.
2026-06-06 18:13:18,681 [ERROR] LogOutputStream:75 - [STDERR_REDIRECT] 
2026-06-06 18:13:19,681 [ERROR] LogOutputStream:75 - [STDERR_REDIRECT] [Fatal Error] :1:1: Premature end of file.
2026-06-06 18:13:19,681 [ERROR] LogOutputStream:75 - [STDERR_REDIRECT] 
2026-06-06 18:13:20,679 [ERROR] LogOutputStream:75 - [STDERR_REDIRECT] [Fatal Error] :1:1: Premature end of file.
2026-06-06 18:13:20,680 [ERROR] LogOutputStream:75 - [STDERR_REDIRECT] 
2026-06-06 18:13:21,686 [ERROR] LogOutputStream:75 - [STDERR_REDIRECT] [Fatal Error] :1:1: Premature end of file.
2026-06-06 18:13:21,686 [ERROR] LogOutputStream:75 - [STDERR_REDIRECT] 
2026-06-06 18:13:22,681 [ERROR] LogOutputStream:75 - [STDERR_REDIRECT] [Fatal Error] :1:1: Premature end of file.
2026-06-06 18:13:22,682 [ERROR] LogOutputStream:75 - [STDERR_REDIRECT] 
2026-06-06 18:13:23,681 [ERROR] LogOutputStream:75 - [STDERR_REDIRECT] [Fatal Error] :1:1: Premature end of file.
2026-06-06 18:13:23,681 [ERROR] LogOutputStream:75 - [STDERR_REDIRECT] 
2026-06-06 18:13:24,680 [ERROR] LogOutputStream:75 - [STDERR_REDIRECT] [Fatal Error] :1:1: Premature end of file.
2026-06-06 18:13:24,680 [ERROR] LogOutputStream:75 - [STDERR_REDIRECT] 
2026-06-06 18:13:25,679 [ERROR] LogOutputStream:75 - [STDERR_REDIRECT] [Fatal Error] :1:1: Premature end of file.
2026-06-06 18:13:25,679 [ERROR] LogOutputStream:75 - [STDERR_REDIRECT] 
2026-06-06 18:13:26,679 [ERROR] LogOutputStream:75 - [STDERR_REDIRECT] [Fatal Error] :1:1: Premature end of file.
2026-06-06 18:13:26,679 [ERROR] LogOutputStream:75 - [STDERR_REDIRECT] 
2026-06-06 18:13:27,680 [ERROR] LogOutputStream:75 - [STDERR_REDIRECT] [Fatal Error] :1:1: Premature end of file.
2026-06-06 18:13:27,680 [ERROR] LogOutputStream:75 - [STDERR_REDIRECT] 
2026-06-06 18:13:28,686 [ERROR] LogOutputStream:75 - [STDERR_REDIRECT] [Fatal Error] :1:1: Premature end of file.
2026-06-06 18:13:28,686 [ERROR] LogOutputStream:75 - [STDERR_REDIRECT] 
2026-06-06 18:13:29,685 [ERROR] LogOutputStream:75 - [STDERR_REDIRECT] [Fatal Error] :1:1: Premature end of file.
2026-06-06 18:13:29,686 [ERROR] LogOutputStream:75 - [STDERR_REDIRECT] 
2026-06-06 18:13:30,680 [ERROR] LogOutputStream:75 - [STDERR_REDIRECT] [Fatal Error] :1:1: Premature end of file.
2026-06-06 18:13:30,680 [ERROR] LogOutputStream:75 - [STDERR_REDIRECT] 
2026-06-06 18:13:31,682 [ERROR] LogOutputStream:75 - [STDERR_REDIRECT] [Fatal Error] :1:1: Premature end of file.
2026-06-06 18:13:31,683 [ERROR] LogOutputStream:75 - [STDERR_REDIRECT] 
2026-06-06 18:13:32,685 [ERROR] LogOutputStream:75 - [STDERR_REDIRECT] [Fatal Error] :1:1: Premature end of file.
2026-06-06 18:13:32,685 [ERROR] LogOutputStream:75 - [STDERR_REDIRECT] 
2026-06-06 18:13:33,683 [ERROR] LogOutputStream:75 - [STDERR_REDIRECT] [Fatal Error] :1:1: Premature end of file.
2026-06-06 18:13:33,683 [ERROR] LogOutputStream:75 - [STDERR_REDIRECT] 
2026-06-06 18:13:34,698 [ERROR] LogOutputStream:75 - [STDERR_REDIRECT] [Fatal Error] :1:1: Premature end of file.
2026-06-06 18:13:34,698 [ERROR] LogOutputStream:75 - [STDERR_REDIRECT] 
2026-06-06 18:13:35,680 [ERROR] LogOutputStream:75 - [STDERR_REDIRECT] [Fatal Error] :1:1: Premature end of file.
2026-06-06 18:13:35,680 [ERROR] LogOutputStream:75 - [STDERR_REDIRECT] 
2026-06-06 18:13:36,680 [ERROR] LogOutputStream:75 - [STDERR_REDIRECT] [Fatal Error] :1:1: Premature end of file.
2026-06-06 18:13:36,681 [ERROR] LogOutputStream:75 - [STDERR_REDIRECT] 
2026-06-06 18:13:37,682 [ERROR] LogOutputStream:75 - [STDERR_REDIRECT] [Fatal Error] :1:1: Premature end of file.
2026-06-06 18:13:37,684 [ERROR] LogOutputStream:75 - [STDERR_REDIRECT] 
2026-06-06 18:13:38,683 [ERROR] LogOutputStream:75 - [STDERR_REDIRECT] [Fatal Error] :1:1: Premature end of file.
2026-06-06 18:13:38,683 [ERROR] LogOutputStream:75 - [STDERR_REDIRECT] 
2026-06-06 18:13:39,682 [ERROR] LogOutputStream:75 - [STDERR_REDIRECT] [Fatal Error] :1:1: Premature end of file.
2026-06-06 18:13:39,682 [ERROR] LogOutputStream:75 - [STDERR_REDIRECT] 
2026-06-06 18:13:40,683 [ERROR] LogOutputStream:75 - [STDERR_REDIRECT] [Fatal Error] :1:1: Premature end of file.
2026-06-06 18:13:40,683 [ERROR] LogOutputStream:75 - [STDERR_REDIRECT] 
2026-06-06 18:13:41,682 [ERROR] LogOutputStream:75 - [STDERR_REDIRECT] [Fatal Error] :1:1: Premature end of file.
2026-06-06 18:13:41,682 [ERROR] LogOutputStream:75 - [STDERR_REDIRECT] 
2026-06-06 18:13:42,681 [ERROR] LogOutputStream:75 - [STDERR_REDIRECT] [Fatal Error] :1:1: Premature end of file.
2026-06-06 18:13:42,681 [ERROR] LogOutputStream:75 - [STDERR_REDIRECT] 
2026-06-06 18:13:43,680 [ERROR] LogOutputStream:75 - [STDERR_REDIRECT] [Fatal Error] :1:1: Premature end of file.
2026-06-06 18:13:43,680 [ERROR] LogOutputStream:75 - [STDERR_REDIRECT] 
2026-06-06 18:13:44,686 [ERROR] LogOutputStream:75 - [STDERR_REDIRECT] [Fatal Error] :1:1: Premature end of file.
2026-06-06 18:13:44,686 [ERROR] LogOutputStream:75 - [STDERR_REDIRECT] 
2026-06-06 18:13:45,682 [ERROR] LogOutputStream:75 - [STDERR_REDIRECT] [Fatal Error] :1:1: Premature end of file.
2026-06-06 18:13:45,682 [ERROR] LogOutputStream:75 - [STDERR_REDIRECT] 
2026-06-06 18:13:46,686 [ERROR] LogOutputStream:75 - [STDERR_REDIRECT] [Fatal Error] :1:1: Premature end of file.
2026-06-06 18:13:46,686 [ERROR] LogOutputStream:75 - [STDERR_REDIRECT] 
2026-06-06 18:13:47,681 [ERROR] LogOutputStream:75 - [STDERR_REDIRECT] [Fatal Error] :1:1: Premature end of file.
2026-06-06 18:13:47,681 [ERROR] LogOutputStream:75 - [STDERR_REDIRECT] 
2026-06-06 18:13:48,687 [ERROR] LogOutputStream:75 - [STDERR_REDIRECT] [Fatal Error] :1:1: Premature end of file.
2026-06-06 18:13:48,688 [ERROR] LogOutputStream:75 - [STDERR_REDIRECT] 
2026-06-06 18:13:49,685 [ERROR] LogOutputStream:75 - [STDERR_REDIRECT] [Fatal Error] :1:1: Premature end of file.
2026-06-06 18:13:49,685 [ERROR] LogOutputStream:75 - [STDERR_REDIRECT] 
2026-06-06 18:13:50,682 [ERROR] LogOutputStream:75 - [STDERR_REDIRECT] [Fatal Error] :1:1: Premature end of file.
2026-06-06 18:13:50,682 [ERROR] LogOutputStream:75 - [STDERR_REDIRECT] 
2026-06-06 18:13:51,682 [ERROR] LogOutputStream:75 - [STDERR_REDIRECT] [Fatal Error] :1:1: Premature end of file.
2026-06-06 18:13:51,682 [ERROR] LogOutputStream:75 - [STDERR_REDIRECT] 
2026-06-06 18:13:52,686 [ERROR] LogOutputStream:75 - [STDERR_REDIRECT] [Fatal Error] :1:1: Premature end of file.
2026-06-06 18:13:52,686 [ERROR] LogOutputStream:75 - [STDERR_REDIRECT] 
2026-06-06 18:13:53,681 [ERROR] LogOutputStream:75 - [STDERR_REDIRECT] [Fatal Error] :1:1: Premature end of file.
2026-06-06 18:13:53,681 [ERROR] LogOutputStream:75 - [STDERR_REDIRECT] 
2026-06-06 18:13:54,684 [ERROR] LogOutputStream:75 - [STDERR_REDIRECT] [Fatal Error] :1:1: Premature end of file.
2026-06-06 18:13:54,684 [ERROR] LogOutputStream:75 - [STDERR_REDIRECT] 
2026-06-06 18:13:55,689 [ERROR] LogOutputStream:75 - [STDERR_REDIRECT] [Fatal Error] :1:1: Premature end of file.
2026-06-06 18:13:55,689 [ERROR] LogOutputStream:75 - [STDERR_REDIRECT] 
2026-06-06 18:13:56,680 [ERROR] LogOutputStream:75 - [STDERR_REDIRECT] [Fatal Error] :1:1: Premature end of file.
2026-06-06 18:13:56,680 [ERROR] LogOutputStream:75 - [STDERR_REDIRECT] 
2026-06-06 18:13:57,692 [ERROR] LogOutputStream:75 - [STDERR_REDIRECT] [Fatal Error] :1:1: Premature end of file.
2026-06-06 18:13:57,692 [ERROR] LogOutputStream:75 - [STDERR_REDIRECT] 
2026-06-06 18:13:58,682 [ERROR] LogOutputStream:75 - [STDERR_REDIRECT] [Fatal Error] :1:1: Premature end of file.
2026-06-06 18:13:58,683 [ERROR] LogOutputStream:75 - [STDERR_REDIRECT] 
2026-06-06 18:13:59,683 [ERROR] LogOutputStream:75 - [STDERR_REDIRECT] [Fatal Error] :1:1: Premature end of file.
2026-06-06 18:13:59,683 [ERROR] LogOutputStream:75 - [STDERR_REDIRECT] 
2026-06-06 18:14:00,681 [ERROR] LogOutputStream:75 - [STDERR_REDIRECT] [Fatal Error] :1:1: Premature end of file.
2026-06-06 18:14:00,681 [ERROR] LogOutputStream:75 - [STDERR_REDIRECT] 
2026-06-06 18:14:01,684 [ERROR] LogOutputStream:75 - [STDERR_REDIRECT] [Fatal Error] :1:1: Premature end of file.
2026-06-06 18:14:01,684 [ERROR] LogOutputStream:75 - [STDERR_REDIRECT] 
2026-06-06 18:14:02,687 [ERROR] LogOutputStream:75 - [STDERR_REDIRECT] [Fatal Error] :1:1: Premature end of file.
2026-06-06 18:14:02,687 [ERROR] LogOutputStream:75 - [STDERR_REDIRECT] 
2026-06-06 18:14:03,682 [ERROR] LogOutputStream:75 - [STDERR_REDIRECT] [Fatal Error] :1:1: Premature end of file.
2026-06-06 18:14:03,682 [ERROR] LogOutputStream:75 - [STDERR_REDIRECT] 
2026-06-06 18:14:04,683 [ERROR] LogOutputStream:75 - [STDERR_REDIRECT] [Fatal Error] :1:1: Premature end of file.
2026-06-06 18:14:04,683 [ERROR] LogOutputStream:75 - [STDERR_REDIRECT] 
2026-06-06 18:14:05,684 [ERROR] LogOutputStream:75 - [STDERR_REDIRECT] [Fatal Error] :1:1: Premature end of file.
2026-06-06 18:14:05,684 [ERROR] LogOutputStream:75 - [STDERR_REDIRECT] 
2026-06-06 18:14:06,687 [ERROR] LogOutputStream:75 - [STDERR_REDIRECT] [Fatal Error] :1:1: Premature end of file.
2026-06-06 18:14:06,687 [ERROR] LogOutputStream:75 - [STDERR_REDIRECT] 
2026-06-06 18:14:07,687 [ERROR] LogOutputStream:75 - [STDERR_REDIRECT] [Fatal Error] :1:1: Premature end of file.
2026-06-06 18:14:07,687 [ERROR] LogOutputStream:75 - [STDERR_REDIRECT] 
2026-06-06 18:14:08,682 [ERROR] LogOutputStream:75 - [STDERR_REDIRECT] [Fatal Error] :1:1: Premature end of file.
2026-06-06 18:14:08,682 [ERROR] LogOutputStream:75 - [STDERR_REDIRECT] 
2026-06-06 18:14:09,685 [ERROR] LogOutputStream:75 - [STDERR_REDIRECT] [Fatal Error] :1:1: Premature end of file.
2026-06-06 18:14:09,685 [ERROR] LogOutputStream:75 - [STDERR_REDIRECT] 
2026-06-06 18:14:10,686 [ERROR] LogOutputStream:75 - [STDERR_REDIRECT] [Fatal Error] :1:1: Premature end of file.
2026-06-06 18:14:10,687 [ERROR] LogOutputStream:75 - [STDERR_REDIRECT] 
2026-06-06 18:14:11,687 [ERROR] LogOutputStream:75 - [STDERR_REDIRECT] [Fatal Error] :1:1: Premature end of file.
2026-06-06 18:14:11,688 [ERROR] LogOutputStream:75 - [STDERR_REDIRECT] 
2026-06-06 18:14:12,689 [ERROR] LogOutputStream:75 - [STDERR_REDIRECT] [Fatal Error] :1:1: Premature end of file.
2026-06-06 18:14:12,689 [ERROR] LogOutputStream:75 - [STDERR_REDIRECT] 
2026-06-06 18:14:13,683 [ERROR] LogOutputStream:75 - [STDERR_REDIRECT] [Fatal Error] :1:1: Premature end of file.
2026-06-06 18:14:13,683 [ERROR] LogOutputStream:75 - [STDERR_REDIRECT] 
2026-06-06 18:14:14,682 [ERROR] LogOutputStream:75 - [STDERR_REDIRECT] [Fatal Error] :1:1: Premature end of file.
2026-06-06 18:14:14,682 [ERROR] LogOutputStream:75 - [STDERR_REDIRECT] 
2026-06-06 18:14:15,685 [ERROR] LogOutputStream:75 - [STDERR_REDIRECT] [Fatal Error] :1:1: Premature end of file.
2026-06-06 18:14:15,685 [ERROR] LogOutputStream:75 - [STDERR_REDIRECT] 
2026-06-06 18:14:16,684 [ERROR] LogOutputStream:75 - [STDERR_REDIRECT] [Fatal Error] :1:1: Premature end of file.
2026-06-06 18:14:16,684 [ERROR] LogOutputStream:75 - [STDERR_REDIRECT] 
2026-06-06 18:14:17,687 [ERROR] LogOutputStream:75 - [STDERR_REDIRECT] [Fatal Error] :1:1: Premature end of file.
2026-06-06 18:14:17,687 [ERROR] LogOutputStream:75 - [STDERR_REDIRECT] 
2026-06-06 18:14:18,682 [ERROR] LogOutputStream:75 - [STDERR_REDIRECT] [Fatal Error] :1:1: Premature end of file.
2026-06-06 18:14:18,682 [ERROR] LogOutputStream:75 - [STDERR_REDIRECT] 
2026-06-06 18:14:19,687 [ERROR] LogOutputStream:75 - [STDERR_REDIRECT] [Fatal Error] :1:1: Premature end of file.
2026-06-06 18:14:19,687 [ERROR] LogOutputStream:75 - [STDERR_REDIRECT] 
2026-06-06 18:14:20,681 [ERROR] LogOutputStream:75 - [STDERR_REDIRECT] [Fatal Error] :1:1: Premature end of file.
2026-06-06 18:14:20,682 [ERROR] LogOutputStream:75 - [STDERR_REDIRECT] 
2026-06-06 18:14:21,681 [ERROR] LogOutputStream:75 - [STDERR_REDIRECT] [Fatal Error] :1:1: Premature end of file.
2026-06-06 18:14:21,682 [ERROR] LogOutputStream:75 - [STDERR_REDIRECT] 
2026-06-06 18:14:22,686 [ERROR] LogOutputStream:75 - [STDERR_REDIRECT] [Fatal Error] :1:1: Premature end of file.
2026-06-06 18:14:22,686 [ERROR] LogOutputStream:75 - [STDERR_REDIRECT] 
2026-06-06 18:14:23,691 [ERROR] LogOutputStream:75 - [STDERR_REDIRECT] [Fatal Error] :1:1: Premature end of file.
2026-06-06 18:14:23,691 [ERROR] LogOutputStream:75 - [STDERR_REDIRECT] 
2026-06-06 18:14:24,685 [ERROR] LogOutputStream:75 - [STDERR_REDIRECT] [Fatal Error] :1:1: Premature end of file.
2026-06-06 18:14:24,685 [ERROR] LogOutputStream:75 - [STDERR_REDIRECT] 
2026-06-06 18:14:25,689 [ERROR] LogOutputStream:75 - [STDERR_REDIRECT] [Fatal Error] :1:1: Premature end of file.
2026-06-06 18:14:25,689 [ERROR] LogOutputStream:75 - [STDERR_REDIRECT] 
2026-06-06 18:14:26,684 [ERROR] LogOutputStream:75 - [STDERR_REDIRECT] [Fatal Error] :1:1: Premature end of file.
2026-06-06 18:14:26,684 [ERROR] LogOutputStream:75 - [STDERR_REDIRECT] 
2026-06-06 18:14:27,686 [ERROR] LogOutputStream:75 - [STDERR_REDIRECT] [Fatal Error] :1:1: Premature end of file.
2026-06-06 18:14:27,686 [ERROR] LogOutputStream:75 - [STDERR_REDIRECT] 
2026-06-06 18:14:28,687 [ERROR] LogOutputStream:75 - [STDERR_REDIRECT] [Fatal Error] :1:1: Premature end of file.
2026-06-06 18:14:28,687 [ERROR] LogOutputStream:75 - [STDERR_REDIRECT] 
2026-06-06 18:14:29,698 [ERROR] LogOutputStream:75 - [STDERR_REDIRECT] [Fatal Error] :1:1: Premature end of file.
2026-06-06 18:14:29,698 [ERROR] LogOutputStream:75 - [STDERR_REDIRECT] 
2026-06-06 18:14:30,687 [ERROR] LogOutputStream:75 - [STDERR_REDIRECT] [Fatal Error] :1:1: Premature end of file.
2026-06-06 18:14:30,687 [ERROR] LogOutputStream:75 - [STDERR_REDIRECT] 
2026-06-06 18:14:31,683 [ERROR] LogOutputStream:75 - [STDERR_REDIRECT] [Fatal Error] :1:1: Premature end of file.
2026-06-06 18:14:31,683 [ERROR] LogOutputStream:75 - [STDERR_REDIRECT] 
2026-06-06 18:14:32,684 [ERROR] LogOutputStream:75 - [STDERR_REDIRECT] [Fatal Error] :1:1: Premature end of file.
2026-06-06 18:14:32,684 [ERROR] LogOutputStream:75 - [STDERR_REDIRECT] 
2026-06-06 18:14:33,689 [ERROR] LogOutputStream:75 - [STDERR_REDIRECT] [Fatal Error] :1:1: Premature end of file.
2026-06-06 18:14:33,689 [ERROR] LogOutputStream:75 - [STDERR_REDIRECT] 
2026-06-06 18:14:34,688 [ERROR] LogOutputStream:75 - [STDERR_REDIRECT] [Fatal Error] :1:1: Premature end of file.
2026-06-06 18:14:34,688 [ERROR] LogOutputStream:75 - [STDERR_REDIRECT] 
2026-06-06 18:14:35,685 [ERROR] LogOutputStream:75 - [STDERR_REDIRECT] [Fatal Error] :1:1: Premature end of file.
2026-06-06 18:14:35,685 [ERROR] LogOutputStream:75 - [STDERR_REDIRECT] 
2026-06-06 18:14:36,688 [ERROR] LogOutputStream:75 - [STDERR_REDIRECT] [Fatal Error] :1:1: Premature end of file.
2026-06-06 18:14:36,688 [ERROR] LogOutputStream:75 - [STDERR_REDIRECT] 
2026-06-06 18:14:37,684 [ERROR] LogOutputStream:75 - [STDERR_REDIRECT] [Fatal Error] :1:1: Premature end of file.
2026-06-06 18:14:37,685 [ERROR] LogOutputStream:75 - [STDERR_REDIRECT] 
2026-06-06 18:14:38,686 [ERROR] LogOutputStream:75 - [STDERR_REDIRECT] [Fatal Error] :1:1: Premature end of file.
2026-06-06 18:14:38,686 [ERROR] LogOutputStream:75 - [STDERR_REDIRECT] 
2026-06-06 18:14:39,684 [ERROR] LogOutputStream:75 - [STDERR_REDIRECT] [Fatal Error] :1:1: Premature end of file.
2026-06-06 18:14:39,684 [ERROR] LogOutputStream:75 - [STDERR_REDIRECT] 
2026-06-06 18:14:40,685 [ERROR] LogOutputStream:75 - [STDERR_REDIRECT] [Fatal Error] :1:1: Premature end of file.
2026-06-06 18:14:40,686 [ERROR] LogOutputStream:75 - [STDERR_REDIRECT] 
2026-06-06 18:14:41,685 [ERROR] LogOutputStream:75 - [STDERR_REDIRECT] [Fatal Error] :1:1: Premature end of file.
2026-06-06 18:14:41,685 [ERROR] LogOutputStream:75 - [STDERR_REDIRECT] 
2026-06-06 18:14:42,686 [ERROR] LogOutputStream:75 - [STDERR_REDIRECT] [Fatal Error] :1:1: Premature end of file.
2026-06-06 18:14:42,686 [ERROR] LogOutputStream:75 - [STDERR_REDIRECT] 
2026-06-06 18:14:43,685 [ERROR] LogOutputStream:75 - [STDERR_REDIRECT] [Fatal Error] :1:1: Premature end of file.
2026-06-06 18:14:43,685 [ERROR] LogOutputStream:75 - [STDERR_REDIRECT] 
2026-06-06 18:14:44,689 [ERROR] LogOutputStream:75 - [STDERR_REDIRECT] [Fatal Error] :1:1: Premature end of file.
2026-06-06 18:14:44,689 [ERROR] LogOutputStream:75 - [STDERR_REDIRECT] 
2026-06-06 18:14:45,698 [ERROR] LogOutputStream:75 - [STDERR_REDIRECT] [Fatal Error] :1:1: Premature end of file.
2026-06-06 18:14:45,698 [ERROR] LogOutputStream:75 - [STDERR_REDIRECT] 
2026-06-06 18:14:46,683 [ERROR] LogOutputStream:75 - [STDERR_REDIRECT] [Fatal Error] :1:1: Premature end of file.
2026-06-06 18:14:46,684 [ERROR] LogOutputStream:75 - [STDERR_REDIRECT] 
2026-06-06 18:14:47,690 [ERROR] LogOutputStream:75 - [STDERR_REDIRECT] [Fatal Error] :1:1: Premature end of file.
2026-06-06 18:14:47,690 [ERROR] LogOutputStream:75 - [STDERR_REDIRECT] 
2026-06-06 18:14:48,682 [ERROR] LogOutputStream:75 - [STDERR_REDIRECT] [Fatal Error] :1:1: Premature end of file.
2026-06-06 18:14:48,682 [ERROR] LogOutputStream:75 - [STDERR_REDIRECT] 
2026-06-06 18:14:49,687 [ERROR] LogOutputStream:75 - [STDERR_REDIRECT] [Fatal Error] :1:1: Premature end of file.
2026-06-06 18:14:49,687 [ERROR] LogOutputStream:75 - [STDERR_REDIRECT] 
2026-06-06 18:14:50,680 [ERROR] LogOutputStream:75 - [STDERR_REDIRECT] [Fatal Error] :1:1: Premature end of file.
2026-06-06 18:14:50,680 [ERROR] LogOutputStream:75 - [STDERR_REDIRECT] 
2026-06-06 18:14:51,685 [ERROR] LogOutputStream:75 - [STDERR_REDIRECT] [Fatal Error] :1:1: Premature end of file.
2026-06-06 18:14:51,686 [ERROR] LogOutputStream:75 - [STDERR_REDIRECT] 
2026-06-06 18:14:52,687 [ERROR] LogOutputStream:75 - [STDERR_REDIRECT] [Fatal Error] :1:1: Premature end of file.
2026-06-06 18:14:52,688 [ERROR] LogOutputStream:75 - [STDERR_REDIRECT] 
2026-06-06 18:14:53,696 [ERROR] LogOutputStream:75 - [STDERR_REDIRECT] [Fatal Error] :1:1: Premature end of file.
2026-06-06 18:14:53,696 [ERROR] LogOutputStream:75 - [STDERR_REDIRECT] 
2026-06-06 18:14:54,684 [ERROR] LogOutputStream:75 - [STDERR_REDIRECT] [Fatal Error] :1:1: Premature end of file.
2026-06-06 18:14:54,684 [ERROR] LogOutputStream:75 - [STDERR_REDIRECT] 
2026-06-06 18:14:55,703 [ERROR] LogOutputStream:75 - [STDERR_REDIRECT] [Fatal Error] :1:1: Premature end of file.
2026-06-06 18:14:55,703 [ERROR] LogOutputStream:75 - [STDERR_REDIRECT] 
2026-06-06 18:14:56,682 [ERROR] LogOutputStream:75 - [STDERR_REDIRECT] [Fatal Error] :1:1: Premature end of file.
2026-06-06 18:14:56,682 [ERROR] LogOutputStream:75 - [STDERR_REDIRECT] 
2026-06-06 18:14:57,684 [ERROR] LogOutputStream:75 - [STDERR_REDIRECT] [Fatal Error] :1:1: Premature end of file.
2026-06-06 18:14:57,684 [ERROR] LogOutputStream:75 - [STDERR_REDIRECT] 
2026-06-06 18:14:58,680 [ERROR] LogOutputStream:75 - [STDERR_REDIRECT] [Fatal Error] :1:1: Premature end of file.
2026-06-06 18:14:58,681 [ERROR] LogOutputStream:75 - [STDERR_REDIRECT] 
2026-06-06 18:14:59,686 [ERROR] LogOutputStream:75 - [STDERR_REDIRECT] [Fatal Error] :1:1: Premature end of file.
2026-06-06 18:14:59,687 [ERROR] LogOutputStream:75 - [STDERR_REDIRECT] 
2026-06-06 18:15:00,684 [ERROR] LogOutputStream:75 - [STDERR_REDIRECT] [Fatal Error] :1:1: Premature end of file.
2026-06-06 18:15:00,684 [ERROR] LogOutputStream:75 - [STDERR_REDIRECT] 
2026-06-06 18:15:01,684 [ERROR] LogOutputStream:75 - [STDERR_REDIRECT] [Fatal Error] :1:1: Premature end of file.
2026-06-06 18:15:01,684 [ERROR] LogOutputStream:75 - [STDERR_REDIRECT] 
2026-06-06 18:15:02,684 [ERROR] LogOutputStream:75 - [STDERR_REDIRECT] [Fatal Error] :1:1: Premature end of file.
2026-06-06 18:15:02,684 [ERROR] LogOutputStream:75 - [STDERR_REDIRECT] 
2026-06-06 18:15:03,683 [ERROR] LogOutputStream:75 - [STDERR_REDIRECT] [Fatal Error] :1:1: Premature end of file.
2026-06-06 18:15:03,683 [ERROR] LogOutputStream:75 - [STDERR_REDIRECT] 
2026-06-06 18:15:04,685 [ERROR] LogOutputStream:75 - [STDERR_REDIRECT] [Fatal Error] :1:1: Premature end of file.
2026-06-06 18:15:04,685 [ERROR] LogOutputStream:75 - [STDERR_REDIRECT] 
2026-06-06 18:15:05,680 [ERROR] LogOutputStream:75 - [STDERR_REDIRECT] [Fatal Error] :1:1: Premature end of file.
2026-06-06 18:15:05,681 [ERROR] LogOutputStream:75 - [STDERR_REDIRECT] 
2026-06-06 18:15:06,679 [ERROR] LogOutputStream:75 - [STDERR_REDIRECT] [Fatal Error] :1:1: Premature end of file.
2026-06-06 18:15:06,679 [ERROR] LogOutputStream:75 - [STDERR_REDIRECT] 
2026-06-06 18:15:07,683 [ERROR] LogOutputStream:75 - [STDERR_REDIRECT] [Fatal Error] :1:1: Premature end of file.
2026-06-06 18:15:07,683 [ERROR] LogOutputStream:75 - [STDERR_REDIRECT] 
2026-06-06 18:15:08,680 [ERROR] LogOutputStream:75 - [STDERR_REDIRECT] [Fatal Error] :1:1: Premature end of file.
2026-06-06 18:15:08,680 [ERROR] LogOutputStream:75 - [STDERR_REDIRECT] 
2026-06-06 18:15:09,682 [ERROR] LogOutputStream:75 - [STDERR_REDIRECT] [Fatal Error] :1:1: Premature end of file.
2026-06-06 18:15:09,682 [ERROR] LogOutputStream:75 - [STDERR_REDIRECT] 
2026-06-06 18:15:10,679 [ERROR] LogOutputStream:75 - [STDERR_REDIRECT] [Fatal Error] :1:1: Premature end of file.
2026-06-06 18:15:10,679 [ERROR] LogOutputStream:75 - [STDERR_REDIRECT] 
2026-06-06 18:15:11,680 [ERROR] LogOutputStream:75 - [STDERR_REDIRECT] [Fatal Error] :1:1: Premature end of file.
2026-06-06 18:15:11,680 [ERROR] LogOutputStream:75 - [STDERR_REDIRECT] 
2026-06-06 18:15:12,682 [ERROR] LogOutputStream:75 - [STDERR_REDIRECT] [Fatal Error] :1:1: Premature end of file.
2026-06-06 18:15:12,682 [ERROR] LogOutputStream:75 - [STDERR_REDIRECT] 
2026-06-06 18:15:13,685 [ERROR] LogOutputStream:75 - [STDERR_REDIRECT] [Fatal Error] :1:1: Premature end of file.
2026-06-06 18:15:13,685 [ERROR] LogOutputStream:75 - [STDERR_REDIRECT] 
2026-06-06 18:15:14,682 [ERROR] LogOutputStream:75 - [STDERR_REDIRECT] [Fatal Error] :1:1: Premature end of file.
2026-06-06 18:15:14,682 [ERROR] LogOutputStream:75 - [STDERR_REDIRECT] 
2026-06-06 18:15:15,687 [ERROR] LogOutputStream:75 - [STDERR_REDIRECT] [Fatal Error] :1:1: Premature end of file.
2026-06-06 18:15:15,687 [ERROR] LogOutputStream:75 - [STDERR_REDIRECT] 
2026-06-06 18:15:16,682 [ERROR] LogOutputStream:75 - [STDERR_REDIRECT] [Fatal Error] :1:1: Premature end of file.
2026-06-06 18:15:16,682 [ERROR] LogOutputStream:75 - [STDERR_REDIRECT] 
2026-06-06 18:15:17,682 [ERROR] LogOutputStream:75 - [STDERR_REDIRECT] [Fatal Error] :1:1: Premature end of file.
2026-06-06 18:15:17,682 [ERROR] LogOutputStream:75 - [STDERR_REDIRECT] 
2026-06-06 18:15:18,682 [ERROR] LogOutputStream:75 - [STDERR_REDIRECT] [Fatal Error] :1:1: Premature end of file.
2026-06-06 18:15:18,682 [ERROR] LogOutputStream:75 - [STDERR_REDIRECT] 
2026-06-06 18:15:19,683 [ERROR] LogOutputStream:75 - [STDERR_REDIRECT] [Fatal Error] :1:1: Premature end of file.
2026-06-06 18:15:19,683 [ERROR] LogOutputStream:75 - [STDERR_REDIRECT] 
2026-06-06 18:15:20,680 [ERROR] LogOutputStream:75 - [STDERR_REDIRECT] [Fatal Error] :1:1: Premature end of file.
2026-06-06 18:15:20,680 [ERROR] LogOutputStream:75 - [STDERR_REDIRECT] 
2026-06-06 18:15:21,686 [ERROR] LogOutputStream:75 - [STDERR_REDIRECT] [Fatal Error] :1:1: Premature end of file.
2026-06-06 18:15:21,686 [ERROR] LogOutputStream:75 - [STDERR_REDIRECT] 
2026-06-06 18:15:22,680 [ERROR] LogOutputStream:75 - [STDERR_REDIRECT] [Fatal Error] :1:1: Premature end of file.
2026-06-06 18:15:22,680 [ERROR] LogOutputStream:75 - [STDERR_REDIRECT] 
2026-06-06 18:15:23,681 [ERROR] LogOutputStream:75 - [STDERR_REDIRECT] [Fatal Error] :1:1: Premature end of file.
2026-06-06 18:15:23,681 [ERROR] LogOutputStream:75 - [STDERR_REDIRECT] 
2026-06-06 18:15:24,680 [ERROR] LogOutputStream:75 - [STDERR_REDIRECT] [Fatal Error] :1:1: Premature end of file.
2026-06-06 18:15:24,680 [ERROR] LogOutputStream:75 - [STDERR_REDIRECT] 
2026-06-06 18:15:25,681 [ERROR] LogOutputStream:75 - [STDERR_REDIRECT] [Fatal Error] :1:1: Premature end of file.
2026-06-06 18:15:25,681 [ERROR] LogOutputStream:75 - [STDERR_REDIRECT] 
2026-06-06 18:15:26,682 [ERROR] LogOutputStream:75 - [STDERR_REDIRECT] [Fatal Error] :1:1: Premature end of file.
2026-06-06 18:15:26,682 [ERROR] LogOutputStream:75 - [STDERR_REDIRECT] 
2026-06-06 18:15:27,679 [ERROR] LogOutputStream:75 - [STDERR_REDIRECT] [Fatal Error] :1:1: Premature end of file.
2026-06-06 18:15:27,679 [ERROR] LogOutputStream:75 - [STDERR_REDIRECT] 
2026-06-06 18:15:28,681 [ERROR] LogOutputStream:75 - [STDERR_REDIRECT] [Fatal Error] :1:1: Premature end of file.
2026-06-06 18:15:28,681 [ERROR] LogOutputStream:75 - [STDERR_REDIRECT] 
2026-06-06 18:15:29,681 [ERROR] LogOutputStream:75 - [STDERR_REDIRECT] [Fatal Error] :1:1: Premature end of file.
2026-06-06 18:15:29,681 [ERROR] LogOutputStream:75 - [STDERR_REDIRECT] 
2026-06-06 18:15:30,680 [ERROR] LogOutputStream:75 - [STDERR_REDIRECT] [Fatal Error] :1:1: Premature end of file.
2026-06-06 18:15:30,681 [ERROR] LogOutputStream:75 - [STDERR_REDIRECT] 
2026-06-06 18:15:31,682 [ERROR] LogOutputStream:75 - [STDERR_REDIRECT] [Fatal Error] :1:1: Premature end of file.
2026-06-06 18:15:31,682 [ERROR] LogOutputStream:75 - [STDERR_REDIRECT] 
2026-06-06 18:15:32,680 [ERROR] LogOutputStream:75 - [STDERR_REDIRECT] [Fatal Error] :1:1: Premature end of file.
2026-06-06 18:15:32,680 [ERROR] LogOutputStream:75 - [STDERR_REDIRECT] 
2026-06-06 18:15:33,682 [ERROR] LogOutputStream:75 - [STDERR_REDIRECT] [Fatal Error] :1:1: Premature end of file.
2026-06-06 18:15:33,682 [ERROR] LogOutputStream:75 - [STDERR_REDIRECT] 
2026-06-06 18:15:34,681 [ERROR] LogOutputStream:75 - [STDERR_REDIRECT] [Fatal Error] :1:1: Premature end of file.
2026-06-06 18:15:34,681 [ERROR] LogOutputStream:75 - [STDERR_REDIRECT] 
2026-06-06 18:15:35,679 [ERROR] LogOutputStream:75 - [STDERR_REDIRECT] [Fatal Error] :1:1: Premature end of file.
2026-06-06 18:15:35,679 [ERROR] LogOutputStream:75 - [STDERR_REDIRECT] 
2026-06-06 18:15:36,680 [ERROR] LogOutputStream:75 - [STDERR_REDIRECT] [Fatal Error] :1:1: Premature end of file.
2026-06-06 18:15:36,680 [ERROR] LogOutputStream:75 - [STDERR_REDIRECT] 
2026-06-06 18:15:37,680 [ERROR] LogOutputStream:75 - [STDERR_REDIRECT] [Fatal Error] :1:1: Premature end of file.
2026-06-06 18:15:37,681 [ERROR] LogOutputStream:75 - [STDERR_REDIRECT] 
2026-06-06 18:15:38,681 [ERROR] LogOutputStream:75 - [STDERR_REDIRECT] [Fatal Error] :1:1: Premature end of file.
2026-06-06 18:15:38,681 [ERROR] LogOutputStream:75 - [STDERR_REDIRECT] 
2026-06-06 18:15:39,679 [ERROR] LogOutputStream:75 - [STDERR_REDIRECT] [Fatal Error] :1:1: Premature end of file.
2026-06-06 18:15:39,679 [ERROR] LogOutputStream:75 - [STDERR_REDIRECT] 
2026-06-06 18:15:40,680 [ERROR] LogOutputStream:75 - [STDERR_REDIRECT] [Fatal Error] :1:1: Premature end of file.
2026-06-06 18:15:40,681 [ERROR] LogOutputStream:75 - [STDERR_REDIRECT] 
2026-06-06 18:15:41,683 [ERROR] LogOutputStream:75 - [STDERR_REDIRECT] [Fatal Error] :1:1: Premature end of file.
2026-06-06 18:15:41,683 [ERROR] LogOutputStream:75 - [STDERR_REDIRECT] 
2026-06-06 18:15:42,679 [ERROR] LogOutputStream:75 - [STDERR_REDIRECT] [Fatal Error] :1:1: Premature end of file.
2026-06-06 18:15:42,679 [ERROR] LogOutputStream:75 - [STDERR_REDIRECT] 
2026-06-06 18:15:43,679 [ERROR] LogOutputStream:75 - [STDERR_REDIRECT] [Fatal Error] :1:1: Premature end of file.
2026-06-06 18:15:43,679 [ERROR] LogOutputStream:75 - [STDERR_REDIRECT] 
2026-06-06 18:15:44,682 [ERROR] LogOutputStream:75 - [STDERR_REDIRECT] [Fatal Error] :1:1: Premature end of file.
2026-06-06 18:15:44,684 [ERROR] LogOutputStream:75 - [STDERR_REDIRECT] 
2026-06-06 18:15:45,682 [ERROR] LogOutputStream:75 - [STDERR_REDIRECT] [Fatal Error] :1:1: Premature end of file.
2026-06-06 18:15:45,682 [ERROR] LogOutputStream:75 - [STDERR_REDIRECT] 
2026-06-06 18:15:46,680 [ERROR] LogOutputStream:75 - [STDERR_REDIRECT] [Fatal Error] :1:1: Premature end of file.
2026-06-06 18:15:46,680 [ERROR] LogOutputStream:75 - [STDERR_REDIRECT] 
2026-06-06 18:15:47,680 [ERROR] LogOutputStream:75 - [STDERR_REDIRECT] [Fatal Error] :1:1: Premature end of file.
2026-06-06 18:15:47,681 [ERROR] LogOutputStream:75 - [STDERR_REDIRECT] 
2026-06-06 18:15:48,682 [ERROR] LogOutputStream:75 - [STDERR_REDIRECT] [Fatal Error] :1:1: Premature end of file.
2026-06-06 18:15:48,682 [ERROR] LogOutputStream:75 - [STDERR_REDIRECT] 
2026-06-06 18:15:49,681 [ERROR] LogOutputStream:75 - [STDERR_REDIRECT] [Fatal Error] :1:1: Premature end of file.
2026-06-06 18:15:49,681 [ERROR] LogOutputStream:75 - [STDERR_REDIRECT] 
2026-06-06 18:15:50,679 [ERROR] LogOutputStream:75 - [STDERR_REDIRECT] [Fatal Error] :1:1: Premature end of file.
2026-06-06 18:15:50,679 [ERROR] LogOutputStream:75 - [STDERR_REDIRECT] 
2026-06-06 18:15:51,680 [ERROR] LogOutputStream:75 - [STDERR_REDIRECT] [Fatal Error] :1:1: Premature end of file.
2026-06-06 18:15:51,680 [ERROR] LogOutputStream:75 - [STDERR_REDIRECT] 
2026-06-06 18:15:52,688 [ERROR] LogOutputStream:75 - [STDERR_REDIRECT] [Fatal Error] :1:1: Premature end of file.
2026-06-06 18:15:52,688 [ERROR] LogOutputStream:75 - [STDERR_REDIRECT] 
2026-06-06 18:15:53,682 [ERROR] LogOutputStream:75 - [STDERR_REDIRECT] [Fatal Error] :1:1: Premature end of file.
2026-06-06 18:15:53,682 [ERROR] LogOutputStream:75 - [STDERR_REDIRECT] 
2026-06-06 18:15:54,681 [ERROR] LogOutputStream:75 - [STDERR_REDIRECT] [Fatal Error] :1:1: Premature end of file.
2026-06-06 18:15:54,681 [ERROR] LogOutputStream:75 - [STDERR_REDIRECT] 
2026-06-06 18:15:55,685 [ERROR] LogOutputStream:75 - [STDERR_REDIRECT] [Fatal Error] :1:1: Premature end of file.
2026-06-06 18:15:55,685 [ERROR] LogOutputStream:75 - [STDERR_REDIRECT] 
2026-06-06 18:15:56,683 [ERROR] LogOutputStream:75 - [STDERR_REDIRECT] [Fatal Error] :1:1: Premature end of file.
2026-06-06 18:15:56,683 [ERROR] LogOutputStream:75 - [STDERR_REDIRECT] 
2026-06-06 18:15:57,680 [ERROR] LogOutputStream:75 - [STDERR_REDIRECT] [Fatal Error] :1:1: Premature end of file.
2026-06-06 18:15:57,680 [ERROR] LogOutputStream:75 - [STDERR_REDIRECT] 
2026-06-06 18:15:58,679 [ERROR] LogOutputStream:75 - [STDERR_REDIRECT] [Fatal Error] :1:1: Premature end of file.
2026-06-06 18:15:58,679 [ERROR] LogOutputStream:75 - [STDERR_REDIRECT] 
2026-06-06 18:15:59,682 [ERROR] LogOutputStream:75 - [STDERR_REDIRECT] [Fatal Error] :1:1: Premature end of file.
2026-06-06 18:15:59,682 [ERROR] LogOutputStream:75 - [STDERR_REDIRECT] 
2026-06-06 18:16:00,684 [ERROR] LogOutputStream:75 - [STDERR_REDIRECT] [Fatal Error] :1:1: Premature end of file.
2026-06-06 18:16:00,684 [ERROR] LogOutputStream:75 - [STDERR_REDIRECT] 
2026-06-06 18:16:01,680 [ERROR] LogOutputStream:75 - [STDERR_REDIRECT] [Fatal Error] :1:1: Premature end of file.
2026-06-06 18:16:01,680 [ERROR] LogOutputStream:75 - [STDERR_REDIRECT] 
2026-06-06 18:16:02,681 [ERROR] LogOutputStream:75 - [STDERR_REDIRECT] [Fatal Error] :1:1: Premature end of file.
2026-06-06 18:16:02,681 [ERROR] LogOutputStream:75 - [STDERR_REDIRECT] 
2026-06-06 18:16:03,681 [ERROR] LogOutputStream:75 - [STDERR_REDIRECT] [Fatal Error] :1:1: Premature end of file.
2026-06-06 18:16:03,681 [ERROR] LogOutputStream:75 - [STDERR_REDIRECT] 
2026-06-06 18:16:04,685 [ERROR] LogOutputStream:75 - [STDERR_REDIRECT] [Fatal Error] :1:1: Premature end of file.
2026-06-06 18:16:04,685 [ERROR] LogOutputStream:75 - [STDERR_REDIRECT] 
2026-06-06 18:16:05,681 [ERROR] LogOutputStream:75 - [STDERR_REDIRECT] [Fatal Error] :1:1: Premature end of file.
2026-06-06 18:16:05,681 [ERROR] LogOutputStream:75 - [STDERR_REDIRECT] 
2026-06-06 18:16:06,683 [ERROR] LogOutputStream:75 - [STDERR_REDIRECT] [Fatal Error] :1:1: Premature end of file.
2026-06-06 18:16:06,683 [ERROR] LogOutputStream:75 - [STDERR_REDIRECT] 
2026-06-06 18:16:07,679 [ERROR] LogOutputStream:75 - [STDERR_REDIRECT] [Fatal Error] :1:1: Premature end of file.
2026-06-06 18:16:07,679 [ERROR] LogOutputStream:75 - [STDERR_REDIRECT] 
2026-06-06 18:16:08,683 [ERROR] LogOutputStream:75 - [STDERR_REDIRECT] [Fatal Error] :1:1: Premature end of file.
2026-06-06 18:16:08,683 [ERROR] LogOutputStream:75 - [STDERR_REDIRECT] 
2026-06-06 18:16:09,681 [ERROR] LogOutputStream:75 - [STDERR_REDIRECT] [Fatal Error] :1:1: Premature end of file.
2026-06-06 18:16:09,681 [ERROR] LogOutputStream:75 - [STDERR_REDIRECT] 
2026-06-06 18:16:10,682 [ERROR] LogOutputStream:75 - [STDERR_REDIRECT] [Fatal Error] :1:1: Premature end of file.
2026-06-06 18:16:10,682 [ERROR] LogOutputStream:75 - [STDERR_REDIRECT] 
2026-06-06 18:16:11,680 [ERROR] LogOutputStream:75 - [STDERR_REDIRECT] [Fatal Error] :1:1: Premature end of file.
2026-06-06 18:16:11,680 [ERROR] LogOutputStream:75 - [STDERR_REDIRECT] 
2026-06-06 18:16:12,680 [ERROR] LogOutputStream:75 - [STDERR_REDIRECT] [Fatal Error] :1:1: Premature end of file.
2026-06-06 18:16:12,680 [ERROR] LogOutputStream:75 - [STDERR_REDIRECT] 
2026-06-06 18:16:13,681 [ERROR] LogOutputStream:75 - [STDERR_REDIRECT] [Fatal Error] :1:1: Premature end of file.
2026-06-06 18:16:13,682 [ERROR] LogOutputStream:75 - [STDERR_REDIRECT] 
2026-06-06 18:16:14,687 [ERROR] LogOutputStream:75 - [STDERR_REDIRECT] [Fatal Error] :1:1: Premature end of file.
2026-06-06 18:16:14,687 [ERROR] LogOutputStream:75 - [STDERR_REDIRECT] 
2026-06-06 18:16:15,681 [ERROR] LogOutputStream:75 - [STDERR_REDIRECT] [Fatal Error] :1:1: Premature end of file.
2026-06-06 18:16:15,681 [ERROR] LogOutputStream:75 - [STDERR_REDIRECT] 
2026-06-06 18:16:16,680 [ERROR] LogOutputStream:75 - [STDERR_REDIRECT] [Fatal Error] :1:1: Premature end of file.
2026-06-06 18:16:16,681 [ERROR] LogOutputStream:75 - [STDERR_REDIRECT] 
2026-06-06 18:16:17,682 [ERROR] LogOutputStream:75 - [STDERR_REDIRECT] [Fatal Error] :1:1: Premature end of file.
2026-06-06 18:16:17,682 [ERROR] LogOutputStream:75 - [STDERR_REDIRECT] 
2026-06-06 18:16:18,680 [ERROR] LogOutputStream:75 - [STDERR_REDIRECT] [Fatal Error] :1:1: Premature end of file.
2026-06-06 18:16:18,680 [ERROR] LogOutputStream:75 - [STDERR_REDIRECT] 
2026-06-06 18:16:19,681 [ERROR] LogOutputStream:75 - [STDERR_REDIRECT] [Fatal Error] :1:1: Premature end of file.
2026-06-06 18:16:19,681 [ERROR] LogOutputStream:75 - [STDERR_REDIRECT] 
2026-06-06 18:16:20,680 [ERROR] LogOutputStream:75 - [STDERR_REDIRECT] [Fatal Error] :1:1: Premature end of file.
2026-06-06 18:16:20,680 [ERROR] LogOutputStream:75 - [STDERR_REDIRECT] 
2026-06-06 18:16:21,685 [ERROR] LogOutputStream:75 - [STDERR_REDIRECT] [Fatal Error] :1:1: Premature end of file.
2026-06-06 18:16:21,685 [ERROR] LogOutputStream:75 - [STDERR_REDIRECT] 
2026-06-06 18:16:22,680 [ERROR] LogOutputStream:75 - [STDERR_REDIRECT] [Fatal Error] :1:1: Premature end of file.
2026-06-06 18:16:22,680 [ERROR] LogOutputStream:75 - [STDERR_REDIRECT] 
2026-06-06 18:16:23,681 [ERROR] LogOutputStream:75 - [STDERR_REDIRECT] [Fatal Error] :1:1: Premature end of file.
2026-06-06 18:16:23,681 [ERROR] LogOutputStream:75 - [STDERR_REDIRECT] 
2026-06-06 18:16:24,679 [ERROR] LogOutputStream:75 - [STDERR_REDIRECT] [Fatal Error] :1:1: Premature end of file.
2026-06-06 18:16:24,679 [ERROR] LogOutputStream:75 - [STDERR_REDIRECT] 
2026-06-06 18:16:25,680 [ERROR] LogOutputStream:75 - [STDERR_REDIRECT] [Fatal Error] :1:1: Premature end of file.
2026-06-06 18:16:25,680 [ERROR] LogOutputStream:75 - [STDERR_REDIRECT] 
2026-06-06 18:16:26,681 [ERROR] LogOutputStream:75 - [STDERR_REDIRECT] [Fatal Error] :1:1: Premature end of file.
2026-06-06 18:16:26,681 [ERROR] LogOutputStream:75 - [STDERR_REDIRECT] 
2026-06-06 18:16:27,682 [ERROR] LogOutputStream:75 - [STDERR_REDIRECT] [Fatal Error] :1:1: Premature end of file.
2026-06-06 18:16:27,682 [ERROR] LogOutputStream:75 - [STDERR_REDIRECT] 
2026-06-06 18:16:28,681 [ERROR] LogOutputStream:75 - [STDERR_REDIRECT] [Fatal Error] :1:1: Premature end of file.
2026-06-06 18:16:28,681 [ERROR] LogOutputStream:75 - [STDERR_REDIRECT] 
2026-06-06 18:16:29,680 [ERROR] LogOutputStream:75 - [STDERR_REDIRECT] [Fatal Error] :1:1: Premature end of file.
2026-06-06 18:16:29,680 [ERROR] LogOutputStream:75 - [STDERR_REDIRECT] 
2026-06-06 18:16:30,697 [ERROR] LogOutputStream:75 - [STDERR_REDIRECT] [Fatal Error] :1:1: Premature end of file.
2026-06-06 18:16:30,697 [ERROR] LogOutputStream:75 - [STDERR_REDIRECT] 
2026-06-06 18:16:31,682 [ERROR] LogOutputStream:75 - [STDERR_REDIRECT] [Fatal Error] :1:1: Premature end of file.
2026-06-06 18:16:31,682 [ERROR] LogOutputStream:75 - [STDERR_REDIRECT] 
2026-06-06 18:16:32,681 [ERROR] LogOutputStream:75 - [STDERR_REDIRECT] [Fatal Error] :1:1: Premature end of file.
2026-06-06 18:16:32,681 [ERROR] LogOutputStream:75 - [STDERR_REDIRECT] 
2026-06-06 18:16:33,680 [ERROR] LogOutputStream:75 - [STDERR_REDIRECT] [Fatal Error] :1:1: Premature end of file.
2026-06-06 18:16:33,681 [ERROR] LogOutputStream:75 - [STDERR_REDIRECT] 
2026-06-06 18:16:34,686 [ERROR] LogOutputStream:75 - [STDERR_REDIRECT] [Fatal Error] :1:1: Premature end of file.
2026-06-06 18:16:34,686 [ERROR] LogOutputStream:75 - [STDERR_REDIRECT] 
2026-06-06 18:16:35,685 [ERROR] LogOutputStream:75 - [STDERR_REDIRECT] [Fatal Error] :1:1: Premature end of file.
2026-06-06 18:16:35,685 [ERROR] LogOutputStream:75 - [STDERR_REDIRECT] 
2026-06-06 18:16:36,680 [ERROR] LogOutputStream:75 - [STDERR_REDIRECT] [Fatal Error] :1:1: Premature end of file.
2026-06-06 18:16:36,680 [ERROR] LogOutputStream:75 - [STDERR_REDIRECT] 
2026-06-06 18:16:37,679 [ERROR] LogOutputStream:75 - [STDERR_REDIRECT] [Fatal Error] :1:1: Premature end of file.
2026-06-06 18:16:37,679 [ERROR] LogOutputStream:75 - [STDERR_REDIRECT] 
2026-06-06 18:16:38,679 [ERROR] LogOutputStream:75 - [STDERR_REDIRECT] [Fatal Error] :1:1: Premature end of file.
2026-06-06 18:16:38,679 [ERROR] LogOutputStream:75 - [STDERR_REDIRECT] 
2026-06-06 18:16:39,679 [ERROR] LogOutputStream:75 - [STDERR_REDIRECT] [Fatal Error] :1:1: Premature end of file.
2026-06-06 18:16:39,679 [ERROR] LogOutputStream:75 - [STDERR_REDIRECT] 
2026-06-06 18:16:40,683 [ERROR] LogOutputStream:75 - [STDERR_REDIRECT] [Fatal Error] :1:1: Premature end of file.
2026-06-06 18:16:40,683 [ERROR] LogOutputStream:75 - [STDERR_REDIRECT] 
2026-06-06 18:16:41,680 [ERROR] LogOutputStream:75 - [STDERR_REDIRECT] [Fatal Error] :1:1: Premature end of file.
2026-06-06 18:16:41,680 [ERROR] LogOutputStream:75 - [STDERR_REDIRECT] 
2026-06-06 18:16:42,681 [ERROR] LogOutputStream:75 - [STDERR_REDIRECT] [Fatal Error] :1:1: Premature end of file.
2026-06-06 18:16:42,682 [ERROR] LogOutputStream:75 - [STDERR_REDIRECT] 
2026-06-06 18:16:43,708 [ERROR] LogOutputStream:75 - [STDERR_REDIRECT] [Fatal Error] :1:1: Premature end of file.
2026-06-06 18:16:43,708 [ERROR] LogOutputStream:75 - [STDERR_REDIRECT] 
2026-06-06 18:16:44,688 [ERROR] LogOutputStream:75 - [STDERR_REDIRECT] [Fatal Error] :1:1: Premature end of file.
2026-06-06 18:16:44,688 [ERROR] LogOutputStream:75 - [STDERR_REDIRECT] 
2026-06-06 18:16:45,681 [ERROR] LogOutputStream:75 - [STDERR_REDIRECT] [Fatal Error] :1:1: Premature end of file.
2026-06-06 18:16:45,681 [ERROR] LogOutputStream:75 - [STDERR_REDIRECT] 
2026-06-06 18:16:46,681 [ERROR] LogOutputStream:75 - [STDERR_REDIRECT] [Fatal Error] :1:1: Premature end of file.
2026-06-06 18:16:46,681 [ERROR] LogOutputStream:75 - [STDERR_REDIRECT] 
2026-06-06 18:16:47,681 [ERROR] LogOutputStream:75 - [STDERR_REDIRECT] [Fatal Error] :1:1: Premature end of file.
2026-06-06 18:16:47,681 [ERROR] LogOutputStream:75 - [STDERR_REDIRECT] 
2026-06-06 18:16:48,685 [ERROR] LogOutputStream:75 - [STDERR_REDIRECT] [Fatal Error] :1:1: Premature end of file.
2026-06-06 18:16:48,685 [ERROR] LogOutputStream:75 - [STDERR_REDIRECT] 
2026-06-06 18:16:49,683 [ERROR] LogOutputStream:75 - [STDERR_REDIRECT] [Fatal Error] :1:1: Premature end of file.
2026-06-06 18:16:49,683 [ERROR] LogOutputStream:75 - [STDERR_REDIRECT] 
2026-06-06 18:16:50,681 [ERROR] LogOutputStream:75 - [STDERR_REDIRECT] [Fatal Error] :1:1: Premature end of file.
2026-06-06 18:16:50,682 [ERROR] LogOutputStream:75 - [STDERR_REDIRECT] 
2026-06-06 18:16:51,681 [ERROR] LogOutputStream:75 - [STDERR_REDIRECT] [Fatal Error] :1:1: Premature end of file.
2026-06-06 18:16:51,681 [ERROR] LogOutputStream:75 - [STDERR_REDIRECT] 
2026-06-06 18:16:52,683 [ERROR] LogOutputStream:75 - [STDERR_REDIRECT] [Fatal Error] :1:1: Premature end of file.
2026-06-06 18:16:52,683 [ERROR] LogOutputStream:75 - [STDERR_REDIRECT] 
2026-06-06 18:16:53,685 [ERROR] LogOutputStream:75 - [STDERR_REDIRECT] [Fatal Error] :1:1: Premature end of file.
2026-06-06 18:16:53,685 [ERROR] LogOutputStream:75 - [STDERR_REDIRECT] 
2026-06-06 18:16:54,680 [ERROR] LogOutputStream:75 - [STDERR_REDIRECT] [Fatal Error] :1:1: Premature end of file.
2026-06-06 18:16:54,681 [ERROR] LogOutputStream:75 - [STDERR_REDIRECT] 
2026-06-06 18:16:55,686 [ERROR] LogOutputStream:75 - [STDERR_REDIRECT] [Fatal Error] :1:1: Premature end of file.
2026-06-06 18:16:55,688 [ERROR] LogOutputStream:75 - [STDERR_REDIRECT] 
2026-06-06 18:16:56,686 [ERROR] LogOutputStream:75 - [STDERR_REDIRECT] [Fatal Error] :1:1: Premature end of file.
2026-06-06 18:16:56,686 [ERROR] LogOutputStream:75 - [STDERR_REDIRECT] 
2026-06-06 18:16:57,682 [ERROR] LogOutputStream:75 - [STDERR_REDIRECT] [Fatal Error] :1:1: Premature end of file.
2026-06-06 18:16:57,682 [ERROR] LogOutputStream:75 - [STDERR_REDIRECT] 
2026-06-06 18:16:58,679 [ERROR] LogOutputStream:75 - [STDERR_REDIRECT] [Fatal Error] :1:1: Premature end of file.
2026-06-06 18:16:58,680 [ERROR] LogOutputStream:75 - [STDERR_REDIRECT] 
2026-06-06 18:16:59,683 [ERROR] LogOutputStream:75 - [STDERR_REDIRECT] [Fatal Error] :1:1: Premature end of file.
2026-06-06 18:16:59,683 [ERROR] LogOutputStream:75 - [STDERR_REDIRECT] 
2026-06-06 18:17:00,679 [ERROR] LogOutputStream:75 - [STDERR_REDIRECT] [Fatal Error] :1:1: Premature end of file.
2026-06-06 18:17:00,680 [ERROR] LogOutputStream:75 - [STDERR_REDIRECT] 
2026-06-06 18:17:01,680 [ERROR] LogOutputStream:75 - [STDERR_REDIRECT] [Fatal Error] :1:1: Premature end of file.
2026-06-06 18:17:01,680 [ERROR] LogOutputStream:75 - [STDERR_REDIRECT] 
2026-06-06 18:17:02,686 [ERROR] LogOutputStream:75 - [STDERR_REDIRECT] [Fatal Error] :1:1: Premature end of file.
2026-06-06 18:17:02,686 [ERROR] LogOutputStream:75 - [STDERR_REDIRECT] 
2026-06-06 18:17:03,685 [ERROR] LogOutputStream:75 - [STDERR_REDIRECT] [Fatal Error] :1:1: Premature end of file.
2026-06-06 18:17:03,686 [ERROR] LogOutputStream:75 - [STDERR_REDIRECT] 
2026-06-06 18:17:04,680 [ERROR] LogOutputStream:75 - [STDERR_REDIRECT] [Fatal Error] :1:1: Premature end of file.
2026-06-06 18:17:04,680 [ERROR] LogOutputStream:75 - [STDERR_REDIRECT] 
2026-06-06 18:17:05,686 [ERROR] LogOutputStream:75 - [STDERR_REDIRECT] [Fatal Error] :1:1: Premature end of file.
2026-06-06 18:17:05,686 [ERROR] LogOutputStream:75 - [STDERR_REDIRECT] 
2026-06-06 18:17:06,682 [ERROR] LogOutputStream:75 - [STDERR_REDIRECT] [Fatal Error] :1:1: Premature end of file.
2026-06-06 18:17:06,682 [ERROR] LogOutputStream:75 - [STDERR_REDIRECT] 
2026-06-06 18:17:07,691 [ERROR] LogOutputStream:75 - [STDERR_REDIRECT] [Fatal Error] :1:1: Premature end of file.
2026-06-06 18:17:07,691 [ERROR] LogOutputStream:75 - [STDERR_REDIRECT] 
2026-06-06 18:17:08,680 [ERROR] LogOutputStream:75 - [STDERR_REDIRECT] [Fatal Error] :1:1: Premature end of file.
2026-06-06 18:17:08,680 [ERROR] LogOutputStream:75 - [STDERR_REDIRECT] 
2026-06-06 18:17:09,680 [ERROR] LogOutputStream:75 - [STDERR_REDIRECT] [Fatal Error] :1:1: Premature end of file.
2026-06-06 18:17:09,681 [ERROR] LogOutputStream:75 - [STDERR_REDIRECT] 
2026-06-06 18:17:10,686 [ERROR] LogOutputStream:75 - [STDERR_REDIRECT] [Fatal Error] :1:1: Premature end of file.
2026-06-06 18:17:10,686 [ERROR] LogOutputStream:75 - [STDERR_REDIRECT] 
2026-06-06 18:17:11,684 [ERROR] LogOutputStream:75 - [STDERR_REDIRECT] [Fatal Error] :1:1: Premature end of file.
2026-06-06 18:17:11,684 [ERROR] LogOutputStream:75 - [STDERR_REDIRECT] 
2026-06-06 18:17:12,683 [ERROR] LogOutputStream:75 - [STDERR_REDIRECT] [Fatal Error] :1:1: Premature end of file.
2026-06-06 18:17:12,683 [ERROR] LogOutputStream:75 - [STDERR_REDIRECT] 
2026-06-06 18:17:13,691 [ERROR] LogOutputStream:75 - [STDERR_REDIRECT] [Fatal Error] :1:1: Premature end of file.
2026-06-06 18:17:13,691 [ERROR] LogOutputStream:75 - [STDERR_REDIRECT] 
2026-06-06 18:17:14,684 [ERROR] LogOutputStream:75 - [STDERR_REDIRECT] [Fatal Error] :1:1: Premature end of file.
2026-06-06 18:17:14,684 [ERROR] LogOutputStream:75 - [STDERR_REDIRECT] 
2026-06-06 18:17:15,685 [ERROR] LogOutputStream:75 - [STDERR_REDIRECT] [Fatal Error] :1:1: Premature end of file.
2026-06-06 18:17:15,685 [ERROR] LogOutputStream:75 - [STDERR_REDIRECT] 
2026-06-06 18:17:16,679 [ERROR] LogOutputStream:75 - [STDERR_REDIRECT] [Fatal Error] :1:1: Premature end of file.
2026-06-06 18:17:16,680 [ERROR] LogOutputStream:75 - [STDERR_REDIRECT] 
2026-06-06 18:17:17,684 [ERROR] LogOutputStream:75 - [STDERR_REDIRECT] [Fatal Error] :1:1: Premature end of file.
2026-06-06 18:17:17,685 [ERROR] LogOutputStream:75 - [STDERR_REDIRECT] 
2026-06-06 18:17:18,683 [ERROR] LogOutputStream:75 - [STDERR_REDIRECT] [Fatal Error] :1:1: Premature end of file.
2026-06-06 18:17:18,683 [ERROR] LogOutputStream:75 - [STDERR_REDIRECT] 
2026-06-06 18:17:19,680 [ERROR] LogOutputStream:75 - [STDERR_REDIRECT] [Fatal Error] :1:1: Premature end of file.
2026-06-06 18:17:19,680 [ERROR] LogOutputStream:75 - [STDERR_REDIRECT] 
2026-06-06 18:17:20,682 [ERROR] LogOutputStream:75 - [STDERR_REDIRECT] [Fatal Error] :1:1: Premature end of file.
2026-06-06 18:17:20,683 [ERROR] LogOutputStream:75 - [STDERR_REDIRECT] 
2026-06-06 18:17:21,685 [ERROR] LogOutputStream:75 - [STDERR_REDIRECT] [Fatal Error] :1:1: Premature end of file.
2026-06-06 18:17:21,685 [ERROR] LogOutputStream:75 - [STDERR_REDIRECT] 
2026-06-06 18:17:22,685 [ERROR] LogOutputStream:75 - [STDERR_REDIRECT] [Fatal Error] :1:1: Premature end of file.
2026-06-06 18:17:22,685 [ERROR] LogOutputStream:75 - [STDERR_REDIRECT] 
2026-06-06 18:17:23,684 [ERROR] LogOutputStream:75 - [STDERR_REDIRECT] [Fatal Error] :1:1: Premature end of file.
2026-06-06 18:17:23,686 [ERROR] LogOutputStream:75 - [STDERR_REDIRECT] 
2026-06-06 18:17:24,681 [ERROR] LogOutputStream:75 - [STDERR_REDIRECT] [Fatal Error] :1:1: Premature end of file.
2026-06-06 18:17:24,681 [ERROR] LogOutputStream:75 - [STDERR_REDIRECT] 
2026-06-06 18:17:25,682 [ERROR] LogOutputStream:75 - [STDERR_REDIRECT] [Fatal Error] :1:1: Premature end of file.
2026-06-06 18:17:25,682 [ERROR] LogOutputStream:75 - [STDERR_REDIRECT] 
2026-06-06 18:17:26,685 [ERROR] LogOutputStream:75 - [STDERR_REDIRECT] [Fatal Error] :1:1: Premature end of file.
2026-06-06 18:17:26,685 [ERROR] LogOutputStream:75 - [STDERR_REDIRECT] 
2026-06-06 18:17:27,684 [ERROR] LogOutputStream:75 - [STDERR_REDIRECT] [Fatal Error] :1:1: Premature end of file.
2026-06-06 18:17:27,684 [ERROR] LogOutputStream:75 - [STDERR_REDIRECT] 
2026-06-06 18:17:28,687 [ERROR] LogOutputStream:75 - [STDERR_REDIRECT] [Fatal Error] :1:1: Premature end of file.
2026-06-06 18:17:28,687 [ERROR] LogOutputStream:75 - [STDERR_REDIRECT] 
2026-06-06 18:17:29,686 [ERROR] LogOutputStream:75 - [STDERR_REDIRECT] [Fatal Error] :1:1: Premature end of file.
2026-06-06 18:17:29,686 [ERROR] LogOutputStream:75 - [STDERR_REDIRECT] 
2026-06-06 18:17:30,686 [ERROR] LogOutputStream:75 - [STDERR_REDIRECT] [Fatal Error] :1:1: Premature end of file.
2026-06-06 18:17:30,686 [ERROR] LogOutputStream:75 - [STDERR_REDIRECT] 
2026-06-06 18:17:31,683 [ERROR] LogOutputStream:75 - [STDERR_REDIRECT] [Fatal Error] :1:1: Premature end of file.
2026-06-06 18:17:31,684 [ERROR] LogOutputStream:75 - [STDERR_REDIRECT] 
2026-06-06 18:17:32,684 [ERROR] LogOutputStream:75 - [STDERR_REDIRECT] [Fatal Error] :1:1: Premature end of file.
2026-06-06 18:17:32,684 [ERROR] LogOutputStream:75 - [STDERR_REDIRECT] 
2026-06-06 18:17:33,683 [ERROR] LogOutputStream:75 - [STDERR_REDIRECT] [Fatal Error] :1:1: Premature end of file.
2026-06-06 18:17:33,683 [ERROR] LogOutputStream:75 - [STDERR_REDIRECT] 
2026-06-06 18:17:34,682 [ERROR] LogOutputStream:75 - [STDERR_REDIRECT] [Fatal Error] :1:1: Premature end of file.
2026-06-06 18:17:34,682 [ERROR] LogOutputStream:75 - [STDERR_REDIRECT] 
2026-06-06 18:17:35,686 [ERROR] LogOutputStream:75 - [STDERR_REDIRECT] [Fatal Error] :1:1: Premature end of file.
2026-06-06 18:17:35,687 [ERROR] LogOutputStream:75 - [STDERR_REDIRECT] 
2026-06-06 18:17:36,683 [ERROR] LogOutputStream:75 - [STDERR_REDIRECT] [Fatal Error] :1:1: Premature end of file.
2026-06-06 18:17:36,683 [ERROR] LogOutputStream:75 - [STDERR_REDIRECT] 
2026-06-06 18:17:37,692 [ERROR] LogOutputStream:75 - [STDERR_REDIRECT] [Fatal Error] :1:1: Premature end of file.
2026-06-06 18:17:37,692 [ERROR] LogOutputStream:75 - [STDERR_REDIRECT] 
2026-06-06 18:17:38,687 [ERROR] LogOutputStream:75 - [STDERR_REDIRECT] [Fatal Error] :1:1: Premature end of file.
2026-06-06 18:17:38,687 [ERROR] LogOutputStream:75 - [STDERR_REDIRECT] 
2026-06-06 18:17:39,682 [ERROR] LogOutputStream:75 - [STDERR_REDIRECT] [Fatal Error] :1:1: Premature end of file.
2026-06-06 18:17:39,683 [ERROR] LogOutputStream:75 - [STDERR_REDIRECT] 
2026-06-06 18:17:40,683 [ERROR] LogOutputStream:75 - [STDERR_REDIRECT] [Fatal Error] :1:1: Premature end of file.
2026-06-06 18:17:40,683 [ERROR] LogOutputStream:75 - [STDERR_REDIRECT] 
2026-06-06 18:17:41,686 [ERROR] LogOutputStream:75 - [STDERR_REDIRECT] [Fatal Error] :1:1: Premature end of file.
2026-06-06 18:17:41,686 [ERROR] LogOutputStream:75 - [STDERR_REDIRECT] 
2026-06-06 18:17:42,684 [ERROR] LogOutputStream:75 - [STDERR_REDIRECT] [Fatal Error] :1:1: Premature end of file.
2026-06-06 18:17:42,684 [ERROR] LogOutputStream:75 - [STDERR_REDIRECT] 
2026-06-06 18:17:43,686 [ERROR] LogOutputStream:75 - [STDERR_REDIRECT] [Fatal Error] :1:1: Premature end of file.
2026-06-06 18:17:43,686 [ERROR] LogOutputStream:75 - [STDERR_REDIRECT] 
2026-06-06 18:17:44,682 [ERROR] LogOutputStream:75 - [STDERR_REDIRECT] [Fatal Error] :1:1: Premature end of file.
2026-06-06 18:17:44,683 [ERROR] LogOutputStream:75 - [STDERR_REDIRECT] 
2026-06-06 18:17:45,684 [ERROR] LogOutputStream:75 - [STDERR_REDIRECT] [Fatal Error] :1:1: Premature end of file.
2026-06-06 18:17:45,684 [ERROR] LogOutputStream:75 - [STDERR_REDIRECT] 
2026-06-06 18:17:46,685 [ERROR] LogOutputStream:75 - [STDERR_REDIRECT] [Fatal Error] :1:1: Premature end of file.
2026-06-06 18:17:46,685 [ERROR] LogOutputStream:75 - [STDERR_REDIRECT] 
2026-06-06 18:17:47,687 [ERROR] LogOutputStream:75 - [STDERR_REDIRECT] [Fatal Error] :1:1: Premature end of file.
2026-06-06 18:17:47,687 [ERROR] LogOutputStream:75 - [STDERR_REDIRECT] 
2026-06-06 18:17:48,686 [ERROR] LogOutputStream:75 - [STDERR_REDIRECT] [Fatal Error] :1:1: Premature end of file.
2026-06-06 18:17:48,686 [ERROR] LogOutputStream:75 - [STDERR_REDIRECT] 
2026-06-06 18:17:49,682 [ERROR] LogOutputStream:75 - [STDERR_REDIRECT] [Fatal Error] :1:1: Premature end of file.
2026-06-06 18:17:49,682 [ERROR] LogOutputStream:75 - [STDERR_REDIRECT] 
2026-06-06 18:17:50,683 [ERROR] LogOutputStream:75 - [STDERR_REDIRECT] [Fatal Error] :1:1: Premature end of file.
2026-06-06 18:17:50,683 [ERROR] LogOutputStream:75 - [STDERR_REDIRECT] 
2026-06-06 18:17:51,681 [ERROR] LogOutputStream:75 - [STDERR_REDIRECT] [Fatal Error] :1:1: Premature end of file.
2026-06-06 18:17:51,681 [ERROR] LogOutputStream:75 - [STDERR_REDIRECT] 
2026-06-06 18:17:52,687 [ERROR] LogOutputStream:75 - [STDERR_REDIRECT] [Fatal Error] :1:1: Premature end of file.
2026-06-06 18:17:52,687 [ERROR] LogOutputStream:75 - [STDERR_REDIRECT] 
2026-06-06 18:17:53,683 [ERROR] LogOutputStream:75 - [STDERR_REDIRECT] [Fatal Error] :1:1: Premature end of file.
2026-06-06 18:17:53,683 [ERROR] LogOutputStream:75 - [STDERR_REDIRECT] 
2026-06-06 18:17:54,683 [ERROR] LogOutputStream:75 - [STDERR_REDIRECT] [Fatal Error] :1:1: Premature end of file.
2026-06-06 18:17:54,683 [ERROR] LogOutputStream:75 - [STDERR_REDIRECT] 
2026-06-06 18:17:55,685 [ERROR] LogOutputStream:75 - [STDERR_REDIRECT] [Fatal Error] :1:1: Premature end of file.
2026-06-06 18:17:55,685 [ERROR] LogOutputStream:75 - [STDERR_REDIRECT] 
2026-06-06 18:17:56,691 [ERROR] LogOutputStream:75 - [STDERR_REDIRECT] [Fatal Error] :1:1: Premature end of file.
2026-06-06 18:17:56,691 [ERROR] LogOutputStream:75 - [STDERR_REDIRECT] 
2026-06-06 18:17:57,686 [ERROR] LogOutputStream:75 - [STDERR_REDIRECT] [Fatal Error] :1:1: Premature end of file.
2026-06-06 18:17:57,687 [ERROR] LogOutputStream:75 - [STDERR_REDIRECT] 
2026-06-06 18:17:58,685 [ERROR] LogOutputStream:75 - [STDERR_REDIRECT] [Fatal Error] :1:1: Premature end of file.
2026-06-06 18:17:58,685 [ERROR] LogOutputStream:75 - [STDERR_REDIRECT] 
2026-06-06 18:17:59,686 [ERROR] LogOutputStream:75 - [STDERR_REDIRECT] [Fatal Error] :1:1: Premature end of file.
2026-06-06 18:17:59,686 [ERROR] LogOutputStream:75 - [STDERR_REDIRECT] 
2026-06-06 18:18:00,684 [ERROR] LogOutputStream:75 - [STDERR_REDIRECT] [Fatal Error] :1:1: Premature end of file.
2026-06-06 18:18:00,684 [ERROR] LogOutputStream:75 - [STDERR_REDIRECT] 
2026-06-06 18:18:01,683 [ERROR] LogOutputStream:75 - [STDERR_REDIRECT] [Fatal Error] :1:1: Premature end of file.
2026-06-06 18:18:01,683 [ERROR] LogOutputStream:75 - [STDERR_REDIRECT] 
2026-06-06 18:18:02,683 [ERROR] LogOutputStream:75 - [STDERR_REDIRECT] [Fatal Error] :1:1: Premature end of file.
2026-06-06 18:18:02,683 [ERROR] LogOutputStream:75 - [STDERR_REDIRECT] 
2026-06-06 18:18:03,687 [ERROR] LogOutputStream:75 - [STDERR_REDIRECT] [Fatal Error] :1:1: Premature end of file.
2026-06-06 18:18:03,687 [ERROR] LogOutputStream:75 - [STDERR_REDIRECT] 
2026-06-06 18:18:04,682 [ERROR] LogOutputStream:75 - [STDERR_REDIRECT] [Fatal Error] :1:1: Premature end of file.
2026-06-06 18:18:04,682 [ERROR] LogOutputStream:75 - [STDERR_REDIRECT] 
2026-06-06 18:18:05,686 [ERROR] LogOutputStream:75 - [STDERR_REDIRECT] [Fatal Error] :1:1: Premature end of file.
2026-06-06 18:18:05,686 [ERROR] LogOutputStream:75 - [STDERR_REDIRECT] 
2026-06-06 18:18:06,683 [ERROR] LogOutputStream:75 - [STDERR_REDIRECT] [Fatal Error] :1:1: Premature end of file.
2026-06-06 18:18:06,684 [ERROR] LogOutputStream:75 - [STDERR_REDIRECT] 
2026-06-06 18:18:07,686 [ERROR] LogOutputStream:75 - [STDERR_REDIRECT] [Fatal Error] :1:1: Premature end of file.
2026-06-06 18:18:07,686 [ERROR] LogOutputStream:75 - [STDERR_REDIRECT] 
2026-06-06 18:18:08,684 [ERROR] LogOutputStream:75 - [STDERR_REDIRECT] [Fatal Error] :1:1: Premature end of file.
2026-06-06 18:18:08,684 [ERROR] LogOutputStream:75 - [STDERR_REDIRECT] 
2026-06-06 18:18:09,685 [ERROR] LogOutputStream:75 - [STDERR_REDIRECT] [Fatal Error] :1:1: Premature end of file.
2026-06-06 18:18:09,685 [ERROR] LogOutputStream:75 - [STDERR_REDIRECT] 
2026-06-06 18:18:10,684 [ERROR] LogOutputStream:75 - [STDERR_REDIRECT] [Fatal Error] :1:1: Premature end of file.
2026-06-06 18:18:10,684 [ERROR] LogOutputStream:75 - [STDERR_REDIRECT] 
2026-06-06 18:18:11,685 [ERROR] LogOutputStream:75 - [STDERR_REDIRECT] [Fatal Error] :1:1: Premature end of file.
2026-06-06 18:18:11,686 [ERROR] LogOutputStream:75 - [STDERR_REDIRECT] 
2026-06-06 18:18:12,692 [ERROR] LogOutputStream:75 - [STDERR_REDIRECT] [Fatal Error] :1:1: Premature end of file.
2026-06-06 18:18:12,692 [ERROR] LogOutputStream:75 - [STDERR_REDIRECT] 
2026-06-06 18:18:13,687 [ERROR] LogOutputStream:75 - [STDERR_REDIRECT] [Fatal Error] :1:1: Premature end of file.
2026-06-06 18:18:13,687 [ERROR] LogOutputStream:75 - [STDERR_REDIRECT] 
2026-06-06 18:18:14,684 [ERROR] LogOutputStream:75 - [STDERR_REDIRECT] [Fatal Error] :1:1: Premature end of file.
2026-06-06 18:18:14,684 [ERROR] LogOutputStream:75 - [STDERR_REDIRECT] 
2026-06-06 18:18:15,682 [ERROR] LogOutputStream:75 - [STDERR_REDIRECT] [Fatal Error] :1:1: Premature end of file.
2026-06-06 18:18:15,682 [ERROR] LogOutputStream:75 - [STDERR_REDIRECT] 
2026-06-06 18:18:16,681 [ERROR] LogOutputStream:75 - [STDERR_REDIRECT] [Fatal Error] :1:1: Premature end of file.
2026-06-06 18:18:16,681 [ERROR] LogOutputStream:75 - [STDERR_REDIRECT] 
2026-06-06 18:18:17,684 [ERROR] LogOutputStream:75 - [STDERR_REDIRECT] [Fatal Error] :1:1: Premature end of file.
2026-06-06 18:18:17,684 [ERROR] LogOutputStream:75 - [STDERR_REDIRECT] 
2026-06-06 18:18:18,686 [ERROR] LogOutputStream:75 - [STDERR_REDIRECT] [Fatal Error] :1:1: Premature end of file.
2026-06-06 18:18:18,686 [ERROR] LogOutputStream:75 - [STDERR_REDIRECT] 
2026-06-06 18:18:19,687 [ERROR] LogOutputStream:75 - [STDERR_REDIRECT] [Fatal Error] :1:1: Premature end of file.
2026-06-06 18:18:19,687 [ERROR] LogOutputStream:75 - [STDERR_REDIRECT] 
2026-06-06 18:18:20,687 [ERROR] LogOutputStream:75 - [STDERR_REDIRECT] [Fatal Error] :1:1: Premature end of file.
2026-06-06 18:18:20,687 [ERROR] LogOutputStream:75 - [STDERR_REDIRECT] 
2026-06-06 18:18:21,686 [ERROR] LogOutputStream:75 - [STDERR_REDIRECT] [Fatal Error] :1:1: Premature end of file.
2026-06-06 18:18:21,686 [ERROR] LogOutputStream:75 - [STDERR_REDIRECT] 
2026-06-06 18:18:22,687 [ERROR] LogOutputStream:75 - [STDERR_REDIRECT] [Fatal Error] :1:1: Premature end of file.
2026-06-06 18:18:22,687 [ERROR] LogOutputStream:75 - [STDERR_REDIRECT] 
2026-06-06 18:18:23,685 [ERROR] LogOutputStream:75 - [STDERR_REDIRECT] [Fatal Error] :1:1: Premature end of file.
2026-06-06 18:18:23,685 [ERROR] LogOutputStream:75 - [STDERR_REDIRECT] 
2026-06-06 18:18:24,687 [ERROR] LogOutputStream:75 - [STDERR_REDIRECT] [Fatal Error] :1:1: Premature end of file.
2026-06-06 18:18:24,687 [ERROR] LogOutputStream:75 - [STDERR_REDIRECT] 
2026-06-06 18:18:25,684 [ERROR] LogOutputStream:75 - [STDERR_REDIRECT] [Fatal Error] :1:1: Premature end of file.
2026-06-06 18:18:25,684 [ERROR] LogOutputStream:75 - [STDERR_REDIRECT] 
2026-06-06 18:18:26,686 [ERROR] LogOutputStream:75 - [STDERR_REDIRECT] [Fatal Error] :1:1: Premature end of file.
2026-06-06 18:18:26,687 [ERROR] LogOutputStream:75 - [STDERR_REDIRECT] 
2026-06-06 18:18:27,683 [ERROR] LogOutputStream:75 - [STDERR_REDIRECT] [Fatal Error] :1:1: Premature end of file.
2026-06-06 18:18:27,683 [ERROR] LogOutputStream:75 - [STDERR_REDIRECT] 
2026-06-06 18:18:28,682 [ERROR] LogOutputStream:75 - [STDERR_REDIRECT] [Fatal Error] :1:1: Premature end of file.
2026-06-06 18:18:28,682 [ERROR] LogOutputStream:75 - [STDERR_REDIRECT] 
2026-06-06 18:18:29,682 [ERROR] LogOutputStream:75 - [STDERR_REDIRECT] [Fatal Error] :1:1: Premature end of file.
2026-06-06 18:18:29,682 [ERROR] LogOutputStream:75 - [STDERR_REDIRECT] 
2026-06-06 18:18:30,682 [ERROR] LogOutputStream:75 - [STDERR_REDIRECT] [Fatal Error] :1:1: Premature end of file.
2026-06-06 18:18:30,683 [ERROR] LogOutputStream:75 - [STDERR_REDIRECT] 
2026-06-06 18:18:31,685 [ERROR] LogOutputStream:75 - [STDERR_REDIRECT] [Fatal Error] :1:1: Premature end of file.
2026-06-06 18:18:31,685 [ERROR] LogOutputStream:75 - [STDERR_REDIRECT] 
2026-06-06 18:18:32,689 [ERROR] LogOutputStream:75 - [STDERR_REDIRECT] [Fatal Error] :1:1: Premature end of file.
2026-06-06 18:18:32,689 [ERROR] LogOutputStream:75 - [STDERR_REDIRECT] 
2026-06-06 18:18:33,682 [ERROR] LogOutputStream:75 - [STDERR_REDIRECT] [Fatal Error] :1:1: Premature end of file.
2026-06-06 18:18:33,682 [ERROR] LogOutputStream:75 - [STDERR_REDIRECT] 
2026-06-06 18:18:34,680 [ERROR] LogOutputStream:75 - [STDERR_REDIRECT] [Fatal Error] :1:1: Premature end of file.
2026-06-06 18:18:34,681 [ERROR] LogOutputStream:75 - [STDERR_REDIRECT] 
2026-06-06 18:18:35,690 [ERROR] LogOutputStream:75 - [STDERR_REDIRECT] [Fatal Error] :1:1: Premature end of file.
2026-06-06 18:18:35,691 [ERROR] LogOutputStream:75 - [STDERR_REDIRECT] 
2026-06-06 18:18:36,684 [ERROR] LogOutputStream:75 - [STDERR_REDIRECT] [Fatal Error] :1:1: Premature end of file.
2026-06-06 18:18:36,684 [ERROR] LogOutputStream:75 - [STDERR_REDIRECT] 
2026-06-06 18:18:37,684 [ERROR] LogOutputStream:75 - [STDERR_REDIRECT] [Fatal Error] :1:1: Premature end of file.
2026-06-06 18:18:37,685 [ERROR] LogOutputStream:75 - [STDERR_REDIRECT] 
2026-06-06 18:18:38,682 [ERROR] LogOutputStream:75 - [STDERR_REDIRECT] [Fatal Error] :1:1: Premature end of file.
2026-06-06 18:18:38,682 [ERROR] LogOutputStream:75 - [STDERR_REDIRECT] 
2026-06-06 18:18:39,682 [ERROR] LogOutputStream:75 - [STDERR_REDIRECT] [Fatal Error] :1:1: Premature end of file.
2026-06-06 18:18:39,682 [ERROR] LogOutputStream:75 - [STDERR_REDIRECT] 
2026-06-06 18:18:40,683 [ERROR] LogOutputStream:75 - [STDERR_REDIRECT] [Fatal Error] :1:1: Premature end of file.
2026-06-06 18:18:40,683 [ERROR] LogOutputStream:75 - [STDERR_REDIRECT] 
2026-06-06 18:18:41,684 [ERROR] LogOutputStream:75 - [STDERR_REDIRECT] [Fatal Error] :1:1: Premature end of file.
2026-06-06 18:18:41,685 [ERROR] LogOutputStream:75 - [STDERR_REDIRECT] 
2026-06-06 18:18:42,684 [ERROR] LogOutputStream:75 - [STDERR_REDIRECT] [Fatal Error] :1:1: Premature end of file.
2026-06-06 18:18:42,684 [ERROR] LogOutputStream:75 - [STDERR_REDIRECT] 
2026-06-06 18:18:43,679 [ERROR] LogOutputStream:75 - [STDERR_REDIRECT] [Fatal Error] :1:1: Premature end of file.
2026-06-06 18:18:43,679 [ERROR] LogOutputStream:75 - [STDERR_REDIRECT] 
2026-06-06 18:18:44,688 [ERROR] LogOutputStream:75 - [STDERR_REDIRECT] [Fatal Error] :1:1: Premature end of file.
2026-06-06 18:18:44,688 [ERROR] LogOutputStream:75 - [STDERR_REDIRECT] 
2026-06-06 18:18:45,685 [ERROR] LogOutputStream:75 - [STDERR_REDIRECT] [Fatal Error] :1:1: Premature end of file.
2026-06-06 18:18:45,685 [ERROR] LogOutputStream:75 - [STDERR_REDIRECT] 
2026-06-06 18:18:46,684 [ERROR] LogOutputStream:75 - [STDERR_REDIRECT] [Fatal Error] :1:1: Premature end of file.
2026-06-06 18:18:46,684 [ERROR] LogOutputStream:75 - [STDERR_REDIRECT] 
2026-06-06 18:18:47,690 [ERROR] LogOutputStream:75 - [STDERR_REDIRECT] [Fatal Error] :1:1: Premature end of file.
2026-06-06 18:18:47,690 [ERROR] LogOutputStream:75 - [STDERR_REDIRECT] 
2026-06-06 18:18:48,681 [ERROR] LogOutputStream:75 - [STDERR_REDIRECT] [Fatal Error] :1:1: Premature end of file.
2026-06-06 18:18:48,682 [ERROR] LogOutputStream:75 - [STDERR_REDIRECT] 
2026-06-06 18:18:49,682 [ERROR] LogOutputStream:75 - [STDERR_REDIRECT] [Fatal Error] :1:1: Premature end of file.
2026-06-06 18:18:49,682 [ERROR] LogOutputStream:75 - [STDERR_REDIRECT] 
2026-06-06 18:18:50,684 [ERROR] LogOutputStream:75 - [STDERR_REDIRECT] [Fatal Error] :1:1: Premature end of file.
2026-06-06 18:18:50,684 [ERROR] LogOutputStream:75 - [STDERR_REDIRECT] 
2026-06-06 18:18:51,681 [ERROR] LogOutputStream:75 - [STDERR_REDIRECT] [Fatal Error] :1:1: Premature end of file.
2026-06-06 18:18:51,681 [ERROR] LogOutputStream:75 - [STDERR_REDIRECT] 
2026-06-06 18:18:52,681 [ERROR] LogOutputStream:75 - [STDERR_REDIRECT] [Fatal Error] :1:1: Premature end of file.
2026-06-06 18:18:52,681 [ERROR] LogOutputStream:75 - [STDERR_REDIRECT] 
2026-06-06 18:18:53,686 [ERROR] LogOutputStream:75 - [STDERR_REDIRECT] [Fatal Error] :1:1: Premature end of file.
2026-06-06 18:18:53,686 [ERROR] LogOutputStream:75 - [STDERR_REDIRECT] 
2026-06-06 18:18:54,684 [ERROR] LogOutputStream:75 - [STDERR_REDIRECT] [Fatal Error] :1:1: Premature end of file.
2026-06-06 18:18:54,684 [ERROR] LogOutputStream:75 - [STDERR_REDIRECT] 
2026-06-06 18:18:55,688 [ERROR] LogOutputStream:75 - [STDERR_REDIRECT] [Fatal Error] :1:1: Premature end of file.
2026-06-06 18:18:55,688 [ERROR] LogOutputStream:75 - [STDERR_REDIRECT] 
2026-06-06 18:18:56,682 [ERROR] LogOutputStream:75 - [STDERR_REDIRECT] [Fatal Error] :1:1: Premature end of file.
2026-06-06 18:18:56,682 [ERROR] LogOutputStream:75 - [STDERR_REDIRECT] 
2026-06-06 18:18:57,688 [ERROR] LogOutputStream:75 - [STDERR_REDIRECT] [Fatal Error] :1:1: Premature end of file.
2026-06-06 18:18:57,688 [ERROR] LogOutputStream:75 - [STDERR_REDIRECT] 
2026-06-06 18:18:58,684 [ERROR] LogOutputStream:75 - [STDERR_REDIRECT] [Fatal Error] :1:1: Premature end of file.
2026-06-06 18:18:58,684 [ERROR] LogOutputStream:75 - [STDERR_REDIRECT] 
2026-06-06 18:18:59,683 [ERROR] LogOutputStream:75 - [STDERR_REDIRECT] [Fatal Error] :1:1: Premature end of file.
2026-06-06 18:18:59,683 [ERROR] LogOutputStream:75 - [STDERR_REDIRECT] 
2026-06-06 18:19:00,684 [ERROR] LogOutputStream:75 - [STDERR_REDIRECT] [Fatal Error] :1:1: Premature end of file.
2026-06-06 18:19:00,684 [ERROR] LogOutputStream:75 - [STDERR_REDIRECT] 
2026-06-06 18:19:01,683 [ERROR] LogOutputStream:75 - [STDERR_REDIRECT] [Fatal Error] :1:1: Premature end of file.
2026-06-06 18:19:01,684 [ERROR] LogOutputStream:75 - [STDERR_REDIRECT] 
2026-06-06 18:19:02,689 [ERROR] LogOutputStream:75 - [STDERR_REDIRECT] [Fatal Error] :1:1: Premature end of file.
2026-06-06 18:19:02,689 [ERROR] LogOutputStream:75 - [STDERR_REDIRECT] 
2026-06-06 18:19:03,693 [ERROR] LogOutputStream:75 - [STDERR_REDIRECT] [Fatal Error] :1:1: Premature end of file.
2026-06-06 18:19:03,693 [ERROR] LogOutputStream:75 - [STDERR_REDIRECT] 
2026-06-06 18:19:04,686 [ERROR] LogOutputStream:75 - [STDERR_REDIRECT] [Fatal Error] :1:1: Premature end of file.
2026-06-06 18:19:04,686 [ERROR] LogOutputStream:75 - [STDERR_REDIRECT] 
2026-06-06 18:19:05,690 [ERROR] LogOutputStream:75 - [STDERR_REDIRECT] [Fatal Error] :1:1: Premature end of file.
2026-06-06 18:19:05,690 [ERROR] LogOutputStream:75 - [STDERR_REDIRECT] 
2026-06-06 18:19:06,685 [ERROR] LogOutputStream:75 - [STDERR_REDIRECT] [Fatal Error] :1:1: Premature end of file.
2026-06-06 18:19:06,685 [ERROR] LogOutputStream:75 - [STDERR_REDIRECT] 
2026-06-06 18:19:07,690 [ERROR] LogOutputStream:75 - [STDERR_REDIRECT] [Fatal Error] :1:1: Premature end of file.
2026-06-06 18:19:07,690 [ERROR] LogOutputStream:75 - [STDERR_REDIRECT] 
2026-06-06 18:19:08,682 [ERROR] LogOutputStream:75 - [STDERR_REDIRECT] [Fatal Error] :1:1: Premature end of file.
2026-06-06 18:19:08,682 [ERROR] LogOutputStream:75 - [STDERR_REDIRECT] 
2026-06-06 18:19:09,694 [ERROR] LogOutputStream:75 - [STDERR_REDIRECT] [Fatal Error] :1:1: Premature end of file.
2026-06-06 18:19:09,694 [ERROR] LogOutputStream:75 - [STDERR_REDIRECT] 
2026-06-06 18:19:10,698 [ERROR] LogOutputStream:75 - [STDERR_REDIRECT] [Fatal Error] :1:1: Premature end of file.
2026-06-06 18:19:10,698 [ERROR] LogOutputStream:75 - [STDERR_REDIRECT] 
2026-06-06 18:19:11,686 [ERROR] LogOutputStream:75 - [STDERR_REDIRECT] [Fatal Error] :1:1: Premature end of file.
2026-06-06 18:19:11,686 [ERROR] LogOutputStream:75 - [STDERR_REDIRECT] 
2026-06-06 18:19:12,684 [ERROR] LogOutputStream:75 - [STDERR_REDIRECT] [Fatal Error] :1:1: Premature end of file.
2026-06-06 18:19:12,684 [ERROR] LogOutputStream:75 - [STDERR_REDIRECT] 
2026-06-06 18:19:13,684 [ERROR] LogOutputStream:75 - [STDERR_REDIRECT] [Fatal Error] :1:1: Premature end of file.
2026-06-06 18:19:13,684 [ERROR] LogOutputStream:75 - [STDERR_REDIRECT] 
2026-06-06 18:19:14,680 [ERROR] LogOutputStream:75 - [STDERR_REDIRECT] [Fatal Error] :1:1: Premature end of file.
2026-06-06 18:19:14,680 [ERROR] LogOutputStream:75 - [STDERR_REDIRECT] 
2026-06-06 18:19:15,683 [ERROR] LogOutputStream:75 - [STDERR_REDIRECT] [Fatal Error] :1:1: Premature end of file.
2026-06-06 18:19:15,683 [ERROR] LogOutputStream:75 - [STDERR_REDIRECT] 
2026-06-06 18:19:16,690 [ERROR] LogOutputStream:75 - [STDERR_REDIRECT] [Fatal Error] :1:1: Premature end of file.
2026-06-06 18:19:16,690 [ERROR] LogOutputStream:75 - [STDERR_REDIRECT] 
2026-06-06 18:19:17,688 [ERROR] LogOutputStream:75 - [STDERR_REDIRECT] [Fatal Error] :1:1: Premature end of file.
2026-06-06 18:19:17,688 [ERROR] LogOutputStream:75 - [STDERR_REDIRECT] 
2026-06-06 18:19:18,683 [ERROR] LogOutputStream:75 - [STDERR_REDIRECT] [Fatal Error] :1:1: Premature end of file.
2026-06-06 18:19:18,683 [ERROR] LogOutputStream:75 - [STDERR_REDIRECT] 
2026-06-06 18:19:19,681 [ERROR] LogOutputStream:75 - [STDERR_REDIRECT] [Fatal Error] :1:1: Premature end of file.
2026-06-06 18:19:19,681 [ERROR] LogOutputStream:75 - [STDERR_REDIRECT] 
2026-06-06 18:19:20,684 [ERROR] LogOutputStream:75 - [STDERR_REDIRECT] [Fatal Error] :1:1: Premature end of file.
2026-06-06 18:19:20,688 [ERROR] LogOutputStream:75 - [STDERR_REDIRECT] 
2026-06-06 18:19:21,681 [ERROR] LogOutputStream:75 - [STDERR_REDIRECT] [Fatal Error] :1:1: Premature end of file.
2026-06-06 18:19:21,681 [ERROR] LogOutputStream:75 - [STDERR_REDIRECT] 
2026-06-06 18:19:22,678 [ERROR] LogOutputStream:75 - [STDERR_REDIRECT] [Fatal Error] :1:1: Premature end of file.
2026-06-06 18:19:22,679 [ERROR] LogOutputStream:75 - [STDERR_REDIRECT] 
2026-06-06 18:19:23,682 [ERROR] LogOutputStream:75 - [STDERR_REDIRECT] [Fatal Error] :1:1: Premature end of file.
2026-06-06 18:19:23,683 [ERROR] LogOutputStream:75 - [STDERR_REDIRECT] 
2026-06-06 18:19:24,681 [ERROR] LogOutputStream:75 - [STDERR_REDIRECT] [Fatal Error] :1:1: Premature end of file.
2026-06-06 18:19:24,681 [ERROR] LogOutputStream:75 - [STDERR_REDIRECT] 
2026-06-06 18:19:25,680 [ERROR] LogOutputStream:75 - [STDERR_REDIRECT] [Fatal Error] :1:1: Premature end of file.
2026-06-06 18:19:25,680 [ERROR] LogOutputStream:75 - [STDERR_REDIRECT] 
2026-06-06 18:19:26,678 [ERROR] LogOutputStream:75 - [STDERR_REDIRECT] [Fatal Error] :1:1: Premature end of file.
2026-06-06 18:19:26,678 [ERROR] LogOutputStream:75 - [STDERR_REDIRECT] 
2026-06-06 18:19:27,680 [ERROR] LogOutputStream:75 - [STDERR_REDIRECT] [Fatal Error] :1:1: Premature end of file.
2026-06-06 18:19:27,680 [ERROR] LogOutputStream:75 - [STDERR_REDIRECT] 
2026-06-06 18:19:28,682 [ERROR] LogOutputStream:75 - [STDERR_REDIRECT] [Fatal Error] :1:1: Premature end of file.
2026-06-06 18:19:28,682 [ERROR] LogOutputStream:75 - [STDERR_REDIRECT] 
2026-06-06 18:19:29,682 [ERROR] LogOutputStream:75 - [STDERR_REDIRECT] [Fatal Error] :1:1: Premature end of file.
2026-06-06 18:19:29,682 [ERROR] LogOutputStream:75 - [STDERR_REDIRECT] 
2026-06-06 18:19:30,686 [ERROR] LogOutputStream:75 - [STDERR_REDIRECT] [Fatal Error] :1:1: Premature end of file.
2026-06-06 18:19:30,686 [ERROR] LogOutputStream:75 - [STDERR_REDIRECT] 
2026-06-06 18:19:31,686 [ERROR] LogOutputStream:75 - [STDERR_REDIRECT] [Fatal Error] :1:1: Premature end of file.
2026-06-06 18:19:31,686 [ERROR] LogOutputStream:75 - [STDERR_REDIRECT] 
2026-06-06 18:19:32,681 [ERROR] LogOutputStream:75 - [STDERR_REDIRECT] [Fatal Error] :1:1: Premature end of file.
2026-06-06 18:19:32,681 [ERROR] LogOutputStream:75 - [STDERR_REDIRECT] 
2026-06-06 18:19:33,681 [ERROR] LogOutputStream:75 - [STDERR_REDIRECT] [Fatal Error] :1:1: Premature end of file.
2026-06-06 18:19:33,681 [ERROR] LogOutputStream:75 - [STDERR_REDIRECT] 
2026-06-06 18:19:34,683 [ERROR] LogOutputStream:75 - [STDERR_REDIRECT] [Fatal Error] :1:1: Premature end of file.
2026-06-06 18:19:34,683 [ERROR] LogOutputStream:75 - [STDERR_REDIRECT] 
2026-06-06 18:19:35,683 [ERROR] LogOutputStream:75 - [STDERR_REDIRECT] [Fatal Error] :1:1: Premature end of file.
2026-06-06 18:19:35,687 [ERROR] LogOutputStream:75 - [STDERR_REDIRECT] 
2026-06-06 18:19:36,679 [ERROR] LogOutputStream:75 - [STDERR_REDIRECT] [Fatal Error] :1:1: Premature end of file.
2026-06-06 18:19:36,679 [ERROR] LogOutputStream:75 - [STDERR_REDIRECT] 
2026-06-06 18:19:37,683 [ERROR] LogOutputStream:75 - [STDERR_REDIRECT] [Fatal Error] :1:1: Premature end of file.
2026-06-06 18:19:37,683 [ERROR] LogOutputStream:75 - [STDERR_REDIRECT] 
2026-06-06 18:19:38,681 [ERROR] LogOutputStream:75 - [STDERR_REDIRECT] [Fatal Error] :1:1: Premature end of file.
2026-06-06 18:19:38,681 [ERROR] LogOutputStream:75 - [STDERR_REDIRECT] 
2026-06-06 18:19:39,678 [ERROR] LogOutputStream:75 - [STDERR_REDIRECT] [Fatal Error] :1:1: Premature end of file.
2026-06-06 18:19:39,678 [ERROR] LogOutputStream:75 - [STDERR_REDIRECT] 
2026-06-06 18:19:40,684 [ERROR] LogOutputStream:75 - [STDERR_REDIRECT] [Fatal Error] :1:1: Premature end of file.
2026-06-06 18:19:40,684 [ERROR] LogOutputStream:75 - [STDERR_REDIRECT] 
2026-06-06 18:19:41,684 [ERROR] LogOutputStream:75 - [STDERR_REDIRECT] [Fatal Error] :1:1: Premature end of file.
2026-06-06 18:19:41,684 [ERROR] LogOutputStream:75 - [STDERR_REDIRECT] 
2026-06-06 18:19:42,684 [ERROR] LogOutputStream:75 - [STDERR_REDIRECT] [Fatal Error] :1:1: Premature end of file.
2026-06-06 18:19:42,684 [ERROR] LogOutputStream:75 - [STDERR_REDIRECT] 
2026-06-06 18:19:43,682 [ERROR] LogOutputStream:75 - [STDERR_REDIRECT] [Fatal Error] :1:1: Premature end of file.
2026-06-06 18:19:43,682 [ERROR] LogOutputStream:75 - [STDERR_REDIRECT] 
2026-06-06 18:19:44,680 [ERROR] LogOutputStream:75 - [STDERR_REDIRECT] [Fatal Error] :1:1: Premature end of file.
2026-06-06 18:19:44,680 [ERROR] LogOutputStream:75 - [STDERR_REDIRECT] 
2026-06-06 18:19:45,682 [ERROR] LogOutputStream:75 - [STDERR_REDIRECT] [Fatal Error] :1:1: Premature end of file.
2026-06-06 18:19:45,682 [ERROR] LogOutputStream:75 - [STDERR_REDIRECT] 
2026-06-06 18:19:46,680 [ERROR] LogOutputStream:75 - [STDERR_REDIRECT] [Fatal Error] :1:1: Premature end of file.
2026-06-06 18:19:46,680 [ERROR] LogOutputStream:75 - [STDERR_REDIRECT] 
2026-06-06 18:19:47,679 [ERROR] LogOutputStream:75 - [STDERR_REDIRECT] [Fatal Error] :1:1: Premature end of file.
2026-06-06 18:19:47,679 [ERROR] LogOutputStream:75 - [STDERR_REDIRECT] 
2026-06-06 18:19:48,681 [ERROR] LogOutputStream:75 - [STDERR_REDIRECT] [Fatal Error] :1:1: Premature end of file.
2026-06-06 18:19:48,681 [ERROR] LogOutputStream:75 - [STDERR_REDIRECT] 
2026-06-06 18:19:49,679 [ERROR] LogOutputStream:75 - [STDERR_REDIRECT] [Fatal Error] :1:1: Premature end of file.
2026-06-06 18:19:49,679 [ERROR] LogOutputStream:75 - [STDERR_REDIRECT] 
2026-06-06 18:19:50,682 [ERROR] LogOutputStream:75 - [STDERR_REDIRECT] [Fatal Error] :1:1: Premature end of file.
2026-06-06 18:19:50,682 [ERROR] LogOutputStream:75 - [STDERR_REDIRECT] 
2026-06-06 18:19:51,679 [ERROR] LogOutputStream:75 - [STDERR_REDIRECT] [Fatal Error] :1:1: Premature end of file.
2026-06-06 18:19:51,679 [ERROR] LogOutputStream:75 - [STDERR_REDIRECT] 
2026-06-06 18:19:52,681 [ERROR] LogOutputStream:75 - [STDERR_REDIRECT] [Fatal Error] :1:1: Premature end of file.
2026-06-06 18:19:52,681 [ERROR] LogOutputStream:75 - [STDERR_REDIRECT] 
2026-06-06 18:19:53,681 [ERROR] LogOutputStream:75 - [STDERR_REDIRECT] [Fatal Error] :1:1: Premature end of file.
2026-06-06 18:19:53,681 [ERROR] LogOutputStream:75 - [STDERR_REDIRECT] 
2026-06-06 18:19:54,682 [ERROR] LogOutputStream:75 - [STDERR_REDIRECT] [Fatal Error] :1:1: Premature end of file.
2026-06-06 18:19:54,682 [ERROR] LogOutputStream:75 - [STDERR_REDIRECT] 
2026-06-06 18:19:55,684 [ERROR] LogOutputStream:75 - [STDERR_REDIRECT] [Fatal Error] :1:1: Premature end of file.
2026-06-06 18:19:55,684 [ERROR] LogOutputStream:75 - [STDERR_REDIRECT] 
2026-06-06 18:19:56,682 [ERROR] LogOutputStream:75 - [STDERR_REDIRECT] [Fatal Error] :1:1: Premature end of file.
2026-06-06 18:19:56,682 [ERROR] LogOutputStream:75 - [STDERR_REDIRECT] 
2026-06-06 18:19:57,680 [ERROR] LogOutputStream:75 - [STDERR_REDIRECT] [Fatal Error] :1:1: Premature end of file.
2026-06-06 18:19:57,680 [ERROR] LogOutputStream:75 - [STDERR_REDIRECT] 
2026-06-06 18:19:58,686 [ERROR] LogOutputStream:75 - [STDERR_REDIRECT] [Fatal Error] :1:1: Premature end of file.
2026-06-06 18:19:58,686 [ERROR] LogOutputStream:75 - [STDERR_REDIRECT] 
2026-06-06 18:19:59,683 [ERROR] LogOutputStream:75 - [STDERR_REDIRECT] [Fatal Error] :1:1: Premature end of file.
2026-06-06 18:19:59,683 [ERROR] LogOutputStream:75 - [STDERR_REDIRECT] 
2026-06-06 18:20:00,679 [ERROR] LogOutputStream:75 - [STDERR_REDIRECT] [Fatal Error] :1:1: Premature end of file.
2026-06-06 18:20:00,679 [ERROR] LogOutputStream:75 - [STDERR_REDIRECT] 
2026-06-06 18:20:01,681 [ERROR] LogOutputStream:75 - [STDERR_REDIRECT] [Fatal Error] :1:1: Premature end of file.
2026-06-06 18:20:01,681 [ERROR] LogOutputStream:75 - [STDERR_REDIRECT] 
2026-06-06 18:20:02,680 [ERROR] LogOutputStream:75 - [STDERR_REDIRECT] [Fatal Error] :1:1: Premature end of file.
2026-06-06 18:20:02,680 [ERROR] LogOutputStream:75 - [STDERR_REDIRECT] 
2026-06-06 18:20:03,680 [ERROR] LogOutputStream:75 - [STDERR_REDIRECT] [Fatal Error] :1:1: Premature end of file.
2026-06-06 18:20:03,680 [ERROR] LogOutputStream:75 - [STDERR_REDIRECT] 
2026-06-06 18:20:04,681 [ERROR] LogOutputStream:75 - [STDERR_REDIRECT] [Fatal Error] :1:1: Premature end of file.
2026-06-06 18:20:04,681 [ERROR] LogOutputStream:75 - [STDERR_REDIRECT] 
2026-06-06 18:20:05,682 [ERROR] LogOutputStream:75 - [STDERR_REDIRECT] [Fatal Error] :1:1: Premature end of file.
2026-06-06 18:20:05,682 [ERROR] LogOutputStream:75 - [STDERR_REDIRECT] 
2026-06-06 18:20:06,683 [ERROR] LogOutputStream:75 - [STDERR_REDIRECT] [Fatal Error] :1:1: Premature end of file.
2026-06-06 18:20:06,683 [ERROR] LogOutputStream:75 - [STDERR_REDIRECT] 
2026-06-06 18:20:07,688 [ERROR] LogOutputStream:75 - [STDERR_REDIRECT] [Fatal Error] :1:1: Premature end of file.
2026-06-06 18:20:07,688 [ERROR] LogOutputStream:75 - [STDERR_REDIRECT] 
2026-06-06 18:20:08,681 [ERROR] LogOutputStream:75 - [STDERR_REDIRECT] [Fatal Error] :1:1: Premature end of file.
2026-06-06 18:20:08,681 [ERROR] LogOutputStream:75 - [STDERR_REDIRECT] 
2026-06-06 18:20:09,680 [ERROR] LogOutputStream:75 - [STDERR_REDIRECT] [Fatal Error] :1:1: Premature end of file.
2026-06-06 18:20:09,680 [ERROR] LogOutputStream:75 - [STDERR_REDIRECT] 
2026-06-06 18:20:10,680 [ERROR] LogOutputStream:75 - [STDERR_REDIRECT] [Fatal Error] :1:1: Premature end of file.
2026-06-06 18:20:10,680 [ERROR] LogOutputStream:75 - [STDERR_REDIRECT] 
2026-06-06 18:20:11,679 [ERROR] LogOutputStream:75 - [STDERR_REDIRECT] [Fatal Error] :1:1: Premature end of file.
2026-06-06 18:20:11,679 [ERROR] LogOutputStream:75 - [STDERR_REDIRECT] 
2026-06-06 18:20:12,680 [ERROR] LogOutputStream:75 - [STDERR_REDIRECT] [Fatal Error] :1:1: Premature end of file.
2026-06-06 18:20:12,680 [ERROR] LogOutputStream:75 - [STDERR_REDIRECT] 
2026-06-06 18:20:13,681 [ERROR] LogOutputStream:75 - [STDERR_REDIRECT] [Fatal Error] :1:1: Premature end of file.
2026-06-06 18:20:13,681 [ERROR] LogOutputStream:75 - [STDERR_REDIRECT] 
2026-06-06 18:20:14,679 [ERROR] LogOutputStream:75 - [STDERR_REDIRECT] [Fatal Error] :1:1: Premature end of file.
2026-06-06 18:20:14,680 [ERROR] LogOutputStream:75 - [STDERR_REDIRECT] 
2026-06-06 18:20:15,690 [ERROR] LogOutputStream:75 - [STDERR_REDIRECT] [Fatal Error] :1:1: Premature end of file.
2026-06-06 18:20:15,690 [ERROR] LogOutputStream:75 - [STDERR_REDIRECT] 
2026-06-06 18:20:16,680 [ERROR] LogOutputStream:75 - [STDERR_REDIRECT] [Fatal Error] :1:1: Premature end of file.
2026-06-06 18:20:16,680 [ERROR] LogOutputStream:75 - [STDERR_REDIRECT] 
2026-06-06 18:20:17,679 [ERROR] LogOutputStream:75 - [STDERR_REDIRECT] [Fatal Error] :1:1: Premature end of file.
2026-06-06 18:20:17,679 [ERROR] LogOutputStream:75 - [STDERR_REDIRECT] 
2026-06-06 18:20:18,679 [ERROR] LogOutputStream:75 - [STDERR_REDIRECT] [Fatal Error] :1:1: Premature end of file.
2026-06-06 18:20:18,681 [ERROR] LogOutputStream:75 - [STDERR_REDIRECT] 
2026-06-06 18:20:19,687 [ERROR] LogOutputStream:75 - [STDERR_REDIRECT] [Fatal Error] :1:1: Premature end of file.
2026-06-06 18:20:19,687 [ERROR] LogOutputStream:75 - [STDERR_REDIRECT] 
2026-06-06 18:20:20,680 [ERROR] LogOutputStream:75 - [STDERR_REDIRECT] [Fatal Error] :1:1: Premature end of file.
2026-06-06 18:20:20,680 [ERROR] LogOutputStream:75 - [STDERR_REDIRECT] 
2026-06-06 18:20:21,681 [ERROR] LogOutputStream:75 - [STDERR_REDIRECT] [Fatal Error] :1:1: Premature end of file.
2026-06-06 18:20:21,681 [ERROR] LogOutputStream:75 - [STDERR_REDIRECT] 
2026-06-06 18:20:22,680 [ERROR] LogOutputStream:75 - [STDERR_REDIRECT] [Fatal Error] :1:1: Premature end of file.
2026-06-06 18:20:22,680 [ERROR] LogOutputStream:75 - [STDERR_REDIRECT] 
2026-06-06 18:20:23,680 [ERROR] LogOutputStream:75 - [STDERR_REDIRECT] [Fatal Error] :1:1: Premature end of file.
2026-06-06 18:20:23,680 [ERROR] LogOutputStream:75 - [STDERR_REDIRECT] 
2026-06-06 18:20:24,682 [ERROR] LogOutputStream:75 - [STDERR_REDIRECT] [Fatal Error] :1:1: Premature end of file.
2026-06-06 18:20:24,682 [ERROR] LogOutputStream:75 - [STDERR_REDIRECT] 
2026-06-06 18:20:25,681 [ERROR] LogOutputStream:75 - [STDERR_REDIRECT] [Fatal Error] :1:1: Premature end of file.
2026-06-06 18:20:25,682 [ERROR] LogOutputStream:75 - [STDERR_REDIRECT] 
2026-06-06 18:20:26,680 [ERROR] LogOutputStream:75 - [STDERR_REDIRECT] [Fatal Error] :1:1: Premature end of file.
2026-06-06 18:20:26,681 [ERROR] LogOutputStream:75 - [STDERR_REDIRECT] 
2026-06-06 18:20:27,682 [ERROR] LogOutputStream:75 - [STDERR_REDIRECT] [Fatal Error] :1:1: Premature end of file.
2026-06-06 18:20:27,682 [ERROR] LogOutputStream:75 - [STDERR_REDIRECT] 
2026-06-06 18:20:28,682 [ERROR] LogOutputStream:75 - [STDERR_REDIRECT] [Fatal Error] :1:1: Premature end of file.
2026-06-06 18:20:28,682 [ERROR] LogOutputStream:75 - [STDERR_REDIRECT] 
2026-06-06 18:20:29,679 [ERROR] LogOutputStream:75 - [STDERR_REDIRECT] [Fatal Error] :1:1: Premature end of file.
2026-06-06 18:20:29,679 [ERROR] LogOutputStream:75 - [STDERR_REDIRECT] 
2026-06-06 18:20:30,680 [ERROR] LogOutputStream:75 - [STDERR_REDIRECT] [Fatal Error] :1:1: Premature end of file.
2026-06-06 18:20:30,680 [ERROR] LogOutputStream:75 - [STDERR_REDIRECT] 
2026-06-06 18:20:31,682 [ERROR] LogOutputStream:75 - [STDERR_REDIRECT] [Fatal Error] :1:1: Premature end of file.
2026-06-06 18:20:31,682 [ERROR] LogOutputStream:75 - [STDERR_REDIRECT] 
2026-06-06 18:20:32,680 [ERROR] LogOutputStream:75 - [STDERR_REDIRECT] [Fatal Error] :1:1: Premature end of file.
2026-06-06 18:20:32,680 [ERROR] LogOutputStream:75 - [STDERR_REDIRECT] 
2026-06-06 18:20:33,680 [ERROR] LogOutputStream:75 - [STDERR_REDIRECT] [Fatal Error] :1:1: Premature end of file.
2026-06-06 18:20:33,681 [ERROR] LogOutputStream:75 - [STDERR_REDIRECT] 
2026-06-06 18:20:34,681 [ERROR] LogOutputStream:75 - [STDERR_REDIRECT] [Fatal Error] :1:1: Premature end of file.
2026-06-06 18:20:34,681 [ERROR] LogOutputStream:75 - [STDERR_REDIRECT] 
2026-06-06 18:20:35,680 [ERROR] LogOutputStream:75 - [STDERR_REDIRECT] [Fatal Error] :1:1: Premature end of file.
2026-06-06 18:20:35,680 [ERROR] LogOutputStream:75 - [STDERR_REDIRECT] 
2026-06-06 18:20:36,679 [ERROR] LogOutputStream:75 - [STDERR_REDIRECT] [Fatal Error] :1:1: Premature end of file.
2026-06-06 18:20:36,679 [ERROR] LogOutputStream:75 - [STDERR_REDIRECT] 
2026-06-06 18:20:37,679 [ERROR] LogOutputStream:75 - [STDERR_REDIRECT] [Fatal Error] :1:1: Premature end of file.
2026-06-06 18:20:37,679 [ERROR] LogOutputStream:75 - [STDERR_REDIRECT] 
2026-06-06 18:20:38,682 [ERROR] LogOutputStream:75 - [STDERR_REDIRECT] [Fatal Error] :1:1: Premature end of file.
2026-06-06 18:20:38,682 [ERROR] LogOutputStream:75 - [STDERR_REDIRECT] 
2026-06-06 18:20:39,680 [ERROR] LogOutputStream:75 - [STDERR_REDIRECT] [Fatal Error] :1:1: Premature end of file.
2026-06-06 18:20:39,680 [ERROR] LogOutputStream:75 - [STDERR_REDIRECT] 
2026-06-06 18:20:40,679 [ERROR] LogOutputStream:75 - [STDERR_REDIRECT] [Fatal Error] :1:1: Premature end of file.
2026-06-06 18:20:40,679 [ERROR] LogOutputStream:75 - [STDERR_REDIRECT] 
2026-06-06 18:20:41,681 [ERROR] LogOutputStream:75 - [STDERR_REDIRECT] [Fatal Error] :1:1: Premature end of file.
2026-06-06 18:20:41,681 [ERROR] LogOutputStream:75 - [STDERR_REDIRECT] 
2026-06-06 18:20:42,681 [ERROR] LogOutputStream:75 - [STDERR_REDIRECT] [Fatal Error] :1:1: Premature end of file.
2026-06-06 18:20:42,681 [ERROR] LogOutputStream:75 - [STDERR_REDIRECT] 
2026-06-06 18:20:43,679 [ERROR] LogOutputStream:75 - [STDERR_REDIRECT] [Fatal Error] :1:1: Premature end of file.
2026-06-06 18:20:43,679 [ERROR] LogOutputStream:75 - [STDERR_REDIRECT] 
2026-06-06 18:20:44,680 [ERROR] LogOutputStream:75 - [STDERR_REDIRECT] [Fatal Error] :1:1: Premature end of file.
2026-06-06 18:20:44,680 [ERROR] LogOutputStream:75 - [STDERR_REDIRECT] 
2026-06-06 18:20:45,681 [ERROR] LogOutputStream:75 - [STDERR_REDIRECT] [Fatal Error] :1:1: Premature end of file.
2026-06-06 18:20:45,681 [ERROR] LogOutputStream:75 - [STDERR_REDIRECT] 
2026-06-06 18:20:46,683 [ERROR] LogOutputStream:75 - [STDERR_REDIRECT] [Fatal Error] :1:1: Premature end of file.
2026-06-06 18:20:46,683 [ERROR] LogOutputStream:75 - [STDERR_REDIRECT] 
2026-06-06 18:20:47,681 [ERROR] LogOutputStream:75 - [STDERR_REDIRECT] [Fatal Error] :1:1: Premature end of file.
2026-06-06 18:20:47,681 [ERROR] LogOutputStream:75 - [STDERR_REDIRECT] 
2026-06-06 18:20:48,681 [ERROR] LogOutputStream:75 - [STDERR_REDIRECT] [Fatal Error] :1:1: Premature end of file.
2026-06-06 18:20:48,681 [ERROR] LogOutputStream:75 - [STDERR_REDIRECT] 
2026-06-06 18:20:49,682 [ERROR] LogOutputStream:75 - [STDERR_REDIRECT] [Fatal Error] :1:1: Premature end of file.
2026-06-06 18:20:49,682 [ERROR] LogOutputStream:75 - [STDERR_REDIRECT] 
2026-06-06 18:20:50,681 [ERROR] LogOutputStream:75 - [STDERR_REDIRECT] [Fatal Error] :1:1: Premature end of file.
2026-06-06 18:20:50,681 [ERROR] LogOutputStream:75 - [STDERR_REDIRECT] 
2026-06-06 18:20:51,690 [ERROR] LogOutputStream:75 - [STDERR_REDIRECT] [Fatal Error] :1:1: Premature end of file.
2026-06-06 18:20:51,690 [ERROR] LogOutputStream:75 - [STDERR_REDIRECT] 
2026-06-06 18:20:52,682 [ERROR] LogOutputStream:75 - [STDERR_REDIRECT] [Fatal Error] :1:1: Premature end of file.
2026-06-06 18:20:52,682 [ERROR] LogOutputStream:75 - [STDERR_REDIRECT] 
2026-06-06 18:20:53,679 [ERROR] LogOutputStream:75 - [STDERR_REDIRECT] [Fatal Error] :1:1: Premature end of file.
2026-06-06 18:20:53,679 [ERROR] LogOutputStream:75 - [STDERR_REDIRECT] 
2026-06-06 18:20:54,682 [ERROR] LogOutputStream:75 - [STDERR_REDIRECT] [Fatal Error] :1:1: Premature end of file.
2026-06-06 18:20:54,682 [ERROR] LogOutputStream:75 - [STDERR_REDIRECT] 
2026-06-06 18:20:55,682 [ERROR] LogOutputStream:75 - [STDERR_REDIRECT] [Fatal Error] :1:1: Premature end of file.
2026-06-06 18:20:55,682 [ERROR] LogOutputStream:75 - [STDERR_REDIRECT] 
2026-06-06 18:20:56,682 [ERROR] LogOutputStream:75 - [STDERR_REDIRECT] [Fatal Error] :1:1: Premature end of file.
2026-06-06 18:20:56,682 [ERROR] LogOutputStream:75 - [STDERR_REDIRECT] 
2026-06-06 18:20:57,681 [ERROR] LogOutputStream:75 - [STDERR_REDIRECT] [Fatal Error] :1:1: Premature end of file.
2026-06-06 18:20:57,681 [ERROR] LogOutputStream:75 - [STDERR_REDIRECT] 
2026-06-06 18:20:58,685 [ERROR] LogOutputStream:75 - [STDERR_REDIRECT] [Fatal Error] :1:1: Premature end of file.
2026-06-06 18:20:58,685 [ERROR] LogOutputStream:75 - [STDERR_REDIRECT] 
2026-06-06 18:20:59,680 [ERROR] LogOutputStream:75 - [STDERR_REDIRECT] [Fatal Error] :1:1: Premature end of file.
2026-06-06 18:20:59,680 [ERROR] LogOutputStream:75 - [STDERR_REDIRECT] 
2026-06-06 18:21:00,688 [ERROR] LogOutputStream:75 - [STDERR_REDIRECT] [Fatal Error] :1:1: Premature end of file.
2026-06-06 18:21:00,688 [ERROR] LogOutputStream:75 - [STDERR_REDIRECT] 
2026-06-06 18:21:01,682 [ERROR] LogOutputStream:75 - [STDERR_REDIRECT] [Fatal Error] :1:1: Premature end of file.
2026-06-06 18:21:01,683 [ERROR] LogOutputStream:75 - [STDERR_REDIRECT] 
2026-06-06 18:21:02,680 [ERROR] LogOutputStream:75 - [STDERR_REDIRECT] [Fatal Error] :1:1: Premature end of file.
2026-06-06 18:21:02,680 [ERROR] LogOutputStream:75 - [STDERR_REDIRECT] 
2026-06-06 18:21:03,681 [ERROR] LogOutputStream:75 - [STDERR_REDIRECT] [Fatal Error] :1:1: Premature end of file.
2026-06-06 18:21:03,682 [ERROR] LogOutputStream:75 - [STDERR_REDIRECT] 
2026-06-06 18:21:04,679 [ERROR] LogOutputStream:75 - [STDERR_REDIRECT] [Fatal Error] :1:1: Premature end of file.
2026-06-06 18:21:04,679 [ERROR] LogOutputStream:75 - [STDERR_REDIRECT] 
2026-06-06 18:21:05,679 [ERROR] LogOutputStream:75 - [STDERR_REDIRECT] [Fatal Error] :1:1: Premature end of file.
2026-06-06 18:21:05,679 [ERROR] LogOutputStream:75 - [STDERR_REDIRECT] 
2026-06-06 18:21:06,684 [ERROR] LogOutputStream:75 - [STDERR_REDIRECT] [Fatal Error] :1:1: Premature end of file.
2026-06-06 18:21:06,684 [ERROR] LogOutputStream:75 - [STDERR_REDIRECT] 
2026-06-06 18:21:07,681 [ERROR] LogOutputStream:75 - [STDERR_REDIRECT] [Fatal Error] :1:1: Premature end of file.
2026-06-06 18:21:07,681 [ERROR] LogOutputStream:75 - [STDERR_REDIRECT] 
2026-06-06 18:21:08,681 [ERROR] LogOutputStream:75 - [STDERR_REDIRECT] [Fatal Error] :1:1: Premature end of file.
2026-06-06 18:21:08,681 [ERROR] LogOutputStream:75 - [STDERR_REDIRECT] 
2026-06-06 18:21:09,686 [ERROR] LogOutputStream:75 - [STDERR_REDIRECT] [Fatal Error] :1:1: Premature end of file.
2026-06-06 18:21:09,686 [ERROR] LogOutputStream:75 - [STDERR_REDIRECT] 
2026-06-06 18:21:10,681 [ERROR] LogOutputStream:75 - [STDERR_REDIRECT] [Fatal Error] :1:1: Premature end of file.
2026-06-06 18:21:10,681 [ERROR] LogOutputStream:75 - [STDERR_REDIRECT] 
2026-06-06 18:21:11,680 [ERROR] LogOutputStream:75 - [STDERR_REDIRECT] [Fatal Error] :1:1: Premature end of file.
2026-06-06 18:21:11,680 [ERROR] LogOutputStream:75 - [STDERR_REDIRECT] 
2026-06-06 18:21:12,679 [ERROR] LogOutputStream:75 - [STDERR_REDIRECT] [Fatal Error] :1:1: Premature end of file.
2026-06-06 18:21:12,679 [ERROR] LogOutputStream:75 - [STDERR_REDIRECT] 
2026-06-06 18:21:13,680 [ERROR] LogOutputStream:75 - [STDERR_REDIRECT] [Fatal Error] :1:1: Premature end of file.
2026-06-06 18:21:13,681 [ERROR] LogOutputStream:75 - [STDERR_REDIRECT] 
2026-06-06 18:21:14,681 [ERROR] LogOutputStream:75 - [STDERR_REDIRECT] [Fatal Error] :1:1: Premature end of file.
2026-06-06 18:21:14,681 [ERROR] LogOutputStream:75 - [STDERR_REDIRECT] 
2026-06-06 18:21:15,680 [ERROR] LogOutputStream:75 - [STDERR_REDIRECT] [Fatal Error] :1:1: Premature end of file.
2026-06-06 18:21:15,680 [ERROR] LogOutputStream:75 - [STDERR_REDIRECT] 
2026-06-06 18:21:16,681 [ERROR] LogOutputStream:75 - [STDERR_REDIRECT] [Fatal Error] :1:1: Premature end of file.
2026-06-06 18:21:16,681 [ERROR] LogOutputStream:75 - [STDERR_REDIRECT] 
2026-06-06 18:21:17,681 [ERROR] LogOutputStream:75 - [STDERR_REDIRECT] [Fatal Error] :1:1: Premature end of file.
2026-06-06 18:21:17,681 [ERROR] LogOutputStream:75 - [STDERR_REDIRECT] 
2026-06-06 18:21:18,680 [ERROR] LogOutputStream:75 - [STDERR_REDIRECT] [Fatal Error] :1:1: Premature end of file.
2026-06-06 18:21:18,681 [ERROR] LogOutputStream:75 - [STDERR_REDIRECT] 
2026-06-06 18:21:19,694 [ERROR] LogOutputStream:75 - [STDERR_REDIRECT] [Fatal Error] :1:1: Premature end of file.
2026-06-06 18:21:19,694 [ERROR] LogOutputStream:75 - [STDERR_REDIRECT] 
2026-06-06 18:21:20,683 [ERROR] LogOutputStream:75 - [STDERR_REDIRECT] [Fatal Error] :1:1: Premature end of file.
2026-06-06 18:21:20,683 [ERROR] LogOutputStream:75 - [STDERR_REDIRECT] 
2026-06-06 18:21:21,683 [ERROR] LogOutputStream:75 - [STDERR_REDIRECT] [Fatal Error] :1:1: Premature end of file.
2026-06-06 18:21:21,683 [ERROR] LogOutputStream:75 - [STDERR_REDIRECT] 
2026-06-06 18:21:22,687 [ERROR] LogOutputStream:75 - [STDERR_REDIRECT] [Fatal Error] :1:1: Premature end of file.
2026-06-06 18:21:22,687 [ERROR] LogOutputStream:75 - [STDERR_REDIRECT] 
2026-06-06 18:21:23,680 [ERROR] LogOutputStream:75 - [STDERR_REDIRECT] [Fatal Error] :1:1: Premature end of file.
2026-06-06 18:21:23,680 [ERROR] LogOutputStream:75 - [STDERR_REDIRECT] 
2026-06-06 18:21:24,685 [ERROR] LogOutputStream:75 - [STDERR_REDIRECT] [Fatal Error] :1:1: Premature end of file.
2026-06-06 18:21:24,685 [ERROR] LogOutputStream:75 - [STDERR_REDIRECT] 
2026-06-06 18:21:25,683 [ERROR] LogOutputStream:75 - [STDERR_REDIRECT] [Fatal Error] :1:1: Premature end of file.
2026-06-06 18:21:25,683 [ERROR] LogOutputStream:75 - [STDERR_REDIRECT] 
2026-06-06 18:21:26,679 [ERROR] LogOutputStream:75 - [STDERR_REDIRECT] [Fatal Error] :1:1: Premature end of file.
2026-06-06 18:21:26,679 [ERROR] LogOutputStream:75 - [STDERR_REDIRECT] 
2026-06-06 18:21:27,695 [ERROR] LogOutputStream:75 - [STDERR_REDIRECT] [Fatal Error] :1:1: Premature end of file.
2026-06-06 18:21:27,695 [ERROR] LogOutputStream:75 - [STDERR_REDIRECT] 
2026-06-06 18:21:28,694 [ERROR] LogOutputStream:75 - [STDERR_REDIRECT] [Fatal Error] :1:1: Premature end of file.
2026-06-06 18:21:28,694 [ERROR] LogOutputStream:75 - [STDERR_REDIRECT] 
2026-06-06 18:21:29,682 [ERROR] LogOutputStream:75 - [STDERR_REDIRECT] [Fatal Error] :1:1: Premature end of file.
2026-06-06 18:21:29,682 [ERROR] LogOutputStream:75 - [STDERR_REDIRECT] 
2026-06-06 18:21:30,681 [ERROR] LogOutputStream:75 - [STDERR_REDIRECT] [Fatal Error] :1:1: Premature end of file.
2026-06-06 18:21:30,681 [ERROR] LogOutputStream:75 - [STDERR_REDIRECT] 
2026-06-06 18:21:31,684 [ERROR] LogOutputStream:75 - [STDERR_REDIRECT] [Fatal Error] :1:1: Premature end of file.
2026-06-06 18:21:31,684 [ERROR] LogOutputStream:75 - [STDERR_REDIRECT] 
2026-06-06 18:21:32,679 [ERROR] LogOutputStream:75 - [STDERR_REDIRECT] [Fatal Error] :1:1: Premature end of file.
2026-06-06 18:21:32,679 [ERROR] LogOutputStream:75 - [STDERR_REDIRECT] 
2026-06-06 18:21:33,679 [ERROR] LogOutputStream:75 - [STDERR_REDIRECT] [Fatal Error] :1:1: Premature end of file.
2026-06-06 18:21:33,679 [ERROR] LogOutputStream:75 - [STDERR_REDIRECT] 
2026-06-06 18:21:34,680 [ERROR] LogOutputStream:75 - [STDERR_REDIRECT] [Fatal Error] :1:1: Premature end of file.
2026-06-06 18:21:34,680 [ERROR] LogOutputStream:75 - [STDERR_REDIRECT] 
2026-06-06 18:21:35,684 [ERROR] LogOutputStream:75 - [STDERR_REDIRECT] [Fatal Error] :1:1: Premature end of file.
2026-06-06 18:21:35,685 [ERROR] LogOutputStream:75 - [STDERR_REDIRECT] 
2026-06-06 18:21:36,682 [ERROR] LogOutputStream:75 - [STDERR_REDIRECT] [Fatal Error] :1:1: Premature end of file.
2026-06-06 18:21:36,682 [ERROR] LogOutputStream:75 - [STDERR_REDIRECT] 
2026-06-06 18:21:37,682 [ERROR] LogOutputStream:75 - [STDERR_REDIRECT] [Fatal Error] :1:1: Premature end of file.
2026-06-06 18:21:37,683 [ERROR] LogOutputStream:75 - [STDERR_REDIRECT] 
2026-06-06 18:21:38,680 [ERROR] LogOutputStream:75 - [STDERR_REDIRECT] [Fatal Error] :1:1: Premature end of file.
2026-06-06 18:21:38,680 [ERROR] LogOutputStream:75 - [STDERR_REDIRECT] 
2026-06-06 18:21:39,682 [ERROR] LogOutputStream:75 - [STDERR_REDIRECT] [Fatal Error] :1:1: Premature end of file.
2026-06-06 18:21:39,683 [ERROR] LogOutputStream:75 - [STDERR_REDIRECT] 
2026-06-06 18:21:40,682 [ERROR] LogOutputStream:75 - [STDERR_REDIRECT] [Fatal Error] :1:1: Premature end of file.
2026-06-06 18:21:40,682 [ERROR] LogOutputStream:75 - [STDERR_REDIRECT] 
2026-06-06 18:21:41,682 [ERROR] LogOutputStream:75 - [STDERR_REDIRECT] [Fatal Error] :1:1: Premature end of file.
2026-06-06 18:21:41,682 [ERROR] LogOutputStream:75 - [STDERR_REDIRECT] 
2026-06-06 18:21:42,682 [ERROR] LogOutputStream:75 - [STDERR_REDIRECT] [Fatal Error] :1:1: Premature end of file.
2026-06-06 18:21:42,682 [ERROR] LogOutputStream:75 - [STDERR_REDIRECT] 
2026-06-06 18:21:43,682 [ERROR] LogOutputStream:75 - [STDERR_REDIRECT] [Fatal Error] :1:1: Premature end of file.
2026-06-06 18:21:43,683 [ERROR] LogOutputStream:75 - [STDERR_REDIRECT] 
2026-06-06 18:21:44,682 [ERROR] LogOutputStream:75 - [STDERR_REDIRECT] [Fatal Error] :1:1: Premature end of file.
2026-06-06 18:21:44,682 [ERROR] LogOutputStream:75 - [STDERR_REDIRECT] 
2026-06-06 18:21:45,683 [ERROR] LogOutputStream:75 - [STDERR_REDIRECT] [Fatal Error] :1:1: Premature end of file.
2026-06-06 18:21:45,683 [ERROR] LogOutputStream:75 - [STDERR_REDIRECT] 
2026-06-06 18:21:46,682 [ERROR] LogOutputStream:75 - [STDERR_REDIRECT] [Fatal Error] :1:1: Premature end of file.
2026-06-06 18:21:46,682 [ERROR] LogOutputStream:75 - [STDERR_REDIRECT] 
2026-06-06 18:21:47,680 [ERROR] LogOutputStream:75 - [STDERR_REDIRECT] [Fatal Error] :1:1: Premature end of file.
2026-06-06 18:21:47,680 [ERROR] LogOutputStream:75 - [STDERR_REDIRECT] 
2026-06-06 18:21:48,680 [ERROR] LogOutputStream:75 - [STDERR_REDIRECT] [Fatal Error] :1:1: Premature end of file.
2026-06-06 18:21:48,681 [ERROR] LogOutputStream:75 - [STDERR_REDIRECT] 
2026-06-06 18:21:49,684 [ERROR] LogOutputStream:75 - [STDERR_REDIRECT] [Fatal Error] :1:1: Premature end of file.
2026-06-06 18:21:49,684 [ERROR] LogOutputStream:75 - [STDERR_REDIRECT] 
2026-06-06 18:21:50,682 [ERROR] LogOutputStream:75 - [STDERR_REDIRECT] [Fatal Error] :1:1: Premature end of file.
2026-06-06 18:21:50,682 [ERROR] LogOutputStream:75 - [STDERR_REDIRECT] 
2026-06-06 18:21:51,683 [ERROR] LogOutputStream:75 - [STDERR_REDIRECT] [Fatal Error] :1:1: Premature end of file.
2026-06-06 18:21:51,684 [ERROR] LogOutputStream:75 - [STDERR_REDIRECT] 
2026-06-06 18:21:52,690 [ERROR] LogOutputStream:75 - [STDERR_REDIRECT] [Fatal Error] :1:1: Premature end of file.
2026-06-06 18:21:52,690 [ERROR] LogOutputStream:75 - [STDERR_REDIRECT] 
2026-06-06 18:21:53,684 [ERROR] LogOutputStream:75 - [STDERR_REDIRECT] [Fatal Error] :1:1: Premature end of file.
2026-06-06 18:21:53,684 [ERROR] LogOutputStream:75 - [STDERR_REDIRECT] 
2026-06-06 18:21:54,683 [ERROR] LogOutputStream:75 - [STDERR_REDIRECT] [Fatal Error] :1:1: Premature end of file.
2026-06-06 18:21:54,683 [ERROR] LogOutputStream:75 - [STDERR_REDIRECT] 
2026-06-06 18:21:55,683 [ERROR] LogOutputStream:75 - [STDERR_REDIRECT] [Fatal Error] :1:1: Premature end of file.
2026-06-06 18:21:55,683 [ERROR] LogOutputStream:75 - [STDERR_REDIRECT] 
2026-06-06 18:21:56,684 [ERROR] LogOutputStream:75 - [STDERR_REDIRECT] [Fatal Error] :1:1: Premature end of file.
2026-06-06 18:21:56,684 [ERROR] LogOutputStream:75 - [STDERR_REDIRECT] 
2026-06-06 18:21:57,681 [ERROR] LogOutputStream:75 - [STDERR_REDIRECT] [Fatal Error] :1:1: Premature end of file.
2026-06-06 18:21:57,681 [ERROR] LogOutputStream:75 - [STDERR_REDIRECT] 
2026-06-06 18:21:58,687 [ERROR] LogOutputStream:75 - [STDERR_REDIRECT] [Fatal Error] :1:1: Premature end of file.
2026-06-06 18:21:58,688 [ERROR] LogOutputStream:75 - [STDERR_REDIRECT] 
2026-06-06 18:21:59,683 [ERROR] LogOutputStream:75 - [STDERR_REDIRECT] [Fatal Error] :1:1: Premature end of file.
2026-06-06 18:21:59,683 [ERROR] LogOutputStream:75 - [STDERR_REDIRECT] 
2026-06-06 18:22:00,683 [ERROR] LogOutputStream:75 - [STDERR_REDIRECT] [Fatal Error] :1:1: Premature end of file.
2026-06-06 18:22:00,683 [ERROR] LogOutputStream:75 - [STDERR_REDIRECT] 
2026-06-06 18:22:01,682 [ERROR] LogOutputStream:75 - [STDERR_REDIRECT] [Fatal Error] :1:1: Premature end of file.
2026-06-06 18:22:01,682 [ERROR] LogOutputStream:75 - [STDERR_REDIRECT] 
2026-06-06 18:22:02,685 [ERROR] LogOutputStream:75 - [STDERR_REDIRECT] [Fatal Error] :1:1: Premature end of file.
2026-06-06 18:22:02,685 [ERROR] LogOutputStream:75 - [STDERR_REDIRECT] 
2026-06-06 18:22:03,680 [ERROR] LogOutputStream:75 - [STDERR_REDIRECT] [Fatal Error] :1:1: Premature end of file.
2026-06-06 18:22:03,680 [ERROR] LogOutputStream:75 - [STDERR_REDIRECT] 
2026-06-06 18:22:04,680 [ERROR] LogOutputStream:75 - [STDERR_REDIRECT] [Fatal Error] :1:1: Premature end of file.
2026-06-06 18:22:04,680 [ERROR] LogOutputStream:75 - [STDERR_REDIRECT] 
2026-06-06 18:22:05,681 [ERROR] LogOutputStream:75 - [STDERR_REDIRECT] [Fatal Error] :1:1: Premature end of file.
2026-06-06 18:22:05,681 [ERROR] LogOutputStream:75 - [STDERR_REDIRECT] 
2026-06-06 18:22:06,680 [ERROR] LogOutputStream:75 - [STDERR_REDIRECT] [Fatal Error] :1:1: Premature end of file.
2026-06-06 18:22:06,680 [ERROR] LogOutputStream:75 - [STDERR_REDIRECT] 
2026-06-06 18:22:07,686 [ERROR] LogOutputStream:75 - [STDERR_REDIRECT] [Fatal Error] :1:1: Premature end of file.
2026-06-06 18:22:07,686 [ERROR] LogOutputStream:75 - [STDERR_REDIRECT] 
2026-06-06 18:22:08,681 [ERROR] LogOutputStream:75 - [STDERR_REDIRECT] [Fatal Error] :1:1: Premature end of file.
2026-06-06 18:22:08,681 [ERROR] LogOutputStream:75 - [STDERR_REDIRECT] 
2026-06-06 18:22:09,683 [ERROR] LogOutputStream:75 - [STDERR_REDIRECT] [Fatal Error] :1:1: Premature end of file.
2026-06-06 18:22:09,683 [ERROR] LogOutputStream:75 - [STDERR_REDIRECT] 
2026-06-06 18:22:10,681 [ERROR] LogOutputStream:75 - [STDERR_REDIRECT] [Fatal Error] :1:1: Premature end of file.
2026-06-06 18:22:10,682 [ERROR] LogOutputStream:75 - [STDERR_REDIRECT] 
2026-06-06 18:22:11,681 [ERROR] LogOutputStream:75 - [STDERR_REDIRECT] [Fatal Error] :1:1: Premature end of file.
2026-06-06 18:22:11,681 [ERROR] LogOutputStream:75 - [STDERR_REDIRECT] 
2026-06-06 18:22:12,683 [ERROR] LogOutputStream:75 - [STDERR_REDIRECT] [Fatal Error] :1:1: Premature end of file.
2026-06-06 18:22:12,683 [ERROR] LogOutputStream:75 - [STDERR_REDIRECT] 
2026-06-06 18:22:13,681 [ERROR] LogOutputStream:75 - [STDERR_REDIRECT] [Fatal Error] :1:1: Premature end of file.
2026-06-06 18:22:13,681 [ERROR] LogOutputStream:75 - [STDERR_REDIRECT] 
2026-06-06 18:22:14,681 [ERROR] LogOutputStream:75 - [STDERR_REDIRECT] [Fatal Error] :1:1: Premature end of file.
2026-06-06 18:22:14,681 [ERROR] LogOutputStream:75 - [STDERR_REDIRECT] 
2026-06-06 18:22:15,680 [ERROR] LogOutputStream:75 - [STDERR_REDIRECT] [Fatal Error] :1:1: Premature end of file.
2026-06-06 18:22:15,680 [ERROR] LogOutputStream:75 - [STDERR_REDIRECT] 
2026-06-06 18:22:16,682 [ERROR] LogOutputStream:75 - [STDERR_REDIRECT] [Fatal Error] :1:1: Premature end of file.
2026-06-06 18:22:16,682 [ERROR] LogOutputStream:75 - [STDERR_REDIRECT] 
2026-06-06 18:22:17,681 [ERROR] LogOutputStream:75 - [STDERR_REDIRECT] [Fatal Error] :1:1: Premature end of file.
2026-06-06 18:22:17,681 [ERROR] LogOutputStream:75 - [STDERR_REDIRECT] 
2026-06-06 18:22:18,688 [ERROR] LogOutputStream:75 - [STDERR_REDIRECT] [Fatal Error] :1:1: Premature end of file.
2026-06-06 18:22:18,688 [ERROR] LogOutputStream:75 - [STDERR_REDIRECT] 
2026-06-06 18:22:19,681 [ERROR] LogOutputStream:75 - [STDERR_REDIRECT] [Fatal Error] :1:1: Premature end of file.
2026-06-06 18:22:19,681 [ERROR] LogOutputStream:75 - [STDERR_REDIRECT] 
2026-06-06 18:22:20,683 [ERROR] LogOutputStream:75 - [STDERR_REDIRECT] [Fatal Error] :1:1: Premature end of file.
2026-06-06 18:22:20,683 [ERROR] LogOutputStream:75 - [STDERR_REDIRECT] 
2026-06-06 18:22:21,679 [ERROR] LogOutputStream:75 - [STDERR_REDIRECT] [Fatal Error] :1:1: Premature end of file.
2026-06-06 18:22:21,680 [ERROR] LogOutputStream:75 - [STDERR_REDIRECT] 
2026-06-06 18:22:22,692 [ERROR] LogOutputStream:75 - [STDERR_REDIRECT] [Fatal Error] :1:1: Premature end of file.
2026-06-06 18:22:22,692 [ERROR] LogOutputStream:75 - [STDERR_REDIRECT] 
2026-06-06 18:22:23,679 [ERROR] LogOutputStream:75 - [STDERR_REDIRECT] [Fatal Error] :1:1: Premature end of file.
2026-06-06 18:22:23,681 [ERROR] LogOutputStream:75 - [STDERR_REDIRECT] 
2026-06-06 18:22:24,681 [ERROR] LogOutputStream:75 - [STDERR_REDIRECT] [Fatal Error] :1:1: Premature end of file.
2026-06-06 18:22:24,681 [ERROR] LogOutputStream:75 - [STDERR_REDIRECT] 
2026-06-06 18:22:25,683 [ERROR] LogOutputStream:75 - [STDERR_REDIRECT] [Fatal Error] :1:1: Premature end of file.
2026-06-06 18:22:25,683 [ERROR] LogOutputStream:75 - [STDERR_REDIRECT] 
2026-06-06 18:22:26,681 [ERROR] LogOutputStream:75 - [STDERR_REDIRECT] [Fatal Error] :1:1: Premature end of file.
2026-06-06 18:22:26,681 [ERROR] LogOutputStream:75 - [STDERR_REDIRECT] 
2026-06-06 18:22:27,682 [ERROR] LogOutputStream:75 - [STDERR_REDIRECT] [Fatal Error] :1:1: Premature end of file.
2026-06-06 18:22:27,682 [ERROR] LogOutputStream:75 - [STDERR_REDIRECT] 
2026-06-06 18:22:28,680 [ERROR] LogOutputStream:75 - [STDERR_REDIRECT] [Fatal Error] :1:1: Premature end of file.
2026-06-06 18:22:28,680 [ERROR] LogOutputStream:75 - [STDERR_REDIRECT] 
2026-06-06 18:22:29,681 [ERROR] LogOutputStream:75 - [STDERR_REDIRECT] [Fatal Error] :1:1: Premature end of file.
2026-06-06 18:22:29,681 [ERROR] LogOutputStream:75 - [STDERR_REDIRECT] 
2026-06-06 18:22:30,680 [ERROR] LogOutputStream:75 - [STDERR_REDIRECT] [Fatal Error] :1:1: Premature end of file.
2026-06-06 18:22:30,680 [ERROR] LogOutputStream:75 - [STDERR_REDIRECT] 
2026-06-06 18:22:31,681 [ERROR] LogOutputStream:75 - [STDERR_REDIRECT] [Fatal Error] :1:1: Premature end of file.
2026-06-06 18:22:31,681 [ERROR] LogOutputStream:75 - [STDERR_REDIRECT] 
2026-06-06 18:22:32,682 [ERROR] LogOutputStream:75 - [STDERR_REDIRECT] [Fatal Error] :1:1: Premature end of file.
2026-06-06 18:22:32,682 [ERROR] LogOutputStream:75 - [STDERR_REDIRECT] 
2026-06-06 18:22:33,680 [ERROR] LogOutputStream:75 - [STDERR_REDIRECT] [Fatal Error] :1:1: Premature end of file.
2026-06-06 18:22:33,680 [ERROR] LogOutputStream:75 - [STDERR_REDIRECT] 
2026-06-06 18:22:34,683 [ERROR] LogOutputStream:75 - [STDERR_REDIRECT] [Fatal Error] :1:1: Premature end of file.
2026-06-06 18:22:34,683 [ERROR] LogOutputStream:75 - [STDERR_REDIRECT] 
2026-06-06 18:22:35,682 [ERROR] LogOutputStream:75 - [STDERR_REDIRECT] [Fatal Error] :1:1: Premature end of file.
2026-06-06 18:22:35,682 [ERROR] LogOutputStream:75 - [STDERR_REDIRECT] 
2026-06-06 18:22:36,682 [ERROR] LogOutputStream:75 - [STDERR_REDIRECT] [Fatal Error] :1:1: Premature end of file.
2026-06-06 18:22:36,682 [ERROR] LogOutputStream:75 - [STDERR_REDIRECT] 
2026-06-06 18:22:37,682 [ERROR] LogOutputStream:75 - [STDERR_REDIRECT] [Fatal Error] :1:1: Premature end of file.
2026-06-06 18:22:37,682 [ERROR] LogOutputStream:75 - [STDERR_REDIRECT] 
2026-06-06 18:22:38,681 [ERROR] LogOutputStream:75 - [STDERR_REDIRECT] [Fatal Error] :1:1: Premature end of file.
2026-06-06 18:22:38,681 [ERROR] LogOutputStream:75 - [STDERR_REDIRECT] 
2026-06-06 18:22:39,680 [ERROR] LogOutputStream:75 - [STDERR_REDIRECT] [Fatal Error] :1:1: Premature end of file.
2026-06-06 18:22:39,681 [ERROR] LogOutputStream:75 - [STDERR_REDIRECT] 
2026-06-06 18:22:40,685 [ERROR] LogOutputStream:75 - [STDERR_REDIRECT] [Fatal Error] :1:1: Premature end of file.
2026-06-06 18:22:40,685 [ERROR] LogOutputStream:75 - [STDERR_REDIRECT] 
2026-06-06 18:22:41,679 [ERROR] LogOutputStream:75 - [STDERR_REDIRECT] [Fatal Error] :1:1: Premature end of file.
2026-06-06 18:22:41,681 [ERROR] LogOutputStream:75 - [STDERR_REDIRECT] 
2026-06-06 18:22:42,682 [ERROR] LogOutputStream:75 - [STDERR_REDIRECT] [Fatal Error] :1:1: Premature end of file.
2026-06-06 18:22:42,682 [ERROR] LogOutputStream:75 - [STDERR_REDIRECT] 
2026-06-06 18:22:43,684 [ERROR] LogOutputStream:75 - [STDERR_REDIRECT] [Fatal Error] :1:1: Premature end of file.
2026-06-06 18:22:43,685 [ERROR] LogOutputStream:75 - [STDERR_REDIRECT] 
2026-06-06 18:22:44,684 [ERROR] LogOutputStream:75 - [STDERR_REDIRECT] [Fatal Error] :1:1: Premature end of file.
2026-06-06 18:22:44,684 [ERROR] LogOutputStream:75 - [STDERR_REDIRECT] 
2026-06-06 18:22:45,680 [ERROR] LogOutputStream:75 - [STDERR_REDIRECT] [Fatal Error] :1:1: Premature end of file.
2026-06-06 18:22:45,680 [ERROR] LogOutputStream:75 - [STDERR_REDIRECT] 
2026-06-06 18:22:46,685 [ERROR] LogOutputStream:75 - [STDERR_REDIRECT] [Fatal Error] :1:1: Premature end of file.
2026-06-06 18:22:46,685 [ERROR] LogOutputStream:75 - [STDERR_REDIRECT] 
2026-06-06 18:22:47,683 [ERROR] LogOutputStream:75 - [STDERR_REDIRECT] [Fatal Error] :1:1: Premature end of file.
2026-06-06 18:22:47,684 [ERROR] LogOutputStream:75 - [STDERR_REDIRECT] 
2026-06-06 18:22:48,685 [ERROR] LogOutputStream:75 - [STDERR_REDIRECT] [Fatal Error] :1:1: Premature end of file.
2026-06-06 18:22:48,685 [ERROR] LogOutputStream:75 - [STDERR_REDIRECT] 
2026-06-06 18:22:49,684 [ERROR] LogOutputStream:75 - [STDERR_REDIRECT] [Fatal Error] :1:1: Premature end of file.
2026-06-06 18:22:49,684 [ERROR] LogOutputStream:75 - [STDERR_REDIRECT] 
2026-06-06 18:22:50,684 [ERROR] LogOutputStream:75 - [STDERR_REDIRECT] [Fatal Error] :1:1: Premature end of file.
2026-06-06 18:22:50,684 [ERROR] LogOutputStream:75 - [STDERR_REDIRECT] 
2026-06-06 18:22:51,681 [ERROR] LogOutputStream:75 - [STDERR_REDIRECT] [Fatal Error] :1:1: Premature end of file.
2026-06-06 18:22:51,681 [ERROR] LogOutputStream:75 - [STDERR_REDIRECT] 
2026-06-06 18:22:52,682 [ERROR] LogOutputStream:75 - [STDERR_REDIRECT] [Fatal Error] :1:1: Premature end of file.
2026-06-06 18:22:52,682 [ERROR] LogOutputStream:75 - [STDERR_REDIRECT] 
2026-06-06 18:22:53,685 [ERROR] LogOutputStream:75 - [STDERR_REDIRECT] [Fatal Error] :1:1: Premature end of file.
2026-06-06 18:22:53,686 [ERROR] LogOutputStream:75 - [STDERR_REDIRECT] 
2026-06-06 18:22:54,682 [ERROR] LogOutputStream:75 - [STDERR_REDIRECT] [Fatal Error] :1:1: Premature end of file.
2026-06-06 18:22:54,682 [ERROR] LogOutputStream:75 - [STDERR_REDIRECT] 
2026-06-06 18:22:55,681 [ERROR] LogOutputStream:75 - [STDERR_REDIRECT] [Fatal Error] :1:1: Premature end of file.
2026-06-06 18:22:55,682 [ERROR] LogOutputStream:75 - [STDERR_REDIRECT] 
2026-06-06 18:22:56,682 [ERROR] LogOutputStream:75 - [STDERR_REDIRECT] [Fatal Error] :1:1: Premature end of file.
2026-06-06 18:22:56,682 [ERROR] LogOutputStream:75 - [STDERR_REDIRECT] 
2026-06-06 18:22:57,684 [ERROR] LogOutputStream:75 - [STDERR_REDIRECT] [Fatal Error] :1:1: Premature end of file.
2026-06-06 18:22:57,684 [ERROR] LogOutputStream:75 - [STDERR_REDIRECT] 
2026-06-06 18:22:58,681 [ERROR] LogOutputStream:75 - [STDERR_REDIRECT] [Fatal Error] :1:1: Premature end of file.
2026-06-06 18:22:58,681 [ERROR] LogOutputStream:75 - [STDERR_REDIRECT] 
2026-06-06 18:22:59,683 [ERROR] LogOutputStream:75 - [STDERR_REDIRECT] [Fatal Error] :1:1: Premature end of file.
2026-06-06 18:22:59,683 [ERROR] LogOutputStream:75 - [STDERR_REDIRECT] 
2026-06-06 18:23:00,681 [ERROR] LogOutputStream:75 - [STDERR_REDIRECT] [Fatal Error] :1:1: Premature end of file.
2026-06-06 18:23:00,681 [ERROR] LogOutputStream:75 - [STDERR_REDIRECT] 
2026-06-06 18:23:01,680 [ERROR] LogOutputStream:75 - [STDERR_REDIRECT] [Fatal Error] :1:1: Premature end of file.
2026-06-06 18:23:01,680 [ERROR] LogOutputStream:75 - [STDERR_REDIRECT] 
2026-06-06 18:23:02,681 [ERROR] LogOutputStream:75 - [STDERR_REDIRECT] [Fatal Error] :1:1: Premature end of file.
2026-06-06 18:23:02,681 [ERROR] LogOutputStream:75 - [STDERR_REDIRECT] 
2026-06-06 18:23:03,682 [ERROR] LogOutputStream:75 - [STDERR_REDIRECT] [Fatal Error] :1:1: Premature end of file.
2026-06-06 18:23:03,682 [ERROR] LogOutputStream:75 - [STDERR_REDIRECT] 
2026-06-06 18:23:04,682 [ERROR] LogOutputStream:75 - [STDERR_REDIRECT] [Fatal Error] :1:1: Premature end of file.
2026-06-06 18:23:04,682 [ERROR] LogOutputStream:75 - [STDERR_REDIRECT] 
2026-06-06 18:23:05,683 [ERROR] LogOutputStream:75 - [STDERR_REDIRECT] [Fatal Error] :1:1: Premature end of file.
2026-06-06 18:23:05,683 [ERROR] LogOutputStream:75 - [STDERR_REDIRECT] 
2026-06-06 18:23:06,688 [ERROR] LogOutputStream:75 - [STDERR_REDIRECT] [Fatal Error] :1:1: Premature end of file.
2026-06-06 18:23:06,689 [ERROR] LogOutputStream:75 - [STDERR_REDIRECT] 
2026-06-06 18:23:07,681 [ERROR] LogOutputStream:75 - [STDERR_REDIRECT] [Fatal Error] :1:1: Premature end of file.
2026-06-06 18:23:07,681 [ERROR] LogOutputStream:75 - [STDERR_REDIRECT] 
2026-06-06 18:23:08,683 [ERROR] LogOutputStream:75 - [STDERR_REDIRECT] [Fatal Error] :1:1: Premature end of file.
2026-06-06 18:23:08,683 [ERROR] LogOutputStream:75 - [STDERR_REDIRECT] 
2026-06-06 18:23:09,680 [ERROR] LogOutputStream:75 - [STDERR_REDIRECT] [Fatal Error] :1:1: Premature end of file.
2026-06-06 18:23:09,681 [ERROR] LogOutputStream:75 - [STDERR_REDIRECT] 
2026-06-06 18:23:10,681 [ERROR] LogOutputStream:75 - [STDERR_REDIRECT] [Fatal Error] :1:1: Premature end of file.
2026-06-06 18:23:10,681 [ERROR] LogOutputStream:75 - [STDERR_REDIRECT] 
2026-06-06 18:23:11,681 [ERROR] LogOutputStream:75 - [STDERR_REDIRECT] [Fatal Error] :1:1: Premature end of file.
2026-06-06 18:23:11,681 [ERROR] LogOutputStream:75 - [STDERR_REDIRECT] 
2026-06-06 18:23:12,680 [ERROR] LogOutputStream:75 - [STDERR_REDIRECT] [Fatal Error] :1:1: Premature end of file.
2026-06-06 18:23:12,680 [ERROR] LogOutputStream:75 - [STDERR_REDIRECT] 
2026-06-06 18:23:13,680 [ERROR] LogOutputStream:75 - [STDERR_REDIRECT] [Fatal Error] :1:1: Premature end of file.
2026-06-06 18:23:13,681 [ERROR] LogOutputStream:75 - [STDERR_REDIRECT] 
2026-06-06 18:23:14,679 [ERROR] LogOutputStream:75 - [STDERR_REDIRECT] [Fatal Error] :1:1: Premature end of file.
2026-06-06 18:23:14,679 [ERROR] LogOutputStream:75 - [STDERR_REDIRECT] 
2026-06-06 18:23:15,681 [ERROR] LogOutputStream:75 - [STDERR_REDIRECT] [Fatal Error] :1:1: Premature end of file.
2026-06-06 18:23:15,681 [ERROR] LogOutputStream:75 - [STDERR_REDIRECT] 
2026-06-06 18:23:16,681 [ERROR] LogOutputStream:75 - [STDERR_REDIRECT] [Fatal Error] :1:1: Premature end of file.
2026-06-06 18:23:16,681 [ERROR] LogOutputStream:75 - [STDERR_REDIRECT] 
2026-06-06 18:23:17,681 [ERROR] LogOutputStream:75 - [STDERR_REDIRECT] [Fatal Error] :1:1: Premature end of file.
2026-06-06 18:23:17,681 [ERROR] LogOutputStream:75 - [STDERR_REDIRECT] 
2026-06-06 18:23:18,682 [ERROR] LogOutputStream:75 - [STDERR_REDIRECT] [Fatal Error] :1:1: Premature end of file.
2026-06-06 18:23:18,682 [ERROR] LogOutputStream:75 - [STDERR_REDIRECT] 
2026-06-06 18:23:19,680 [ERROR] LogOutputStream:75 - [STDERR_REDIRECT] [Fatal Error] :1:1: Premature end of file.
2026-06-06 18:23:19,680 [ERROR] LogOutputStream:75 - [STDERR_REDIRECT] 
2026-06-06 18:23:20,684 [ERROR] LogOutputStream:75 - [STDERR_REDIRECT] [Fatal Error] :1:1: Premature end of file.
2026-06-06 18:23:20,684 [ERROR] LogOutputStream:75 - [STDERR_REDIRECT] 
2026-06-06 18:23:21,680 [ERROR] LogOutputStream:75 - [STDERR_REDIRECT] [Fatal Error] :1:1: Premature end of file.
2026-06-06 18:23:21,680 [ERROR] LogOutputStream:75 - [STDERR_REDIRECT] 
2026-06-06 18:23:22,681 [ERROR] LogOutputStream:75 - [STDERR_REDIRECT] [Fatal Error] :1:1: Premature end of file.
2026-06-06 18:23:22,681 [ERROR] LogOutputStream:75 - [STDERR_REDIRECT] 
2026-06-06 18:23:23,681 [ERROR] LogOutputStream:75 - [STDERR_REDIRECT] [Fatal Error] :1:1: Premature end of file.
2026-06-06 18:23:23,681 [ERROR] LogOutputStream:75 - [STDERR_REDIRECT] 
2026-06-06 18:23:24,682 [ERROR] LogOutputStream:75 - [STDERR_REDIRECT] [Fatal Error] :1:1: Premature end of file.
2026-06-06 18:23:24,682 [ERROR] LogOutputStream:75 - [STDERR_REDIRECT] 
2026-06-06 18:23:25,682 [ERROR] LogOutputStream:75 - [STDERR_REDIRECT] [Fatal Error] :1:1: Premature end of file.
2026-06-06 18:23:25,682 [ERROR] LogOutputStream:75 - [STDERR_REDIRECT] 
2026-06-06 18:23:26,682 [ERROR] LogOutputStream:75 - [STDERR_REDIRECT] [Fatal Error] :1:1: Premature end of file.
2026-06-06 18:23:26,682 [ERROR] LogOutputStream:75 - [STDERR_REDIRECT] 
2026-06-06 18:23:27,682 [ERROR] LogOutputStream:75 - [STDERR_REDIRECT] [Fatal Error] :1:1: Premature end of file.
2026-06-06 18:23:27,682 [ERROR] LogOutputStream:75 - [STDERR_REDIRECT] 
2026-06-06 18:23:28,680 [ERROR] LogOutputStream:75 - [STDERR_REDIRECT] [Fatal Error] :1:1: Premature end of file.
2026-06-06 18:23:28,680 [ERROR] LogOutputStream:75 - [STDERR_REDIRECT] 
2026-06-06 18:23:29,681 [ERROR] LogOutputStream:75 - [STDERR_REDIRECT] [Fatal Error] :1:1: Premature end of file.
2026-06-06 18:23:29,681 [ERROR] LogOutputStream:75 - [STDERR_REDIRECT] 
2026-06-06 18:23:30,681 [ERROR] LogOutputStream:75 - [STDERR_REDIRECT] [Fatal Error] :1:1: Premature end of file.
2026-06-06 18:23:30,681 [ERROR] LogOutputStream:75 - [STDERR_REDIRECT] 
2026-06-06 18:23:31,679 [ERROR] LogOutputStream:75 - [STDERR_REDIRECT] [Fatal Error] :1:1: Premature end of file.
2026-06-06 18:23:31,679 [ERROR] LogOutputStream:75 - [STDERR_REDIRECT] 
2026-06-06 18:23:32,687 [ERROR] LogOutputStream:75 - [STDERR_REDIRECT] [Fatal Error] :1:1: Premature end of file.
2026-06-06 18:23:32,687 [ERROR] LogOutputStream:75 - [STDERR_REDIRECT] 
2026-06-06 18:23:33,681 [ERROR] LogOutputStream:75 - [STDERR_REDIRECT] [Fatal Error] :1:1: Premature end of file.
2026-06-06 18:23:33,681 [ERROR] LogOutputStream:75 - [STDERR_REDIRECT] 
2026-06-06 18:23:34,680 [ERROR] LogOutputStream:75 - [STDERR_REDIRECT] [Fatal Error] :1:1: Premature end of file.
2026-06-06 18:23:34,680 [ERROR] LogOutputStream:75 - [STDERR_REDIRECT] 
2026-06-06 18:23:35,682 [ERROR] LogOutputStream:75 - [STDERR_REDIRECT] [Fatal Error] :1:1: Premature end of file.
2026-06-06 18:23:35,682 [ERROR] LogOutputStream:75 - [STDERR_REDIRECT] 
2026-06-06 18:23:36,682 [ERROR] LogOutputStream:75 - [STDERR_REDIRECT] [Fatal Error] :1:1: Premature end of file.
2026-06-06 18:23:36,682 [ERROR] LogOutputStream:75 - [STDERR_REDIRECT] 
2026-06-06 18:23:37,681 [ERROR] LogOutputStream:75 - [STDERR_REDIRECT] [Fatal Error] :1:1: Premature end of file.
2026-06-06 18:23:37,681 [ERROR] LogOutputStream:75 - [STDERR_REDIRECT] 
2026-06-06 18:23:38,680 [ERROR] LogOutputStream:75 - [STDERR_REDIRECT] [Fatal Error] :1:1: Premature end of file.
2026-06-06 18:23:38,680 [ERROR] LogOutputStream:75 - [STDERR_REDIRECT] 
2026-06-06 18:23:39,681 [ERROR] LogOutputStream:75 - [STDERR_REDIRECT] [Fatal Error] :1:1: Premature end of file.
2026-06-06 18:23:39,681 [ERROR] LogOutputStream:75 - [STDERR_REDIRECT] 
2026-06-06 18:23:40,681 [ERROR] LogOutputStream:75 - [STDERR_REDIRECT] [Fatal Error] :1:1: Premature end of file.
2026-06-06 18:23:40,681 [ERROR] LogOutputStream:75 - [STDERR_REDIRECT] 
2026-06-06 18:23:41,680 [ERROR] LogOutputStream:75 - [STDERR_REDIRECT] [Fatal Error] :1:1: Premature end of file.
2026-06-06 18:23:41,680 [ERROR] LogOutputStream:75 - [STDERR_REDIRECT] 
2026-06-06 18:23:42,680 [ERROR] LogOutputStream:75 - [STDERR_REDIRECT] [Fatal Error] :1:1: Premature end of file.
2026-06-06 18:23:42,681 [ERROR] LogOutputStream:75 - [STDERR_REDIRECT] 
2026-06-06 18:23:43,683 [ERROR] LogOutputStream:75 - [STDERR_REDIRECT] [Fatal Error] :1:1: Premature end of file.
2026-06-06 18:23:43,683 [ERROR] LogOutputStream:75 - [STDERR_REDIRECT] 
2026-06-06 18:23:44,682 [ERROR] LogOutputStream:75 - [STDERR_REDIRECT] [Fatal Error] :1:1: Premature end of file.
2026-06-06 18:23:44,682 [ERROR] LogOutputStream:75 - [STDERR_REDIRECT] 
2026-06-06 18:23:45,679 [ERROR] LogOutputStream:75 - [STDERR_REDIRECT] [Fatal Error] :1:1: Premature end of file.
2026-06-06 18:23:45,679 [ERROR] LogOutputStream:75 - [STDERR_REDIRECT] 
2026-06-06 18:23:46,679 [ERROR] LogOutputStream:75 - [STDERR_REDIRECT] [Fatal Error] :1:1: Premature end of file.
2026-06-06 18:23:46,679 [ERROR] LogOutputStream:75 - [STDERR_REDIRECT] 
2026-06-06 18:23:47,680 [ERROR] LogOutputStream:75 - [STDERR_REDIRECT] [Fatal Error] :1:1: Premature end of file.
2026-06-06 18:23:47,680 [ERROR] LogOutputStream:75 - [STDERR_REDIRECT] 
2026-06-06 18:23:48,680 [ERROR] LogOutputStream:75 - [STDERR_REDIRECT] [Fatal Error] :1:1: Premature end of file.
2026-06-06 18:23:48,680 [ERROR] LogOutputStream:75 - [STDERR_REDIRECT] 
2026-06-06 18:23:49,682 [ERROR] LogOutputStream:75 - [STDERR_REDIRECT] [Fatal Error] :1:1: Premature end of file.
2026-06-06 18:23:49,682 [ERROR] LogOutputStream:75 - [STDERR_REDIRECT] 
2026-06-06 18:23:50,682 [ERROR] LogOutputStream:75 - [STDERR_REDIRECT] [Fatal Error] :1:1: Premature end of file.
2026-06-06 18:23:50,682 [ERROR] LogOutputStream:75 - [STDERR_REDIRECT] 
2026-06-06 18:23:51,683 [ERROR] LogOutputStream:75 - [STDERR_REDIRECT] [Fatal Error] :1:1: Premature end of file.
2026-06-06 18:23:51,683 [ERROR] LogOutputStream:75 - [STDERR_REDIRECT] 
2026-06-06 18:23:52,681 [ERROR] LogOutputStream:75 - [STDERR_REDIRECT] [Fatal Error] :1:1: Premature end of file.
2026-06-06 18:23:52,681 [ERROR] LogOutputStream:75 - [STDERR_REDIRECT] 
2026-06-06 18:23:53,680 [ERROR] LogOutputStream:75 - [STDERR_REDIRECT] [Fatal Error] :1:1: Premature end of file.
2026-06-06 18:23:53,680 [ERROR] LogOutputStream:75 - [STDERR_REDIRECT] 
2026-06-06 18:23:54,680 [ERROR] LogOutputStream:75 - [STDERR_REDIRECT] [Fatal Error] :1:1: Premature end of file.
2026-06-06 18:23:54,680 [ERROR] LogOutputStream:75 - [STDERR_REDIRECT] 
2026-06-06 18:23:55,680 [ERROR] LogOutputStream:75 - [STDERR_REDIRECT] [Fatal Error] :1:1: Premature end of file.
2026-06-06 18:23:55,680 [ERROR] LogOutputStream:75 - [STDERR_REDIRECT] 
2026-06-06 18:23:56,679 [ERROR] LogOutputStream:75 - [STDERR_REDIRECT] [Fatal Error] :1:1: Premature end of file.
2026-06-06 18:23:56,679 [ERROR] LogOutputStream:75 - [STDERR_REDIRECT] 
2026-06-06 18:23:57,680 [ERROR] LogOutputStream:75 - [STDERR_REDIRECT] [Fatal Error] :1:1: Premature end of file.
2026-06-06 18:23:57,680 [ERROR] LogOutputStream:75 - [STDERR_REDIRECT] 
2026-06-06 18:23:58,682 [ERROR] LogOutputStream:75 - [STDERR_REDIRECT] [Fatal Error] :1:1: Premature end of file.
2026-06-06 18:23:58,682 [ERROR] LogOutputStream:75 - [STDERR_REDIRECT] 
2026-06-06 18:23:59,684 [ERROR] LogOutputStream:75 - [STDERR_REDIRECT] [Fatal Error] :1:1: Premature end of file.
2026-06-06 18:23:59,684 [ERROR] LogOutputStream:75 - [STDERR_REDIRECT] 
2026-06-06 18:24:00,681 [ERROR] LogOutputStream:75 - [STDERR_REDIRECT] [Fatal Error] :1:1: Premature end of file.
2026-06-06 18:24:00,681 [ERROR] LogOutputStream:75 - [STDERR_REDIRECT] 
2026-06-06 18:24:01,682 [ERROR] LogOutputStream:75 - [STDERR_REDIRECT] [Fatal Error] :1:1: Premature end of file.
2026-06-06 18:24:01,684 [ERROR] LogOutputStream:75 - [STDERR_REDIRECT] 
2026-06-06 18:24:02,681 [ERROR] LogOutputStream:75 - [STDERR_REDIRECT] [Fatal Error] :1:1: Premature end of file.
2026-06-06 18:24:02,681 [ERROR] LogOutputStream:75 - [STDERR_REDIRECT] 
2026-06-06 18:24:03,680 [ERROR] LogOutputStream:75 - [STDERR_REDIRECT] [Fatal Error] :1:1: Premature end of file.
2026-06-06 18:24:03,680 [ERROR] LogOutputStream:75 - [STDERR_REDIRECT] 
2026-06-06 18:24:04,680 [ERROR] LogOutputStream:75 - [STDERR_REDIRECT] [Fatal Error] :1:1: Premature end of file.
2026-06-06 18:24:04,680 [ERROR] LogOutputStream:75 - [STDERR_REDIRECT] 
2026-06-06 18:24:05,682 [ERROR] LogOutputStream:75 - [STDERR_REDIRECT] [Fatal Error] :1:1: Premature end of file.
2026-06-06 18:24:05,682 [ERROR] LogOutputStream:75 - [STDERR_REDIRECT] 
2026-06-06 18:24:06,679 [ERROR] LogOutputStream:75 - [STDERR_REDIRECT] [Fatal Error] :1:1: Premature end of file.
2026-06-06 18:24:06,679 [ERROR] LogOutputStream:75 - [STDERR_REDIRECT] 
2026-06-06 18:24:07,682 [ERROR] LogOutputStream:75 - [STDERR_REDIRECT] [Fatal Error] :1:1: Premature end of file.
2026-06-06 18:24:07,682 [ERROR] LogOutputStream:75 - [STDERR_REDIRECT] 
2026-06-06 18:24:08,680 [ERROR] LogOutputStream:75 - [STDERR_REDIRECT] [Fatal Error] :1:1: Premature end of file.
2026-06-06 18:24:08,681 [ERROR] LogOutputStream:75 - [STDERR_REDIRECT] 
2026-06-06 18:24:09,681 [ERROR] LogOutputStream:75 - [STDERR_REDIRECT] [Fatal Error] :1:1: Premature end of file.
2026-06-06 18:24:09,681 [ERROR] LogOutputStream:75 - [STDERR_REDIRECT] 
2026-06-06 18:24:10,680 [ERROR] LogOutputStream:75 - [STDERR_REDIRECT] [Fatal Error] :1:1: Premature end of file.
2026-06-06 18:24:10,680 [ERROR] LogOutputStream:75 - [STDERR_REDIRECT] 
2026-06-06 18:24:11,681 [ERROR] LogOutputStream:75 - [STDERR_REDIRECT] [Fatal Error] :1:1: Premature end of file.
2026-06-06 18:24:11,681 [ERROR] LogOutputStream:75 - [STDERR_REDIRECT] 
2026-06-06 18:24:12,679 [ERROR] LogOutputStream:75 - [STDERR_REDIRECT] [Fatal Error] :1:1: Premature end of file.
2026-06-06 18:24:12,679 [ERROR] LogOutputStream:75 - [STDERR_REDIRECT] 
2026-06-06 18:24:13,681 [ERROR] LogOutputStream:75 - [STDERR_REDIRECT] [Fatal Error] :1:1: Premature end of file.
2026-06-06 18:24:13,681 [ERROR] LogOutputStream:75 - [STDERR_REDIRECT] 
2026-06-06 18:24:14,682 [ERROR] LogOutputStream:75 - [STDERR_REDIRECT] [Fatal Error] :1:1: Premature end of file.
2026-06-06 18:24:14,682 [ERROR] LogOutputStream:75 - [STDERR_REDIRECT] 
2026-06-06 18:24:15,681 [ERROR] LogOutputStream:75 - [STDERR_REDIRECT] [Fatal Error] :1:1: Premature end of file.
2026-06-06 18:24:15,681 [ERROR] LogOutputStream:75 - [STDERR_REDIRECT] 
2026-06-06 18:24:16,678 [ERROR] LogOutputStream:75 - [STDERR_REDIRECT] [Fatal Error] :1:1: Premature end of file.
2026-06-06 18:24:16,679 [ERROR] LogOutputStream:75 - [STDERR_REDIRECT] 
2026-06-06 18:24:17,680 [ERROR] LogOutputStream:75 - [STDERR_REDIRECT] [Fatal Error] :1:1: Premature end of file.
2026-06-06 18:24:17,681 [ERROR] LogOutputStream:75 - [STDERR_REDIRECT] 
2026-06-06 18:24:18,680 [ERROR] LogOutputStream:75 - [STDERR_REDIRECT] [Fatal Error] :1:1: Premature end of file.
2026-06-06 18:24:18,680 [ERROR] LogOutputStream:75 - [STDERR_REDIRECT] 
2026-06-06 18:24:19,684 [ERROR] LogOutputStream:75 - [STDERR_REDIRECT] [Fatal Error] :1:1: Premature end of file.
2026-06-06 18:24:19,684 [ERROR] LogOutputStream:75 - [STDERR_REDIRECT] 
2026-06-06 18:24:20,683 [ERROR] LogOutputStream:75 - [STDERR_REDIRECT] [Fatal Error] :1:1: Premature end of file.
2026-06-06 18:24:20,684 [ERROR] LogOutputStream:75 - [STDERR_REDIRECT] 
2026-06-06 18:24:21,681 [ERROR] LogOutputStream:75 - [STDERR_REDIRECT] [Fatal Error] :1:1: Premature end of file.
2026-06-06 18:24:21,681 [ERROR] LogOutputStream:75 - [STDERR_REDIRECT] 
2026-06-06 18:24:22,679 [ERROR] LogOutputStream:75 - [STDERR_REDIRECT] [Fatal Error] :1:1: Premature end of file.
2026-06-06 18:24:22,679 [ERROR] LogOutputStream:75 - [STDERR_REDIRECT] 
2026-06-06 18:24:23,682 [ERROR] LogOutputStream:75 - [STDERR_REDIRECT] [Fatal Error] :1:1: Premature end of file.
2026-06-06 18:24:23,682 [ERROR] LogOutputStream:75 - [STDERR_REDIRECT] 
2026-06-06 18:24:24,680 [ERROR] LogOutputStream:75 - [STDERR_REDIRECT] [Fatal Error] :1:1: Premature end of file.
2026-06-06 18:24:24,680 [ERROR] LogOutputStream:75 - [STDERR_REDIRECT] 
2026-06-06 18:24:25,684 [ERROR] LogOutputStream:75 - [STDERR_REDIRECT] [Fatal Error] :1:1: Premature end of file.
2026-06-06 18:24:25,684 [ERROR] LogOutputStream:75 - [STDERR_REDIRECT] 
2026-06-06 18:24:26,684 [ERROR] LogOutputStream:75 - [STDERR_REDIRECT] [Fatal Error] :1:1: Premature end of file.
2026-06-06 18:24:26,685 [ERROR] LogOutputStream:75 - [STDERR_REDIRECT] 
2026-06-06 18:24:27,684 [ERROR] LogOutputStream:75 - [STDERR_REDIRECT] [Fatal Error] :1:1: Premature end of file.
2026-06-06 18:24:27,684 [ERROR] LogOutputStream:75 - [STDERR_REDIRECT] 
2026-06-06 18:24:28,681 [ERROR] LogOutputStream:75 - [STDERR_REDIRECT] [Fatal Error] :1:1: Premature end of file.
2026-06-06 18:24:28,681 [ERROR] LogOutputStream:75 - [STDERR_REDIRECT] 
2026-06-06 18:24:29,680 [ERROR] LogOutputStream:75 - [STDERR_REDIRECT] [Fatal Error] :1:1: Premature end of file.
2026-06-06 18:24:29,680 [ERROR] LogOutputStream:75 - [STDERR_REDIRECT] 
2026-06-06 18:24:30,679 [ERROR] LogOutputStream:75 - [STDERR_REDIRECT] [Fatal Error] :1:1: Premature end of file.
2026-06-06 18:24:30,679 [ERROR] LogOutputStream:75 - [STDERR_REDIRECT] 
2026-06-06 18:24:31,681 [ERROR] LogOutputStream:75 - [STDERR_REDIRECT] [Fatal Error] :1:1: Premature end of file.
2026-06-06 18:24:31,681 [ERROR] LogOutputStream:75 - [STDERR_REDIRECT] 
2026-06-06 18:24:32,679 [ERROR] LogOutputStream:75 - [STDERR_REDIRECT] [Fatal Error] :1:1: Premature end of file.
2026-06-06 18:24:32,679 [ERROR] LogOutputStream:75 - [STDERR_REDIRECT] 
2026-06-06 18:24:33,681 [ERROR] LogOutputStream:75 - [STDERR_REDIRECT] [Fatal Error] :1:1: Premature end of file.
2026-06-06 18:24:33,681 [ERROR] LogOutputStream:75 - [STDERR_REDIRECT] 
2026-06-06 18:24:34,681 [ERROR] LogOutputStream:75 - [STDERR_REDIRECT] [Fatal Error] :1:1: Premature end of file.
2026-06-06 18:24:34,681 [ERROR] LogOutputStream:75 - [STDERR_REDIRECT] 
2026-06-06 18:24:35,680 [ERROR] LogOutputStream:75 - [STDERR_REDIRECT] [Fatal Error] :1:1: Premature end of file.
2026-06-06 18:24:35,680 [ERROR] LogOutputStream:75 - [STDERR_REDIRECT] 
2026-06-06 18:24:36,681 [ERROR] LogOutputStream:75 - [STDERR_REDIRECT] [Fatal Error] :1:1: Premature end of file.
2026-06-06 18:24:36,681 [ERROR] LogOutputStream:75 - [STDERR_REDIRECT] 
2026-06-06 18:24:37,681 [ERROR] LogOutputStream:75 - [STDERR_REDIRECT] [Fatal Error] :1:1: Premature end of file.
2026-06-06 18:24:37,681 [ERROR] LogOutputStream:75 - [STDERR_REDIRECT] 
2026-06-06 18:24:38,679 [ERROR] LogOutputStream:75 - [STDERR_REDIRECT] [Fatal Error] :1:1: Premature end of file.
2026-06-06 18:24:38,679 [ERROR] LogOutputStream:75 - [STDERR_REDIRECT] 
2026-06-06 18:24:39,681 [ERROR] LogOutputStream:75 - [STDERR_REDIRECT] [Fatal Error] :1:1: Premature end of file.
2026-06-06 18:24:39,681 [ERROR] LogOutputStream:75 - [STDERR_REDIRECT] 
2026-06-06 18:24:40,680 [ERROR] LogOutputStream:75 - [STDERR_REDIRECT] [Fatal Error] :1:1: Premature end of file.
2026-06-06 18:24:40,680 [ERROR] LogOutputStream:75 - [STDERR_REDIRECT] 
2026-06-06 18:24:41,679 [ERROR] LogOutputStream:75 - [STDERR_REDIRECT] [Fatal Error] :1:1: Premature end of file.
2026-06-06 18:24:41,679 [ERROR] LogOutputStream:75 - [STDERR_REDIRECT] 
2026-06-06 18:24:42,680 [ERROR] LogOutputStream:75 - [STDERR_REDIRECT] [Fatal Error] :1:1: Premature end of file.
2026-06-06 18:24:42,680 [ERROR] LogOutputStream:75 - [STDERR_REDIRECT] 
2026-06-06 18:24:43,679 [ERROR] LogOutputStream:75 - [STDERR_REDIRECT] [Fatal Error] :1:1: Premature end of file.
2026-06-06 18:24:43,679 [ERROR] LogOutputStream:75 - [STDERR_REDIRECT] 
2026-06-06 18:24:44,717 [ERROR] LogOutputStream:75 - [STDERR_REDIRECT] [Fatal Error] :1:1: Premature end of file.
2026-06-06 18:24:44,717 [ERROR] LogOutputStream:75 - [STDERR_REDIRECT] 
2026-06-06 18:24:44,914 [ERROR] LogOutputStream:75 - [STDERR_REDIRECT] 
