2026-07-13 12:29:54,232 [INFO] Activator:176 - 


2026-07-13 12:29:54,234 [INFO] Activator:177 - !SESSION log4j initialized
2026-07-13 12:29:56,295 [INFO] LogOutputStream:77 - [STDOUT_REDIRECT] 
2026-07-13 12:29:56,658 [ERROR] LogOutputStream:75 - [STDERR_REDIRECT] [Fatal Error] :1:1: Premature end of file.
2026-07-13 12:29:56,659 [ERROR] LogOutputStream:75 - [STDERR_REDIRECT] 
2026-07-13 12:29:57,624 [ERROR] LogOutputStream:75 - [STDERR_REDIRECT] [Fatal Error] :1:1: Premature end of file.
2026-07-13 12:29:57,624 [ERROR] LogOutputStream:75 - [STDERR_REDIRECT] 
2026-07-13 12:29:57,874 [INFO] ApplicationProperties:184 - Using Application install path: C:\ST\STM32CubeIDE_1.18.1\STM32CubeIDE\plugins\com.st.stm32cube.common.mx_6.15.0.202507011659
2026-07-13 12:29:57,892 [INFO] DbMcusXml:78 - Set database path to: C:\ST\STM32CubeIDE_1.18.1\STM32CubeIDE\plugins\com.st.stm32cube.common.mx_6.15.0.202507011659\\db\/mcu/
2026-07-13 12:29:57,893 [INFO] ApiDb:274 - Set plugin database path to: C:\ST\STM32CubeIDE_1.18.1\STM32CubeIDE\plugins\com.st.stm32cube.common.mx_6.15.0.202507011659\\db\/plugins/boardmanager/
2026-07-13 12:29:57,893 [WARN] ApiDb:259 - Overriding images path with different value:  => C:\ST\STM32CubeIDE_1.18.1\STM32CubeIDE\plugins\com.st.stm32cube.common.mx_6.15.0.202507011659\\db\/plugins/mcufinder/images/
2026-07-13 12:29:57,900 [INFO] ApiDb:250 - Set database path to: C:\Users\elena\.stmcufinder\plugins\mcufinder//mcu/
2026-07-13 12:29:57,901 [INFO] DbMcusAds:125 - Set database path to: C:\Users\elena\.stmcufinder\plugins\mcufinder//mcu/
2026-07-13 12:29:57,903 [INFO] CrossReferenceDbSqlite:203 - Set database path to: C:\Users\elena\.stmcufinder\plugins\mcufinder//mcu/cs/
2026-07-13 12:29:57,992 [INFO] RulesReader:64 - Compatibility file has been processed (317 Rules)
2026-07-13 12:29:58,052 [INFO] DbMcusXml:78 - Set database path to: C:\ST\STM32CubeIDE_1.18.1\STM32CubeIDE\plugins\com.st.stm32cube.common.mx_6.15.0.202507011659\\db\/mcu/
2026-07-13 12:29:58,053 [INFO] ApiDb:274 - Set plugin database path to: C:\ST\STM32CubeIDE_1.18.1\STM32CubeIDE\plugins\com.st.stm32cube.common.mx_6.15.0.202507011659\\db\/plugins/boardmanager/
2026-07-13 12:29:58,053 [INFO] ApiDb:261 - Set plugin images path to: C:\ST\STM32CubeIDE_1.18.1\STM32CubeIDE\plugins\com.st.stm32cube.common.mx_6.15.0.202507011659\\db\/plugins/mcufinder/images/
2026-07-13 12:29:58,053 [WARN] DbFile:41 - Overriding database path with different value: C:\Users\elena\.stmcufinder\plugins\mcufinder/ => C:\Users\elena\.stmcufinder\plugins\mcufinder
2026-07-13 12:29:58,053 [INFO] ApiDb:250 - Set database path to: C:\Users\elena\.stmcufinder\plugins\mcufinder//mcu/
2026-07-13 12:29:58,053 [WARN] DbFile:41 - Overriding database path with different value: C:\Users\elena\.stmcufinder\plugins\mcufinder/ => C:\Users\elena\.stmcufinder\plugins\mcufinder
2026-07-13 12:29:58,053 [INFO] DbMcusAds:125 - Set database path to: C:\Users\elena\.stmcufinder\plugins\mcufinder//mcu/
2026-07-13 12:29:58,053 [WARN] DbFile:41 - Overriding database path with different value: C:\Users\elena\.stmcufinder\plugins\mcufinder/ => C:\Users\elena\.stmcufinder\plugins\mcufinder
2026-07-13 12:29:58,053 [WARN] DbFile:41 - Overriding database path with different value: C:\Users\elena\.stmcufinder\plugins\mcufinder/ => C:\Users\elena\.stmcufinder\plugins\mcufinder
2026-07-13 12:29:58,053 [INFO] CrossReferenceDbSqlite:203 - Set database path to: C:\Users\elena\.stmcufinder\plugins\mcufinder//mcu/cs/
2026-07-13 12:29:58,119 [INFO] MainPanel:274 - HeapMemory: 268435456
2026-07-13 12:29:58,213 [INFO] DbMcusXml:78 - Set database path to: C:\ST\STM32CubeIDE_1.18.1\STM32CubeIDE\plugins\com.st.stm32cube.common.mx_6.15.0.202507011659\\db\/mcu/
2026-07-13 12:29:58,213 [INFO] ApiDb:274 - Set plugin database path to: C:\ST\STM32CubeIDE_1.18.1\STM32CubeIDE\plugins\com.st.stm32cube.common.mx_6.15.0.202507011659\\db\/plugins/boardmanager/
2026-07-13 12:29:58,214 [INFO] ApiDb:261 - Set plugin images path to: C:\ST\STM32CubeIDE_1.18.1\STM32CubeIDE\plugins\com.st.stm32cube.common.mx_6.15.0.202507011659\\db\/plugins/mcufinder/images/
2026-07-13 12:29:58,214 [WARN] DbFile:41 - Overriding database path with different value: C:\Users\elena\.stmcufinder\plugins\mcufinder/ => C:\Users\elena\.stmcufinder\plugins\mcufinder
2026-07-13 12:29:58,214 [INFO] ApiDb:250 - Set database path to: C:\Users\elena\.stmcufinder\plugins\mcufinder//mcu/
2026-07-13 12:29:58,214 [WARN] DbFile:41 - Overriding database path with different value: C:\Users\elena\.stmcufinder\plugins\mcufinder/ => C:\Users\elena\.stmcufinder\plugins\mcufinder
2026-07-13 12:29:58,214 [INFO] DbMcusAds:125 - Set database path to: C:\Users\elena\.stmcufinder\plugins\mcufinder//mcu/
2026-07-13 12:29:58,214 [WARN] DbFile:41 - Overriding database path with different value: C:\Users\elena\.stmcufinder\plugins\mcufinder/ => C:\Users\elena\.stmcufinder\plugins\mcufinder
2026-07-13 12:29:58,214 [WARN] DbFile:41 - Overriding database path with different value: C:\Users\elena\.stmcufinder\plugins\mcufinder/ => C:\Users\elena\.stmcufinder\plugins\mcufinder
2026-07-13 12:29:58,214 [INFO] CrossReferenceDbSqlite:203 - Set database path to: C:\Users\elena\.stmcufinder\plugins\mcufinder//mcu/cs/
2026-07-13 12:29:58,229 [INFO] ApplicationProperties:184 - Using Application install path: C:\ST\STM32CubeIDE_1.18.1\STM32CubeIDE\plugins\com.st.stm32cube.common.mx_6.15.0.202507011659
2026-07-13 12:29:58,230 [INFO] PluginManage:196 - Search for loadable plugins [exclusion list=, ]
2026-07-13 12:29:58,231 [INFO] PluginManage:310 - Check plugin analytics
2026-07-13 12:29:58,404 [INFO] AnalyticsPlugin:253 - Accepted Software Licenses: STM32CubeMX.6.18.0
2026-07-13 12:29:58,404 [INFO] AnalyticsPlugin:255 - Accepted CMSIS Pack Licenses: 
2026-07-13 12:29:58,404 [INFO] AnalyticsPlugin:257 - Accepted Firmware Licenses: 
2026-07-13 12:29:58,406 [INFO] PluginManage:359 - Loaded plugin analytics (category:tool,tabindex:-1)
2026-07-13 12:29:58,407 [INFO] PluginManage:310 - Check plugin cadmodel
2026-07-13 12:29:58,413 [INFO] CADModel:105 - Init CAD model plugin
2026-07-13 12:29:58,413 [INFO] PluginManage:359 - Loaded plugin cadmodel (category:power,tabindex:5)
2026-07-13 12:29:58,413 [INFO] PluginManage:310 - Check plugin clock
2026-07-13 12:29:58,421 [INFO] PluginManage:359 - Loaded plugin clock (category:base,tabindex:2)
2026-07-13 12:29:58,422 [INFO] PluginManage:310 - Check plugin ddr
2026-07-13 12:29:58,424 [INFO] PluginManage:359 - Loaded plugin ddr (category:tool,tabindex:6)
2026-07-13 12:29:58,425 [INFO] PluginManage:310 - Check plugin filemanager
2026-07-13 12:29:58,530 [INFO] PluginManage:359 - Loaded plugin filemanager (category:base,tabindex:10)
2026-07-13 12:29:58,530 [INFO] PluginManage:310 - Check plugin ipmanager
2026-07-13 12:29:58,537 [INFO] PluginManage:359 - Loaded plugin ipmanager (category:base,tabindex:5)
2026-07-13 12:29:58,537 [INFO] PluginManage:310 - Check plugin lpbam
2026-07-13 12:29:58,543 [INFO] PluginManage:359 - Loaded plugin lpbam (category:base,tabindex:0)
2026-07-13 12:29:58,544 [INFO] PluginManage:310 - Check plugin memorymap
2026-07-13 12:29:58,553 [INFO] PluginManage:359 - Loaded plugin memorymap (category:base,tabindex:4)
2026-07-13 12:29:58,553 [INFO] PluginManage:310 - Check plugin pinoutandconfiguration
2026-07-13 12:29:58,563 [INFO] PluginManage:359 - Loaded plugin pinoutandconfiguration (category:base,tabindex:1)
2026-07-13 12:29:58,564 [INFO] PluginManage:310 - Check plugin pinoutconfig
2026-07-13 12:29:58,626 [WARN] SupportedApi:132 - Cannot load RTOS API schema: s4s-elt-must-match.1: The content of 'definitions' must match (annotation?, (simpleType | complexType)?, (unique | key | keyref)*)). A problem was found starting at: attribute.
2026-07-13 12:29:58,636 [ERROR] LogOutputStream:75 - [STDERR_REDIRECT] [Fatal Error] :1:1: Premature end of file.
2026-07-13 12:29:58,636 [ERROR] LogOutputStream:75 - [STDERR_REDIRECT] 
2026-07-13 12:29:58,730 [INFO] PluginManage:359 - Loaded plugin pinoutconfig (category:base,tabindex:0)
2026-07-13 12:29:58,730 [INFO] PluginManage:310 - Check plugin power
2026-07-13 12:29:58,738 [INFO] PluginManage:359 - Loaded plugin power (category:power,tabindex:4)
2026-07-13 12:29:58,738 [INFO] PluginManage:310 - Check plugin projectmanager
2026-07-13 12:29:58,752 [INFO] PluginManage:359 - Loaded plugin projectmanager (category:projectmanager,tabindex:4)
2026-07-13 12:29:58,752 [INFO] PluginManage:310 - Check plugin rif
2026-07-13 12:29:58,761 [INFO] PluginManage:359 - Loaded plugin rif (category:base,tabindex:3)
2026-07-13 12:29:58,761 [INFO] PluginManage:310 - Check plugin thirdparty
2026-07-13 12:29:58,863 [INFO] PluginManage:359 - Loaded plugin thirdparty (category:base,tabindex:-1)
2026-07-13 12:29:58,863 [WARN] IntegrityCheckThread:84 - waiting for thirdparty lock release [integrity check]
2026-07-13 12:29:58,864 [INFO] PluginManage:310 - Check plugin tools
2026-07-13 12:29:58,864 [INFO] IntegrityCheckThread:86 - entering critical section [integrity check]
2026-07-13 12:29:58,864 [INFO] ThirdPartyUpdaterWithRetryManager:70 - Updater plugin not ready yet. [1/15]
2026-07-13 12:29:58,867 [INFO] PluginManage:359 - Loaded plugin tools (category:base,tabindex:7)
2026-07-13 12:29:58,867 [INFO] PluginManage:310 - Check plugin tutovideos
2026-07-13 12:29:59,019 [INFO] PluginManage:359 - Loaded plugin tutovideos (category:base,tabindex:-1)
2026-07-13 12:29:59,019 [INFO] PluginManage:310 - Check plugin updater
2026-07-13 12:29:59,037 [INFO] PluginManage:359 - Loaded plugin updater (category:base,tabindex:12)
2026-07-13 12:29:59,037 [INFO] PluginManage:310 - Check plugin userauth
2026-07-13 12:29:59,040 [INFO] UserAuth:118 - Init User Auth plugin
2026-07-13 12:29:59,042 [INFO] PluginManage:359 - Loaded plugin userauth (category:base,tabindex:14)
2026-07-13 12:29:59,042 [INFO] PluginManage:283 - PluginManage : Loaded plugins [18]
2026-07-13 12:29:59,207 [INFO] PinOutPanel:1589 - setPackage(No Configuration,No Configuration)
2026-07-13 12:29:59,268 [INFO] CADModel:165 - CPN selected for project level
2026-07-13 12:29:59,268 [INFO] CADModel:114 - Register for checkConnection events
2026-07-13 12:29:59,282 [INFO] IPUIPlugin:80 - create IPUIPlugin
2026-07-13 12:29:59,282 [INFO] PluginManager:220 - loadIPPluginJar : add adc
2026-07-13 12:29:59,284 [INFO] IPUIPlugin:80 - create IPUIPlugin
2026-07-13 12:29:59,284 [INFO] PluginManager:220 - loadIPPluginJar : add aes
2026-07-13 12:29:59,286 [INFO] IPUIPlugin:80 - create IPUIPlugin
2026-07-13 12:29:59,286 [INFO] PluginManager:220 - loadIPPluginJar : add can
2026-07-13 12:29:59,287 [INFO] IPUIPlugin:80 - create IPUIPlugin
2026-07-13 12:29:59,287 [INFO] PluginManager:220 - loadIPPluginJar : add comp
2026-07-13 12:29:59,290 [INFO] IPUIPlugin:80 - create IPUIPlugin
2026-07-13 12:29:59,290 [INFO] PluginManager:220 - loadIPPluginJar : add cryp
2026-07-13 12:29:59,292 [INFO] IPUIPlugin:80 - create IPUIPlugin
2026-07-13 12:29:59,292 [INFO] PluginManager:220 - loadIPPluginJar : add ddr_ctrl_phy
2026-07-13 12:29:59,294 [INFO] IPUIPlugin:80 - create IPUIPlugin
2026-07-13 12:29:59,294 [INFO] PluginManager:220 - loadIPPluginJar : add dfsdm
2026-07-13 12:29:59,298 [INFO] IPUIPlugin:80 - create IPUIPlugin
2026-07-13 12:29:59,299 [INFO] PluginManager:220 - loadIPPluginJar : add dma
2026-07-13 12:29:59,300 [INFO] IPUIPlugin:80 - create IPUIPlugin
2026-07-13 12:29:59,300 [INFO] PluginManager:220 - loadIPPluginJar : add dma3
2026-07-13 12:29:59,302 [INFO] IPUIPlugin:80 - create IPUIPlugin
2026-07-13 12:29:59,303 [INFO] PluginManager:220 - loadIPPluginJar : add extmemmanager
2026-07-13 12:29:59,304 [INFO] IPUIPlugin:80 - create IPUIPlugin
2026-07-13 12:29:59,304 [INFO] PluginManager:220 - loadIPPluginJar : add fatfs
2026-07-13 12:29:59,307 [INFO] IPUIPlugin:80 - create IPUIPlugin
2026-07-13 12:29:59,307 [INFO] PluginManager:220 - loadIPPluginJar : add fmc
2026-07-13 12:29:59,311 [INFO] IPUIPlugin:80 - create IPUIPlugin
2026-07-13 12:29:59,311 [INFO] PluginManager:220 - loadIPPluginJar : add freertos
2026-07-13 12:29:59,312 [INFO] IPUIPlugin:80 - create IPUIPlugin
2026-07-13 12:29:59,312 [INFO] PluginManager:220 - loadIPPluginJar : add genericplugin
2026-07-13 12:29:59,314 [INFO] IPUIPlugin:80 - create IPUIPlugin
2026-07-13 12:29:59,314 [INFO] PluginManager:220 - loadIPPluginJar : add gfxmmu
2026-07-13 12:29:59,317 [INFO] IPUIPlugin:80 - create IPUIPlugin
2026-07-13 12:29:59,317 [INFO] PluginManager:220 - loadIPPluginJar : add gic
2026-07-13 12:29:59,320 [INFO] IPUIPlugin:80 - create IPUIPlugin
2026-07-13 12:29:59,320 [INFO] PluginManager:220 - loadIPPluginJar : add gpio
2026-07-13 12:29:59,323 [INFO] IPUIPlugin:80 - create IPUIPlugin
2026-07-13 12:29:59,323 [INFO] PluginManager:220 - loadIPPluginJar : add gtzc
2026-07-13 12:29:59,325 [INFO] IPUIPlugin:80 - create IPUIPlugin
2026-07-13 12:29:59,325 [INFO] PluginManager:220 - loadIPPluginJar : add hash
2026-07-13 12:29:59,327 [INFO] IPUIPlugin:80 - create IPUIPlugin
2026-07-13 12:29:59,327 [INFO] PluginManager:220 - loadIPPluginJar : add i2c
2026-07-13 12:29:59,329 [INFO] IPUIPlugin:80 - create IPUIPlugin
2026-07-13 12:29:59,329 [INFO] PluginManager:220 - loadIPPluginJar : add i2s
2026-07-13 12:29:59,330 [INFO] IPUIPlugin:80 - create IPUIPlugin
2026-07-13 12:29:59,330 [INFO] PluginManager:220 - loadIPPluginJar : add i3c
2026-07-13 12:29:59,332 [INFO] IPUIPlugin:80 - create IPUIPlugin
2026-07-13 12:29:59,333 [INFO] PluginManager:220 - loadIPPluginJar : add ipddr
2026-07-13 12:29:59,338 [INFO] IPUIPlugin:80 - create IPUIPlugin
2026-07-13 12:29:59,338 [INFO] PluginManager:220 - loadIPPluginJar : add linkedlist
2026-07-13 12:29:59,341 [INFO] IPUIPlugin:80 - create IPUIPlugin
2026-07-13 12:29:59,341 [INFO] PluginManager:220 - loadIPPluginJar : add lorawan
2026-07-13 12:29:59,342 [INFO] IPUIPlugin:80 - create IPUIPlugin
2026-07-13 12:29:59,342 [INFO] PluginManager:220 - loadIPPluginJar : add ltdc
2026-07-13 12:29:59,346 [INFO] IPUIPlugin:80 - create IPUIPlugin
2026-07-13 12:29:59,346 [INFO] PluginManager:220 - loadIPPluginJar : add mdma
2026-07-13 12:29:59,348 [INFO] IPUIPlugin:80 - create IPUIPlugin
2026-07-13 12:29:59,348 [INFO] PluginManager:220 - loadIPPluginJar : add nvic
2026-07-13 12:29:59,350 [INFO] IPUIPlugin:80 - create IPUIPlugin
2026-07-13 12:29:59,350 [INFO] PluginManager:220 - loadIPPluginJar : add opamp
2026-07-13 12:29:59,352 [INFO] IPUIPlugin:80 - create IPUIPlugin
2026-07-13 12:29:59,352 [INFO] PluginManager:220 - loadIPPluginJar : add openamp
2026-07-13 12:29:59,355 [INFO] IPUIPlugin:80 - create IPUIPlugin
2026-07-13 12:29:59,355 [INFO] PluginManager:220 - loadIPPluginJar : add pdm2pcm
2026-07-13 12:29:59,359 [INFO] IPUIPlugin:80 - create IPUIPlugin
2026-07-13 12:29:59,361 [INFO] PluginManager:220 - loadIPPluginJar : add plateformsettings
2026-07-13 12:29:59,361 [INFO] IPUIPlugin:80 - create IPUIPlugin
2026-07-13 12:29:59,361 [INFO] PluginManager:220 - loadIPPluginJar : add quadspi
2026-07-13 12:29:59,363 [INFO] IPUIPlugin:80 - create IPUIPlugin
2026-07-13 12:29:59,363 [INFO] PluginManager:220 - loadIPPluginJar : add radio
2026-07-13 12:29:59,366 [INFO] IPUIPlugin:80 - create IPUIPlugin
2026-07-13 12:29:59,366 [INFO] PluginManager:220 - loadIPPluginJar : add resmgrutility
2026-07-13 12:29:59,368 [INFO] IPUIPlugin:80 - create IPUIPlugin
2026-07-13 12:29:59,368 [INFO] PluginManager:220 - loadIPPluginJar : add sai
2026-07-13 12:29:59,370 [INFO] IPUIPlugin:80 - create IPUIPlugin
2026-07-13 12:29:59,370 [INFO] PluginManager:220 - loadIPPluginJar : add spi
2026-07-13 12:29:59,374 [INFO] IPUIPlugin:80 - create IPUIPlugin
2026-07-13 12:29:59,374 [INFO] PluginManager:220 - loadIPPluginJar : add stm32_wpan
2026-07-13 12:29:59,376 [INFO] IPUIPlugin:80 - create IPUIPlugin
2026-07-13 12:29:59,376 [INFO] PluginManager:220 - loadIPPluginJar : add tim
2026-07-13 12:29:59,378 [INFO] IPUIPlugin:80 - create IPUIPlugin
2026-07-13 12:29:59,378 [INFO] PluginManager:220 - loadIPPluginJar : add touchsensing
2026-07-13 12:29:59,379 [INFO] IPUIPlugin:80 - create IPUIPlugin
2026-07-13 12:29:59,380 [INFO] PluginManager:220 - loadIPPluginJar : add tracer_emb
2026-07-13 12:29:59,381 [INFO] IPUIPlugin:80 - create IPUIPlugin
2026-07-13 12:29:59,381 [INFO] PluginManager:220 - loadIPPluginJar : add ts
2026-07-13 12:29:59,382 [INFO] IPUIPlugin:80 - create IPUIPlugin
2026-07-13 12:29:59,382 [INFO] PluginManager:220 - loadIPPluginJar : add tsc
2026-07-13 12:29:59,383 [INFO] IPUIPlugin:80 - create IPUIPlugin
2026-07-13 12:29:59,384 [INFO] PluginManager:220 - loadIPPluginJar : add ucpd
2026-07-13 12:29:59,386 [INFO] IPUIPlugin:80 - create IPUIPlugin
2026-07-13 12:29:59,386 [INFO] PluginManager:220 - loadIPPluginJar : add usart
2026-07-13 12:29:59,388 [INFO] IPUIPlugin:80 - create IPUIPlugin
2026-07-13 12:29:59,388 [INFO] PluginManager:220 - loadIPPluginJar : add usbx
2026-07-13 12:29:59,504 [FATAL] Updater:351 - Updater called before beeing initialized
2026-07-13 12:29:59,529 [INFO] RulesReader:64 - Compatibility file has been processed (317 Rules)
2026-07-13 12:29:59,536 [INFO] RulesReader:64 - Compatibility file has been processed (317 Rules)
2026-07-13 12:29:59,541 [INFO] CADModel:165 - CPN selected for project level
2026-07-13 12:29:59,541 [INFO] CADModel:114 - Register for checkConnection events
2026-07-13 12:29:59,541 [FATAL] Updater:351 - Updater called before beeing initialized
2026-07-13 12:29:59,541 [ERROR] CADModel:125 - Updater not yet initialized, retry later 
2026-07-13 12:29:59,624 [ERROR] LogOutputStream:75 - [STDERR_REDIRECT] [Fatal Error] :1:1: Premature end of file.
2026-07-13 12:29:59,625 [ERROR] LogOutputStream:75 - [STDERR_REDIRECT] 
2026-07-13 12:29:59,651 [FATAL] Updater:351 - Updater called before beeing initialized
2026-07-13 12:29:59,653 [INFO] CADModel:165 - CPN selected for project level
2026-07-13 12:29:59,653 [INFO] CADModel:114 - Register for checkConnection events
2026-07-13 12:29:59,653 [FATAL] Updater:351 - Updater called before beeing initialized
2026-07-13 12:29:59,653 [ERROR] CADModel:125 - Updater not yet initialized, retry later 
2026-07-13 12:29:59,654 [FATAL] Updater:351 - Updater called before beeing initialized
2026-07-13 12:29:59,734 [FATAL] Updater:351 - Updater called before beeing initialized
2026-07-13 12:29:59,736 [INFO] DbMcusAds:53 - JSON generation date=Fri May 29 02:08:17 AEST 2026 (1779984497073)
2026-07-13 12:29:59,736 [FATAL] Updater:351 - Updater called before beeing initialized
2026-07-13 12:29:59,762 [WARN] DetailPanel:346 - Failed to get advertising image, set to default
2026-07-13 12:29:59,826 [FATAL] Updater:351 - Updater called before beeing initialized
2026-07-13 12:29:59,827 [FATAL] Updater:351 - Updater called before beeing initialized
2026-07-13 12:29:59,828 [FATAL] Updater:351 - Updater called before beeing initialized
2026-07-13 12:29:59,828 [WARN] DetailPanel:346 - Failed to get advertising image, set to default
2026-07-13 12:29:59,829 [FATAL] Updater:351 - Updater called before beeing initialized
2026-07-13 12:29:59,861 [ERROR] Updater:1198 - MainUpdater not yet initialized. External WinMGr cannot be set.
2026-07-13 12:29:59,862 [INFO] Updater:1134 - Updater Version found : 6.15.0
2026-07-13 12:29:59,874 [INFO] ApplicationProperties:184 - Using Application install path: C:\ST\STM32CubeIDE_1.18.1\STM32CubeIDE\plugins\com.st.stm32cube.common.mx_6.15.0.202507011659
2026-07-13 12:30:00,625 [ERROR] LogOutputStream:75 - [STDERR_REDIRECT] [Fatal Error] :1:1: Premature end of file.
2026-07-13 12:30:00,625 [ERROR] LogOutputStream:75 - [STDERR_REDIRECT] 
2026-07-13 12:30:01,445 [ERROR] LogOutputStream:75 - [STDERR_REDIRECT] Jul 13, 2026 12:30:01 PM java.util.prefs.WindowsPreferences <init>
2026-07-13 12:30:01,447 [ERROR] LogOutputStream:75 - [STDERR_REDIRECT] WARNING: Could not open/create prefs root node Software\JavaSoft\Prefs at root 0xffffffff80000002. Windows RegCreateKeyEx(...) returned error code 5.
2026-07-13 12:30:01,447 [ERROR] LogOutputStream:75 - [STDERR_REDIRECT] 
2026-07-13 12:30:01,473 [INFO] MainUpdater:525 - Copy updater definitions from MX database
2026-07-13 12:30:01,627 [ERROR] LogOutputStream:75 - [STDERR_REDIRECT] [Fatal Error] :1:1: Premature end of file.
2026-07-13 12:30:01,627 [ERROR] LogOutputStream:75 - [STDERR_REDIRECT] 
2026-07-13 12:30:01,634 [INFO] MainUpdater:2872 - connection check result : 10
2026-07-13 12:30:01,634 [INFO] MainUpdater:3604 - Updater definition file requires update
2026-07-13 12:30:01,636 [INFO] MainUpdater:289 - Updater Check For Update Now.
2026-07-13 12:30:01,637 [INFO] MicroXplorer:498 - Change Database Version : DB.6.0.150
2026-07-13 12:30:01,641 [INFO] McuFinderGlobals:63 - Set McuFinder mode to 2 (CubeIDE integrated)
2026-07-13 12:30:01,642 [INFO] UserAuth:487 - Internet connection configuration mode: 1
2026-07-13 12:30:01,655 [INFO] JxBrowserEngine:152 - Initiate JxBrowser Engine with user profile folder
2026-07-13 12:30:01,679 [INFO] ServerAccessManage:452 - Complete download http(s) 200
2026-07-13 12:30:01,681 [INFO] ServerAccessManage:509 - Download File updaters.zip
2026-07-13 12:30:01,730 [INFO] FileExtend:248 - Unzip File : updaters.zip
2026-07-13 12:30:01,731 [INFO] FileExtend:263 - Standard Zip Deflate
2026-07-13 12:30:01,867 [WARN] MainUpdater:1193 - Updater busy. Cannot search thirdparties
2026-07-13 12:30:01,867 [INFO] ThirdPartyUpdaterWithRetryManager:96 - Updater plugin is busy. [1/15]
2026-07-13 12:30:01,999 [INFO] McuFinderGlobals:63 - Set McuFinder mode to 2 (CubeIDE integrated)
2026-07-13 12:30:02,046 [INFO] ServerAccessManage:452 - Complete download http(s) 200
2026-07-13 12:30:02,046 [INFO] ServerAccessManage:509 - Download File PacksControlFlags.xml
2026-07-13 12:30:02,110 [INFO] ServerAccessManage:452 - Complete download http(s) 200
2026-07-13 12:30:02,111 [INFO] ServerAccessManage:509 - Download File cubemx.pidx
2026-07-13 12:30:02,634 [ERROR] LogOutputStream:75 - [STDERR_REDIRECT] [Fatal Error] :1:1: Premature end of file.
2026-07-13 12:30:02,634 [ERROR] LogOutputStream:75 - [STDERR_REDIRECT] 
2026-07-13 12:30:02,693 [INFO] ServerAccessManage:452 - Complete download http(s) 200
2026-07-13 12:30:02,693 [INFO] ServerAccessManage:509 - Download File STMicroelectronics.X-CUBE-BLEMGR.pdsc
2026-07-13 12:30:02,955 [INFO] WebApp:169 - Instantiating new browser for Auth
2026-07-13 12:30:03,523 [INFO] WebApp:463 - Apply proxy settings
2026-07-13 12:30:03,524 [INFO] WebApp:548 - Chromium requires no authentication
2026-07-13 12:30:03,532 [INFO] WebApp:491 - Direct internet connection detected
2026-07-13 12:30:03,551 [INFO] WebApp:900 - Register for checkConnection events
2026-07-13 12:30:03,551 [INFO] WebApp:463 - Apply proxy settings
2026-07-13 12:30:03,551 [INFO] WebApp:548 - Chromium requires no authentication
2026-07-13 12:30:03,551 [INFO] WebApp:491 - Direct internet connection detected
2026-07-13 12:30:03,595 [ERROR] ServerAccessManage:1212 - Problem, file not found on Server
2026-07-13 12:30:03,624 [ERROR] LogOutputStream:75 - [STDERR_REDIRECT] [Fatal Error] :1:1: Premature end of file.
2026-07-13 12:30:03,624 [ERROR] LogOutputStream:75 - [STDERR_REDIRECT] 
2026-07-13 12:30:03,684 [INFO] WebApp:225 - Starting web application
2026-07-13 12:30:03,684 [INFO] WebApp:593 - Web application path used C:\ST\STM32CubeIDE_1.18.1\STM32CubeIDE\plugins\com.st.stm32cube.common.mx_6.15.0.202507011659\db\plugins\mcufinder\reactClient1\index.html
2026-07-13 12:30:03,961 [INFO] UserAuth:487 - Internet connection configuration mode: 1
2026-07-13 12:30:04,023 [INFO] WebApp:191 - Connection restablished
2026-07-13 12:30:04,627 [ERROR] LogOutputStream:75 - [STDERR_REDIRECT] [Fatal Error] :1:1: Premature end of file.
2026-07-13 12:30:04,627 [ERROR] LogOutputStream:75 - [STDERR_REDIRECT] 
2026-07-13 12:30:04,720 [ERROR] ServerAccessManage:1295 - Problem during Server Connection :  IO error PKIX path building failed: sun.security.provider.certpath.SunCertPathBuilderException: unable to find valid certification path to requested target
2026-07-13 12:30:04,720 [ERROR] ServerAccessManage:740 - Problem during Server Connection :  : Avnet-IOTCONNECT.X-CUBE-iotc-st67-sdk.pdsc.
2026-07-13 12:30:04,762 [WARN] PopulateThirdPartyThread:106 - Error when creating pack: C:/Users/elena/.stm32cubemx/thirdparties/pdsc/STMicroelectronics.X-CUBE-BLEMGR.pdsc
2026-07-13 12:30:04,762 [INFO] PopulateThirdPartyThread:66 - Ending populate Thread
2026-07-13 12:30:04,762 [INFO] LoadServerUpdatesThread:375 - End of LoadServerUpdate Thread
2026-07-13 12:30:04,868 [WARN] MainUpdater:1193 - Updater busy. Cannot search thirdparties
2026-07-13 12:30:04,868 [INFO] ThirdPartyUpdaterWithRetryManager:96 - Updater plugin is busy. [2/15]
2026-07-13 12:30:04,901 [INFO] CheckServerUpdateThread:120 - End of CheckServer Thread
2026-07-13 12:30:05,013 [INFO] MainUpdater:2872 - connection check result : 10
2026-07-13 12:30:05,017 [INFO] McuFinderGlobals:76 - Set McuFinderConnectedMode to true
2026-07-13 12:30:05,161 [INFO] ServerAccessManage:452 - Complete download http(s) 200
2026-07-13 12:30:05,161 [INFO] ServerAccessManage:509 - Download File mcusAds.json._tmp_
2026-07-13 12:30:05,270 [INFO] LoadUrlFilesThread:156 - End of LoadUrlFiles Thread
2026-07-13 12:30:05,394 [INFO] ServerAccessManage:452 - Complete download http(s) 200
2026-07-13 12:30:05,395 [INFO] ServerAccessManage:509 - Download File cube-finder-db.zip
2026-07-13 12:30:05,628 [ERROR] LogOutputStream:75 - [STDERR_REDIRECT] [Fatal Error] :1:1: Premature end of file.
2026-07-13 12:30:05,628 [ERROR] LogOutputStream:75 - [STDERR_REDIRECT] 
2026-07-13 12:30:06,070 [INFO] FileExtend:248 - Unzip File : cube-finder-db.zip
2026-07-13 12:30:06,070 [INFO] FileExtend:263 - Standard Zip Deflate
2026-07-13 12:30:06,628 [ERROR] LogOutputStream:75 - [STDERR_REDIRECT] [Fatal Error] :1:1: Premature end of file.
2026-07-13 12:30:06,628 [ERROR] LogOutputStream:75 - [STDERR_REDIRECT] 
2026-07-13 12:30:06,746 [INFO] LoadUrlFilesThread:156 - End of LoadUrlFiles Thread
2026-07-13 12:30:07,620 [ERROR] LogOutputStream:75 - [STDERR_REDIRECT] [Fatal Error] :1:1: Premature end of file.
2026-07-13 12:30:07,620 [ERROR] LogOutputStream:75 - [STDERR_REDIRECT] 
2026-07-13 12:30:07,868 [WARN] MainUpdater:1193 - Updater busy. Cannot search thirdparties
2026-07-13 12:30:07,868 [INFO] ThirdPartyUpdaterWithRetryManager:96 - Updater plugin is busy. [3/15]
2026-07-13 12:30:08,623 [ERROR] LogOutputStream:75 - [STDERR_REDIRECT] [Fatal Error] :1:1: Premature end of file.
2026-07-13 12:30:08,623 [ERROR] LogOutputStream:75 - [STDERR_REDIRECT] 
2026-07-13 12:30:09,620 [ERROR] LogOutputStream:75 - [STDERR_REDIRECT] [Fatal Error] :1:1: Premature end of file.
2026-07-13 12:30:09,620 [ERROR] LogOutputStream:75 - [STDERR_REDIRECT] 
2026-07-13 12:30:10,620 [ERROR] LogOutputStream:75 - [STDERR_REDIRECT] [Fatal Error] :1:1: Premature end of file.
2026-07-13 12:30:10,620 [ERROR] LogOutputStream:75 - [STDERR_REDIRECT] 
2026-07-13 12:30:10,870 [WARN] MainUpdater:1193 - Updater busy. Cannot search thirdparties
2026-07-13 12:30:10,870 [INFO] ThirdPartyUpdaterWithRetryManager:96 - Updater plugin is busy. [4/15]
2026-07-13 12:30:11,625 [ERROR] LogOutputStream:75 - [STDERR_REDIRECT] [Fatal Error] :1:1: Premature end of file.
2026-07-13 12:30:11,626 [ERROR] LogOutputStream:75 - [STDERR_REDIRECT] 
2026-07-13 12:30:12,621 [ERROR] LogOutputStream:75 - [STDERR_REDIRECT] [Fatal Error] :1:1: Premature end of file.
2026-07-13 12:30:12,621 [ERROR] LogOutputStream:75 - [STDERR_REDIRECT] 
2026-07-13 12:30:13,621 [ERROR] LogOutputStream:75 - [STDERR_REDIRECT] [Fatal Error] :1:1: Premature end of file.
2026-07-13 12:30:13,621 [ERROR] LogOutputStream:75 - [STDERR_REDIRECT] 
2026-07-13 12:30:13,871 [WARN] MainUpdater:1193 - Updater busy. Cannot search thirdparties
2026-07-13 12:30:13,871 [INFO] ThirdPartyUpdaterWithRetryManager:96 - Updater plugin is busy. [5/15]
2026-07-13 12:30:14,619 [ERROR] LogOutputStream:75 - [STDERR_REDIRECT] [Fatal Error] :1:1: Premature end of file.
2026-07-13 12:30:14,620 [ERROR] LogOutputStream:75 - [STDERR_REDIRECT] 
2026-07-13 12:30:15,620 [ERROR] LogOutputStream:75 - [STDERR_REDIRECT] [Fatal Error] :1:1: Premature end of file.
2026-07-13 12:30:15,620 [ERROR] LogOutputStream:75 - [STDERR_REDIRECT] 
2026-07-13 12:30:16,620 [ERROR] LogOutputStream:75 - [STDERR_REDIRECT] [Fatal Error] :1:1: Premature end of file.
2026-07-13 12:30:16,620 [ERROR] LogOutputStream:75 - [STDERR_REDIRECT] 
2026-07-13 12:30:16,872 [WARN] MainUpdater:1193 - Updater busy. Cannot search thirdparties
2026-07-13 12:30:16,872 [INFO] ThirdPartyUpdaterWithRetryManager:96 - Updater plugin is busy. [6/15]
2026-07-13 12:30:17,624 [ERROR] LogOutputStream:75 - [STDERR_REDIRECT] [Fatal Error] :1:1: Premature end of file.
2026-07-13 12:30:17,626 [ERROR] LogOutputStream:75 - [STDERR_REDIRECT] 
2026-07-13 12:30:18,622 [ERROR] LogOutputStream:75 - [STDERR_REDIRECT] [Fatal Error] :1:1: Premature end of file.
2026-07-13 12:30:18,622 [ERROR] LogOutputStream:75 - [STDERR_REDIRECT] 
2026-07-13 12:30:19,623 [ERROR] LogOutputStream:75 - [STDERR_REDIRECT] [Fatal Error] :1:1: Premature end of file.
2026-07-13 12:30:19,624 [ERROR] LogOutputStream:75 - [STDERR_REDIRECT] 
2026-07-13 12:30:19,872 [WARN] MainUpdater:1193 - Updater busy. Cannot search thirdparties
2026-07-13 12:30:19,872 [INFO] ThirdPartyUpdaterWithRetryManager:96 - Updater plugin is busy. [7/15]
2026-07-13 12:30:20,622 [ERROR] LogOutputStream:75 - [STDERR_REDIRECT] [Fatal Error] :1:1: Premature end of file.
2026-07-13 12:30:20,622 [ERROR] LogOutputStream:75 - [STDERR_REDIRECT] 
2026-07-13 12:30:21,627 [ERROR] LogOutputStream:75 - [STDERR_REDIRECT] [Fatal Error] :1:1: Premature end of file.
2026-07-13 12:30:21,627 [ERROR] LogOutputStream:75 - [STDERR_REDIRECT] 
2026-07-13 12:30:22,628 [ERROR] LogOutputStream:75 - [STDERR_REDIRECT] [Fatal Error] :1:1: Premature end of file.
2026-07-13 12:30:22,629 [ERROR] LogOutputStream:75 - [STDERR_REDIRECT] 
2026-07-13 12:30:22,873 [WARN] MainUpdater:1193 - Updater busy. Cannot search thirdparties
2026-07-13 12:30:22,873 [INFO] ThirdPartyUpdaterWithRetryManager:96 - Updater plugin is busy. [8/15]
2026-07-13 12:30:23,625 [ERROR] LogOutputStream:75 - [STDERR_REDIRECT] [Fatal Error] :1:1: Premature end of file.
2026-07-13 12:30:23,625 [ERROR] LogOutputStream:75 - [STDERR_REDIRECT] 
2026-07-13 12:30:24,624 [ERROR] LogOutputStream:75 - [STDERR_REDIRECT] [Fatal Error] :1:1: Premature end of file.
2026-07-13 12:30:24,624 [ERROR] LogOutputStream:75 - [STDERR_REDIRECT] 
2026-07-13 12:30:25,620 [ERROR] LogOutputStream:75 - [STDERR_REDIRECT] [Fatal Error] :1:1: Premature end of file.
2026-07-13 12:30:25,620 [ERROR] LogOutputStream:75 - [STDERR_REDIRECT] 
2026-07-13 12:30:25,875 [WARN] MainUpdater:1193 - Updater busy. Cannot search thirdparties
2026-07-13 12:30:25,875 [INFO] ThirdPartyUpdaterWithRetryManager:96 - Updater plugin is busy. [9/15]
2026-07-13 12:30:26,629 [ERROR] LogOutputStream:75 - [STDERR_REDIRECT] [Fatal Error] :1:1: Premature end of file.
2026-07-13 12:30:26,629 [ERROR] LogOutputStream:75 - [STDERR_REDIRECT] 
2026-07-13 12:30:27,622 [ERROR] LogOutputStream:75 - [STDERR_REDIRECT] [Fatal Error] :1:1: Premature end of file.
2026-07-13 12:30:27,622 [ERROR] LogOutputStream:75 - [STDERR_REDIRECT] 
2026-07-13 12:30:27,952 [ERROR] ServerAccessManage:1295 - Problem during Server Connection :  IO error Connection timed out: getsockopt
2026-07-13 12:30:27,953 [ERROR] ServerAccessManage:740 - Problem during Server Connection :  : crdb.zip.
2026-07-13 12:30:28,628 [ERROR] LogOutputStream:75 - [STDERR_REDIRECT] [Fatal Error] :1:1: Premature end of file.
2026-07-13 12:30:28,628 [ERROR] LogOutputStream:75 - [STDERR_REDIRECT] 
2026-07-13 12:30:28,875 [WARN] MainUpdater:1193 - Updater busy. Cannot search thirdparties
2026-07-13 12:30:28,875 [INFO] ThirdPartyUpdaterWithRetryManager:96 - Updater plugin is busy. [10/15]
2026-07-13 12:30:29,622 [ERROR] LogOutputStream:75 - [STDERR_REDIRECT] [Fatal Error] :1:1: Premature end of file.
2026-07-13 12:30:29,622 [ERROR] LogOutputStream:75 - [STDERR_REDIRECT] 
2026-07-13 12:30:30,627 [ERROR] LogOutputStream:75 - [STDERR_REDIRECT] [Fatal Error] :1:1: Premature end of file.
2026-07-13 12:30:30,627 [ERROR] LogOutputStream:75 - [STDERR_REDIRECT] 
2026-07-13 12:30:31,626 [ERROR] LogOutputStream:75 - [STDERR_REDIRECT] [Fatal Error] :1:1: Premature end of file.
2026-07-13 12:30:31,626 [ERROR] LogOutputStream:75 - [STDERR_REDIRECT] 
2026-07-13 12:30:31,876 [WARN] MainUpdater:1193 - Updater busy. Cannot search thirdparties
2026-07-13 12:30:31,876 [INFO] ThirdPartyUpdaterWithRetryManager:96 - Updater plugin is busy. [11/15]
2026-07-13 12:30:32,630 [ERROR] LogOutputStream:75 - [STDERR_REDIRECT] [Fatal Error] :1:1: Premature end of file.
2026-07-13 12:30:32,630 [ERROR] LogOutputStream:75 - [STDERR_REDIRECT] 
2026-07-13 12:30:33,622 [ERROR] LogOutputStream:75 - [STDERR_REDIRECT] [Fatal Error] :1:1: Premature end of file.
2026-07-13 12:30:33,622 [ERROR] LogOutputStream:75 - [STDERR_REDIRECT] 
2026-07-13 12:30:34,629 [ERROR] LogOutputStream:75 - [STDERR_REDIRECT] [Fatal Error] :1:1: Premature end of file.
2026-07-13 12:30:34,629 [ERROR] LogOutputStream:75 - [STDERR_REDIRECT] 
2026-07-13 12:30:34,876 [WARN] MainUpdater:1193 - Updater busy. Cannot search thirdparties
2026-07-13 12:30:34,877 [INFO] ThirdPartyUpdaterWithRetryManager:96 - Updater plugin is busy. [12/15]
2026-07-13 12:30:35,625 [ERROR] LogOutputStream:75 - [STDERR_REDIRECT] [Fatal Error] :1:1: Premature end of file.
2026-07-13 12:30:35,625 [ERROR] LogOutputStream:75 - [STDERR_REDIRECT] 
2026-07-13 12:30:36,619 [INFO] LoadUrlFilesThread:156 - End of LoadUrlFiles Thread
2026-07-13 12:30:36,636 [ERROR] LogOutputStream:75 - [STDERR_REDIRECT] [Fatal Error] :1:1: Premature end of file.
2026-07-13 12:30:36,636 [ERROR] LogOutputStream:75 - [STDERR_REDIRECT] 
2026-07-13 12:30:37,619 [ERROR] LogOutputStream:75 - [STDERR_REDIRECT] [Fatal Error] :1:1: Premature end of file.
2026-07-13 12:30:37,620 [ERROR] LogOutputStream:75 - [STDERR_REDIRECT] 
2026-07-13 12:30:38,129 [WARN] PackLoader:240 - Cannot read IP mode file for STMicroelectronics.X-CUBE-AZRTOS-H7.3.5.0
2026-07-13 12:30:38,138 [WARN] PackLoader:240 - Cannot read IP mode file for STMicroelectronics.FP-SNS-MOTENVWB1.1.4.0
2026-07-13 12:30:38,144 [WARN] PackLoader:240 - Cannot read IP mode file for STMicroelectronics.FP-ATR-ASTRA1.2.0.2
2026-07-13 12:30:38,148 [ERROR] Engine:466 - C:\Users\elena\.stm32cubemx\thirdparties\pdsc\STMicroelectronics.X-CUBE-SMBUS.2.1.1.pdsc: PDSC version is not supported
2026-07-13 12:30:38,152 [WARN] PackLoader:240 - Cannot read IP mode file for STMicroelectronics.X-CUBE-SMBUS.2.1.0
2026-07-13 12:30:38,155 [WARN] PackLoader:240 - Cannot read IP mode file for STMicroelectronics.X-CUBE-ST60.1.0.0
2026-07-13 12:30:38,167 [WARN] PackLoader:240 - Cannot read IP mode file for STMicroelectronics.X-CUBE-AZRTOS-F7.1.1.0
2026-07-13 12:30:38,173 [WARN] PackLoader:240 - Cannot read IP mode file for STMicroelectronics.X-CUBE-FREERTOS.1.6.0
2026-07-13 12:30:38,178 [WARN] PackLoader:240 - Cannot read IP mode file for STMicroelectronics.FP-SNS-MOTENV1.5.1.0
2026-07-13 12:30:38,188 [WARN] PackLoader:240 - Cannot read IP mode file for STMicroelectronics.X-CUBE-AZRTOS-H7RS.1.3.0
2026-07-13 12:30:38,202 [WARN] PackLoader:240 - Cannot read IP mode file for Infineon.AIROC-Wi-Fi-Bluetooth-STM32.1.7.0
2026-07-13 12:30:38,217 [WARN] PackLoader:240 - Cannot read IP mode file for STMicroelectronics.X-CUBE-AZRTOS-H7.3.4.0
2026-07-13 12:30:38,223 [WARN] PackLoader:240 - Cannot read IP mode file for STMicroelectronics.X-CUBE-DISPLAY.3.0.0
2026-07-13 12:30:38,230 [WARN] PackLoader:240 - Cannot read IP mode file for STMicroelectronics.X-CUBE-GNSS1.7.1.1
2026-07-13 12:30:38,234 [WARN] PackLoader:240 - Cannot read IP mode file for STMicroelectronics.X-CUBE-NFC10.1.0.0
2026-07-13 12:30:38,242 [WARN] PackLoader:240 - Cannot read IP mode file for STMicroelectronics.X-CUBE-BLEMGR.4.0.0
2026-07-13 12:30:38,246 [WARN] PackLoader:240 - Cannot read IP mode file for STMicroelectronics.X-CUBE-ST60.1.1.0
2026-07-13 12:30:38,251 [WARN] PackLoader:240 - Cannot read IP mode file for emotas.I-CUBE-CANOPEN.1.3.0
2026-07-13 12:30:38,253 [ERROR] Engine:466 - C:\Users\elena\.stm32cubemx\thirdparties\pdsc\STMicroelectronics.X-CUBE-WBA.1.1.0.pdsc: PDSC version is not supported
2026-07-13 12:30:38,255 [WARN] PackLoader:240 - Cannot read IP mode file for STMicroelectronics.X-CUBE-GNSS1.7.1.0
2026-07-13 12:30:38,260 [WARN] ConditionMgr:438 - getConditionDescription Invalid condition id : Cortex-A Device cause : null
2026-07-13 12:30:38,266 [WARN] ConditionMgr:1044 - genDependencies : Invalid condition id : Cortex-A Device cause : null
2026-07-13 12:30:38,266 [WARN] ConditionMgr:1044 - genDependencies : Invalid condition id : Cortex-A Device cause : null
2026-07-13 12:30:38,266 [WARN] ConditionMgr:1044 - genDependencies : Invalid condition id : Cortex-A Device cause : null
2026-07-13 12:30:38,270 [WARN] PackLoader:240 - Cannot read IP mode file for STMicroelectronics.FP-SNS-STBOX1.2.1.0
2026-07-13 12:30:38,276 [WARN] PackLoader:240 - Cannot read IP mode file for STMicroelectronics.FP-SNS-SMARTAG2.1.2.0
2026-07-13 12:30:38,279 [WARN] PackLoader:240 - Cannot read IP mode file for STMicroelectronics.FP-SNS-FLIGHT1.5.1.0
2026-07-13 12:30:38,284 [INFO] LogOutputStream:77 - [STDOUT_REDIRECT] 1 : Invalid condition id : UX_CORESTACK_Condition cause : null
2026-07-13 12:30:38,284 [INFO] LogOutputStream:77 - [STDOUT_REDIRECT] 1 : Invalid condition id : UX_CORESTACK_Condition cause : null
2026-07-13 12:30:38,284 [INFO] LogOutputStream:77 - [STDOUT_REDIRECT] 1 : Invalid condition id : UX_CORESTACK_Condition cause : null
2026-07-13 12:30:38,285 [INFO] LogOutputStream:77 - [STDOUT_REDIRECT] 1 : Invalid condition id : UX_CORESTACK_Condition cause : null
2026-07-13 12:30:38,285 [INFO] LogOutputStream:77 - [STDOUT_REDIRECT] 1 : Invalid condition id : UX_CORESTACK_Condition cause : null
2026-07-13 12:30:38,286 [WARN] PackLoader:240 - Cannot read IP mode file for STMicroelectronics.X-CUBE-AZRTOS-WL.2.0.0
2026-07-13 12:30:38,291 [WARN] PackLoader:240 - Cannot read IP mode file for STMicroelectronics.FP-SNS-MOTENV1.5.0.0
2026-07-13 12:30:38,299 [WARN] PackLoader:240 - Cannot read IP mode file for STMicroelectronics.X-CUBE-AZRTOS-H7RS.1.2.0
2026-07-13 12:30:38,305 [WARN] PackLoader:240 - Cannot read IP mode file for WES.I-CUBE-Cesium.1.3.0
2026-07-13 12:30:38,309 [WARN] PackLoader:240 - Cannot read IP mode file for STMicroelectronics.X-CUBE-BLE2.3.3.0
2026-07-13 12:30:38,313 [WARN] PackLoader:240 - Cannot read IP mode file for STMicroelectronics.X-CUBE-NFC9.1.0.0
2026-07-13 12:30:38,317 [WARN] PackLoader:240 - Cannot read IP mode file for wolfSSL.I-CUBE-wolfSSL.5.8.0
2026-07-13 12:30:38,320 [WARN] PackLoader:240 - Cannot read IP mode file for STMicroelectronics.X-CUBE-BLE1.7.1.0
2026-07-13 12:30:38,323 [WARN] PackLoader:240 - Cannot read IP mode file for wolfSSL.I-CUBE-wolfMQTT.1.19.2
2026-07-13 12:30:38,327 [WARN] PackLoader:240 - Cannot read IP mode file for STMicroelectronics.X-CUBE-FREERTOS.1.4.0
2026-07-13 12:30:38,330 [WARN] PackLoader:240 - Cannot read IP mode file for STMicroelectronics.X-CUBE-EEPRMA1.5.2.0
2026-07-13 12:30:38,334 [WARN] PackLoader:240 - Cannot read IP mode file for STMicroelectronics.X-CUBE-ST67W61.1.1.0
2026-07-13 12:30:38,339 [WARN] PackLoader:240 - Cannot read IP mode file for STMicroelectronics.X-CUBE-AI.10.1.0
2026-07-13 12:30:38,343 [WARN] PackLoader:240 - Cannot read IP mode file for STMicroelectronics.FP-SNS-STAIOTCFT.1.1.0
2026-07-13 12:30:38,374 [WARN] PackLoader:240 - Cannot read IP mode file for STMicroelectronics.X-CUBE-MEMS1.12.0.0
2026-07-13 12:30:38,415 [WARN] PackLoader:240 - Cannot read IP mode file for STMicroelectronics.X-CUBE-AZRTOS-G0.1.1.0
2026-07-13 12:30:38,421 [WARN] PackLoader:240 - Cannot read IP mode file for STMicroelectronics.X-CUBE-SAFEA1.1.2.2
2026-07-13 12:30:38,424 [WARN] PackLoader:240 - Cannot read IP mode file for STMicroelectronics.X-CUBE-NFC4.3.0.0
2026-07-13 12:30:38,430 [WARN] PackLoader:240 - Cannot read IP mode file for EmbeddedOffice.I-CUBE-FS-RTOS.1.0.1
2026-07-13 12:30:38,433 [WARN] PackLoader:240 - Cannot read IP mode file for STMicroelectronics.X-CUBE-WB05N.2.0.0
2026-07-13 12:30:38,437 [WARN] PackLoader:240 - Cannot read IP mode file for wolfSSL.I-CUBE-wolfTPM.3.8.0
2026-07-13 12:30:38,440 [WARN] PackLoader:240 - Cannot read IP mode file for STMicroelectronics.X-CUBE-TCPP.4.2.0
2026-07-13 12:30:38,444 [WARN] PackLoader:240 - Cannot read IP mode file for RealThread.X-CUBE-RT-Thread_Nano.4.1.1
2026-07-13 12:30:38,447 [WARN] PackLoader:240 - Cannot read IP mode file for STMicroelectronics.FP-ATR-SIGFOX1.3.2.0
2026-07-13 12:30:38,450 [WARN] PackLoader:240 - Cannot read IP mode file for STMicroelectronics.X-CUBE-EEPRMA1.5.1.0
2026-07-13 12:30:38,454 [WARN] PackLoader:240 - Cannot read IP mode file for STMicroelectronics.X-CUBE-FREERTOS.1.5.0
2026-07-13 12:30:38,460 [WARN] PackLoader:240 - Cannot read IP mode file for ITTIA_DB.I-CUBE-ITTIADB.8.9.0
2026-07-13 12:30:38,463 [WARN] PackLoader:240 - Cannot read IP mode file for STMicroelectronics.X-CUBE-ST67W61.1.0.0
2026-07-13 12:30:38,465 [WARN] PackLoader:240 - Cannot read IP mode file for STMicroelectronics.X-CUBE-AI.10.2.1
2026-07-13 12:30:38,468 [WARN] PackLoader:240 - Cannot read IP mode file for STMicroelectronics.X-CUBE-AI.10.2.0
2026-07-13 12:30:38,487 [WARN] PackLoader:240 - Cannot read IP mode file for STMicroelectronics.X-CUBE-MEMS1.12.1.0
2026-07-13 12:30:38,531 [WARN] PackLoader:240 - Cannot read IP mode file for SEGGER.I-CUBE-embOS.1.3.1
2026-07-13 12:30:38,551 [WARN] PackLoader:240 - Cannot read IP mode file for STMicroelectronics.X-CUBE-ALGOBUILD.1.4.0
2026-07-13 12:30:38,574 [WARN] PackLoader:240 - Cannot read IP mode file for STMicroelectronics.X-CUBE-MEMS1.11.3.0
2026-07-13 12:30:38,628 [ERROR] LogOutputStream:75 - [STDERR_REDIRECT] [Fatal Error] :1:1: Premature end of file.
2026-07-13 12:30:38,628 [ERROR] LogOutputStream:75 - [STDERR_REDIRECT] 
2026-07-13 12:30:38,644 [WARN] PackLoader:240 - Cannot read IP mode file for STMicroelectronics.X-CUBE-NFC13.1.0.0
2026-07-13 12:30:38,649 [WARN] PackLoader:240 - Cannot read IP mode file for STMicroelectronics.X-CUBE-PM33A1.1.0.0
2026-07-13 12:30:38,662 [WARN] PackLoader:240 - Cannot read IP mode file for STMicroelectronics.X-CUBE-AZRTOS-F4.1.1.0
2026-07-13 12:30:38,668 [WARN] PackLoader:240 - Cannot read IP mode file for STMicroelectronics.X-CUBE-ISPU.2.1.0
2026-07-13 12:30:38,683 [WARN] PackLoader:240 - Cannot read IP mode file for STMicroelectronics.X-CUBE-IPS.3.2.0
2026-07-13 12:30:38,692 [WARN] PackLoader:240 - Cannot read IP mode file for STMicroelectronics.eDS-WB_DPC_TT-BIDIR.2.1.1
2026-07-13 12:30:38,696 [WARN] PackLoader:240 - Cannot read IP mode file for STMicroelectronics.X-CUBE-NFC12.1.0.0
2026-07-13 12:30:38,707 [WARN] PackLoader:240 - Cannot read IP mode file for STMicroelectronics.X-CUBE-AZRTOS-L5.2.0.0
2026-07-13 12:30:38,714 [WARN] PackLoader:240 - Cannot read IP mode file for STMicroelectronics.X-CUBE-NFC6.3.1.0
2026-07-13 12:30:38,720 [WARN] PackLoader:240 - Cannot read IP mode file for STMicroelectronics.X-CUBE-ALGOBUILD.1.5.0
2026-07-13 12:30:38,724 [WARN] PackLoader:240 - Cannot read IP mode file for STMicroelectronics.eDS-WB_DPC_VIENNA.1.2.0
2026-07-13 12:30:38,726 [WARN] PackLoader:240 - Cannot read IP mode file for STMicroelectronics.eDS-WB_DPC_3PH2L-BIDIR.1.1.1
2026-07-13 12:30:38,729 [ERROR] Engine:466 - C:\Users\elena\.stm32cubemx\thirdparties\pdsc\STMicroelectronics.X-CUBE-ST67W61.1.3.0.pdsc: PDSC version is not supported
2026-07-13 12:30:38,733 [WARN] PackLoader:240 - Cannot read IP mode file for STMicroelectronics.X-CUBE-FREERTOS.1.3.1
2026-07-13 12:30:38,737 [WARN] PackLoader:240 - Cannot read IP mode file for STMicroelectronics.X-CUBE-TOUCHGFX.4.26.0
2026-07-13 12:30:38,740 [WARN] PackLoader:240 - Cannot read IP mode file for STMicroelectronics.X-CUBE-TOUCHGFX.4.26.1
2026-07-13 12:30:38,743 [WARN] PackLoader:240 - Cannot read IP mode file for STMicroelectronics.FP-SNS-STAIOTCFT.1.0.0
2026-07-13 12:30:38,747 [WARN] PackLoader:240 - Cannot read IP mode file for STMicroelectronics.X-CUBE-DPower.1.3.0
2026-07-13 12:30:38,757 [WARN] ConditionMgr:438 - getConditionDescription Invalid condition id : LAN8742 Phy interface Condition cause : null
2026-07-13 12:30:38,758 [WARN] PackLoader:240 - Cannot read IP mode file for STMicroelectronics.X-CUBE-AZRTOS-L4.2.0.0
2026-07-13 12:30:38,759 [WARN] ConditionMgr:1044 - genDependencies : Invalid condition id : LAN8742 Phy interface Condition cause : null
2026-07-13 12:30:38,759 [WARN] ConditionMgr:1044 - genDependencies : Invalid condition id : LAN8742 Phy interface Condition cause : null
2026-07-13 12:30:38,759 [WARN] ConditionMgr:1044 - genDependencies : Invalid condition id : LAN8742 Phy interface Condition cause : null
2026-07-13 12:30:38,763 [WARN] PackLoader:240 - Cannot read IP mode file for STMicroelectronics.X-CUBE-SFXS2LP1.4.0.0
2026-07-13 12:30:38,767 [WARN] PackLoader:240 - Cannot read IP mode file for STMicroelectronics.X-CUBE-WB05N.2.1.0
2026-07-13 12:30:38,779 [WARN] PackLoader:240 - Cannot read IP mode file for STMicroelectronics.X-CUBE-AZRTOS-H7.3.3.0
2026-07-13 12:30:38,786 [WARN] PackLoader:240 - Cannot read IP mode file for STMicroelectronics.X-CUBE-BLEMGR.4.1.0
2026-07-13 12:30:38,794 [WARN] ConditionMgr:438 - getConditionDescription Invalid condition id : UX DEVICE CLASS RTOS Condition cause : null
2026-07-13 12:30:38,795 [WARN] ConditionMgr:438 - getConditionDescription Invalid condition id : UX DEVICE CLASS RTOS Condition cause : null
2026-07-13 12:30:38,797 [WARN] PackLoader:240 - Cannot read IP mode file for STMicroelectronics.X-CUBE-AZRTOS-WB.2.0.0
2026-07-13 12:30:38,797 [WARN] ConditionMgr:1044 - genDependencies : Invalid condition id : UX DEVICE CLASS RTOS Condition cause : null
2026-07-13 12:30:38,797 [WARN] ConditionMgr:1044 - genDependencies : Invalid condition id : UX DEVICE CLASS RTOS Condition cause : null
2026-07-13 12:30:38,797 [WARN] ConditionMgr:1044 - genDependencies : Invalid condition id : UX DEVICE CLASS RTOS Condition cause : null
2026-07-13 12:30:38,797 [WARN] ConditionMgr:1044 - genDependencies : Invalid condition id : UX DEVICE CLASS RTOS Condition cause : null
2026-07-13 12:30:38,797 [WARN] ConditionMgr:1044 - genDependencies : Invalid condition id : UX DEVICE CLASS RTOS Condition cause : null
2026-07-13 12:30:38,801 [WARN] PackLoader:240 - Cannot read IP mode file for STMicroelectronics.X-CUBE-GNSS1.7.0.1
2026-07-13 12:30:38,803 [WARN] PackLoader:240 - Cannot read IP mode file for STMicroelectronics.X-CUBE-TOUCHGFX.4.25.0
2026-07-13 12:30:38,806 [WARN] PackLoader:240 - Cannot read IP mode file for STMicroelectronics.FP-SNS-STBOX1.2.0.0
2026-07-13 12:30:38,814 [WARN] PackLoader:240 - Cannot read IP mode file for STMicroelectronics.X-CUBE-STSE01.2.0.0
2026-07-13 12:30:38,822 [WARN] PackLoader:240 - Cannot read IP mode file for STMicroelectronics.X-CUBE-SUBG2.5.0.0
2026-07-13 12:30:38,837 [WARN] PackLoader:240 - Cannot read IP mode file for STMicroelectronics.X-CUBE-AZRTOS-H7RS.1.1.0
2026-07-13 12:30:38,842 [WARN] PackLoader:240 - Cannot read IP mode file for Cesanta.I-CUBE-Mongoose.7.13.0
2026-07-13 12:30:38,851 [WARN] PackLoader:240 - Cannot read IP mode file for STMicroelectronics.X-CUBE-AZRTOS-G4.2.0.0
2026-07-13 12:30:38,856 [WARN] PackLoader:240 - Cannot read IP mode file for wolfSSL.I-CUBE-wolfSSH.1.4.20
2026-07-13 12:30:38,865 [WARN] PackLoader:240 - Cannot read IP mode file for STMicroelectronics.X-CUBE-NFC7.2.0.0
2026-07-13 12:30:38,872 [WARN] PackLoader:240 - Cannot read IP mode file for STMicroelectronics.X-CUBE-IPS.3.1.0
2026-07-13 12:30:38,877 [ERROR] Engine:466 - C:\Users\elena\.stm32cubemx\thirdparties\pdsc\STMicroelectronics.X-CUBE-BLEMGR.4.2.0.pdsc: PDSC version is not supported
2026-07-13 12:30:38,879 [WARN] PackLoader:240 - Cannot read IP mode file for STMicroelectronics.X-CUBE-ALS.1.0.2
2026-07-13 12:30:38,883 [WARN] PackLoader:240 - Cannot read IP mode file for STMicroelectronics.X-CUBE-STSE01.1.0.0
2026-07-13 12:30:38,886 [WARN] PackLoader:240 - Cannot read IP mode file for portGmbH.I-Cube-SoM-uGOAL.1.1.0
2026-07-13 12:30:38,891 [WARN] PackLoader:240 - Cannot read IP mode file for STMicroelectronics.X-CUBE-TOF1.3.4.3
2026-07-13 12:30:38,896 [INFO] ThirdParty:978 - Integrity check success = true
2026-07-13 12:30:38,896 [INFO] IntegrityCheckThread:100 - exiting critical section [integrity check]
2026-07-13 12:30:38,896 [INFO] IntegrityCheckThread:103 - End integrity checks thread
2026-07-13 12:30:39,620 [ERROR] LogOutputStream:75 - [STDERR_REDIRECT] [Fatal Error] :1:1: Premature end of file.
2026-07-13 12:30:39,620 [ERROR] LogOutputStream:75 - [STDERR_REDIRECT] 
2026-07-13 12:30:39,836 [INFO] DbMcusAds:53 - JSON generation date=Fri May 29 02:08:16 AEST 2026 (1779984496303)
2026-07-13 12:30:39,853 [ERROR] TargetSelectorAdapter:267 - Unable to refresh data
2026-07-13 12:30:40,105 [INFO] ApiDb:581 - Connected to CubeFinder SQLite database (C:\Users\elena\.stmcufinder\plugins\mcufinder\mcu\cube-finder-db.db)
2026-07-13 12:30:40,169 [INFO] ApiDb:668 - CubeFinder database Data Model version=2.1
2026-07-13 12:30:40,169 [INFO] ApiDb:669 - CubeFinder database Configuration version=3.0.42
2026-07-13 12:30:40,169 [INFO] ApiDb:670 - CubeFinder database generation date=2026-06-23 (1782213372)
2026-07-13 12:30:40,169 [INFO] ApiDb:671 - CubeFinder database FW Pack versions=[FP-ATR-ASTRA1_V2.0.0, FP-SNS-FLIGHT1_V5.1.0, FP-SNS-MOTENV1_V5.1.0, FP-SNS-MOTENVWB1_V1.5.0, FP-SNS-SMARTAG2_V1.2.0, FP-SNS-STBOX1_V2.1.0, STM32Cube_FW_C0_V1.4.0, STM32Cube_FW_F4_V1.28.3, STM32Cube_FW_F7_V1.17.4, STM32Cube_FW_G0_V1.6.3, STM32Cube_FW_G4_V1.6.2, STM32Cube_FW_H5_V1.7.0, STM32Cube_FW_H7RS_V1.3.0, STM32Cube_FW_H7_V1.13.0, STM32Cube_FW_L0_V1.12.2, STM32Cube_FW_L4_V1.18.2, STM32Cube_FW_L5_V1.6.0, STM32Cube_FW_N6_V1.4.0, STM32Cube_FW_U0_V1.3.0, STM32Cube_FW_U3_V1.4.0, STM32Cube_FW_U5_V1.9.0, STM32Cube_FW_WB0_V1.5.0, STM32Cube_FW_WBA_V1.10.0, STM32Cube_FW_WB_V1.24.0, STM32Cube_FW_WL3_V1.5.0, STM32Cube_FW_WL_V1.6.0, X-CUBE-ALGOBUILD_V1.5.0, X-CUBE-ALS_V1.0.2, X-CUBE-AZRTOS-F4_V1.1.0, X-CUBE-AZRTOS-F7_V1.1.0, X-CUBE-AZRTOS-G0_V1.1.0, X-CUBE-AZRTOS-G4_V2.0.0, X-CUBE-AZRTOS-H7RS_V1.1.0, X-CUBE-AZRTOS-H7_V3.5.0, X-CUBE-AZRTOS-L4_V2.0.0, X-CUBE-AZRTOS-L5_V2.0.0, X-CUBE-AZRTOS-WB_V2.0.0, X-CUBE-AZRTOS-WL_V2.0.0, X-CUBE-BLE1_V7.1.0, X-CUBE-BLE2_V3.3.0, X-CUBE-BLEMGR_V4.1.0, X-CUBE-EEPRMA1_V5.2.0, X-CUBE-FREERTOS_V1.5.0, X-CUBE-GNSS1_V7.1.1, X-CUBE-MEMS1_V12.1.0, X-CUBE-NFC4_V3.0.0, X-CUBE-NFC7_V2.0.0, X-CUBE-SFXS2LP1_V4.0.0, X-CUBE-ST67W61_V1.3.0, X-CUBE-SUBG2_V5.0.0, X-CUBE-TOF1_V3.4.3]
2026-07-13 12:30:40,621 [ERROR] LogOutputStream:75 - [STDERR_REDIRECT] [Fatal Error] :1:1: Premature end of file.
2026-07-13 12:30:40,622 [ERROR] LogOutputStream:75 - [STDERR_REDIRECT] 
2026-07-13 12:30:41,621 [ERROR] LogOutputStream:75 - [STDERR_REDIRECT] [Fatal Error] :1:1: Premature end of file.
2026-07-13 12:30:41,622 [ERROR] LogOutputStream:75 - [STDERR_REDIRECT] 
2026-07-13 12:30:42,192 [INFO] ApiDb:240 - Found 880 in-development CPN: [B-G473E-ZEST1S, B-WB1M-WPAN1, B-WBA5M-WPAN, B-WL5M-SUBG1, NUCLEO-C031C6, NUCLEO-C051C8, NUCLEO-C071RB, NUCLEO-C092RC, NUCLEO-H503RB, NUCLEO-H533RE, NUCLEO-H563ZI, NUCLEO-H7S3L8, NUCLEO-N657X0-Q, NUCLEO-U031R8, NUCLEO-U083RC, NUCLEO-U385RG-Q, NUCLEO-U545RE-Q, NUCLEO-U5A5ZJ-Q, NUCLEO-WB05KZ, NUCLEO-WB07CC, NUCLEO-WB09KE, NUCLEO-WBA52CG, NUCLEO-WBA55CG, NUCLEO-WL33CC1, NUCLEO-WL33CC2, STEVAL-PROTEUS1, STEVAL-SMARTAG2, STEVAL-STWINBX1, STM320518-EVAL, STM32C0116-DK, STM32C011D6Y3TR, STM32C011D6Y6TR, STM32C011F4P3, STM32C011F4P6, STM32C011F4U3, STM32C011F4U6TR, STM32C011F6P3, STM32C011F6P6, STM32C011F6U3, STM32C011F6U6TR, STM32C011J4M3, STM32C011J4M6, STM32C011J6M3, STM32C011J6M6, STM32C0316-DK, STM32C031C4T3, STM32C031C4T6, STM32C031C4U3, STM32C031C4U6, STM32C031C6T3, STM32C031C6T6, STM32C031C6U3, STM32C031C6U6, STM32C031F4P3, STM32C031F4P6, STM32C031F6P3, STM32C031F6P6, STM32C031G4U3, STM32C031G4U6, STM32C031G6U3, STM32C031G6U6, STM32C031K4T3, STM32C031K4T6, STM32C031K4U3, STM32C031K4U6, STM32C031K6T3, STM32C031K6T6, STM32C031K6U3, STM32C031K6U6, STM32C051C6T6, STM32C051C6U6, STM32C051C8T6, STM32C051C8U6, STM32C051D8Y6TR, STM32C051F6P6, STM32C051F8P6, STM32C051G6U6, STM32C051G8U6, STM32C051K6T6, STM32C051K6U6, STM32C051K8T6, STM32C071C8T6, STM32C071C8T6N, STM32C071C8U6, STM32C071C8U6N, STM32C071CBT6, STM32C071CBT6N, STM32C071CBU6, STM32C071CBU6N, STM32C071F8P6, STM32C071F8P6N, STM32C071FBP6, STM32C071FBP6N, STM32C071FBY6TR, STM32C071G8U6, STM32C071G8U6N, STM32C071GBU6, STM32C071GBU6N, STM32C071K8T6, STM32C071K8T6N, STM32C071K8U6, STM32C071K8U6N, STM32C071KBT6, STM32C071KBT6N, STM32C071KBU6, STM32C071KBU6N, STM32C071R8T6, STM32C071R8T6N, STM32C071RBI6N, STM32C071RBT6, STM32C071RBT6N, STM32C091CBT6, STM32C091CBU6, STM32C091CCT6, STM32C091CCU6, STM32C091ECY6TR, STM32C091FBP6, STM32C091FCP6, STM32C091GBU6, STM32C091GCU6, STM32C091KBT6, STM32C091KBU6, STM32C091KCT6, STM32C091KCU6, STM32C091RBT6, STM32C091RCI6, STM32C091RCT6, STM32C092CBT6, STM32C092CBU6, STM32C092CCT6, STM32C092CCU6, STM32C092ECY6TR, STM32C092FBP6, STM32C092FCP6, STM32C092GBU6, STM32C092GCU6, STM32C092KBT6, STM32C092KBU6, STM32C092KCT6, STM32C092KCU6, STM32C092RBT6, STM32C092RCI6, STM32C092RCT6, STM32G071K8TXN, STM32G071K8UXN, STM32G081GBU6N, STM32G081KBT6N, STM32G081KBUXN, STM32G0B1CCT6N, STM32G0B1KCT6, STM32G0B1NEY6TR, STM32G0B1RCT6N, STM32G0C1CCT6, STM32G0C1CCT6N, STM32G0C1CCU6N, STM32G0C1CET6N, STM32G0C1CEU6N, STM32G0C1KCT6, STM32G0C1NEY6TR, STM32G0C1RCI6N, STM32G0C1RCT6N, STM32G0C1REI6N, STM32G0C1RET6N, STM32G0C1VCI6, STM32G0C1VEI6, STM32G411C6T3, STM32G411C6T6, STM32G411C6U3, STM32G411C6U6, STM32G411C8T3, STM32G411C8T6, STM32G411C8U3, STM32G411C8U6, STM32G411CBT3, STM32G411CBT6, STM32G411CBU3, STM32G411CBU6, STM32G411K6T3, STM32G411K6T6, STM32G411K6U3, STM32G411K6U6, STM32G411K8T3, STM32G411K8T6, STM32G411K8U3, STM32G411K8U6, STM32G411KBT3, STM32G411KBT6, STM32G411KBU3, STM32G411KBU6, STM32G411M6T3, STM32G411M6T6, STM32G411M8T3, STM32G411M8T6, STM32G411MBT3, STM32G411MBT6, STM32G411R6T3, STM32G411R6T6, STM32G411R8T3, STM32G411R8T6, STM32G411RBT3, STM32G411RBT6, STM32G414CBT3, STM32G414CBT6, STM32G414CBU3, STM32G414CBU6, STM32G414CCT3, STM32G414CCT6, STM32G414CCU3, STM32G414CCU6, STM32G414MBT3, STM32G414MBT6, STM32G414MCT3, STM32G414MCT6, STM32G414RBT3, STM32G414RBT6, STM32G414RCT3, STM32G414RCT6, STM32G414VBT3, STM32G414VBT6, STM32G414VCT3, STM32G414VCT6, STM32G431CBT3Z, STM32G431RBT3Z, STM32G471CCT6, STM32G471CCU6, STM32G471CET3, STM32G471CET6, STM32G471CEU3, STM32G471CEU6, STM32G471MCT6, STM32G471MET3, STM32G471MET6, STM32G471MEY6TR, STM32G471QCT6, STM32G471QET3, STM32G471RCT6, STM32G471RET3, STM32G471RET6, STM32G471VCH6, STM32G471VCI6, STM32G471VCT6, STM32G471VEH3, STM32G471VEH6, STM32G471VEI3, STM32G471VEI6, STM32G471VET3, STM32G471VET6, STM32G473QET3Z, STM32G473RET3Z, STM32G474CCT6, STM32G491RET3Z, STM32H503CBT6, STM32H503CBU6, STM32H503EBY6TR, STM32H503KBU6, STM32H503RBT6, STM32H523CCT6, STM32H523CCU6, STM32H523CET6, STM32H523CEU6, STM32H523HEY6TR, STM32H523RCT6, STM32H523RET6, STM32H523VCI6, STM32H523VCT6, STM32H523VEI6, STM32H523VET6, STM32H523ZCJ6, STM32H523ZCT6, STM32H523ZEJ6, STM32H523ZET6, STM32H533CET6, STM32H533CEU6, STM32H533HEY6TR, STM32H533RET6, STM32H533VEI6, STM32H533VET6, STM32H533ZEJ6, STM32H533ZET6, STM32H562AGI6, STM32H562AII6, STM32H562IGK6, STM32H562IGT6, STM32H562IIK6, STM32H562IIT6, STM32H562RGT6, STM32H562RGV6, STM32H562RIT6, STM32H562RIV6, STM32H562VGT6, STM32H562VIT6, STM32H562ZGT6, STM32H562ZIT6, STM32H563AGI6, STM32H563AII3Q, STM32H563AII6, STM32H563IGK6, STM32H563IGT6, STM32H563IIK3Q, STM32H563IIK6, STM32H563IIT3Q, STM32H563IIT6, STM32H563MIY3QTR, STM32H563RGT6, STM32H563RGV6, STM32H563RIT6, STM32H563RIV6, STM32H563VGT6, STM32H563VIT3Q, STM32H563VIT6, STM32H563ZGT6, STM32H563ZIT3Q, STM32H563ZIT6, STM32H573AII3Q, STM32H573AII6, STM32H573I-DK, STM32H573IIK3Q, STM32H573IIK6, STM32H573IIT3Q, STM32H573IIT6, STM32H573MIY3QTR, STM32H573RIT6, STM32H573RIV6, STM32H573VIT3Q, STM32H573VIT6, STM32H573ZIT3Q, STM32H573ZIT6, STM32H7R3A8I6, STM32H7R3I8K6, STM32H7R3I8T6, STM32H7R3L8H6, STM32H7R3L8H6H, STM32H7R3R8V6, STM32H7R3V8H6, STM32H7R3V8T6, STM32H7R3V8Y6TR, STM32H7R3Z8J6, STM32H7R3Z8T6, STM32H7R7A8I6, STM32H7R7I8K6, STM32H7R7I8T6, STM32H7R7L8H6, STM32H7R7L8H6H, STM32H7R7Z8J6, STM32H7S3A8I6, STM32H7S3I8K6, STM32H7S3I8T6, STM32H7S3L8H6, STM32H7S3L8H6H, STM32H7S3R8V6, STM32H7S3V8H6, STM32H7S3V8T6, STM32H7S3V8Y6TR, STM32H7S3Z8J6, STM32H7S3Z8T6, STM32H7S78-DK, STM32H7S7A8I6, STM32H7S7I8K6, STM32H7S7I8T6, STM32H7S7L8H6, STM32H7S7L8H6H, STM32H7S7Z8J6, STM32L4R5QGI6STR, STM32MP131AAE3, STM32MP131AAF3, STM32MP131AAG3, STM32MP131CAE3, STM32MP131CAF3, STM32MP131CAG3, STM32MP131DAE7, STM32MP131DAF7, STM32MP131DAG7, STM32MP131FAE7, STM32MP131FAF7, STM32MP131FAG7, STM32MP133AAE3, STM32MP133AAF3, STM32MP133AAG3, STM32MP133CAE3, STM32MP133CAF3, STM32MP133CAG3, STM32MP133DAE7, STM32MP133DAF7, STM32MP133DAG7, STM32MP133FAE7, STM32MP133FAF7, STM32MP133FAG7, STM32MP135AAE3, STM32MP135AAF3, STM32MP135AAG3, STM32MP135CAE3, STM32MP135CAF3, STM32MP135CAG3, STM32MP135DAE7, STM32MP135DAF7, STM32MP135DAG7, STM32MP135F-DK, STM32MP135FAE7, STM32MP135FAF7, STM32MP135FAF7T, STM32MP135FAF7U, STM32MP135FAG7, STM32MP211AAL3, STM32MP211AAM3, STM32MP211AAN3, STM32MP211AAO3, STM32MP211CAL3, STM32MP211CAM3, STM32MP211CAN3, STM32MP211CAO3, STM32MP211DAL3, STM32MP211DAM3, STM32MP211DAN3, STM32MP211DAO3, STM32MP211FAL3, STM32MP211FAM3, STM32MP211FAN3, STM32MP211FAO3, STM32MP213AAL3, STM32MP213AAM3, STM32MP213AAN3, STM32MP213AAO3, STM32MP213CAL3, STM32MP213CAM3, STM32MP213CAN3, STM32MP213CAO3, STM32MP213DAL3, STM32MP213DAM3, STM32MP213DAN3, STM32MP213DAO3, STM32MP213FAL3, STM32MP213FAM3, STM32MP213FAN3, STM32MP213FAO3, STM32MP215AAL3, STM32MP215AAM3, STM32MP215AAN3, STM32MP215AAO3, STM32MP215CAL3, STM32MP215CAM3, STM32MP215CAN3, STM32MP215CAO3, STM32MP215DAL3, STM32MP215DAM3, STM32MP215DAN3, STM32MP215DAO3, STM32MP215F-DK, STM32MP215FAL3, STM32MP215FAM3, STM32MP215FAN3, STM32MP215FAO3, STM32MP231AAJ3, STM32MP231AAK3, STM32MP231AAL3, STM32MP231CAJ3, STM32MP231CAK3, STM32MP231CAL3, STM32MP231DAJ3, STM32MP231DAK3, STM32MP231DAL3, STM32MP231FAJ3, STM32MP231FAK3, STM32MP231FAL3, STM32MP233AAJ3, STM32MP233AAK3, STM32MP233AAL3, STM32MP233CAJ3, STM32MP233CAK3, STM32MP233CAL3, STM32MP233DAJ3, STM32MP233DAK3, STM32MP233DAL3, STM32MP233FAJ3, STM32MP233FAK3, STM32MP233FAL3, STM32MP235AAJ3, STM32MP235AAK3, STM32MP235AAL3, STM32MP235CAJ3, STM32MP235CAK3, STM32MP235CAL3, STM32MP235DAJ3, STM32MP235DAK3, STM32MP235DAL3, STM32MP235FAJ3, STM32MP235FAK3, STM32MP235FAL3, STM32MP251AAI3, STM32MP251AAK3, STM32MP251AAL3, STM32MP251CAI3, STM32MP251CAK3, STM32MP251CAL3, STM32MP251DAI3, STM32MP251DAK3, STM32MP251DAL3, STM32MP251FAI3, STM32MP251FAK3, STM32MP251FAL3, STM32MP253AAI3, STM32MP253AAK3, STM32MP253AAL3, STM32MP253CAI3, STM32MP253CAK3, STM32MP253CAL3, STM32MP253DAI3, STM32MP253DAK3, STM32MP253DAL3, STM32MP253FAI3, STM32MP253FAK3, STM32MP253FAL3, STM32MP255AAI3, STM32MP255AAK3, STM32MP255AAL3, STM32MP255CAI3, STM32MP255CAK3, STM32MP255CAL3, STM32MP255DAI3, STM32MP255DAK3, STM32MP255DAL3, STM32MP255FAI3, STM32MP255FAK3, STM32MP255FAL3, STM32MP257AAI3, STM32MP257AAK3, STM32MP257AAL3, STM32MP257CAI3, STM32MP257CAK3, STM32MP257CAL3, STM32MP257DAI3, STM32MP257DAK3, STM32MP257DAL3, STM32MP257F-DK, STM32MP257F-EV1, STM32MP257FAI3, STM32MP257FAK3, STM32MP257FAL3, STM32N645A0H3Q, STM32N645B0H3Q, STM32N645I0H3Q, STM32N645L0H3Q, STM32N645X0H3Q, STM32N645Z0H3Q, STM32N647A0H3Q, STM32N647B0H3Q, STM32N647I0H3Q, STM32N647L0H3Q, STM32N647X0H3Q, STM32N647Z0H3Q, STM32N655A0H3Q, STM32N655B0H3Q, STM32N655I0H3Q, STM32N655L0H3Q, STM32N655X0H3Q, STM32N655Z0H3Q, STM32N6570-DK, STM32N657A0H3Q, STM32N657B0H3Q, STM32N657I0H3Q, STM32N657L0H3Q, STM32N657X0H3Q, STM32N657Z0H3Q, STM32U031C6T6, STM32U031C6U6, STM32U031C8T6, STM32U031C8U6, STM32U031F4P6, STM32U031F6P6, STM32U031F8P6, STM32U031G6Y6TR, STM32U031G8Y6TR, STM32U031K4U6, STM32U031K6U6, STM32U031K8U6, STM32U031R6I6, STM32U031R6T6, STM32U031R8I6, STM32U031R8T6, STM32U073C8T6, STM32U073C8U6, STM32U073CBT6, STM32U073CBU6, STM32U073CCT6, STM32U073CCU6, STM32U073H8Y6TR, STM32U073HBY6TR, STM32U073HCY6TR, STM32U073K8U6, STM32U073KBU6, STM32U073KCU6, STM32U073M8I6, STM32U073M8T6, STM32U073MBI6, STM32U073MBT6, STM32U073MCI6, STM32U073MCT6, STM32U073R8I6, STM32U073R8T6, STM32U073RBI6, STM32U073RBT6, STM32U073RCI6, STM32U073RCT6, STM32U083C-DK, STM32U083CCT6, STM32U083CCU6, STM32U083HCY6TR, STM32U083KCU6, STM32U083MCI6, STM32U083MCT6, STM32U083RCI6, STM32U083RCT6, STM32U375CET6, STM32U375CET6Q, STM32U375CEU6, STM32U375CEU6Q, STM32U375CEY6QTR, STM32U375CGT6, STM32U375CGT6Q, STM32U375CGU6, STM32U375CGU6Q, STM32U375CGY6QTR, STM32U375KEU6, STM32U375KGU6, STM32U375REI6, STM32U375REI6Q, STM32U375RET6, STM32U375RET6Q, STM32U375REY6GTR, STM32U375REY6QTR, STM32U375RGI6, STM32U375RGI6Q, STM32U375RGT6, STM32U375RGT6Q, STM32U375RGY6GTR, STM32U375RGY6QTR, STM32U375VEI6, STM32U375VEI6Q, STM32U375VET6, STM32U375VET6Q, STM32U375VGI6, STM32U375VGI6Q, STM32U375VGT6, STM32U375VGT6Q, STM32U385CGT6, STM32U385CGT6Q, STM32U385CGU6, STM32U385CGU6Q, STM32U385CGY6QTR, STM32U385KGU6, STM32U385RGI6, STM32U385RGI6Q, STM32U385RGT6, STM32U385RGT6Q, STM32U385RGY6GTR, STM32U385RGY6QTR, STM32U385VGI6, STM32U385VGI6Q, STM32U385VGT6, STM32U385VGT6Q, STM32U535CBT6, STM32U535CBT6Q, STM32U535CBU6, STM32U535CBU6Q, STM32U535CCT6, STM32U535CCT6Q, STM32U535CCU6, STM32U535CCU6Q, STM32U535CET6, STM32U535CET6Q, STM32U535CEU6, STM32U535CEU6Q, STM32U535JEY6QTR, STM32U535NCY6QTR, STM32U535NEY6QTR, STM32U535RBI6, STM32U535RBI6Q, STM32U535RBT6, STM32U535RBT6Q, STM32U535RCI6, STM32U535RCI6Q, STM32U535RCT6, STM32U535RCT6Q, STM32U535REI6, STM32U535REI6Q, STM32U535RET6, STM32U535RET6Q, STM32U535VCI6, STM32U535VCI6Q, STM32U535VCT6, STM32U535VCT6Q, STM32U535VEI6, STM32U535VEI6Q, STM32U535VET6, STM32U535VET6Q, STM32U545CET6, STM32U545CET6Q, STM32U545CEU6, STM32U545CEU6Q, STM32U545JEY6QTR, STM32U545NEY6QTR, STM32U545REI6, STM32U545REI6Q, STM32U545RET6, STM32U545RET6Q, STM32U545VEI6, STM32U545VEI6Q, STM32U545VET6, STM32U545VET6Q, STM32U595AIH6, STM32U595AIH6Q, STM32U595AJH6, STM32U595AJH6Q, STM32U595QII6, STM32U595QII6Q, STM32U595QJI6, STM32U595QJI6Q, STM32U595RIT6, STM32U595RIT6Q, STM32U595RJT6, STM32U595RJT6Q, STM32U595VIT6, STM32U595VIT6Q, STM32U595VJT6, STM32U595VJT6Q, STM32U595ZIT6, STM32U595ZIT6Q, STM32U595ZIY6QTR, STM32U595ZJT6, STM32U595ZJT6Q, STM32U595ZJY6QTR, STM32U599BJY6QTR, STM32U599NIH6Q, STM32U599NJH6Q, STM32U599VIT6Q, STM32U599VJT6, STM32U599VJT6Q, STM32U599ZIT6Q, STM32U599ZIY6QTR, STM32U599ZJT6Q, STM32U599ZJY6QTR, STM32U5A5AJH6, STM32U5A5AJH6Q, STM32U5A5QII3Q , STM32U5A5QJI6, STM32U5A5QJI6Q, STM32U5A5RJT6, STM32U5A5RJT6Q, STM32U5A5VJT6, STM32U5A5VJT6Q, STM32U5A5ZJT6, STM32U5A5ZJT6Q, STM32U5A5ZJY6QTR, STM32U5A9BJY6QTR, STM32U5A9J-DK, STM32U5A9NJH6Q, STM32U5A9VJT6Q, STM32U5A9ZJT6Q, STM32U5A9ZJY6QTR, STM32U5F7VIT6, STM32U5F7VIT6Q, STM32U5F7VJT6, STM32U5F7VJT6Q, STM32U5F9BJY6QTR, STM32U5F9NJH6Q, STM32U5F9VIT6Q, STM32U5F9VJT6Q, STM32U5F9ZIJ6QTR, STM32U5F9ZIT6Q, STM32U5F9ZJJ6QTR, STM32U5F9ZJT6Q, STM32U5G7VJT6, STM32U5G7VJT6Q, STM32U5G9BJY6QTR, STM32U5G9J-DK1, STM32U5G9J-DK2, STM32U5G9NJH6Q, STM32U5G9VJT6Q, STM32U5G9ZJJ6QTR, STM32U5G9ZJT6Q, STM32WB05KZV6TR, STM32WB05KZV7TR, STM32WB05TZF6TR, STM32WB05TZF7TR, STM32WB06CCF6TR, STM32WB06CCF7TR, STM32WB06CCV6TR, STM32WB06CCV7TR, STM32WB06KCV6TR, STM32WB06KCV7TR, STM32WB07CCF6TR, STM32WB07CCF7TR, STM32WB07CCV6TR, STM32WB07CCV7TR, STM32WB07KCV6TR, STM32WB07KCV7TR, STM32WB09KEV6TR, STM32WB09KEV7TR, STM32WB09TEF6TR, STM32WB09TEF7TR, STM32WB1MMCH6, STM32WBA50KGU6, STM32WBA50KGU6TR, STM32WBA52CEU6, STM32WBA52CEU6TR, STM32WBA52CEU7, STM32WBA52CEU7TR, STM32WBA52CGU6, STM32WBA52CGU6TR, STM32WBA52CGU6U, STM32WBA52CGU7, STM32WBA52CGU7TR, STM32WBA52KEU6, STM32WBA52KEU6TR, STM32WBA52KGU6, STM32WBA52KGU6TR, STM32WBA54CEU6, STM32WBA54CEU6TR, STM32WBA54CEU7, STM32WBA54CEU7TR, STM32WBA54CGU6, STM32WBA54CGU6TR, STM32WBA54CGU7, STM32WBA54CGU7TR, STM32WBA54KEU6, STM32WBA54KEU6TR, STM32WBA54KEU7, STM32WBA54KEU7TR, STM32WBA54KGU6, STM32WBA54KGU6TR, STM32WBA54KGU7, STM32WBA54KGU7TR, STM32WBA55CEU6, STM32WBA55CEU6TR, STM32WBA55CEU7, STM32WBA55CEU7TR, STM32WBA55CGU6, STM32WBA55CGU6TR, STM32WBA55CGU6U, STM32WBA55CGU7, STM32WBA55CGU7TR, STM32WBA55G-DK1, STM32WBA55HEF6, STM32WBA55HEF7, STM32WBA55HGF6, STM32WBA55HGF7, STM32WBA55UEI6, STM32WBA55UEI6TR, STM32WBA55UEI7, STM32WBA55UEI7TR, STM32WBA55UGI6, STM32WBA55UGI6TR, STM32WBA55UGI7, STM32WBA55UGI7TR, STM32WBA5MMGH6TR, STM32WBA62MGF6, STM32WBA62MIF6, STM32WBA65MGF7, STM32WBA65MIF6, STM32WBA65MIF7, STM32WL30K8V6, STM32WL30KBV6, STM32WL31C8V6, STM32WL31CBV6, STM32WL31K8V6, STM32WL31KBV6, STM32WL33C8V6, STM32WL33C8V6X, STM32WL33CBV6, STM32WL33CBV6X, STM32WL33CCV6, STM32WL33CCV6A, STM32WL33CCV6X, STM32WL33K8V7, STM32WL33K8V7X, STM32WL33KBV7 , STM32WL33KBV7X, STM32WL33KCV7, STM32WL33KCV7X, STM32WL5MOCH6, STM32WL5MOCH6TR]
2026-07-13 12:30:42,197 [INFO] DbMcus:218 - Found 5250 MCUs, 5097 are supported
2026-07-13 12:30:42,197 [INFO] ApiDb:423 - Load user favorites file C:\Users\elena/.stm32cubeide/favorites.mcus.txt: 0 item(s)
2026-07-13 12:30:42,198 [INFO] ApiDb:427 - User favorites MCUs=[]
2026-07-13 12:30:42,198 [INFO] DbMcus:224 - Set 0 / 0 favorites MCUs
2026-07-13 12:30:42,507 [INFO] ApiDb:668 - CubeFinder database Data Model version=2.1
2026-07-13 12:30:42,507 [INFO] ApiDb:669 - CubeFinder database Configuration version=3.0.42
2026-07-13 12:30:42,507 [INFO] ApiDb:670 - CubeFinder database generation date=2026-06-23 (1782213372)
2026-07-13 12:30:42,507 [INFO] ApiDb:671 - CubeFinder database FW Pack versions=[FP-ATR-ASTRA1_V2.0.0, FP-SNS-FLIGHT1_V5.1.0, FP-SNS-MOTENV1_V5.1.0, FP-SNS-MOTENVWB1_V1.5.0, FP-SNS-SMARTAG2_V1.2.0, FP-SNS-STBOX1_V2.1.0, STM32Cube_FW_C0_V1.4.0, STM32Cube_FW_F4_V1.28.3, STM32Cube_FW_F7_V1.17.4, STM32Cube_FW_G0_V1.6.3, STM32Cube_FW_G4_V1.6.2, STM32Cube_FW_H5_V1.7.0, STM32Cube_FW_H7RS_V1.3.0, STM32Cube_FW_H7_V1.13.0, STM32Cube_FW_L0_V1.12.2, STM32Cube_FW_L4_V1.18.2, STM32Cube_FW_L5_V1.6.0, STM32Cube_FW_N6_V1.4.0, STM32Cube_FW_U0_V1.3.0, STM32Cube_FW_U3_V1.4.0, STM32Cube_FW_U5_V1.9.0, STM32Cube_FW_WB0_V1.5.0, STM32Cube_FW_WBA_V1.10.0, STM32Cube_FW_WB_V1.24.0, STM32Cube_FW_WL3_V1.5.0, STM32Cube_FW_WL_V1.6.0, X-CUBE-ALGOBUILD_V1.5.0, X-CUBE-ALS_V1.0.2, X-CUBE-AZRTOS-F4_V1.1.0, X-CUBE-AZRTOS-F7_V1.1.0, X-CUBE-AZRTOS-G0_V1.1.0, X-CUBE-AZRTOS-G4_V2.0.0, X-CUBE-AZRTOS-H7RS_V1.1.0, X-CUBE-AZRTOS-H7_V3.5.0, X-CUBE-AZRTOS-L4_V2.0.0, X-CUBE-AZRTOS-L5_V2.0.0, X-CUBE-AZRTOS-WB_V2.0.0, X-CUBE-AZRTOS-WL_V2.0.0, X-CUBE-BLE1_V7.1.0, X-CUBE-BLE2_V3.3.0, X-CUBE-BLEMGR_V4.1.0, X-CUBE-EEPRMA1_V5.2.0, X-CUBE-FREERTOS_V1.5.0, X-CUBE-GNSS1_V7.1.1, X-CUBE-MEMS1_V12.1.0, X-CUBE-NFC4_V3.0.0, X-CUBE-NFC7_V2.0.0, X-CUBE-SFXS2LP1_V4.0.0, X-CUBE-ST67W61_V1.3.0, X-CUBE-SUBG2_V5.0.0, X-CUBE-TOF1_V3.4.3]
2026-07-13 12:30:42,554 [INFO] DbBoardsSqlite:226 - include board P-NUCLEO-WB55-NUCLEO as a kit item of type 'Nucleo-64'
2026-07-13 12:30:42,556 [INFO] DbBoardsSqlite:226 - include board P-NUCLEO-WB55-USBDONGLE as a kit item of type 'Nucleo USB Dongle'
2026-07-13 12:30:42,556 [INFO] DbBoardsSqlite:226 - include board STEVAL-IDP005V1 as a kit item of type 'Evaluation Board'
2026-07-13 12:30:42,557 [INFO] DbBoardsSqlite:226 - include board STEVAL-IDP005V2 as a kit item of type 'Evaluation Board'
2026-07-13 12:30:42,617 [INFO] ApiDb:240 - Found 880 in-development CPN: [B-G473E-ZEST1S, B-WB1M-WPAN1, B-WBA5M-WPAN, B-WL5M-SUBG1, NUCLEO-C031C6, NUCLEO-C051C8, NUCLEO-C071RB, NUCLEO-C092RC, NUCLEO-H503RB, NUCLEO-H533RE, NUCLEO-H563ZI, NUCLEO-H7S3L8, NUCLEO-N657X0-Q, NUCLEO-U031R8, NUCLEO-U083RC, NUCLEO-U385RG-Q, NUCLEO-U545RE-Q, NUCLEO-U5A5ZJ-Q, NUCLEO-WB05KZ, NUCLEO-WB07CC, NUCLEO-WB09KE, NUCLEO-WBA52CG, NUCLEO-WBA55CG, NUCLEO-WL33CC1, NUCLEO-WL33CC2, STEVAL-PROTEUS1, STEVAL-SMARTAG2, STEVAL-STWINBX1, STM320518-EVAL, STM32C0116-DK, STM32C011D6Y3TR, STM32C011D6Y6TR, STM32C011F4P3, STM32C011F4P6, STM32C011F4U3, STM32C011F4U6TR, STM32C011F6P3, STM32C011F6P6, STM32C011F6U3, STM32C011F6U6TR, STM32C011J4M3, STM32C011J4M6, STM32C011J6M3, STM32C011J6M6, STM32C0316-DK, STM32C031C4T3, STM32C031C4T6, STM32C031C4U3, STM32C031C4U6, STM32C031C6T3, STM32C031C6T6, STM32C031C6U3, STM32C031C6U6, STM32C031F4P3, STM32C031F4P6, STM32C031F6P3, STM32C031F6P6, STM32C031G4U3, STM32C031G4U6, STM32C031G6U3, STM32C031G6U6, STM32C031K4T3, STM32C031K4T6, STM32C031K4U3, STM32C031K4U6, STM32C031K6T3, STM32C031K6T6, STM32C031K6U3, STM32C031K6U6, STM32C051C6T6, STM32C051C6U6, STM32C051C8T6, STM32C051C8U6, STM32C051D8Y6TR, STM32C051F6P6, STM32C051F8P6, STM32C051G6U6, STM32C051G8U6, STM32C051K6T6, STM32C051K6U6, STM32C051K8T6, STM32C071C8T6, STM32C071C8T6N, STM32C071C8U6, STM32C071C8U6N, STM32C071CBT6, STM32C071CBT6N, STM32C071CBU6, STM32C071CBU6N, STM32C071F8P6, STM32C071F8P6N, STM32C071FBP6, STM32C071FBP6N, STM32C071FBY6TR, STM32C071G8U6, STM32C071G8U6N, STM32C071GBU6, STM32C071GBU6N, STM32C071K8T6, STM32C071K8T6N, STM32C071K8U6, STM32C071K8U6N, STM32C071KBT6, STM32C071KBT6N, STM32C071KBU6, STM32C071KBU6N, STM32C071R8T6, STM32C071R8T6N, STM32C071RBI6N, STM32C071RBT6, STM32C071RBT6N, STM32C091CBT6, STM32C091CBU6, STM32C091CCT6, STM32C091CCU6, STM32C091ECY6TR, STM32C091FBP6, STM32C091FCP6, STM32C091GBU6, STM32C091GCU6, STM32C091KBT6, STM32C091KBU6, STM32C091KCT6, STM32C091KCU6, STM32C091RBT6, STM32C091RCI6, STM32C091RCT6, STM32C092CBT6, STM32C092CBU6, STM32C092CCT6, STM32C092CCU6, STM32C092ECY6TR, STM32C092FBP6, STM32C092FCP6, STM32C092GBU6, STM32C092GCU6, STM32C092KBT6, STM32C092KBU6, STM32C092KCT6, STM32C092KCU6, STM32C092RBT6, STM32C092RCI6, STM32C092RCT6, STM32G071K8TXN, STM32G071K8UXN, STM32G081GBU6N, STM32G081KBT6N, STM32G081KBUXN, STM32G0B1CCT6N, STM32G0B1KCT6, STM32G0B1NEY6TR, STM32G0B1RCT6N, STM32G0C1CCT6, STM32G0C1CCT6N, STM32G0C1CCU6N, STM32G0C1CET6N, STM32G0C1CEU6N, STM32G0C1KCT6, STM32G0C1NEY6TR, STM32G0C1RCI6N, STM32G0C1RCT6N, STM32G0C1REI6N, STM32G0C1RET6N, STM32G0C1VCI6, STM32G0C1VEI6, STM32G411C6T3, STM32G411C6T6, STM32G411C6U3, STM32G411C6U6, STM32G411C8T3, STM32G411C8T6, STM32G411C8U3, STM32G411C8U6, STM32G411CBT3, STM32G411CBT6, STM32G411CBU3, STM32G411CBU6, STM32G411K6T3, STM32G411K6T6, STM32G411K6U3, STM32G411K6U6, STM32G411K8T3, STM32G411K8T6, STM32G411K8U3, STM32G411K8U6, STM32G411KBT3, STM32G411KBT6, STM32G411KBU3, STM32G411KBU6, STM32G411M6T3, STM32G411M6T6, STM32G411M8T3, STM32G411M8T6, STM32G411MBT3, STM32G411MBT6, STM32G411R6T3, STM32G411R6T6, STM32G411R8T3, STM32G411R8T6, STM32G411RBT3, STM32G411RBT6, STM32G414CBT3, STM32G414CBT6, STM32G414CBU3, STM32G414CBU6, STM32G414CCT3, STM32G414CCT6, STM32G414CCU3, STM32G414CCU6, STM32G414MBT3, STM32G414MBT6, STM32G414MCT3, STM32G414MCT6, STM32G414RBT3, STM32G414RBT6, STM32G414RCT3, STM32G414RCT6, STM32G414VBT3, STM32G414VBT6, STM32G414VCT3, STM32G414VCT6, STM32G431CBT3Z, STM32G431RBT3Z, STM32G471CCT6, STM32G471CCU6, STM32G471CET3, STM32G471CET6, STM32G471CEU3, STM32G471CEU6, STM32G471MCT6, STM32G471MET3, STM32G471MET6, STM32G471MEY6TR, STM32G471QCT6, STM32G471QET3, STM32G471RCT6, STM32G471RET3, STM32G471RET6, STM32G471VCH6, STM32G471VCI6, STM32G471VCT6, STM32G471VEH3, STM32G471VEH6, STM32G471VEI3, STM32G471VEI6, STM32G471VET3, STM32G471VET6, STM32G473QET3Z, STM32G473RET3Z, STM32G474CCT6, STM32G491RET3Z, STM32H503CBT6, STM32H503CBU6, STM32H503EBY6TR, STM32H503KBU6, STM32H503RBT6, STM32H523CCT6, STM32H523CCU6, STM32H523CET6, STM32H523CEU6, STM32H523HEY6TR, STM32H523RCT6, STM32H523RET6, STM32H523VCI6, STM32H523VCT6, STM32H523VEI6, STM32H523VET6, STM32H523ZCJ6, STM32H523ZCT6, STM32H523ZEJ6, STM32H523ZET6, STM32H533CET6, STM32H533CEU6, STM32H533HEY6TR, STM32H533RET6, STM32H533VEI6, STM32H533VET6, STM32H533ZEJ6, STM32H533ZET6, STM32H562AGI6, STM32H562AII6, STM32H562IGK6, STM32H562IGT6, STM32H562IIK6, STM32H562IIT6, STM32H562RGT6, STM32H562RGV6, STM32H562RIT6, STM32H562RIV6, STM32H562VGT6, STM32H562VIT6, STM32H562ZGT6, STM32H562ZIT6, STM32H563AGI6, STM32H563AII3Q, STM32H563AII6, STM32H563IGK6, STM32H563IGT6, STM32H563IIK3Q, STM32H563IIK6, STM32H563IIT3Q, STM32H563IIT6, STM32H563MIY3QTR, STM32H563RGT6, STM32H563RGV6, STM32H563RIT6, STM32H563RIV6, STM32H563VGT6, STM32H563VIT3Q, STM32H563VIT6, STM32H563ZGT6, STM32H563ZIT3Q, STM32H563ZIT6, STM32H573AII3Q, STM32H573AII6, STM32H573I-DK, STM32H573IIK3Q, STM32H573IIK6, STM32H573IIT3Q, STM32H573IIT6, STM32H573MIY3QTR, STM32H573RIT6, STM32H573RIV6, STM32H573VIT3Q, STM32H573VIT6, STM32H573ZIT3Q, STM32H573ZIT6, STM32H7R3A8I6, STM32H7R3I8K6, STM32H7R3I8T6, STM32H7R3L8H6, STM32H7R3L8H6H, STM32H7R3R8V6, STM32H7R3V8H6, STM32H7R3V8T6, STM32H7R3V8Y6TR, STM32H7R3Z8J6, STM32H7R3Z8T6, STM32H7R7A8I6, STM32H7R7I8K6, STM32H7R7I8T6, STM32H7R7L8H6, STM32H7R7L8H6H, STM32H7R7Z8J6, STM32H7S3A8I6, STM32H7S3I8K6, STM32H7S3I8T6, STM32H7S3L8H6, STM32H7S3L8H6H, STM32H7S3R8V6, STM32H7S3V8H6, STM32H7S3V8T6, STM32H7S3V8Y6TR, STM32H7S3Z8J6, STM32H7S3Z8T6, STM32H7S78-DK, STM32H7S7A8I6, STM32H7S7I8K6, STM32H7S7I8T6, STM32H7S7L8H6, STM32H7S7L8H6H, STM32H7S7Z8J6, STM32L4R5QGI6STR, STM32MP131AAE3, STM32MP131AAF3, STM32MP131AAG3, STM32MP131CAE3, STM32MP131CAF3, STM32MP131CAG3, STM32MP131DAE7, STM32MP131DAF7, STM32MP131DAG7, STM32MP131FAE7, STM32MP131FAF7, STM32MP131FAG7, STM32MP133AAE3, STM32MP133AAF3, STM32MP133AAG3, STM32MP133CAE3, STM32MP133CAF3, STM32MP133CAG3, STM32MP133DAE7, STM32MP133DAF7, STM32MP133DAG7, STM32MP133FAE7, STM32MP133FAF7, STM32MP133FAG7, STM32MP135AAE3, STM32MP135AAF3, STM32MP135AAG3, STM32MP135CAE3, STM32MP135CAF3, STM32MP135CAG3, STM32MP135DAE7, STM32MP135DAF7, STM32MP135DAG7, STM32MP135F-DK, STM32MP135FAE7, STM32MP135FAF7, STM32MP135FAF7T, STM32MP135FAF7U, STM32MP135FAG7, STM32MP211AAL3, STM32MP211AAM3, STM32MP211AAN3, STM32MP211AAO3, STM32MP211CAL3, STM32MP211CAM3, STM32MP211CAN3, STM32MP211CAO3, STM32MP211DAL3, STM32MP211DAM3, STM32MP211DAN3, STM32MP211DAO3, STM32MP211FAL3, STM32MP211FAM3, STM32MP211FAN3, STM32MP211FAO3, STM32MP213AAL3, STM32MP213AAM3, STM32MP213AAN3, STM32MP213AAO3, STM32MP213CAL3, STM32MP213CAM3, STM32MP213CAN3, STM32MP213CAO3, STM32MP213DAL3, STM32MP213DAM3, STM32MP213DAN3, STM32MP213DAO3, STM32MP213FAL3, STM32MP213FAM3, STM32MP213FAN3, STM32MP213FAO3, STM32MP215AAL3, STM32MP215AAM3, STM32MP215AAN3, STM32MP215AAO3, STM32MP215CAL3, STM32MP215CAM3, STM32MP215CAN3, STM32MP215CAO3, STM32MP215DAL3, STM32MP215DAM3, STM32MP215DAN3, STM32MP215DAO3, STM32MP215F-DK, STM32MP215FAL3, STM32MP215FAM3, STM32MP215FAN3, STM32MP215FAO3, STM32MP231AAJ3, STM32MP231AAK3, STM32MP231AAL3, STM32MP231CAJ3, STM32MP231CAK3, STM32MP231CAL3, STM32MP231DAJ3, STM32MP231DAK3, STM32MP231DAL3, STM32MP231FAJ3, STM32MP231FAK3, STM32MP231FAL3, STM32MP233AAJ3, STM32MP233AAK3, STM32MP233AAL3, STM32MP233CAJ3, STM32MP233CAK3, STM32MP233CAL3, STM32MP233DAJ3, STM32MP233DAK3, STM32MP233DAL3, STM32MP233FAJ3, STM32MP233FAK3, STM32MP233FAL3, STM32MP235AAJ3, STM32MP235AAK3, STM32MP235AAL3, STM32MP235CAJ3, STM32MP235CAK3, STM32MP235CAL3, STM32MP235DAJ3, STM32MP235DAK3, STM32MP235DAL3, STM32MP235FAJ3, STM32MP235FAK3, STM32MP235FAL3, STM32MP251AAI3, STM32MP251AAK3, STM32MP251AAL3, STM32MP251CAI3, STM32MP251CAK3, STM32MP251CAL3, STM32MP251DAI3, STM32MP251DAK3, STM32MP251DAL3, STM32MP251FAI3, STM32MP251FAK3, STM32MP251FAL3, STM32MP253AAI3, STM32MP253AAK3, STM32MP253AAL3, STM32MP253CAI3, STM32MP253CAK3, STM32MP253CAL3, STM32MP253DAI3, STM32MP253DAK3, STM32MP253DAL3, STM32MP253FAI3, STM32MP253FAK3, STM32MP253FAL3, STM32MP255AAI3, STM32MP255AAK3, STM32MP255AAL3, STM32MP255CAI3, STM32MP255CAK3, STM32MP255CAL3, STM32MP255DAI3, STM32MP255DAK3, STM32MP255DAL3, STM32MP255FAI3, STM32MP255FAK3, STM32MP255FAL3, STM32MP257AAI3, STM32MP257AAK3, STM32MP257AAL3, STM32MP257CAI3, STM32MP257CAK3, STM32MP257CAL3, STM32MP257DAI3, STM32MP257DAK3, STM32MP257DAL3, STM32MP257F-DK, STM32MP257F-EV1, STM32MP257FAI3, STM32MP257FAK3, STM32MP257FAL3, STM32N645A0H3Q, STM32N645B0H3Q, STM32N645I0H3Q, STM32N645L0H3Q, STM32N645X0H3Q, STM32N645Z0H3Q, STM32N647A0H3Q, STM32N647B0H3Q, STM32N647I0H3Q, STM32N647L0H3Q, STM32N647X0H3Q, STM32N647Z0H3Q, STM32N655A0H3Q, STM32N655B0H3Q, STM32N655I0H3Q, STM32N655L0H3Q, STM32N655X0H3Q, STM32N655Z0H3Q, STM32N6570-DK, STM32N657A0H3Q, STM32N657B0H3Q, STM32N657I0H3Q, STM32N657L0H3Q, STM32N657X0H3Q, STM32N657Z0H3Q, STM32U031C6T6, STM32U031C6U6, STM32U031C8T6, STM32U031C8U6, STM32U031F4P6, STM32U031F6P6, STM32U031F8P6, STM32U031G6Y6TR, STM32U031G8Y6TR, STM32U031K4U6, STM32U031K6U6, STM32U031K8U6, STM32U031R6I6, STM32U031R6T6, STM32U031R8I6, STM32U031R8T6, STM32U073C8T6, STM32U073C8U6, STM32U073CBT6, STM32U073CBU6, STM32U073CCT6, STM32U073CCU6, STM32U073H8Y6TR, STM32U073HBY6TR, STM32U073HCY6TR, STM32U073K8U6, STM32U073KBU6, STM32U073KCU6, STM32U073M8I6, STM32U073M8T6, STM32U073MBI6, STM32U073MBT6, STM32U073MCI6, STM32U073MCT6, STM32U073R8I6, STM32U073R8T6, STM32U073RBI6, STM32U073RBT6, STM32U073RCI6, STM32U073RCT6, STM32U083C-DK, STM32U083CCT6, STM32U083CCU6, STM32U083HCY6TR, STM32U083KCU6, STM32U083MCI6, STM32U083MCT6, STM32U083RCI6, STM32U083RCT6, STM32U375CET6, STM32U375CET6Q, STM32U375CEU6, STM32U375CEU6Q, STM32U375CEY6QTR, STM32U375CGT6, STM32U375CGT6Q, STM32U375CGU6, STM32U375CGU6Q, STM32U375CGY6QTR, STM32U375KEU6, STM32U375KGU6, STM32U375REI6, STM32U375REI6Q, STM32U375RET6, STM32U375RET6Q, STM32U375REY6GTR, STM32U375REY6QTR, STM32U375RGI6, STM32U375RGI6Q, STM32U375RGT6, STM32U375RGT6Q, STM32U375RGY6GTR, STM32U375RGY6QTR, STM32U375VEI6, STM32U375VEI6Q, STM32U375VET6, STM32U375VET6Q, STM32U375VGI6, STM32U375VGI6Q, STM32U375VGT6, STM32U375VGT6Q, STM32U385CGT6, STM32U385CGT6Q, STM32U385CGU6, STM32U385CGU6Q, STM32U385CGY6QTR, STM32U385KGU6, STM32U385RGI6, STM32U385RGI6Q, STM32U385RGT6, STM32U385RGT6Q, STM32U385RGY6GTR, STM32U385RGY6QTR, STM32U385VGI6, STM32U385VGI6Q, STM32U385VGT6, STM32U385VGT6Q, STM32U535CBT6, STM32U535CBT6Q, STM32U535CBU6, STM32U535CBU6Q, STM32U535CCT6, STM32U535CCT6Q, STM32U535CCU6, STM32U535CCU6Q, STM32U535CET6, STM32U535CET6Q, STM32U535CEU6, STM32U535CEU6Q, STM32U535JEY6QTR, STM32U535NCY6QTR, STM32U535NEY6QTR, STM32U535RBI6, STM32U535RBI6Q, STM32U535RBT6, STM32U535RBT6Q, STM32U535RCI6, STM32U535RCI6Q, STM32U535RCT6, STM32U535RCT6Q, STM32U535REI6, STM32U535REI6Q, STM32U535RET6, STM32U535RET6Q, STM32U535VCI6, STM32U535VCI6Q, STM32U535VCT6, STM32U535VCT6Q, STM32U535VEI6, STM32U535VEI6Q, STM32U535VET6, STM32U535VET6Q, STM32U545CET6, STM32U545CET6Q, STM32U545CEU6, STM32U545CEU6Q, STM32U545JEY6QTR, STM32U545NEY6QTR, STM32U545REI6, STM32U545REI6Q, STM32U545RET6, STM32U545RET6Q, STM32U545VEI6, STM32U545VEI6Q, STM32U545VET6, STM32U545VET6Q, STM32U595AIH6, STM32U595AIH6Q, STM32U595AJH6, STM32U595AJH6Q, STM32U595QII6, STM32U595QII6Q, STM32U595QJI6, STM32U595QJI6Q, STM32U595RIT6, STM32U595RIT6Q, STM32U595RJT6, STM32U595RJT6Q, STM32U595VIT6, STM32U595VIT6Q, STM32U595VJT6, STM32U595VJT6Q, STM32U595ZIT6, STM32U595ZIT6Q, STM32U595ZIY6QTR, STM32U595ZJT6, STM32U595ZJT6Q, STM32U595ZJY6QTR, STM32U599BJY6QTR, STM32U599NIH6Q, STM32U599NJH6Q, STM32U599VIT6Q, STM32U599VJT6, STM32U599VJT6Q, STM32U599ZIT6Q, STM32U599ZIY6QTR, STM32U599ZJT6Q, STM32U599ZJY6QTR, STM32U5A5AJH6, STM32U5A5AJH6Q, STM32U5A5QII3Q , STM32U5A5QJI6, STM32U5A5QJI6Q, STM32U5A5RJT6, STM32U5A5RJT6Q, STM32U5A5VJT6, STM32U5A5VJT6Q, STM32U5A5ZJT6, STM32U5A5ZJT6Q, STM32U5A5ZJY6QTR, STM32U5A9BJY6QTR, STM32U5A9J-DK, STM32U5A9NJH6Q, STM32U5A9VJT6Q, STM32U5A9ZJT6Q, STM32U5A9ZJY6QTR, STM32U5F7VIT6, STM32U5F7VIT6Q, STM32U5F7VJT6, STM32U5F7VJT6Q, STM32U5F9BJY6QTR, STM32U5F9NJH6Q, STM32U5F9VIT6Q, STM32U5F9VJT6Q, STM32U5F9ZIJ6QTR, STM32U5F9ZIT6Q, STM32U5F9ZJJ6QTR, STM32U5F9ZJT6Q, STM32U5G7VJT6, STM32U5G7VJT6Q, STM32U5G9BJY6QTR, STM32U5G9J-DK1, STM32U5G9J-DK2, STM32U5G9NJH6Q, STM32U5G9VJT6Q, STM32U5G9ZJJ6QTR, STM32U5G9ZJT6Q, STM32WB05KZV6TR, STM32WB05KZV7TR, STM32WB05TZF6TR, STM32WB05TZF7TR, STM32WB06CCF6TR, STM32WB06CCF7TR, STM32WB06CCV6TR, STM32WB06CCV7TR, STM32WB06KCV6TR, STM32WB06KCV7TR, STM32WB07CCF6TR, STM32WB07CCF7TR, STM32WB07CCV6TR, STM32WB07CCV7TR, STM32WB07KCV6TR, STM32WB07KCV7TR, STM32WB09KEV6TR, STM32WB09KEV7TR, STM32WB09TEF6TR, STM32WB09TEF7TR, STM32WB1MMCH6, STM32WBA50KGU6, STM32WBA50KGU6TR, STM32WBA52CEU6, STM32WBA52CEU6TR, STM32WBA52CEU7, STM32WBA52CEU7TR, STM32WBA52CGU6, STM32WBA52CGU6TR, STM32WBA52CGU6U, STM32WBA52CGU7, STM32WBA52CGU7TR, STM32WBA52KEU6, STM32WBA52KEU6TR, STM32WBA52KGU6, STM32WBA52KGU6TR, STM32WBA54CEU6, STM32WBA54CEU6TR, STM32WBA54CEU7, STM32WBA54CEU7TR, STM32WBA54CGU6, STM32WBA54CGU6TR, STM32WBA54CGU7, STM32WBA54CGU7TR, STM32WBA54KEU6, STM32WBA54KEU6TR, STM32WBA54KEU7, STM32WBA54KEU7TR, STM32WBA54KGU6, STM32WBA54KGU6TR, STM32WBA54KGU7, STM32WBA54KGU7TR, STM32WBA55CEU6, STM32WBA55CEU6TR, STM32WBA55CEU7, STM32WBA55CEU7TR, STM32WBA55CGU6, STM32WBA55CGU6TR, STM32WBA55CGU6U, STM32WBA55CGU7, STM32WBA55CGU7TR, STM32WBA55G-DK1, STM32WBA55HEF6, STM32WBA55HEF7, STM32WBA55HGF6, STM32WBA55HGF7, STM32WBA55UEI6, STM32WBA55UEI6TR, STM32WBA55UEI7, STM32WBA55UEI7TR, STM32WBA55UGI6, STM32WBA55UGI6TR, STM32WBA55UGI7, STM32WBA55UGI7TR, STM32WBA5MMGH6TR, STM32WBA62MGF6, STM32WBA62MIF6, STM32WBA65MGF7, STM32WBA65MIF6, STM32WBA65MIF7, STM32WL30K8V6, STM32WL30KBV6, STM32WL31C8V6, STM32WL31CBV6, STM32WL31K8V6, STM32WL31KBV6, STM32WL33C8V6, STM32WL33C8V6X, STM32WL33CBV6, STM32WL33CBV6X, STM32WL33CCV6, STM32WL33CCV6A, STM32WL33CCV6X, STM32WL33K8V7, STM32WL33K8V7X, STM32WL33KBV7 , STM32WL33KBV7X, STM32WL33KCV7, STM32WL33KCV7X, STM32WL5MOCH6, STM32WL5MOCH6TR]
2026-07-13 12:30:42,622 [ERROR] LogOutputStream:75 - [STDERR_REDIRECT] [Fatal Error] :1:1: Premature end of file.
2026-07-13 12:30:42,623 [ERROR] LogOutputStream:75 - [STDERR_REDIRECT] 
2026-07-13 12:30:42,748 [INFO] BoardInfo:889 - No configuration file found for board NUCLEO-H5E5ZJ
2026-07-13 12:30:42,749 [INFO] DbBoards:161 - Board is not supported: NUCLEO-H5E5ZJ
2026-07-13 12:30:42,801 [INFO] BoardInfo:889 - No configuration file found for board NUCLEO-U3C5ZI-Q
2026-07-13 12:30:42,802 [INFO] DbBoards:161 - Board is not supported: NUCLEO-U3C5ZI-Q
2026-07-13 12:30:42,816 [INFO] BoardInfo:889 - No configuration file found for board NUCLEO-WBA25CE1
2026-07-13 12:30:42,817 [INFO] DbBoards:161 - Board is not supported: NUCLEO-WBA25CE1
2026-07-13 12:30:42,826 [INFO] BoardInfo:889 - No configuration file found for board NUCLEO-WL3RKB1
2026-07-13 12:30:42,827 [INFO] DbBoards:161 - Board is not supported: NUCLEO-WL3RKB1
2026-07-13 12:30:42,828 [INFO] BoardInfo:889 - No configuration file found for board NUCLEO-WL3RKB2
2026-07-13 12:30:42,829 [INFO] DbBoards:161 - Board is not supported: NUCLEO-WL3RKB2
2026-07-13 12:30:42,835 [INFO] BoardInfo:889 - No configuration file found for board P-NUCLEO-WB55
2026-07-13 12:30:42,836 [INFO] DbBoards:161 - Kit is not supported: P-NUCLEO-WB55
2026-07-13 12:30:42,843 [INFO] BoardInfo:889 - No configuration file found for board STEVAL-BFA001V1B
2026-07-13 12:30:42,845 [INFO] DbBoards:161 - Kit is not supported: STEVAL-BFA001V1B
2026-07-13 12:30:42,847 [INFO] BoardInfo:889 - No configuration file found for board STEVAL-BFA001V2B
2026-07-13 12:30:42,848 [INFO] DbBoards:161 - Kit is not supported: STEVAL-BFA001V2B
2026-07-13 12:30:42,976 [INFO] BoardInfo:889 - No configuration file found for board STM32H5F5J-DK
2026-07-13 12:30:42,977 [INFO] DbBoards:161 - Board is not supported: STM32H5F5J-DK
2026-07-13 12:30:43,085 [INFO] DbBoards:168 - Found 218 boards, 209 are supported
2026-07-13 12:30:43,086 [INFO] DbBoards:169 - Found 218 boards, 43 of them is supported for  Bsp
2026-07-13 12:30:43,089 [INFO] ApiDb:423 - Load user favorites file C:\Users\elena/.stm32cubeide/favorites.boards.txt: 0 item(s)
2026-07-13 12:30:43,089 [INFO] ApiDb:427 - User favorites Boards=[]
2026-07-13 12:30:43,089 [INFO] DbBoards:198 - Set 0 / 0 favorites Boards
2026-07-13 12:30:43,089 [INFO] McuFinderGlobals:76 - Set McuFinderConnectedMode to true
2026-07-13 12:30:43,096 [INFO] MultiScanPanel:200 - Auto-refresh data requested => check proxy status ongoing
2026-07-13 12:30:43,099 [INFO] FinderPluginLoader:96 - Searching for filters in installed packs
2026-07-13 12:30:43,623 [ERROR] LogOutputStream:75 - [STDERR_REDIRECT] [Fatal Error] :1:1: Premature end of file.
2026-07-13 12:30:43,624 [ERROR] LogOutputStream:75 - [STDERR_REDIRECT] 
2026-07-13 12:30:44,289 [INFO] LoadUrlFilesThread:185 - End of LoadServerUrlFiles without Thread
2026-07-13 12:30:44,299 [INFO] DetailPanel:341 - Set advertising image to C:/Users/elena/STM32Cube/Repository/\en.prom-stm32wl3r-0526.jpg
2026-07-13 12:30:44,623 [ERROR] LogOutputStream:75 - [STDERR_REDIRECT] [Fatal Error] :1:1: Premature end of file.
2026-07-13 12:30:44,624 [ERROR] LogOutputStream:75 - [STDERR_REDIRECT] 
2026-07-13 12:30:45,639 [ERROR] LogOutputStream:75 - [STDERR_REDIRECT] [Fatal Error] :1:1: Premature end of file.
2026-07-13 12:30:45,639 [ERROR] LogOutputStream:75 - [STDERR_REDIRECT] 
2026-07-13 12:30:46,629 [ERROR] LogOutputStream:75 - [STDERR_REDIRECT] [Fatal Error] :1:1: Premature end of file.
2026-07-13 12:30:46,630 [ERROR] LogOutputStream:75 - [STDERR_REDIRECT] 
2026-07-13 12:30:47,628 [ERROR] LogOutputStream:75 - [STDERR_REDIRECT] [Fatal Error] :1:1: Premature end of file.
2026-07-13 12:30:47,628 [ERROR] LogOutputStream:75 - [STDERR_REDIRECT] 
2026-07-13 12:30:48,619 [ERROR] LogOutputStream:75 - [STDERR_REDIRECT] [Fatal Error] :1:1: Premature end of file.
2026-07-13 12:30:48,619 [ERROR] LogOutputStream:75 - [STDERR_REDIRECT] 
2026-07-13 12:30:49,620 [ERROR] LogOutputStream:75 - [STDERR_REDIRECT] [Fatal Error] :1:1: Premature end of file.
2026-07-13 12:30:49,620 [ERROR] LogOutputStream:75 - [STDERR_REDIRECT] 
2026-07-13 12:30:50,179 [INFO] MultiScanPanel:200 - Auto-refresh data requested => check proxy status ongoing
2026-07-13 12:30:50,276 [INFO] LoadUrlFilesThread:185 - End of LoadServerUrlFiles without Thread
2026-07-13 12:30:50,276 [INFO] DetailPanel:341 - Set advertising image to C:/Users/elena/STM32Cube/Repository/\en.prom-stm32wl3r-0526.jpg
2026-07-13 12:30:50,285 [INFO] DbBoards:642 - Loading board mini-images...
2026-07-13 12:30:50,620 [ERROR] LogOutputStream:75 - [STDERR_REDIRECT] [Fatal Error] :1:1: Premature end of file.
2026-07-13 12:30:50,620 [ERROR] LogOutputStream:75 - [STDERR_REDIRECT] 
2026-07-13 12:30:51,623 [ERROR] LogOutputStream:75 - [STDERR_REDIRECT] [Fatal Error] :1:1: Premature end of file.
2026-07-13 12:30:51,623 [ERROR] LogOutputStream:75 - [STDERR_REDIRECT] 
2026-07-13 12:30:51,810 [INFO] DbBoards:665 - Loaded 218 board mini-images
2026-07-13 12:30:51,876 [INFO] MultiScanPanel:200 - Auto-refresh data requested => check proxy status ongoing
2026-07-13 12:30:51,878 [INFO] ApiDb:668 - CubeFinder database Data Model version=2.1
2026-07-13 12:30:51,878 [INFO] ApiDb:669 - CubeFinder database Configuration version=3.0.42
2026-07-13 12:30:51,878 [INFO] ApiDb:670 - CubeFinder database generation date=2026-06-23 (1782213372)
2026-07-13 12:30:51,878 [INFO] ApiDb:671 - CubeFinder database FW Pack versions=[FP-ATR-ASTRA1_V2.0.0, FP-SNS-FLIGHT1_V5.1.0, FP-SNS-MOTENV1_V5.1.0, FP-SNS-MOTENVWB1_V1.5.0, FP-SNS-SMARTAG2_V1.2.0, FP-SNS-STBOX1_V2.1.0, STM32Cube_FW_C0_V1.4.0, STM32Cube_FW_F4_V1.28.3, STM32Cube_FW_F7_V1.17.4, STM32Cube_FW_G0_V1.6.3, STM32Cube_FW_G4_V1.6.2, STM32Cube_FW_H5_V1.7.0, STM32Cube_FW_H7RS_V1.3.0, STM32Cube_FW_H7_V1.13.0, STM32Cube_FW_L0_V1.12.2, STM32Cube_FW_L4_V1.18.2, STM32Cube_FW_L5_V1.6.0, STM32Cube_FW_N6_V1.4.0, STM32Cube_FW_U0_V1.3.0, STM32Cube_FW_U3_V1.4.0, STM32Cube_FW_U5_V1.9.0, STM32Cube_FW_WB0_V1.5.0, STM32Cube_FW_WBA_V1.10.0, STM32Cube_FW_WB_V1.24.0, STM32Cube_FW_WL3_V1.5.0, STM32Cube_FW_WL_V1.6.0, X-CUBE-ALGOBUILD_V1.5.0, X-CUBE-ALS_V1.0.2, X-CUBE-AZRTOS-F4_V1.1.0, X-CUBE-AZRTOS-F7_V1.1.0, X-CUBE-AZRTOS-G0_V1.1.0, X-CUBE-AZRTOS-G4_V2.0.0, X-CUBE-AZRTOS-H7RS_V1.1.0, X-CUBE-AZRTOS-H7_V3.5.0, X-CUBE-AZRTOS-L4_V2.0.0, X-CUBE-AZRTOS-L5_V2.0.0, X-CUBE-AZRTOS-WB_V2.0.0, X-CUBE-AZRTOS-WL_V2.0.0, X-CUBE-BLE1_V7.1.0, X-CUBE-BLE2_V3.3.0, X-CUBE-BLEMGR_V4.1.0, X-CUBE-EEPRMA1_V5.2.0, X-CUBE-FREERTOS_V1.5.0, X-CUBE-GNSS1_V7.1.1, X-CUBE-MEMS1_V12.1.0, X-CUBE-NFC4_V3.0.0, X-CUBE-NFC7_V2.0.0, X-CUBE-SFXS2LP1_V4.0.0, X-CUBE-ST67W61_V1.3.0, X-CUBE-SUBG2_V5.0.0, X-CUBE-TOF1_V3.4.3]
2026-07-13 12:30:52,307 [ERROR] DbExamplesSqlite:437 - Missing JSON key: board_cpn
2026-07-13 12:30:52,307 [ERROR] DbExamplesSqlite:437 - Missing JSON key: board_cpn
2026-07-13 12:30:52,308 [ERROR] DbExamplesSqlite:437 - Missing JSON key: board_cpn
2026-07-13 12:30:52,308 [ERROR] DbExamplesSqlite:437 - Missing JSON key: board_cpn
2026-07-13 12:30:52,513 [ERROR] DbExamplesSqlite:437 - Missing JSON key: board_cpn
2026-07-13 12:30:52,513 [ERROR] DbExamplesSqlite:437 - Missing JSON key: board_cpn
2026-07-13 12:30:52,554 [INFO] DbExamplesSqlite:395 - Ignored 43 examples not supported by CubeIDE
2026-07-13 12:30:52,555 [INFO] DbExamplesSqlite:396 - Found 11315 examples active
2026-07-13 12:30:52,555 [INFO] DbExamplesSqlite:397 - Found 0 examples obsolete
2026-07-13 12:30:52,555 [INFO] DbExamplesSqlite:398 - Found 0 examples under development
2026-07-13 12:30:52,555 [INFO] DbExamplesSqlite:399 - Found 79 examples not building
2026-07-13 12:30:52,558 [INFO] DbExamples:125 - Found 11351 examples
2026-07-13 12:30:52,581 [ERROR] DbExamples:208 - Found 273 examples with invalid data (board or MCU)
2026-07-13 12:30:52,581 [INFO] DbExamples:222 - Found 140 boards with related examples
2026-07-13 12:30:52,583 [INFO] DbExamples:235 - Found 116 MCUs with related examples
2026-07-13 12:30:52,603 [INFO] ApiDb:423 - Load user favorites file C:\Users\elena/.stm32cubeide/favorites.examples.txt: 0 item(s)
2026-07-13 12:30:52,603 [INFO] ApiDb:427 - User favorites Examples=[]
2026-07-13 12:30:52,603 [INFO] DbExamples:250 - Set 0 / 0 favorites Examples
2026-07-13 12:30:52,626 [ERROR] LogOutputStream:75 - [STDERR_REDIRECT] [Fatal Error] :1:1: Premature end of file.
2026-07-13 12:30:52,626 [ERROR] LogOutputStream:75 - [STDERR_REDIRECT] 
2026-07-13 12:30:53,306 [INFO] SoftwarePacks:127 - Download is needed for SW pack 'FP-ATR-ASTRA1_V2.0.0'
2026-07-13 12:30:53,306 [INFO] SoftwarePacks:127 - Download is needed for SW pack 'FP-SNS-FLIGHT1_V5.1.0'
2026-07-13 12:30:53,306 [INFO] SoftwarePacks:127 - Download is needed for SW pack 'FP-SNS-MOTENV1_V5.1.0'
2026-07-13 12:30:53,306 [ERROR] SoftwarePacks:139 - Unknown SW pack 'FP-SNS-MOTENVWB1_V1.5.0'
2026-07-13 12:30:53,307 [INFO] SoftwarePacks:127 - Download is needed for SW pack 'FP-SNS-SMARTAG2_V1.2.0'
2026-07-13 12:30:53,307 [INFO] SoftwarePacks:127 - Download is needed for SW pack 'FP-SNS-STBOX1_V2.1.0'
2026-07-13 12:30:53,313 [INFO] SoftwarePacks:127 - Download is needed for SW pack 'STM32Cube_FW_C0_V1.4.0'
2026-07-13 12:30:53,317 [INFO] SoftwarePacks:131 - Found SW pack 'STM32Cube_FW_F4_V1.28.3' up-to-date on disk.
2026-07-13 12:30:53,321 [INFO] SoftwarePacks:127 - Download is needed for SW pack 'STM32Cube_FW_F7_V1.17.4'
2026-07-13 12:30:53,325 [INFO] SoftwarePacks:131 - Found SW pack 'STM32Cube_FW_G0_V1.6.3' up-to-date on disk.
2026-07-13 12:30:53,331 [INFO] SoftwarePacks:127 - Download is needed for SW pack 'STM32Cube_FW_G4_V1.6.2'
2026-07-13 12:30:53,336 [INFO] SoftwarePacks:127 - Download is needed for SW pack 'STM32Cube_FW_H5_V1.7.0'
2026-07-13 12:30:53,342 [INFO] SoftwarePacks:127 - Download is needed for SW pack 'STM32Cube_FW_H7RS_V1.3.0'
2026-07-13 12:30:53,346 [INFO] SoftwarePacks:127 - Download is needed for SW pack 'STM32Cube_FW_H7_V1.13.0'
2026-07-13 12:30:53,351 [INFO] SoftwarePacks:127 - Download is needed for SW pack 'STM32Cube_FW_L0_V1.12.2'
2026-07-13 12:30:53,355 [INFO] SoftwarePacks:127 - Download is needed for SW pack 'STM32Cube_FW_L4_V1.18.2'
2026-07-13 12:30:53,361 [INFO] SoftwarePacks:127 - Download is needed for SW pack 'STM32Cube_FW_L5_V1.6.0'
2026-07-13 12:30:53,365 [INFO] SoftwarePacks:127 - Download is needed for SW pack 'STM32Cube_FW_N6_V1.4.0'
2026-07-13 12:30:53,369 [INFO] SoftwarePacks:127 - Download is needed for SW pack 'STM32Cube_FW_U0_V1.3.0'
2026-07-13 12:30:53,373 [INFO] SoftwarePacks:127 - Download is needed for SW pack 'STM32Cube_FW_U3_V1.4.0'
2026-07-13 12:30:53,379 [INFO] SoftwarePacks:127 - Download is needed for SW pack 'STM32Cube_FW_U5_V1.9.0'
2026-07-13 12:30:53,383 [INFO] SoftwarePacks:127 - Download is needed for SW pack 'STM32Cube_FW_WB0_V1.5.0'
2026-07-13 12:30:53,388 [INFO] SoftwarePacks:127 - Download is needed for SW pack 'STM32Cube_FW_WBA_V1.10.0'
2026-07-13 12:30:53,394 [INFO] SoftwarePacks:127 - Download is needed for SW pack 'STM32Cube_FW_WB_V1.24.0'
2026-07-13 12:30:53,398 [INFO] SoftwarePacks:127 - Download is needed for SW pack 'STM32Cube_FW_WL3_V1.5.0'
2026-07-13 12:30:53,403 [INFO] SoftwarePacks:127 - Download is needed for SW pack 'STM32Cube_FW_WL_V1.6.0'
2026-07-13 12:30:53,403 [INFO] SoftwarePacks:127 - Download is needed for SW pack 'X-CUBE-ALGOBUILD_V1.5.0'
2026-07-13 12:30:53,403 [INFO] SoftwarePacks:127 - Download is needed for SW pack 'X-CUBE-ALS_V1.0.2'
2026-07-13 12:30:53,403 [INFO] SoftwarePacks:127 - Download is needed for SW pack 'X-CUBE-AZRTOS-F4_V1.1.0'
2026-07-13 12:30:53,403 [INFO] SoftwarePacks:127 - Download is needed for SW pack 'X-CUBE-AZRTOS-F7_V1.1.0'
2026-07-13 12:30:53,403 [INFO] SoftwarePacks:127 - Download is needed for SW pack 'X-CUBE-AZRTOS-G0_V1.1.0'
2026-07-13 12:30:53,403 [INFO] SoftwarePacks:127 - Download is needed for SW pack 'X-CUBE-AZRTOS-G4_V2.0.0'
2026-07-13 12:30:53,403 [INFO] SoftwarePacks:127 - Download is needed for SW pack 'X-CUBE-AZRTOS-H7RS_V1.1.0'
2026-07-13 12:30:53,403 [INFO] SoftwarePacks:127 - Download is needed for SW pack 'X-CUBE-AZRTOS-H7_V3.5.0'
2026-07-13 12:30:53,403 [INFO] SoftwarePacks:127 - Download is needed for SW pack 'X-CUBE-AZRTOS-L4_V2.0.0'
2026-07-13 12:30:53,403 [INFO] SoftwarePacks:127 - Download is needed for SW pack 'X-CUBE-AZRTOS-L5_V2.0.0'
2026-07-13 12:30:53,403 [INFO] SoftwarePacks:127 - Download is needed for SW pack 'X-CUBE-AZRTOS-WB_V2.0.0'
2026-07-13 12:30:53,403 [INFO] SoftwarePacks:127 - Download is needed for SW pack 'X-CUBE-AZRTOS-WL_V2.0.0'
2026-07-13 12:30:53,403 [INFO] SoftwarePacks:127 - Download is needed for SW pack 'X-CUBE-BLE1_V7.1.0'
2026-07-13 12:30:53,403 [INFO] SoftwarePacks:127 - Download is needed for SW pack 'X-CUBE-BLE2_V3.3.0'
2026-07-13 12:30:53,403 [INFO] SoftwarePacks:127 - Download is needed for SW pack 'X-CUBE-BLEMGR_V4.1.0'
2026-07-13 12:30:53,403 [INFO] SoftwarePacks:127 - Download is needed for SW pack 'X-CUBE-EEPRMA1_V5.2.0'
2026-07-13 12:30:53,403 [INFO] SoftwarePacks:127 - Download is needed for SW pack 'X-CUBE-FREERTOS_V1.5.0'
2026-07-13 12:30:53,403 [INFO] SoftwarePacks:127 - Download is needed for SW pack 'X-CUBE-GNSS1_V7.1.1'
2026-07-13 12:30:53,405 [INFO] SoftwarePacks:127 - Download is needed for SW pack 'X-CUBE-MEMS1_V12.1.0'
2026-07-13 12:30:53,405 [INFO] SoftwarePacks:127 - Download is needed for SW pack 'X-CUBE-NFC4_V3.0.0'
2026-07-13 12:30:53,405 [INFO] SoftwarePacks:127 - Download is needed for SW pack 'X-CUBE-NFC7_V2.0.0'
2026-07-13 12:30:53,405 [INFO] SoftwarePacks:127 - Download is needed for SW pack 'X-CUBE-SFXS2LP1_V4.0.0'
2026-07-13 12:30:53,405 [INFO] SoftwarePacks:127 - Download is needed for SW pack 'X-CUBE-ST67W61_V1.3.0'
2026-07-13 12:30:53,405 [INFO] SoftwarePacks:127 - Download is needed for SW pack 'X-CUBE-SUBG2_V5.0.0'
2026-07-13 12:30:53,405 [INFO] SoftwarePacks:127 - Download is needed for SW pack 'X-CUBE-TOF1_V3.4.3'
2026-07-13 12:30:53,658 [ERROR] LogOutputStream:75 - [STDERR_REDIRECT] [Fatal Error] :1:1: Premature end of file.
2026-07-13 12:30:53,668 [ERROR] LogOutputStream:75 - [STDERR_REDIRECT] 
2026-07-13 12:30:54,650 [ERROR] LogOutputStream:75 - [STDERR_REDIRECT] [Fatal Error] :1:1: Premature end of file.
2026-07-13 12:30:54,651 [ERROR] LogOutputStream:75 - [STDERR_REDIRECT] 
2026-07-13 12:30:55,047 [INFO] LoadUrlFilesThread:185 - End of LoadServerUrlFiles without Thread
2026-07-13 12:30:55,047 [INFO] DetailPanel:341 - Set advertising image to C:/Users/elena/STM32Cube/Repository/\en.prom-stm32wl3r-0526.jpg
2026-07-13 12:30:55,075 [ERROR] AppliInfo:139 - Unknown STM32CubeMX version: 6.16.1
2026-07-13 12:30:55,076 [ERROR] AppliInfo:139 - Unknown STM32CubeMX version: 6.16.1
2026-07-13 12:30:55,405 [ERROR] AppliInfo:139 - Unknown STM32CubeMX version: 6.18.0
2026-07-13 12:30:55,409 [ERROR] AppliInfo:139 - Unknown STM32CubeMX version: 6.18.0
2026-07-13 12:30:55,409 [ERROR] AppliInfo:139 - Unknown STM32CubeMX version: 6.18.0
2026-07-13 12:30:55,410 [ERROR] AppliInfo:139 - Unknown STM32CubeMX version: 6.18.0
2026-07-13 12:30:55,410 [ERROR] AppliInfo:139 - Unknown STM32CubeMX version: 6.18.0
2026-07-13 12:30:55,411 [ERROR] AppliInfo:139 - Unknown STM32CubeMX version: 6.18.0
2026-07-13 12:30:55,411 [ERROR] AppliInfo:139 - Unknown STM32CubeMX version: 6.18.0
2026-07-13 12:30:55,411 [ERROR] AppliInfo:139 - Unknown STM32CubeMX version: 6.18.0
2026-07-13 12:30:55,411 [ERROR] AppliInfo:139 - Unknown STM32CubeMX version: 6.18.0
2026-07-13 12:30:55,411 [ERROR] AppliInfo:139 - Unknown STM32CubeMX version: 6.18.0
2026-07-13 12:30:55,412 [ERROR] AppliInfo:139 - Unknown STM32CubeMX version: 6.18.0
2026-07-13 12:30:55,414 [ERROR] AppliInfo:139 - Unknown STM32CubeMX version: 6.18.0
2026-07-13 12:30:55,415 [ERROR] AppliInfo:139 - Unknown STM32CubeMX version: 6.18.0
2026-07-13 12:30:55,416 [ERROR] AppliInfo:139 - Unknown STM32CubeMX version: 6.18.0
2026-07-13 12:30:55,416 [ERROR] AppliInfo:139 - Unknown STM32CubeMX version: 6.18.0
2026-07-13 12:30:55,416 [ERROR] AppliInfo:139 - Unknown STM32CubeMX version: 6.18.0
2026-07-13 12:30:55,417 [ERROR] AppliInfo:139 - Unknown STM32CubeMX version: 6.18.0
2026-07-13 12:30:55,417 [ERROR] AppliInfo:139 - Unknown STM32CubeMX version: 6.18.0
2026-07-13 12:30:55,417 [ERROR] AppliInfo:139 - Unknown STM32CubeMX version: 6.18.0
2026-07-13 12:30:55,417 [ERROR] AppliInfo:139 - Unknown STM32CubeMX version: 6.18.0
2026-07-13 12:30:55,417 [ERROR] AppliInfo:139 - Unknown STM32CubeMX version: 6.18.0
2026-07-13 12:30:55,417 [ERROR] AppliInfo:139 - Unknown STM32CubeMX version: 6.18.0
2026-07-13 12:30:55,417 [ERROR] AppliInfo:139 - Unknown STM32CubeMX version: 6.18.0
2026-07-13 12:30:55,417 [ERROR] AppliInfo:139 - Unknown STM32CubeMX version: 6.18.0
2026-07-13 12:30:55,417 [ERROR] AppliInfo:139 - Unknown STM32CubeMX version: 6.18.0
2026-07-13 12:30:55,418 [ERROR] AppliInfo:139 - Unknown STM32CubeMX version: 6.18.0
2026-07-13 12:30:55,418 [ERROR] AppliInfo:139 - Unknown STM32CubeMX version: 6.18.0
2026-07-13 12:30:55,418 [ERROR] AppliInfo:139 - Unknown STM32CubeMX version: 6.18.0
2026-07-13 12:30:55,418 [ERROR] AppliInfo:139 - Unknown STM32CubeMX version: 6.18.0
2026-07-13 12:30:55,418 [ERROR] AppliInfo:139 - Unknown STM32CubeMX version: 6.18.0
2026-07-13 12:30:55,418 [ERROR] AppliInfo:139 - Unknown STM32CubeMX version: 6.18.0
2026-07-13 12:30:55,418 [ERROR] AppliInfo:139 - Unknown STM32CubeMX version: 6.18.0
2026-07-13 12:30:55,418 [ERROR] AppliInfo:139 - Unknown STM32CubeMX version: 6.18.0
2026-07-13 12:30:55,419 [ERROR] AppliInfo:139 - Unknown STM32CubeMX version: 6.18.0
2026-07-13 12:30:55,428 [ERROR] AppliInfo:139 - Unknown STM32CubeMX version: 6.18.0
2026-07-13 12:30:55,428 [ERROR] AppliInfo:139 - Unknown STM32CubeMX version: 6.18.0
2026-07-13 12:30:55,428 [ERROR] AppliInfo:139 - Unknown STM32CubeMX version: 6.18.0
2026-07-13 12:30:55,428 [ERROR] AppliInfo:139 - Unknown STM32CubeMX version: 6.18.0
2026-07-13 12:30:55,429 [ERROR] AppliInfo:139 - Unknown STM32CubeMX version: 6.18.0
2026-07-13 12:30:55,429 [ERROR] AppliInfo:139 - Unknown STM32CubeMX version: 6.18.0
2026-07-13 12:30:55,430 [ERROR] AppliInfo:139 - Unknown STM32CubeMX version: 6.17.0
2026-07-13 12:30:55,431 [ERROR] AppliInfo:139 - Unknown STM32CubeMX version: 6.18.0
2026-07-13 12:30:55,431 [ERROR] AppliInfo:139 - Unknown STM32CubeMX version: 6.18.0
2026-07-13 12:30:55,431 [ERROR] AppliInfo:139 - Unknown STM32CubeMX version: 6.18.0
2026-07-13 12:30:55,433 [ERROR] AppliInfo:139 - Unknown STM32CubeMX version: 6.18.0
2026-07-13 12:30:55,433 [ERROR] AppliInfo:139 - Unknown STM32CubeMX version: 6.17.0
2026-07-13 12:30:55,435 [ERROR] AppliInfo:139 - Unknown STM32CubeMX version: 6.18.0
2026-07-13 12:30:55,435 [ERROR] AppliInfo:139 - Unknown STM32CubeMX version: 6.18.0
2026-07-13 12:30:55,435 [ERROR] AppliInfo:139 - Unknown STM32CubeMX version: 6.18.0
2026-07-13 12:30:55,436 [ERROR] AppliInfo:139 - Unknown STM32CubeMX version: 6.18.0
2026-07-13 12:30:55,436 [ERROR] AppliInfo:139 - Unknown STM32CubeMX version: 6.18.0
2026-07-13 12:30:55,436 [ERROR] AppliInfo:139 - Unknown STM32CubeMX version: 6.17.0
2026-07-13 12:30:55,436 [ERROR] AppliInfo:139 - Unknown STM32CubeMX version: 6.17.0
2026-07-13 12:30:55,436 [ERROR] AppliInfo:139 - Unknown STM32CubeMX version: 6.17.0
2026-07-13 12:30:55,436 [ERROR] AppliInfo:139 - Unknown STM32CubeMX version: 6.17.0
2026-07-13 12:30:55,436 [ERROR] AppliInfo:139 - Unknown STM32CubeMX version: 6.17.0
2026-07-13 12:30:55,436 [ERROR] AppliInfo:139 - Unknown STM32CubeMX version: 6.18.0
2026-07-13 12:30:55,436 [ERROR] AppliInfo:139 - Unknown STM32CubeMX version: 6.18.0
2026-07-13 12:30:55,436 [ERROR] AppliInfo:139 - Unknown STM32CubeMX version: 6.18.0
2026-07-13 12:30:55,438 [ERROR] AppliInfo:139 - Unknown STM32CubeMX version: 6.17.0
2026-07-13 12:30:55,438 [ERROR] AppliInfo:139 - Unknown STM32CubeMX version: 6.17.0
2026-07-13 12:30:55,438 [ERROR] AppliInfo:139 - Unknown STM32CubeMX version: 6.17.0
2026-07-13 12:30:55,438 [ERROR] AppliInfo:139 - Unknown STM32CubeMX version: 6.17.0
2026-07-13 12:30:55,438 [ERROR] AppliInfo:139 - Unknown STM32CubeMX version: 6.17.0
2026-07-13 12:30:55,438 [ERROR] AppliInfo:139 - Unknown STM32CubeMX version: 6.17.0
2026-07-13 12:30:55,438 [ERROR] AppliInfo:139 - Unknown STM32CubeMX version: 6.17.0
2026-07-13 12:30:55,438 [ERROR] AppliInfo:139 - Unknown STM32CubeMX version: 6.17.0
2026-07-13 12:30:55,438 [ERROR] AppliInfo:139 - Unknown STM32CubeMX version: 6.17.0
2026-07-13 12:30:55,438 [ERROR] AppliInfo:139 - Unknown STM32CubeMX version: 6.17.0
2026-07-13 12:30:55,438 [ERROR] AppliInfo:139 - Unknown STM32CubeMX version: 6.17.0
2026-07-13 12:30:55,438 [ERROR] AppliInfo:139 - Unknown STM32CubeMX version: 6.17.0
2026-07-13 12:30:55,438 [ERROR] AppliInfo:139 - Unknown STM32CubeMX version: 6.17.0
2026-07-13 12:30:55,438 [ERROR] AppliInfo:139 - Unknown STM32CubeMX version: 6.17.0
2026-07-13 12:30:55,439 [ERROR] AppliInfo:139 - Unknown STM32CubeMX version: 6.17.0
2026-07-13 12:30:55,439 [ERROR] AppliInfo:139 - Unknown STM32CubeMX version: 6.17.0
2026-07-13 12:30:55,439 [ERROR] AppliInfo:139 - Unknown STM32CubeMX version: 6.17.0
2026-07-13 12:30:55,439 [ERROR] AppliInfo:139 - Unknown STM32CubeMX version: 6.17.0
2026-07-13 12:30:55,439 [ERROR] AppliInfo:139 - Unknown STM32CubeMX version: 6.17.0
2026-07-13 12:30:55,439 [ERROR] AppliInfo:139 - Unknown STM32CubeMX version: 6.17.0
2026-07-13 12:30:55,439 [ERROR] AppliInfo:139 - Unknown STM32CubeMX version: 6.17.0
2026-07-13 12:30:55,439 [ERROR] AppliInfo:139 - Unknown STM32CubeMX version: 6.17.0
2026-07-13 12:30:55,441 [ERROR] AppliInfo:139 - Unknown STM32CubeMX version: 6.17.0
2026-07-13 12:30:55,441 [ERROR] AppliInfo:139 - Unknown STM32CubeMX version: 6.17.0
2026-07-13 12:30:55,441 [ERROR] AppliInfo:139 - Unknown STM32CubeMX version: 6.17.0
2026-07-13 12:30:55,441 [ERROR] AppliInfo:139 - Unknown STM32CubeMX version: 6.17.0
2026-07-13 12:30:55,441 [ERROR] AppliInfo:139 - Unknown STM32CubeMX version: 6.17.0
2026-07-13 12:30:55,441 [ERROR] AppliInfo:139 - Unknown STM32CubeMX version: 6.17.0
2026-07-13 12:30:55,442 [ERROR] AppliInfo:139 - Unknown STM32CubeMX version: 6.17.0
2026-07-13 12:30:55,442 [ERROR] AppliInfo:139 - Unknown STM32CubeMX version: 6.17.0
2026-07-13 12:30:55,442 [ERROR] AppliInfo:139 - Unknown STM32CubeMX version: 6.17.0
2026-07-13 12:30:55,442 [ERROR] AppliInfo:139 - Unknown STM32CubeMX version: 6.17.0
2026-07-13 12:30:55,442 [ERROR] AppliInfo:139 - Unknown STM32CubeMX version: 6.17.0
2026-07-13 12:30:55,442 [ERROR] AppliInfo:139 - Unknown STM32CubeMX version: 6.17.0
2026-07-13 12:30:55,442 [ERROR] AppliInfo:139 - Unknown STM32CubeMX version: 6.18.0
2026-07-13 12:30:55,443 [ERROR] AppliInfo:139 - Unknown STM32CubeMX version: 6.18.0
2026-07-13 12:30:55,446 [ERROR] AppliInfo:139 - Unknown STM32CubeMX version: 6.18.0
2026-07-13 12:30:55,446 [ERROR] AppliInfo:139 - Unknown STM32CubeMX version: 6.18.0
2026-07-13 12:30:55,447 [ERROR] AppliInfo:139 - Unknown STM32CubeMX version: 6.18.0
2026-07-13 12:30:55,447 [ERROR] AppliInfo:139 - Unknown STM32CubeMX version: 6.18.0
2026-07-13 12:30:55,447 [ERROR] AppliInfo:139 - Unknown STM32CubeMX version: 6.18.0
2026-07-13 12:30:55,447 [ERROR] AppliInfo:139 - Unknown STM32CubeMX version: 6.18.0
2026-07-13 12:30:55,447 [ERROR] AppliInfo:139 - Unknown STM32CubeMX version: 6.17.0
2026-07-13 12:30:55,447 [ERROR] AppliInfo:139 - Unknown STM32CubeMX version: 6.17.0
2026-07-13 12:30:55,448 [ERROR] AppliInfo:139 - Unknown STM32CubeMX version: 6.17.0
2026-07-13 12:30:55,448 [ERROR] AppliInfo:139 - Unknown STM32CubeMX version: 6.17.0
2026-07-13 12:30:55,448 [ERROR] AppliInfo:139 - Unknown STM32CubeMX version: 6.17.0
2026-07-13 12:30:55,448 [ERROR] AppliInfo:139 - Unknown STM32CubeMX version: 6.17.0
2026-07-13 12:30:55,448 [ERROR] AppliInfo:139 - Unknown STM32CubeMX version: 6.17.0
2026-07-13 12:30:55,448 [ERROR] AppliInfo:139 - Unknown STM32CubeMX version: 6.17.0
2026-07-13 12:30:55,449 [ERROR] AppliInfo:139 - Unknown STM32CubeMX version: 6.18.0
2026-07-13 12:30:55,449 [ERROR] AppliInfo:139 - Unknown STM32CubeMX version: 6.17.0
2026-07-13 12:30:55,449 [ERROR] AppliInfo:139 - Unknown STM32CubeMX version: 6.17.0
2026-07-13 12:30:55,449 [ERROR] AppliInfo:139 - Unknown STM32CubeMX version: 6.17.0
2026-07-13 12:30:55,449 [ERROR] AppliInfo:139 - Unknown STM32CubeMX version: 6.17.0
2026-07-13 12:30:55,449 [ERROR] AppliInfo:139 - Unknown STM32CubeMX version: 6.17.0
2026-07-13 12:30:55,450 [ERROR] AppliInfo:139 - Unknown STM32CubeMX version: 6.17.0
2026-07-13 12:30:55,450 [ERROR] AppliInfo:139 - Unknown STM32CubeMX version: 6.17.0
2026-07-13 12:30:55,450 [ERROR] AppliInfo:139 - Unknown STM32CubeMX version: 6.17.0
2026-07-13 12:30:55,450 [ERROR] AppliInfo:139 - Unknown STM32CubeMX version: 6.17.0
2026-07-13 12:30:55,450 [ERROR] AppliInfo:139 - Unknown STM32CubeMX version: 6.17.0
2026-07-13 12:30:55,450 [ERROR] AppliInfo:139 - Unknown STM32CubeMX version: 6.17.0
2026-07-13 12:30:55,451 [ERROR] AppliInfo:139 - Unknown STM32CubeMX version: 6.17.0
2026-07-13 12:30:55,451 [ERROR] AppliInfo:139 - Unknown STM32CubeMX version: 6.17.0
2026-07-13 12:30:55,451 [ERROR] AppliInfo:139 - Unknown STM32CubeMX version: 6.17.0
2026-07-13 12:30:55,451 [ERROR] AppliInfo:139 - Unknown STM32CubeMX version: 6.17.0
2026-07-13 12:30:55,452 [ERROR] AppliInfo:139 - Unknown STM32CubeMX version: 6.18.0
2026-07-13 12:30:55,452 [ERROR] AppliInfo:139 - Unknown STM32CubeMX version: 6.18.0
2026-07-13 12:30:55,452 [ERROR] AppliInfo:139 - Unknown STM32CubeMX version: 6.18.0
2026-07-13 12:30:55,452 [ERROR] AppliInfo:139 - Unknown STM32CubeMX version: 6.18.0
2026-07-13 12:30:55,452 [ERROR] AppliInfo:139 - Unknown STM32CubeMX version: 6.18.0
2026-07-13 12:30:55,452 [ERROR] AppliInfo:139 - Unknown STM32CubeMX version: 6.18.0
2026-07-13 12:30:55,452 [ERROR] AppliInfo:139 - Unknown STM32CubeMX version: 6.18.0
2026-07-13 12:30:55,452 [ERROR] AppliInfo:139 - Unknown STM32CubeMX version: 6.18.0
2026-07-13 12:30:55,452 [ERROR] AppliInfo:139 - Unknown STM32CubeMX version: 6.18.0
2026-07-13 12:30:55,453 [ERROR] AppliInfo:139 - Unknown STM32CubeMX version: 6.18.0
2026-07-13 12:30:55,453 [ERROR] AppliInfo:139 - Unknown STM32CubeMX version: 6.18.0
2026-07-13 12:30:55,453 [ERROR] AppliInfo:139 - Unknown STM32CubeMX version: 6.18.0
2026-07-13 12:30:55,453 [ERROR] AppliInfo:139 - Unknown STM32CubeMX version: 6.18.0
2026-07-13 12:30:55,453 [ERROR] AppliInfo:139 - Unknown STM32CubeMX version: 6.18.0
2026-07-13 12:30:55,453 [ERROR] AppliInfo:139 - Unknown STM32CubeMX version: 6.18.0
2026-07-13 12:30:55,453 [ERROR] AppliInfo:139 - Unknown STM32CubeMX version: 6.18.0
2026-07-13 12:30:55,453 [ERROR] AppliInfo:139 - Unknown STM32CubeMX version: 6.18.0
2026-07-13 12:30:55,454 [ERROR] AppliInfo:139 - Unknown STM32CubeMX version: 6.18.0
2026-07-13 12:30:55,454 [ERROR] AppliInfo:139 - Unknown STM32CubeMX version: 6.18.0
2026-07-13 12:30:55,454 [ERROR] AppliInfo:139 - Unknown STM32CubeMX version: 6.18.0
2026-07-13 12:30:55,454 [ERROR] AppliInfo:139 - Unknown STM32CubeMX version: 6.18.0
2026-07-13 12:30:55,454 [ERROR] AppliInfo:139 - Unknown STM32CubeMX version: 6.18.0
2026-07-13 12:30:55,454 [ERROR] AppliInfo:139 - Unknown STM32CubeMX version: 6.18.0
2026-07-13 12:30:55,454 [ERROR] AppliInfo:139 - Unknown STM32CubeMX version: 6.18.0
2026-07-13 12:30:55,524 [ERROR] AppliInfo:139 - Unknown STM32CubeMX version: 6.16.0
2026-07-13 12:30:55,524 [ERROR] AppliInfo:139 - Unknown STM32CubeMX version: 6.16.0
2026-07-13 12:30:55,524 [ERROR] AppliInfo:139 - Unknown STM32CubeMX version: 6.16.0
2026-07-13 12:30:55,524 [ERROR] AppliInfo:139 - Unknown STM32CubeMX version: 6.16.0
2026-07-13 12:30:55,524 [ERROR] AppliInfo:139 - Unknown STM32CubeMX version: 6.16.0
2026-07-13 12:30:55,537 [ERROR] AppliInfo:139 - Unknown STM32CubeMX version: 6.16.0
2026-07-13 12:30:55,537 [ERROR] AppliInfo:139 - Unknown STM32CubeMX version: 6.16.0
2026-07-13 12:30:55,537 [ERROR] AppliInfo:139 - Unknown STM32CubeMX version: 6.16.0
2026-07-13 12:30:55,539 [ERROR] AppliInfo:139 - Unknown STM32CubeMX version: 6.16.0
2026-07-13 12:30:55,627 [ERROR] LogOutputStream:75 - [STDERR_REDIRECT] [Fatal Error] :1:1: Premature end of file.
2026-07-13 12:30:55,627 [ERROR] LogOutputStream:75 - [STDERR_REDIRECT] 
2026-07-13 12:30:55,656 [ERROR] AppliInfo:139 - Unknown STM32CubeMX version: 6.16.0
2026-07-13 12:30:55,658 [ERROR] AppliInfo:139 - Unknown STM32CubeMX version: 6.16.0
2026-07-13 12:30:55,676 [ERROR] AppliInfo:139 - Unknown STM32CubeMX version: 6.16.0
2026-07-13 12:30:55,679 [ERROR] AppliInfo:139 - Unknown STM32CubeMX version: 6.18.0
2026-07-13 12:30:55,679 [ERROR] AppliInfo:139 - Unknown STM32CubeMX version: 6.18.0
2026-07-13 12:30:55,679 [ERROR] AppliInfo:139 - Unknown STM32CubeMX version: 6.18.0
2026-07-13 12:30:55,679 [ERROR] AppliInfo:139 - Unknown STM32CubeMX version: 6.18.0
2026-07-13 12:30:55,679 [ERROR] AppliInfo:139 - Unknown STM32CubeMX version: 6.18.0
2026-07-13 12:30:55,680 [ERROR] AppliInfo:139 - Unknown STM32CubeMX version: 6.18.0
2026-07-13 12:30:55,680 [ERROR] AppliInfo:139 - Unknown STM32CubeMX version: 6.18.0
2026-07-13 12:30:55,680 [ERROR] AppliInfo:139 - Unknown STM32CubeMX version: 6.18.0
2026-07-13 12:30:55,680 [ERROR] AppliInfo:139 - Unknown STM32CubeMX version: 6.18.0
2026-07-13 12:30:55,680 [ERROR] AppliInfo:139 - Unknown STM32CubeMX version: 6.18.0
2026-07-13 12:30:55,680 [ERROR] AppliInfo:139 - Unknown STM32CubeMX version: 6.18.0
2026-07-13 12:30:55,681 [ERROR] AppliInfo:139 - Unknown STM32CubeMX version: 6.18.0
2026-07-13 12:30:55,681 [ERROR] AppliInfo:139 - Unknown STM32CubeMX version: 6.18.0
2026-07-13 12:30:55,681 [ERROR] AppliInfo:139 - Unknown STM32CubeMX version: 6.18.0
2026-07-13 12:30:55,681 [ERROR] AppliInfo:139 - Unknown STM32CubeMX version: 6.18.0
2026-07-13 12:30:55,681 [ERROR] AppliInfo:139 - Unknown STM32CubeMX version: 6.17.0
2026-07-13 12:30:55,681 [ERROR] AppliInfo:139 - Unknown STM32CubeMX version: 6.16.0
2026-07-13 12:30:55,682 [ERROR] AppliInfo:139 - Unknown STM32CubeMX version: 6.16.0
2026-07-13 12:30:55,682 [ERROR] AppliInfo:139 - Unknown STM32CubeMX version: 6.16.0
2026-07-13 12:30:55,683 [ERROR] AppliInfo:139 - Unknown STM32CubeMX version: 6.16.0
2026-07-13 12:30:55,684 [ERROR] AppliInfo:139 - Unknown STM32CubeMX version: 6.16.0
2026-07-13 12:30:55,684 [ERROR] AppliInfo:139 - Unknown STM32CubeMX version: 6.16.0
2026-07-13 12:30:55,684 [ERROR] AppliInfo:139 - Unknown STM32CubeMX version: 6.16.0
2026-07-13 12:30:55,685 [ERROR] AppliInfo:139 - Unknown STM32CubeMX version: 6.16.0
2026-07-13 12:30:55,685 [ERROR] AppliInfo:139 - Unknown STM32CubeMX version: 6.16.0
2026-07-13 12:30:55,686 [ERROR] AppliInfo:139 - Unknown STM32CubeMX version: 6.18.0
2026-07-13 12:30:55,686 [ERROR] AppliInfo:139 - Unknown STM32CubeMX version: 6.18.0
2026-07-13 12:30:55,686 [ERROR] AppliInfo:139 - Unknown STM32CubeMX version: 6.18.0
2026-07-13 12:30:55,686 [ERROR] AppliInfo:139 - Unknown STM32CubeMX version: 6.18.0
2026-07-13 12:30:55,686 [ERROR] AppliInfo:139 - Unknown STM32CubeMX version: 6.18.0
2026-07-13 12:30:55,686 [ERROR] AppliInfo:139 - Unknown STM32CubeMX version: 6.18.0
2026-07-13 12:30:55,686 [ERROR] AppliInfo:139 - Unknown STM32CubeMX version: 6.18.0
2026-07-13 12:30:55,686 [ERROR] AppliInfo:139 - Unknown STM32CubeMX version: 6.18.0
2026-07-13 12:30:55,688 [ERROR] AppliInfo:139 - Unknown STM32CubeMX version: 6.16.0
2026-07-13 12:30:55,688 [ERROR] AppliInfo:139 - Unknown STM32CubeMX version: 6.16.0
2026-07-13 12:30:55,689 [ERROR] AppliInfo:139 - Unknown STM32CubeMX version: 6.17.0
2026-07-13 12:30:55,689 [ERROR] AppliInfo:139 - Unknown STM32CubeMX version: 6.17.0
2026-07-13 12:30:55,689 [ERROR] AppliInfo:139 - Unknown STM32CubeMX version: 6.17.0
2026-07-13 12:30:55,690 [ERROR] AppliInfo:139 - Unknown STM32CubeMX version: 6.16.0
2026-07-13 12:30:55,690 [ERROR] AppliInfo:139 - Unknown STM32CubeMX version: 6.16.0
2026-07-13 12:30:55,691 [ERROR] AppliInfo:139 - Unknown STM32CubeMX version: 6.16.0
2026-07-13 12:30:55,691 [ERROR] AppliInfo:139 - Unknown STM32CubeMX version: 6.18.0
2026-07-13 12:30:55,691 [ERROR] AppliInfo:139 - Unknown STM32CubeMX version: 6.18.0
2026-07-13 12:30:55,691 [ERROR] AppliInfo:139 - Unknown STM32CubeMX version: 6.18.0
2026-07-13 12:30:55,692 [ERROR] AppliInfo:139 - Unknown STM32CubeMX version: 6.16.0
2026-07-13 12:30:55,693 [ERROR] AppliInfo:139 - Unknown STM32CubeMX version: 6.16.0
2026-07-13 12:30:55,693 [ERROR] AppliInfo:139 - Unknown STM32CubeMX version: 6.16.0
2026-07-13 12:30:55,693 [ERROR] AppliInfo:139 - Unknown STM32CubeMX version: 6.16.0
2026-07-13 12:30:55,693 [ERROR] AppliInfo:139 - Unknown STM32CubeMX version: 6.16.0
2026-07-13 12:30:55,694 [ERROR] AppliInfo:139 - Unknown STM32CubeMX version: 6.17.0
2026-07-13 12:30:55,694 [ERROR] AppliInfo:139 - Unknown STM32CubeMX version: 6.18.0
2026-07-13 12:30:55,694 [ERROR] AppliInfo:139 - Unknown STM32CubeMX version: 6.18.0
2026-07-13 12:30:55,716 [ERROR] AppliInfo:139 - Unknown STM32CubeMX version: 6.18.0
2026-07-13 12:30:55,730 [ERROR] AppliInfo:139 - Unknown STM32CubeMX version: 6.18.0
2026-07-13 12:30:55,730 [ERROR] AppliInfo:139 - Unknown STM32CubeMX version: 6.18.0
2026-07-13 12:30:55,736 [ERROR] AppliInfo:139 - Unknown STM32CubeMX version: 6.17.0
2026-07-13 12:30:55,736 [ERROR] AppliInfo:139 - Unknown STM32CubeMX version: 6.17.0
2026-07-13 12:30:55,737 [ERROR] AppliInfo:139 - Unknown STM32CubeMX version: 6.17.0
2026-07-13 12:30:55,737 [ERROR] AppliInfo:139 - Unknown STM32CubeMX version: 6.18.0
2026-07-13 12:30:55,737 [ERROR] AppliInfo:139 - Unknown STM32CubeMX version: 6.17.0
2026-07-13 12:30:55,738 [ERROR] AppliInfo:139 - Unknown STM32CubeMX version: 6.17.0
2026-07-13 12:30:55,738 [ERROR] AppliInfo:139 - Unknown STM32CubeMX version: 6.17.0
2026-07-13 12:30:55,738 [ERROR] AppliInfo:139 - Unknown STM32CubeMX version: 6.17.0
2026-07-13 12:30:55,738 [ERROR] AppliInfo:139 - Unknown STM32CubeMX version: 6.17.0
2026-07-13 12:30:55,738 [ERROR] AppliInfo:139 - Unknown STM32CubeMX version: 6.17.0
2026-07-13 12:30:55,738 [ERROR] AppliInfo:139 - Unknown STM32CubeMX version: 6.17.0
2026-07-13 12:30:55,739 [ERROR] AppliInfo:139 - Unknown STM32CubeMX version: 6.17.0
2026-07-13 12:30:55,739 [ERROR] AppliInfo:139 - Unknown STM32CubeMX version: 6.17.0
2026-07-13 12:30:55,739 [ERROR] AppliInfo:139 - Unknown STM32CubeMX version: 6.17.0
2026-07-13 12:30:55,739 [ERROR] AppliInfo:139 - Unknown STM32CubeMX version: 6.17.0
2026-07-13 12:30:55,742 [ERROR] AppliInfo:139 - Unknown STM32CubeMX version: 6.17.0
2026-07-13 12:30:55,742 [ERROR] AppliInfo:139 - Unknown STM32CubeMX version: 6.17.0
2026-07-13 12:30:55,742 [ERROR] AppliInfo:139 - Unknown STM32CubeMX version: 6.17.0
2026-07-13 12:30:55,743 [ERROR] AppliInfo:139 - Unknown STM32CubeMX version: 6.18.0
2026-07-13 12:30:55,745 [ERROR] AppliInfo:139 - Unknown STM32CubeMX version: 6.18.0
2026-07-13 12:30:55,754 [ERROR] AppliInfo:139 - Unknown STM32CubeMX version: 6.18.0
2026-07-13 12:30:55,754 [ERROR] AppliInfo:139 - Unknown STM32CubeMX version: 6.18.0
2026-07-13 12:30:55,754 [ERROR] AppliInfo:139 - Unknown STM32CubeMX version: 6.18.0
2026-07-13 12:30:55,754 [ERROR] AppliInfo:139 - Unknown STM32CubeMX version: 6.18.0
2026-07-13 12:30:55,755 [ERROR] AppliInfo:139 - Unknown STM32CubeMX version: 6.18.0
2026-07-13 12:30:55,755 [ERROR] AppliInfo:139 - Unknown STM32CubeMX version: 6.18.0
2026-07-13 12:30:55,755 [ERROR] AppliInfo:139 - Unknown STM32CubeMX version: 6.17.0
2026-07-13 12:30:55,757 [ERROR] AppliInfo:139 - Unknown STM32CubeMX version: 6.18.0
2026-07-13 12:30:55,757 [ERROR] AppliInfo:139 - Unknown STM32CubeMX version: 6.18.0
2026-07-13 12:30:55,758 [ERROR] AppliInfo:139 - Unknown STM32CubeMX version: 6.18.0
2026-07-13 12:30:55,758 [ERROR] AppliInfo:139 - Unknown STM32CubeMX version: 6.18.0
2026-07-13 12:30:55,758 [ERROR] AppliInfo:139 - Unknown STM32CubeMX version: 6.18.0
2026-07-13 12:30:55,758 [ERROR] AppliInfo:139 - Unknown STM32CubeMX version: 6.18.0
2026-07-13 12:30:55,758 [ERROR] AppliInfo:139 - Unknown STM32CubeMX version: 6.17.0
2026-07-13 12:30:55,758 [ERROR] AppliInfo:139 - Unknown STM32CubeMX version: 6.17.0
2026-07-13 12:30:55,758 [ERROR] AppliInfo:139 - Unknown STM32CubeMX version: 6.17.0
2026-07-13 12:30:55,759 [ERROR] AppliInfo:139 - Unknown STM32CubeMX version: 6.17.0
2026-07-13 12:30:55,759 [ERROR] AppliInfo:139 - Unknown STM32CubeMX version: 6.17.0
2026-07-13 12:30:55,759 [ERROR] AppliInfo:139 - Unknown STM32CubeMX version: 6.17.0
2026-07-13 12:30:55,759 [ERROR] AppliInfo:139 - Unknown STM32CubeMX version: 6.17.0
2026-07-13 12:30:55,759 [ERROR] AppliInfo:139 - Unknown STM32CubeMX version: 6.17.0
2026-07-13 12:30:55,759 [ERROR] AppliInfo:139 - Unknown STM32CubeMX version: 6.17.0
2026-07-13 12:30:55,760 [ERROR] AppliInfo:139 - Unknown STM32CubeMX version: 6.17.0
2026-07-13 12:30:55,760 [ERROR] AppliInfo:139 - Unknown STM32CubeMX version: 6.17.0
2026-07-13 12:30:55,760 [ERROR] AppliInfo:139 - Unknown STM32CubeMX version: 6.17.0
2026-07-13 12:30:55,760 [ERROR] AppliInfo:139 - Unknown STM32CubeMX version: 6.17.0
2026-07-13 12:30:55,760 [ERROR] AppliInfo:139 - Unknown STM32CubeMX version: 6.17.0
2026-07-13 12:30:55,760 [ERROR] AppliInfo:139 - Unknown STM32CubeMX version: 6.17.0
2026-07-13 12:30:55,761 [ERROR] AppliInfo:139 - Unknown STM32CubeMX version: 6.17.0
2026-07-13 12:30:55,761 [ERROR] AppliInfo:139 - Unknown STM32CubeMX version: 6.17.0
2026-07-13 12:30:55,761 [ERROR] AppliInfo:139 - Unknown STM32CubeMX version: 6.17.0
2026-07-13 12:30:55,761 [ERROR] AppliInfo:139 - Unknown STM32CubeMX version: 6.17.0
2026-07-13 12:30:55,761 [ERROR] AppliInfo:139 - Unknown STM32CubeMX version: 6.17.0
2026-07-13 12:30:55,761 [ERROR] AppliInfo:139 - Unknown STM32CubeMX version: 6.17.0
2026-07-13 12:30:55,762 [ERROR] AppliInfo:139 - Unknown STM32CubeMX version: 6.17.0
2026-07-13 12:30:55,762 [ERROR] AppliInfo:139 - Unknown STM32CubeMX version: 6.17.0
2026-07-13 12:30:55,762 [ERROR] AppliInfo:139 - Unknown STM32CubeMX version: 6.17.0
2026-07-13 12:30:55,762 [ERROR] AppliInfo:139 - Unknown STM32CubeMX version: 6.17.0
2026-07-13 12:30:55,762 [ERROR] AppliInfo:139 - Unknown STM32CubeMX version: 6.17.0
2026-07-13 12:30:55,762 [ERROR] AppliInfo:139 - Unknown STM32CubeMX version: 6.17.0
2026-07-13 12:30:55,762 [ERROR] AppliInfo:139 - Unknown STM32CubeMX version: 6.17.0
2026-07-13 12:30:55,763 [ERROR] AppliInfo:139 - Unknown STM32CubeMX version: 6.17.0
2026-07-13 12:30:55,763 [ERROR] AppliInfo:139 - Unknown STM32CubeMX version: 6.17.0
2026-07-13 12:30:55,763 [ERROR] AppliInfo:139 - Unknown STM32CubeMX version: 6.17.0
2026-07-13 12:30:55,763 [ERROR] AppliInfo:139 - Unknown STM32CubeMX version: 6.17.0
2026-07-13 12:30:55,763 [ERROR] AppliInfo:139 - Unknown STM32CubeMX version: 6.17.0
2026-07-13 12:30:55,763 [ERROR] AppliInfo:139 - Unknown STM32CubeMX version: 6.17.0
2026-07-13 12:30:55,763 [ERROR] AppliInfo:139 - Unknown STM32CubeMX version: 6.17.0
2026-07-13 12:30:55,763 [ERROR] AppliInfo:139 - Unknown STM32CubeMX version: 6.18.0
2026-07-13 12:30:55,763 [ERROR] AppliInfo:139 - Unknown STM32CubeMX version: 6.17.0
2026-07-13 12:30:55,763 [ERROR] AppliInfo:139 - Unknown STM32CubeMX version: 6.17.0
2026-07-13 12:30:55,764 [ERROR] AppliInfo:139 - Unknown STM32CubeMX version: 6.17.0
2026-07-13 12:30:55,764 [ERROR] AppliInfo:139 - Unknown STM32CubeMX version: 6.17.0
2026-07-13 12:30:55,764 [ERROR] AppliInfo:139 - Unknown STM32CubeMX version: 6.17.0
2026-07-13 12:30:55,764 [ERROR] AppliInfo:139 - Unknown STM32CubeMX version: 6.17.0
2026-07-13 12:30:55,764 [ERROR] AppliInfo:139 - Unknown STM32CubeMX version: 6.17.0
2026-07-13 12:30:55,764 [ERROR] AppliInfo:139 - Unknown STM32CubeMX version: 6.17.0
2026-07-13 12:30:55,764 [ERROR] AppliInfo:139 - Unknown STM32CubeMX version: 6.18.0
2026-07-13 12:30:55,764 [ERROR] AppliInfo:139 - Unknown STM32CubeMX version: 6.18.0
2026-07-13 12:30:55,764 [ERROR] AppliInfo:139 - Unknown STM32CubeMX version: 6.18.0
2026-07-13 12:30:55,764 [ERROR] AppliInfo:139 - Unknown STM32CubeMX version: 6.18.0
2026-07-13 12:30:55,764 [ERROR] AppliInfo:139 - Unknown STM32CubeMX version: 6.18.0
2026-07-13 12:30:55,764 [ERROR] AppliInfo:139 - Unknown STM32CubeMX version: 6.18.0
2026-07-13 12:30:55,764 [ERROR] AppliInfo:139 - Unknown STM32CubeMX version: 6.18.0
2026-07-13 12:30:55,765 [ERROR] AppliInfo:139 - Unknown STM32CubeMX version: 6.18.0
2026-07-13 12:30:55,765 [ERROR] AppliInfo:139 - Unknown STM32CubeMX version: 6.18.0
2026-07-13 12:30:55,765 [ERROR] AppliInfo:139 - Unknown STM32CubeMX version: 6.18.0
2026-07-13 12:30:55,765 [ERROR] AppliInfo:139 - Unknown STM32CubeMX version: 6.18.0
2026-07-13 12:30:55,765 [ERROR] AppliInfo:139 - Unknown STM32CubeMX version: 6.18.0
2026-07-13 12:30:55,765 [ERROR] AppliInfo:139 - Unknown STM32CubeMX version: 6.18.0
2026-07-13 12:30:55,765 [ERROR] AppliInfo:139 - Unknown STM32CubeMX version: 6.18.0
2026-07-13 12:30:55,765 [ERROR] AppliInfo:139 - Unknown STM32CubeMX version: 6.18.0
2026-07-13 12:30:55,765 [ERROR] AppliInfo:139 - Unknown STM32CubeMX version: 6.18.0
2026-07-13 12:30:55,765 [ERROR] AppliInfo:139 - Unknown STM32CubeMX version: 6.18.0
2026-07-13 12:30:55,766 [ERROR] AppliInfo:139 - Unknown STM32CubeMX version: 6.18.0
2026-07-13 12:30:55,766 [ERROR] AppliInfo:139 - Unknown STM32CubeMX version: 6.18.0
2026-07-13 12:30:55,766 [ERROR] AppliInfo:139 - Unknown STM32CubeMX version: 6.18.0
2026-07-13 12:30:55,766 [ERROR] AppliInfo:139 - Unknown STM32CubeMX version: 6.18.0
2026-07-13 12:30:55,766 [ERROR] AppliInfo:139 - Unknown STM32CubeMX version: 6.18.0
2026-07-13 12:30:55,766 [ERROR] AppliInfo:139 - Unknown STM32CubeMX version: 6.18.0
2026-07-13 12:30:55,766 [ERROR] AppliInfo:139 - Unknown STM32CubeMX version: 6.18.0
2026-07-13 12:30:55,766 [ERROR] AppliInfo:139 - Unknown STM32CubeMX version: 6.18.0
2026-07-13 12:30:55,766 [ERROR] AppliInfo:139 - Unknown STM32CubeMX version: 6.18.0
2026-07-13 12:30:55,766 [ERROR] AppliInfo:139 - Unknown STM32CubeMX version: 6.18.0
2026-07-13 12:30:55,767 [ERROR] AppliInfo:139 - Unknown STM32CubeMX version: 6.18.0
2026-07-13 12:30:55,767 [ERROR] AppliInfo:139 - Unknown STM32CubeMX version: 6.18.0
2026-07-13 12:30:55,767 [ERROR] AppliInfo:139 - Unknown STM32CubeMX version: 6.18.0
2026-07-13 12:30:55,767 [ERROR] AppliInfo:139 - Unknown STM32CubeMX version: 6.18.0
2026-07-13 12:30:55,767 [ERROR] AppliInfo:139 - Unknown STM32CubeMX version: 6.18.0
2026-07-13 12:30:55,767 [ERROR] AppliInfo:139 - Unknown STM32CubeMX version: 6.18.0
2026-07-13 12:30:55,767 [ERROR] AppliInfo:139 - Unknown STM32CubeMX version: 6.18.0
2026-07-13 12:30:55,767 [ERROR] AppliInfo:139 - Unknown STM32CubeMX version: 6.18.0
2026-07-13 12:30:55,767 [ERROR] AppliInfo:139 - Unknown STM32CubeMX version: 6.18.0
2026-07-13 12:30:55,767 [ERROR] AppliInfo:139 - Unknown STM32CubeMX version: 6.18.0
2026-07-13 12:30:55,768 [ERROR] AppliInfo:139 - Unknown STM32CubeMX version: 6.18.0
2026-07-13 12:30:55,768 [ERROR] AppliInfo:139 - Unknown STM32CubeMX version: 6.18.0
2026-07-13 12:30:55,768 [ERROR] AppliInfo:139 - Unknown STM32CubeMX version: 6.18.0
2026-07-13 12:30:55,768 [ERROR] AppliInfo:139 - Unknown STM32CubeMX version: 6.18.0
2026-07-13 12:30:55,768 [ERROR] AppliInfo:139 - Unknown STM32CubeMX version: 6.18.0
2026-07-13 12:30:55,768 [ERROR] AppliInfo:139 - Unknown STM32CubeMX version: 6.18.0
2026-07-13 12:30:55,768 [ERROR] AppliInfo:139 - Unknown STM32CubeMX version: 6.18.0
2026-07-13 12:30:55,768 [ERROR] AppliInfo:139 - Unknown STM32CubeMX version: 6.18.0
2026-07-13 12:30:55,768 [ERROR] AppliInfo:139 - Unknown STM32CubeMX version: 6.18.0
2026-07-13 12:30:55,768 [ERROR] AppliInfo:139 - Unknown STM32CubeMX version: 6.18.0
2026-07-13 12:30:55,769 [ERROR] AppliInfo:139 - Unknown STM32CubeMX version: 6.18.0
2026-07-13 12:30:55,769 [ERROR] AppliInfo:139 - Unknown STM32CubeMX version: 6.18.0
2026-07-13 12:30:55,769 [ERROR] AppliInfo:139 - Unknown STM32CubeMX version: 6.18.0
2026-07-13 12:30:55,785 [ERROR] AppliInfo:139 - Unknown STM32CubeMX version: 6.18.0
2026-07-13 12:30:55,786 [ERROR] AppliInfo:139 - Unknown STM32CubeMX version: 6.18.0
2026-07-13 12:30:55,786 [ERROR] AppliInfo:139 - Unknown STM32CubeMX version: 6.18.0
2026-07-13 12:30:55,786 [ERROR] AppliInfo:139 - Unknown STM32CubeMX version: 6.18.0
2026-07-13 12:30:55,786 [ERROR] AppliInfo:139 - Unknown STM32CubeMX version: 6.18.0
2026-07-13 12:30:55,786 [ERROR] AppliInfo:139 - Unknown STM32CubeMX version: 6.18.0
2026-07-13 12:30:55,786 [ERROR] AppliInfo:139 - Unknown STM32CubeMX version: 6.18.0
2026-07-13 12:30:55,787 [ERROR] AppliInfo:139 - Unknown STM32CubeMX version: 6.18.0
2026-07-13 12:30:55,787 [ERROR] AppliInfo:139 - Unknown STM32CubeMX version: 6.18.0
2026-07-13 12:30:55,787 [ERROR] AppliInfo:139 - Unknown STM32CubeMX version: 6.18.0
2026-07-13 12:30:55,787 [ERROR] AppliInfo:139 - Unknown STM32CubeMX version: 6.18.0
2026-07-13 12:30:55,788 [ERROR] AppliInfo:139 - Unknown STM32CubeMX version: 6.18.0
2026-07-13 12:30:55,788 [ERROR] AppliInfo:139 - Unknown STM32CubeMX version: 6.18.0
2026-07-13 12:30:55,788 [ERROR] AppliInfo:139 - Unknown STM32CubeMX version: 6.18.0
2026-07-13 12:30:55,788 [ERROR] AppliInfo:139 - Unknown STM32CubeMX version: 6.18.0
2026-07-13 12:30:55,790 [ERROR] AppliInfo:139 - Unknown STM32CubeMX version: 6.18.0
2026-07-13 12:30:55,790 [ERROR] AppliInfo:139 - Unknown STM32CubeMX version: 6.18.0
2026-07-13 12:30:55,790 [ERROR] AppliInfo:139 - Unknown STM32CubeMX version: 6.18.0
2026-07-13 12:30:55,790 [ERROR] AppliInfo:139 - Unknown STM32CubeMX version: 6.18.0
2026-07-13 12:30:55,790 [ERROR] AppliInfo:139 - Unknown STM32CubeMX version: 6.18.0
2026-07-13 12:30:55,790 [ERROR] AppliInfo:139 - Unknown STM32CubeMX version: 6.18.0
2026-07-13 12:30:55,790 [ERROR] AppliInfo:139 - Unknown STM32CubeMX version: 6.18.0
2026-07-13 12:30:55,790 [ERROR] AppliInfo:139 - Unknown STM32CubeMX version: 6.18.0
2026-07-13 12:30:55,790 [ERROR] AppliInfo:139 - Unknown STM32CubeMX version: 6.18.0
2026-07-13 12:30:55,790 [ERROR] AppliInfo:139 - Unknown STM32CubeMX version: 6.18.0
2026-07-13 12:30:55,792 [ERROR] AppliInfo:139 - Unknown STM32CubeMX version: 6.18.0
2026-07-13 12:30:55,792 [ERROR] AppliInfo:139 - Unknown STM32CubeMX version: 6.18.0
2026-07-13 12:30:55,792 [ERROR] AppliInfo:139 - Unknown STM32CubeMX version: 6.18.0
2026-07-13 12:30:55,792 [ERROR] AppliInfo:139 - Unknown STM32CubeMX version: 6.18.0
2026-07-13 12:30:55,792 [ERROR] AppliInfo:139 - Unknown STM32CubeMX version: 6.18.0
2026-07-13 12:30:55,793 [ERROR] AppliInfo:139 - Unknown STM32CubeMX version: 6.18.0
2026-07-13 12:30:55,793 [ERROR] AppliInfo:139 - Unknown STM32CubeMX version: 6.18.0
2026-07-13 12:30:55,793 [ERROR] AppliInfo:139 - Unknown STM32CubeMX version: 6.18.0
2026-07-13 12:30:55,793 [ERROR] AppliInfo:139 - Unknown STM32CubeMX version: 6.18.0
2026-07-13 12:30:55,793 [ERROR] AppliInfo:139 - Unknown STM32CubeMX version: 6.18.0
2026-07-13 12:30:55,795 [ERROR] AppliInfo:139 - Unknown STM32CubeMX version: 6.18.0
2026-07-13 12:30:55,795 [ERROR] AppliInfo:139 - Unknown STM32CubeMX version: 6.18.0
2026-07-13 12:30:55,795 [ERROR] AppliInfo:139 - Unknown STM32CubeMX version: 6.18.0
2026-07-13 12:30:55,795 [ERROR] AppliInfo:139 - Unknown STM32CubeMX version: 6.18.0
2026-07-13 12:30:55,796 [ERROR] AppliInfo:139 - Unknown STM32CubeMX version: 6.18.0
2026-07-13 12:30:55,796 [ERROR] AppliInfo:139 - Unknown STM32CubeMX version: 6.18.0
2026-07-13 12:30:55,796 [ERROR] AppliInfo:139 - Unknown STM32CubeMX version: 6.18.0
2026-07-13 12:30:55,796 [ERROR] AppliInfo:139 - Unknown STM32CubeMX version: 6.18.0
2026-07-13 12:30:55,796 [ERROR] AppliInfo:139 - Unknown STM32CubeMX version: 6.18.0
2026-07-13 12:30:55,796 [ERROR] AppliInfo:139 - Unknown STM32CubeMX version: 6.18.0
2026-07-13 12:30:55,798 [ERROR] AppliInfo:139 - Unknown STM32CubeMX version: 6.18.0
2026-07-13 12:30:55,798 [ERROR] AppliInfo:139 - Unknown STM32CubeMX version: 6.18.0
2026-07-13 12:30:55,798 [ERROR] AppliInfo:139 - Unknown STM32CubeMX version: 6.18.0
2026-07-13 12:30:55,798 [ERROR] AppliInfo:139 - Unknown STM32CubeMX version: 6.18.0
2026-07-13 12:30:55,798 [ERROR] AppliInfo:139 - Unknown STM32CubeMX version: 6.18.0
2026-07-13 12:30:55,798 [ERROR] AppliInfo:139 - Unknown STM32CubeMX version: 6.18.0
2026-07-13 12:30:55,798 [ERROR] AppliInfo:139 - Unknown STM32CubeMX version: 6.18.0
2026-07-13 12:30:55,799 [ERROR] AppliInfo:139 - Unknown STM32CubeMX version: 6.16.0
2026-07-13 12:30:55,807 [ERROR] AppliInfo:139 - Unknown STM32CubeMX version: 6.16.0
2026-07-13 12:30:55,807 [ERROR] AppliInfo:139 - Unknown STM32CubeMX version: 6.16.0
2026-07-13 12:30:55,808 [ERROR] AppliInfo:139 - Unknown STM32CubeMX version: 6.16.0
2026-07-13 12:30:55,808 [ERROR] AppliInfo:139 - Unknown STM32CubeMX version: 6.16.0
2026-07-13 12:30:55,808 [ERROR] AppliInfo:139 - Unknown STM32CubeMX version: 6.16.0
2026-07-13 12:30:55,808 [ERROR] AppliInfo:139 - Unknown STM32CubeMX version: 6.16.0
2026-07-13 12:30:55,835 [ERROR] AppliInfo:139 - Unknown STM32CubeMX version: 6.12.1
2026-07-13 12:30:55,836 [ERROR] AppliInfo:139 - Unknown STM32CubeMX version: 6.16.0
2026-07-13 12:30:55,836 [ERROR] AppliInfo:139 - Unknown STM32CubeMX version: 6.16.0
2026-07-13 12:30:55,836 [ERROR] AppliInfo:139 - Unknown STM32CubeMX version: 6.16.0
2026-07-13 12:30:55,836 [ERROR] AppliInfo:139 - Unknown STM32CubeMX version: 6.16.0
2026-07-13 12:30:55,837 [ERROR] AppliInfo:139 - Unknown STM32CubeMX version: 6.16.0
2026-07-13 12:30:55,837 [ERROR] AppliInfo:139 - Unknown STM32CubeMX version: 6.16.0
2026-07-13 12:30:55,837 [ERROR] AppliInfo:139 - Unknown STM32CubeMX version: 6.16.0
2026-07-13 12:30:55,837 [ERROR] AppliInfo:139 - Unknown STM32CubeMX version: 6.16.0
2026-07-13 12:30:55,837 [ERROR] AppliInfo:139 - Unknown STM32CubeMX version: 6.16.0
2026-07-13 12:30:55,837 [ERROR] AppliInfo:139 - Unknown STM32CubeMX version: 6.16.0
2026-07-13 12:30:55,837 [ERROR] AppliInfo:139 - Unknown STM32CubeMX version: 6.16.0
2026-07-13 12:30:55,837 [ERROR] AppliInfo:139 - Unknown STM32CubeMX version: 6.16.0
2026-07-13 12:30:55,838 [ERROR] AppliInfo:139 - Unknown STM32CubeMX version: 6.16.0
2026-07-13 12:30:55,838 [ERROR] AppliInfo:139 - Unknown STM32CubeMX version: 6.16.0
2026-07-13 12:30:55,838 [ERROR] AppliInfo:139 - Unknown STM32CubeMX version: 6.16.0
2026-07-13 12:30:55,838 [ERROR] AppliInfo:139 - Unknown STM32CubeMX version: 6.16.0
2026-07-13 12:30:55,838 [ERROR] AppliInfo:139 - Unknown STM32CubeMX version: 6.16.0
2026-07-13 12:30:55,838 [ERROR] AppliInfo:139 - Unknown STM32CubeMX version: 6.16.0
2026-07-13 12:30:55,838 [ERROR] AppliInfo:139 - Unknown STM32CubeMX version: 6.16.0
2026-07-13 12:30:55,838 [ERROR] AppliInfo:139 - Unknown STM32CubeMX version: 6.16.0
2026-07-13 12:30:55,838 [ERROR] AppliInfo:139 - Unknown STM32CubeMX version: 6.18.0
2026-07-13 12:30:55,842 [ERROR] AppliInfo:139 - Unknown STM32CubeMX version: 6.16.0
2026-07-13 12:30:55,843 [ERROR] AppliInfo:139 - Unknown STM32CubeMX version: 6.16.0
2026-07-13 12:30:55,843 [ERROR] AppliInfo:139 - Unknown STM32CubeMX version: 6.16.0
2026-07-13 12:30:55,843 [ERROR] AppliInfo:139 - Unknown STM32CubeMX version: 6.16.0
2026-07-13 12:30:55,843 [ERROR] AppliInfo:139 - Unknown STM32CubeMX version: 6.16.0
2026-07-13 12:30:55,843 [ERROR] AppliInfo:139 - Unknown STM32CubeMX version: 6.16.0
2026-07-13 12:30:55,843 [ERROR] AppliInfo:139 - Unknown STM32CubeMX version: 6.16.0
2026-07-13 12:30:55,843 [ERROR] AppliInfo:139 - Unknown STM32CubeMX version: 6.16.0
2026-07-13 12:30:55,844 [ERROR] AppliInfo:139 - Unknown STM32CubeMX version: 6.16.0
2026-07-13 12:30:55,844 [ERROR] AppliInfo:139 - Unknown STM32CubeMX version: 6.16.0
2026-07-13 12:30:55,844 [ERROR] AppliInfo:139 - Unknown STM32CubeMX version: 6.16.0
2026-07-13 12:30:55,844 [ERROR] AppliInfo:139 - Unknown STM32CubeMX version: 6.16.0
2026-07-13 12:30:55,844 [ERROR] AppliInfo:139 - Unknown STM32CubeMX version: 6.16.0
2026-07-13 12:30:55,844 [ERROR] AppliInfo:139 - Unknown STM32CubeMX version: 6.16.0
2026-07-13 12:30:55,844 [ERROR] AppliInfo:139 - Unknown STM32CubeMX version: 6.16.0
2026-07-13 12:30:55,844 [ERROR] AppliInfo:139 - Unknown STM32CubeMX version: 6.16.0
2026-07-13 12:30:55,844 [ERROR] AppliInfo:139 - Unknown STM32CubeMX version: 6.16.0
2026-07-13 12:30:55,844 [ERROR] AppliInfo:139 - Unknown STM32CubeMX version: 6.16.0
2026-07-13 12:30:55,844 [ERROR] AppliInfo:139 - Unknown STM32CubeMX version: 6.16.0
2026-07-13 12:30:55,846 [ERROR] AppliInfo:139 - Unknown STM32CubeMX version: 6.16.0
2026-07-13 12:30:55,846 [ERROR] AppliInfo:139 - Unknown STM32CubeMX version: 6.16.0
2026-07-13 12:30:55,849 [ERROR] AppliInfo:139 - Unknown STM32CubeMX version: 6.16.0
2026-07-13 12:30:55,849 [ERROR] AppliInfo:139 - Unknown STM32CubeMX version: 6.16.0
2026-07-13 12:30:55,849 [ERROR] AppliInfo:139 - Unknown STM32CubeMX version: 6.16.0
2026-07-13 12:30:55,849 [ERROR] AppliInfo:139 - Unknown STM32CubeMX version: 6.16.0
2026-07-13 12:30:55,850 [ERROR] AppliInfo:139 - Unknown STM32CubeMX version: 6.16.0
2026-07-13 12:30:55,850 [ERROR] AppliInfo:139 - Unknown STM32CubeMX version: 6.16.0
2026-07-13 12:30:55,850 [ERROR] AppliInfo:139 - Unknown STM32CubeMX version: 6.16.0
2026-07-13 12:30:55,850 [ERROR] AppliInfo:139 - Unknown STM32CubeMX version: 6.16.0
2026-07-13 12:30:55,850 [ERROR] AppliInfo:139 - Unknown STM32CubeMX version: 6.16.0
2026-07-13 12:30:55,850 [ERROR] AppliInfo:139 - Unknown STM32CubeMX version: 6.16.0
2026-07-13 12:30:55,850 [ERROR] AppliInfo:139 - Unknown STM32CubeMX version: 6.16.0
2026-07-13 12:30:55,850 [ERROR] AppliInfo:139 - Unknown STM32CubeMX version: 6.16.0
2026-07-13 12:30:55,851 [ERROR] AppliInfo:139 - Unknown STM32CubeMX version: 6.16.0
2026-07-13 12:30:55,851 [ERROR] AppliInfo:139 - Unknown STM32CubeMX version: 6.16.0
2026-07-13 12:30:55,851 [ERROR] AppliInfo:139 - Unknown STM32CubeMX version: 6.16.0
2026-07-13 12:30:55,851 [ERROR] AppliInfo:139 - Unknown STM32CubeMX version: 6.16.0
2026-07-13 12:30:55,851 [ERROR] AppliInfo:139 - Unknown STM32CubeMX version: 6.16.0
2026-07-13 12:30:55,851 [ERROR] AppliInfo:139 - Unknown STM32CubeMX version: 6.16.0
2026-07-13 12:30:55,851 [ERROR] AppliInfo:139 - Unknown STM32CubeMX version: 6.16.0
2026-07-13 12:30:55,852 [ERROR] AppliInfo:139 - Unknown STM32CubeMX version: 6.16.0
2026-07-13 12:30:55,852 [ERROR] AppliInfo:139 - Unknown STM32CubeMX version: 6.16.0
2026-07-13 12:30:55,859 [ERROR] AppliInfo:139 - Unknown STM32CubeMX version: 6.16.0
2026-07-13 12:30:55,859 [ERROR] AppliInfo:139 - Unknown STM32CubeMX version: 6.16.0
2026-07-13 12:30:55,859 [ERROR] AppliInfo:139 - Unknown STM32CubeMX version: 6.16.0
2026-07-13 12:30:55,859 [ERROR] AppliInfo:139 - Unknown STM32CubeMX version: 6.16.0
2026-07-13 12:30:55,859 [ERROR] AppliInfo:139 - Unknown STM32CubeMX version: 6.16.0
2026-07-13 12:30:55,859 [ERROR] AppliInfo:139 - Unknown STM32CubeMX version: 6.16.0
2026-07-13 12:30:55,859 [ERROR] AppliInfo:139 - Unknown STM32CubeMX version: 6.16.0
2026-07-13 12:30:55,860 [ERROR] AppliInfo:139 - Unknown STM32CubeMX version: 6.16.0
2026-07-13 12:30:55,860 [ERROR] AppliInfo:139 - Unknown STM32CubeMX version: 6.16.0
2026-07-13 12:30:55,860 [ERROR] AppliInfo:139 - Unknown STM32CubeMX version: 6.16.0
2026-07-13 12:30:55,861 [ERROR] AppliInfo:139 - Unknown STM32CubeMX version: 6.16.0
2026-07-13 12:30:55,861 [ERROR] AppliInfo:139 - Unknown STM32CubeMX version: 6.16.0
2026-07-13 12:30:55,861 [ERROR] AppliInfo:139 - Unknown STM32CubeMX version: 6.16.0
2026-07-13 12:30:55,861 [ERROR] AppliInfo:139 - Unknown STM32CubeMX version: 6.16.0
2026-07-13 12:30:55,861 [ERROR] AppliInfo:139 - Unknown STM32CubeMX version: 6.16.0
2026-07-13 12:30:55,862 [ERROR] AppliInfo:139 - Unknown STM32CubeMX version: 6.16.0
2026-07-13 12:30:55,862 [ERROR] AppliInfo:139 - Unknown STM32CubeMX version: 6.16.0
2026-07-13 12:30:55,862 [ERROR] AppliInfo:139 - Unknown STM32CubeMX version: 6.16.0
2026-07-13 12:30:55,862 [ERROR] AppliInfo:139 - Unknown STM32CubeMX version: 6.16.0
2026-07-13 12:30:55,862 [ERROR] AppliInfo:139 - Unknown STM32CubeMX version: 6.16.0
2026-07-13 12:30:55,862 [ERROR] AppliInfo:139 - Unknown STM32CubeMX version: 6.16.0
2026-07-13 12:30:55,862 [ERROR] AppliInfo:139 - Unknown STM32CubeMX version: 6.16.0
2026-07-13 12:30:55,862 [ERROR] AppliInfo:139 - Unknown STM32CubeMX version: 6.16.0
2026-07-13 12:30:55,863 [ERROR] AppliInfo:139 - Unknown STM32CubeMX version: 6.16.0
2026-07-13 12:30:55,863 [ERROR] AppliInfo:139 - Unknown STM32CubeMX version: 6.16.0
2026-07-13 12:30:55,864 [ERROR] AppliInfo:139 - Unknown STM32CubeMX version: 6.16.0
2026-07-13 12:30:55,864 [ERROR] AppliInfo:139 - Unknown STM32CubeMX version: 6.16.0
2026-07-13 12:30:55,864 [ERROR] AppliInfo:139 - Unknown STM32CubeMX version: 6.16.0
2026-07-13 12:30:55,864 [ERROR] AppliInfo:139 - Unknown STM32CubeMX version: 6.16.0
2026-07-13 12:30:55,864 [ERROR] AppliInfo:139 - Unknown STM32CubeMX version: 6.16.0
2026-07-13 12:30:55,864 [ERROR] AppliInfo:139 - Unknown STM32CubeMX version: 6.16.0
2026-07-13 12:30:55,864 [ERROR] AppliInfo:139 - Unknown STM32CubeMX version: 6.16.0
2026-07-13 12:30:55,865 [ERROR] AppliInfo:139 - Unknown STM32CubeMX version: 6.16.0
2026-07-13 12:30:55,865 [ERROR] AppliInfo:139 - Unknown STM32CubeMX version: 6.16.0
2026-07-13 12:30:55,865 [ERROR] AppliInfo:139 - Unknown STM32CubeMX version: 6.16.0
2026-07-13 12:30:55,865 [ERROR] AppliInfo:139 - Unknown STM32CubeMX version: 6.16.0
2026-07-13 12:30:55,866 [ERROR] AppliInfo:139 - Unknown STM32CubeMX version: 6.16.0
2026-07-13 12:30:55,866 [ERROR] AppliInfo:139 - Unknown STM32CubeMX version: 6.16.0
2026-07-13 12:30:55,866 [ERROR] AppliInfo:139 - Unknown STM32CubeMX version: 6.16.0
2026-07-13 12:30:55,866 [ERROR] AppliInfo:139 - Unknown STM32CubeMX version: 6.16.0
2026-07-13 12:30:55,866 [ERROR] AppliInfo:139 - Unknown STM32CubeMX version: 6.16.0
2026-07-13 12:30:55,866 [ERROR] AppliInfo:139 - Unknown STM32CubeMX version: 6.16.0
2026-07-13 12:30:55,866 [ERROR] AppliInfo:139 - Unknown STM32CubeMX version: 6.16.0
2026-07-13 12:30:55,867 [ERROR] AppliInfo:139 - Unknown STM32CubeMX version: 6.16.0
2026-07-13 12:30:55,867 [ERROR] AppliInfo:139 - Unknown STM32CubeMX version: 6.16.0
2026-07-13 12:30:55,868 [ERROR] AppliInfo:139 - Unknown STM32CubeMX version: 6.16.0
2026-07-13 12:30:55,868 [ERROR] AppliInfo:139 - Unknown STM32CubeMX version: 6.16.0
2026-07-13 12:30:55,869 [ERROR] AppliInfo:139 - Unknown STM32CubeMX version: 6.18.0
2026-07-13 12:30:55,869 [ERROR] AppliInfo:139 - Unknown STM32CubeMX version: 6.18.0
2026-07-13 12:30:55,869 [ERROR] AppliInfo:139 - Unknown STM32CubeMX version: 6.18.0
2026-07-13 12:30:55,869 [ERROR] AppliInfo:139 - Unknown STM32CubeMX version: 6.18.0
2026-07-13 12:30:55,869 [ERROR] AppliInfo:139 - Unknown STM32CubeMX version: 6.18.0
2026-07-13 12:30:55,869 [ERROR] AppliInfo:139 - Unknown STM32CubeMX version: 6.18.0
2026-07-13 12:30:55,870 [ERROR] AppliInfo:139 - Unknown STM32CubeMX version: 6.18.0
2026-07-13 12:30:55,870 [ERROR] AppliInfo:139 - Unknown STM32CubeMX version: 6.18.0
2026-07-13 12:30:55,870 [ERROR] AppliInfo:139 - Unknown STM32CubeMX version: 6.18.0
2026-07-13 12:30:55,870 [ERROR] AppliInfo:139 - Unknown STM32CubeMX version: 6.18.0
2026-07-13 12:30:55,870 [ERROR] AppliInfo:139 - Unknown STM32CubeMX version: 6.18.0
2026-07-13 12:30:55,870 [ERROR] AppliInfo:139 - Unknown STM32CubeMX version: 6.18.0
2026-07-13 12:30:55,870 [ERROR] AppliInfo:139 - Unknown STM32CubeMX version: 6.18.0
2026-07-13 12:30:55,870 [ERROR] AppliInfo:139 - Unknown STM32CubeMX version: 6.18.0
2026-07-13 12:30:55,870 [ERROR] AppliInfo:139 - Unknown STM32CubeMX version: 6.18.0
2026-07-13 12:30:55,871 [ERROR] AppliInfo:139 - Unknown STM32CubeMX version: 6.18.0
2026-07-13 12:30:55,871 [ERROR] AppliInfo:139 - Unknown STM32CubeMX version: 6.18.0
2026-07-13 12:30:55,871 [ERROR] AppliInfo:139 - Unknown STM32CubeMX version: 6.18.0
2026-07-13 12:30:55,871 [ERROR] AppliInfo:139 - Unknown STM32CubeMX version: 6.18.0
2026-07-13 12:30:55,872 [ERROR] AppliInfo:139 - Unknown STM32CubeMX version: 6.17.0
2026-07-13 12:30:55,872 [ERROR] AppliInfo:139 - Unknown STM32CubeMX version: 6.17.0
2026-07-13 12:30:55,872 [ERROR] AppliInfo:139 - Unknown STM32CubeMX version: 6.17.0
2026-07-13 12:30:55,872 [ERROR] AppliInfo:139 - Unknown STM32CubeMX version: 6.17.0
2026-07-13 12:30:55,872 [ERROR] AppliInfo:139 - Unknown STM32CubeMX version: 6.17.0
2026-07-13 12:30:55,886 [ERROR] AppliInfo:139 - Unknown STM32CubeMX version: 6.16.0
2026-07-13 12:30:55,887 [ERROR] AppliInfo:139 - Unknown STM32CubeMX version: 6.16.0
2026-07-13 12:30:55,896 [ERROR] AppliInfo:139 - Unknown STM32CubeMX version: 6.16.0
2026-07-13 12:30:55,897 [ERROR] AppliInfo:139 - Unknown STM32CubeMX version: 6.16.0
2026-07-13 12:30:55,897 [ERROR] AppliInfo:139 - Unknown STM32CubeMX version: 6.16.0
2026-07-13 12:30:55,897 [ERROR] AppliInfo:139 - Unknown STM32CubeMX version: 6.16.0
2026-07-13 12:30:55,898 [ERROR] AppliInfo:139 - Unknown STM32CubeMX version: 6.18.0
2026-07-13 12:30:55,898 [ERROR] AppliInfo:139 - Unknown STM32CubeMX version: 6.18.0
2026-07-13 12:30:55,898 [ERROR] AppliInfo:139 - Unknown STM32CubeMX version: 6.18.0
2026-07-13 12:30:55,898 [ERROR] AppliInfo:139 - Unknown STM32CubeMX version: 6.18.0
2026-07-13 12:30:55,898 [ERROR] AppliInfo:139 - Unknown STM32CubeMX version: 6.18.0
2026-07-13 12:30:55,899 [ERROR] AppliInfo:139 - Unknown STM32CubeMX version: 6.17.0
2026-07-13 12:30:55,899 [ERROR] AppliInfo:139 - Unknown STM32CubeMX version: 6.17.0
2026-07-13 12:30:55,900 [ERROR] AppliInfo:139 - Unknown STM32CubeMX version: 6.18.0
2026-07-13 12:30:55,900 [ERROR] AppliInfo:139 - Unknown STM32CubeMX version: 6.18.0
2026-07-13 12:30:55,900 [ERROR] AppliInfo:139 - Unknown STM32CubeMX version: 6.18.0
2026-07-13 12:30:55,900 [ERROR] AppliInfo:139 - Unknown STM32CubeMX version: 6.18.0
2026-07-13 12:30:55,900 [ERROR] AppliInfo:139 - Unknown STM32CubeMX version: 6.18.0
2026-07-13 12:30:55,900 [ERROR] AppliInfo:139 - Unknown STM32CubeMX version: 6.18.0
2026-07-13 12:30:55,900 [ERROR] AppliInfo:139 - Unknown STM32CubeMX version: 6.18.0
2026-07-13 12:30:55,901 [ERROR] AppliInfo:139 - Unknown STM32CubeMX version: 6.18.0
2026-07-13 12:30:55,901 [ERROR] AppliInfo:139 - Unknown STM32CubeMX version: 6.18.0
2026-07-13 12:30:55,901 [ERROR] AppliInfo:139 - Unknown STM32CubeMX version: 6.18.0
2026-07-13 12:30:55,901 [ERROR] AppliInfo:139 - Unknown STM32CubeMX version: 6.18.0
2026-07-13 12:30:55,901 [ERROR] AppliInfo:139 - Unknown STM32CubeMX version: 6.18.0
2026-07-13 12:30:55,901 [ERROR] AppliInfo:139 - Unknown STM32CubeMX version: 6.18.0
2026-07-13 12:30:55,901 [ERROR] AppliInfo:139 - Unknown STM32CubeMX version: 6.18.0
2026-07-13 12:30:55,902 [ERROR] AppliInfo:139 - Unknown STM32CubeMX version: 6.18.0
2026-07-13 12:30:55,902 [ERROR] AppliInfo:139 - Unknown STM32CubeMX version: 6.18.0
2026-07-13 12:30:55,902 [ERROR] AppliInfo:139 - Unknown STM32CubeMX version: 6.18.0
2026-07-13 12:30:55,902 [ERROR] AppliInfo:139 - Unknown STM32CubeMX version: 6.17.0
2026-07-13 12:30:55,902 [ERROR] AppliInfo:139 - Unknown STM32CubeMX version: 6.17.0
2026-07-13 12:30:55,902 [ERROR] AppliInfo:139 - Unknown STM32CubeMX version: 6.17.0
2026-07-13 12:30:55,902 [ERROR] AppliInfo:139 - Unknown STM32CubeMX version: 6.18.0
2026-07-13 12:30:55,903 [ERROR] AppliInfo:139 - Unknown STM32CubeMX version: 6.18.0
2026-07-13 12:30:55,903 [ERROR] AppliInfo:139 - Unknown STM32CubeMX version: 6.17.0
2026-07-13 12:30:55,903 [ERROR] AppliInfo:139 - Unknown STM32CubeMX version: 6.17.0
2026-07-13 12:30:55,903 [ERROR] AppliInfo:139 - Unknown STM32CubeMX version: 6.17.0
2026-07-13 12:30:55,903 [ERROR] AppliInfo:139 - Unknown STM32CubeMX version: 6.17.0
2026-07-13 12:30:55,903 [ERROR] AppliInfo:139 - Unknown STM32CubeMX version: 6.17.0
2026-07-13 12:30:55,903 [ERROR] AppliInfo:139 - Unknown STM32CubeMX version: 6.17.0
2026-07-13 12:30:55,903 [ERROR] AppliInfo:139 - Unknown STM32CubeMX version: 6.17.0
2026-07-13 12:30:55,904 [ERROR] AppliInfo:139 - Unknown STM32CubeMX version: 6.18.0
2026-07-13 12:30:55,904 [ERROR] AppliInfo:139 - Unknown STM32CubeMX version: 6.18.0
2026-07-13 12:30:55,905 [ERROR] AppliInfo:139 - Unknown STM32CubeMX version: 6.17.0
2026-07-13 12:30:55,905 [ERROR] AppliInfo:139 - Unknown STM32CubeMX version: 6.18.0
2026-07-13 12:30:55,905 [ERROR] AppliInfo:139 - Unknown STM32CubeMX version: 6.18.0
2026-07-13 12:30:55,905 [ERROR] AppliInfo:139 - Unknown STM32CubeMX version: 6.18.0
2026-07-13 12:30:55,905 [ERROR] AppliInfo:139 - Unknown STM32CubeMX version: 6.18.0
2026-07-13 12:30:55,905 [ERROR] AppliInfo:139 - Unknown STM32CubeMX version: 6.18.0
2026-07-13 12:30:55,905 [ERROR] AppliInfo:139 - Unknown STM32CubeMX version: 6.18.0
2026-07-13 12:30:55,905 [ERROR] AppliInfo:139 - Unknown STM32CubeMX version: 6.18.0
2026-07-13 12:30:55,907 [ERROR] AppliInfo:139 - Unknown STM32CubeMX version: 6.18.0
2026-07-13 12:30:55,907 [ERROR] AppliInfo:139 - Unknown STM32CubeMX version: 6.18.0
2026-07-13 12:30:55,907 [ERROR] AppliInfo:139 - Unknown STM32CubeMX version: 6.18.0
2026-07-13 12:30:55,907 [ERROR] AppliInfo:139 - Unknown STM32CubeMX version: 6.17.0
2026-07-13 12:30:55,907 [ERROR] AppliInfo:139 - Unknown STM32CubeMX version: 6.17.0
2026-07-13 12:30:55,907 [ERROR] AppliInfo:139 - Unknown STM32CubeMX version: 6.17.0
2026-07-13 12:30:55,907 [ERROR] AppliInfo:139 - Unknown STM32CubeMX version: 6.17.0
2026-07-13 12:30:55,907 [ERROR] AppliInfo:139 - Unknown STM32CubeMX version: 6.17.0
2026-07-13 12:30:55,907 [ERROR] AppliInfo:139 - Unknown STM32CubeMX version: 6.17.0
2026-07-13 12:30:55,907 [ERROR] AppliInfo:139 - Unknown STM32CubeMX version: 6.17.0
2026-07-13 12:30:55,908 [ERROR] AppliInfo:139 - Unknown STM32CubeMX version: 6.17.0
2026-07-13 12:30:55,908 [ERROR] AppliInfo:139 - Unknown STM32CubeMX version: 6.17.0
2026-07-13 12:30:55,908 [ERROR] AppliInfo:139 - Unknown STM32CubeMX version: 6.18.0
2026-07-13 12:30:55,908 [ERROR] AppliInfo:139 - Unknown STM32CubeMX version: 6.18.0
2026-07-13 12:30:55,908 [ERROR] AppliInfo:139 - Unknown STM32CubeMX version: 6.18.0
2026-07-13 12:30:55,909 [ERROR] AppliInfo:139 - Unknown STM32CubeMX version: 6.16.0
2026-07-13 12:30:55,909 [ERROR] AppliInfo:139 - Unknown STM32CubeMX version: 6.18.0
2026-07-13 12:30:55,909 [ERROR] AppliInfo:139 - Unknown STM32CubeMX version: 6.18.0
2026-07-13 12:30:55,909 [ERROR] AppliInfo:139 - Unknown STM32CubeMX version: 6.18.0
2026-07-13 12:30:55,909 [ERROR] AppliInfo:139 - Unknown STM32CubeMX version: 6.18.0
2026-07-13 12:30:55,909 [ERROR] AppliInfo:139 - Unknown STM32CubeMX version: 6.18.0
2026-07-13 12:30:55,909 [ERROR] AppliInfo:139 - Unknown STM32CubeMX version: 6.18.0
2026-07-13 12:30:55,909 [ERROR] AppliInfo:139 - Unknown STM32CubeMX version: 6.18.0
2026-07-13 12:30:55,909 [ERROR] AppliInfo:139 - Unknown STM32CubeMX version: 6.18.0
2026-07-13 12:30:55,909 [ERROR] AppliInfo:139 - Unknown STM32CubeMX version: 6.18.0
2026-07-13 12:30:55,909 [ERROR] AppliInfo:139 - Unknown STM32CubeMX version: 6.18.0
2026-07-13 12:30:55,909 [ERROR] AppliInfo:139 - Unknown STM32CubeMX version: 6.18.0
2026-07-13 12:30:55,910 [ERROR] AppliInfo:139 - Unknown STM32CubeMX version: 6.18.0
2026-07-13 12:30:55,910 [ERROR] AppliInfo:139 - Unknown STM32CubeMX version: 6.18.0
2026-07-13 12:30:55,910 [ERROR] AppliInfo:139 - Unknown STM32CubeMX version: 6.18.0
2026-07-13 12:30:55,910 [ERROR] AppliInfo:139 - Unknown STM32CubeMX version: 6.18.0
2026-07-13 12:30:55,910 [ERROR] AppliInfo:139 - Unknown STM32CubeMX version: 6.18.0
2026-07-13 12:30:55,910 [ERROR] AppliInfo:139 - Unknown STM32CubeMX version: 6.18.0
2026-07-13 12:30:55,910 [ERROR] AppliInfo:139 - Unknown STM32CubeMX version: 6.18.0
2026-07-13 12:30:55,910 [ERROR] AppliInfo:139 - Unknown STM32CubeMX version: 6.18.0
2026-07-13 12:30:55,910 [ERROR] AppliInfo:139 - Unknown STM32CubeMX version: 6.18.0
2026-07-13 12:30:55,910 [ERROR] AppliInfo:139 - Unknown STM32CubeMX version: 6.18.0
2026-07-13 12:30:55,910 [ERROR] AppliInfo:139 - Unknown STM32CubeMX version: 6.18.0
2026-07-13 12:30:55,910 [ERROR] AppliInfo:139 - Unknown STM32CubeMX version: 6.18.0
2026-07-13 12:30:55,911 [ERROR] AppliInfo:139 - Unknown STM32CubeMX version: 6.18.0
2026-07-13 12:30:55,911 [ERROR] AppliInfo:139 - Unknown STM32CubeMX version: 6.18.0
2026-07-13 12:30:55,911 [ERROR] AppliInfo:139 - Unknown STM32CubeMX version: 6.18.0
2026-07-13 12:30:55,911 [ERROR] AppliInfo:139 - Unknown STM32CubeMX version: 6.18.0
2026-07-13 12:30:55,911 [ERROR] AppliInfo:139 - Unknown STM32CubeMX version: 6.18.0
2026-07-13 12:30:55,911 [ERROR] AppliInfo:139 - Unknown STM32CubeMX version: 6.18.0
2026-07-13 12:30:55,911 [ERROR] AppliInfo:139 - Unknown STM32CubeMX version: 6.18.0
2026-07-13 12:30:55,911 [ERROR] AppliInfo:139 - Unknown STM32CubeMX version: 6.18.0
2026-07-13 12:30:55,911 [ERROR] AppliInfo:139 - Unknown STM32CubeMX version: 6.18.0
2026-07-13 12:30:55,911 [ERROR] AppliInfo:139 - Unknown STM32CubeMX version: 6.18.0
2026-07-13 12:30:55,912 [ERROR] AppliInfo:139 - Unknown STM32CubeMX version: 6.18.0
2026-07-13 12:30:55,912 [ERROR] AppliInfo:139 - Unknown STM32CubeMX version: 6.18.0
2026-07-13 12:30:55,912 [ERROR] AppliInfo:139 - Unknown STM32CubeMX version: 6.18.0
2026-07-13 12:30:55,912 [ERROR] AppliInfo:139 - Unknown STM32CubeMX version: 6.18.0
2026-07-13 12:30:55,912 [ERROR] AppliInfo:139 - Unknown STM32CubeMX version: 6.18.0
2026-07-13 12:30:55,912 [ERROR] AppliInfo:139 - Unknown STM32CubeMX version: 6.18.0
2026-07-13 12:30:55,912 [ERROR] AppliInfo:139 - Unknown STM32CubeMX version: 6.18.0
2026-07-13 12:30:55,912 [ERROR] AppliInfo:139 - Unknown STM32CubeMX version: 6.18.0
2026-07-13 12:30:55,912 [ERROR] AppliInfo:139 - Unknown STM32CubeMX version: 6.18.0
2026-07-13 12:30:55,912 [ERROR] AppliInfo:139 - Unknown STM32CubeMX version: 6.18.0
2026-07-13 12:30:55,912 [ERROR] AppliInfo:139 - Unknown STM32CubeMX version: 6.18.0
2026-07-13 12:30:55,913 [ERROR] AppliInfo:139 - Unknown STM32CubeMX version: 6.17.0
2026-07-13 12:30:55,913 [ERROR] AppliInfo:139 - Unknown STM32CubeMX version: 6.17.0
2026-07-13 12:30:55,915 [ERROR] AppliInfo:139 - Unknown STM32CubeMX version: 6.18.0
2026-07-13 12:30:55,915 [ERROR] AppliInfo:139 - Unknown STM32CubeMX version: 6.18.0
2026-07-13 12:30:55,915 [ERROR] AppliInfo:139 - Unknown STM32CubeMX version: 6.18.0
2026-07-13 12:30:55,915 [ERROR] AppliInfo:139 - Unknown STM32CubeMX version: 6.18.0
2026-07-13 12:30:55,915 [ERROR] AppliInfo:139 - Unknown STM32CubeMX version: 6.18.0
2026-07-13 12:30:55,916 [ERROR] AppliInfo:139 - Unknown STM32CubeMX version: 6.18.0
2026-07-13 12:30:55,916 [ERROR] AppliInfo:139 - Unknown STM32CubeMX version: 6.18.0
2026-07-13 12:30:55,916 [ERROR] AppliInfo:139 - Unknown STM32CubeMX version: 6.18.0
2026-07-13 12:30:55,916 [ERROR] AppliInfo:139 - Unknown STM32CubeMX version: 6.18.0
2026-07-13 12:30:55,916 [ERROR] AppliInfo:139 - Unknown STM32CubeMX version: 6.18.0
2026-07-13 12:30:55,916 [ERROR] AppliInfo:139 - Unknown STM32CubeMX version: 6.18.0
2026-07-13 12:30:55,918 [ERROR] AppliInfo:139 - Unknown STM32CubeMX version: 6.18.0
2026-07-13 12:30:55,918 [ERROR] AppliInfo:139 - Unknown STM32CubeMX version: 6.18.0
2026-07-13 12:30:55,918 [ERROR] AppliInfo:139 - Unknown STM32CubeMX version: 6.18.0
2026-07-13 12:30:55,918 [ERROR] AppliInfo:139 - Unknown STM32CubeMX version: 6.18.0
2026-07-13 12:30:55,918 [ERROR] AppliInfo:139 - Unknown STM32CubeMX version: 6.18.0
2026-07-13 12:30:55,918 [ERROR] AppliInfo:139 - Unknown STM32CubeMX version: 6.18.0
2026-07-13 12:30:55,918 [ERROR] AppliInfo:139 - Unknown STM32CubeMX version: 6.18.0
2026-07-13 12:30:55,918 [ERROR] AppliInfo:139 - Unknown STM32CubeMX version: 6.18.0
2026-07-13 12:30:55,919 [ERROR] AppliInfo:139 - Unknown STM32CubeMX version: 6.18.0
2026-07-13 12:30:55,919 [ERROR] AppliInfo:139 - Unknown STM32CubeMX version: 6.18.0
2026-07-13 12:30:55,919 [ERROR] AppliInfo:139 - Unknown STM32CubeMX version: 6.18.0
2026-07-13 12:30:55,919 [ERROR] AppliInfo:139 - Unknown STM32CubeMX version: 6.18.0
2026-07-13 12:30:55,919 [ERROR] AppliInfo:139 - Unknown STM32CubeMX version: 6.18.0
2026-07-13 12:30:55,919 [ERROR] AppliInfo:139 - Unknown STM32CubeMX version: 6.18.0
2026-07-13 12:30:55,919 [ERROR] AppliInfo:139 - Unknown STM32CubeMX version: 6.18.0
2026-07-13 12:30:55,920 [ERROR] AppliInfo:139 - Unknown STM32CubeMX version: 6.16.0
2026-07-13 12:30:55,920 [ERROR] AppliInfo:139 - Unknown STM32CubeMX version: 6.18.0
2026-07-13 12:30:55,920 [ERROR] AppliInfo:139 - Unknown STM32CubeMX version: 6.18.0
2026-07-13 12:30:55,920 [ERROR] AppliInfo:139 - Unknown STM32CubeMX version: 6.18.0
2026-07-13 12:30:55,921 [ERROR] AppliInfo:139 - Unknown STM32CubeMX version: 6.18.0
2026-07-13 12:30:55,921 [ERROR] AppliInfo:139 - Unknown STM32CubeMX version: 6.18.0
2026-07-13 12:30:55,921 [ERROR] AppliInfo:139 - Unknown STM32CubeMX version: 6.18.0
2026-07-13 12:30:55,922 [ERROR] AppliInfo:139 - Unknown STM32CubeMX version: 6.18.0
2026-07-13 12:30:55,922 [ERROR] AppliInfo:139 - Unknown STM32CubeMX version: 6.18.0
2026-07-13 12:30:55,922 [ERROR] AppliInfo:139 - Unknown STM32CubeMX version: 6.17.0
2026-07-13 12:30:55,922 [ERROR] AppliInfo:139 - Unknown STM32CubeMX version: 6.17.0
2026-07-13 12:30:55,922 [ERROR] AppliInfo:139 - Unknown STM32CubeMX version: 6.18.0
2026-07-13 12:30:55,923 [ERROR] AppliInfo:139 - Unknown STM32CubeMX version: 6.18.0
2026-07-13 12:30:55,923 [ERROR] AppliInfo:139 - Unknown STM32CubeMX version: 6.18.0
2026-07-13 12:30:55,923 [ERROR] AppliInfo:139 - Unknown STM32CubeMX version: 6.18.0
2026-07-13 12:30:55,923 [ERROR] AppliInfo:139 - Unknown STM32CubeMX version: 6.18.0
2026-07-13 12:30:55,923 [ERROR] AppliInfo:139 - Unknown STM32CubeMX version: 6.18.0
2026-07-13 12:30:55,923 [ERROR] AppliInfo:139 - Unknown STM32CubeMX version: 6.18.0
2026-07-13 12:30:55,923 [ERROR] AppliInfo:139 - Unknown STM32CubeMX version: 6.18.0
2026-07-13 12:30:55,924 [ERROR] AppliInfo:139 - Unknown STM32CubeMX version: 6.18.0
2026-07-13 12:30:55,924 [ERROR] AppliInfo:139 - Unknown STM32CubeMX version: 6.18.0
2026-07-13 12:30:55,924 [ERROR] AppliInfo:139 - Unknown STM32CubeMX version: 6.17.0
2026-07-13 12:30:55,924 [ERROR] AppliInfo:139 - Unknown STM32CubeMX version: 6.17.0
2026-07-13 12:30:55,924 [ERROR] AppliInfo:139 - Unknown STM32CubeMX version: 6.18.0
2026-07-13 12:30:55,924 [ERROR] AppliInfo:139 - Unknown STM32CubeMX version: 6.18.0
2026-07-13 12:30:55,924 [ERROR] AppliInfo:139 - Unknown STM32CubeMX version: 6.18.0
2026-07-13 12:30:55,924 [ERROR] AppliInfo:139 - Unknown STM32CubeMX version: 6.18.0
2026-07-13 12:30:55,924 [ERROR] AppliInfo:139 - Unknown STM32CubeMX version: 6.18.0
2026-07-13 12:30:55,924 [ERROR] AppliInfo:139 - Unknown STM32CubeMX version: 6.18.0
2026-07-13 12:30:55,924 [ERROR] AppliInfo:139 - Unknown STM32CubeMX version: 6.18.0
2026-07-13 12:30:55,924 [ERROR] AppliInfo:139 - Unknown STM32CubeMX version: 6.18.0
2026-07-13 12:30:55,924 [ERROR] AppliInfo:139 - Unknown STM32CubeMX version: 6.18.0
2026-07-13 12:30:55,925 [ERROR] AppliInfo:139 - Unknown STM32CubeMX version: 6.18.0
2026-07-13 12:30:55,925 [ERROR] AppliInfo:139 - Unknown STM32CubeMX version: 6.18.0
2026-07-13 12:30:55,925 [ERROR] AppliInfo:139 - Unknown STM32CubeMX version: 6.18.0
2026-07-13 12:30:55,925 [ERROR] AppliInfo:139 - Unknown STM32CubeMX version: 6.18.0
2026-07-13 12:30:55,925 [ERROR] AppliInfo:139 - Unknown STM32CubeMX version: 6.18.0
2026-07-13 12:30:55,925 [ERROR] AppliInfo:139 - Unknown STM32CubeMX version: 6.18.0
2026-07-13 12:30:55,925 [ERROR] AppliInfo:139 - Unknown STM32CubeMX version: 6.18.0
2026-07-13 12:30:55,925 [ERROR] AppliInfo:139 - Unknown STM32CubeMX version: 6.18.0
2026-07-13 12:30:55,925 [ERROR] AppliInfo:139 - Unknown STM32CubeMX version: 6.18.0
2026-07-13 12:30:55,925 [ERROR] AppliInfo:139 - Unknown STM32CubeMX version: 6.18.0
2026-07-13 12:30:55,925 [ERROR] AppliInfo:139 - Unknown STM32CubeMX version: 6.18.0
2026-07-13 12:30:55,925 [ERROR] AppliInfo:139 - Unknown STM32CubeMX version: 6.18.0
2026-07-13 12:30:55,926 [ERROR] AppliInfo:139 - Unknown STM32CubeMX version: 6.18.0
2026-07-13 12:30:55,926 [ERROR] AppliInfo:139 - Unknown STM32CubeMX version: 6.18.0
2026-07-13 12:30:55,926 [ERROR] AppliInfo:139 - Unknown STM32CubeMX version: 6.18.0
2026-07-13 12:30:55,926 [ERROR] AppliInfo:139 - Unknown STM32CubeMX version: 6.18.0
2026-07-13 12:30:55,926 [ERROR] AppliInfo:139 - Unknown STM32CubeMX version: 6.18.0
2026-07-13 12:30:55,926 [ERROR] AppliInfo:139 - Unknown STM32CubeMX version: 6.18.0
2026-07-13 12:30:55,926 [ERROR] AppliInfo:139 - Unknown STM32CubeMX version: 6.18.0
2026-07-13 12:30:55,926 [ERROR] AppliInfo:139 - Unknown STM32CubeMX version: 6.18.0
2026-07-13 12:30:55,926 [ERROR] AppliInfo:139 - Unknown STM32CubeMX version: 6.18.0
2026-07-13 12:30:55,926 [ERROR] AppliInfo:139 - Unknown STM32CubeMX version: 6.18.0
2026-07-13 12:30:55,926 [ERROR] AppliInfo:139 - Unknown STM32CubeMX version: 6.18.0
2026-07-13 12:30:55,927 [ERROR] AppliInfo:139 - Unknown STM32CubeMX version: 6.18.0
2026-07-13 12:30:55,927 [ERROR] AppliInfo:139 - Unknown STM32CubeMX version: 6.18.0
2026-07-13 12:30:55,927 [ERROR] AppliInfo:139 - Unknown STM32CubeMX version: 6.18.0
2026-07-13 12:30:55,927 [ERROR] AppliInfo:139 - Unknown STM32CubeMX version: 6.18.0
2026-07-13 12:30:55,927 [ERROR] AppliInfo:139 - Unknown STM32CubeMX version: 6.18.0
2026-07-13 12:30:55,927 [ERROR] AppliInfo:139 - Unknown STM32CubeMX version: 6.18.0
2026-07-13 12:30:55,927 [ERROR] AppliInfo:139 - Unknown STM32CubeMX version: 6.18.0
2026-07-13 12:30:55,927 [ERROR] AppliInfo:139 - Unknown STM32CubeMX version: 6.18.0
2026-07-13 12:30:55,927 [ERROR] AppliInfo:139 - Unknown STM32CubeMX version: 6.18.0
2026-07-13 12:30:55,927 [ERROR] AppliInfo:139 - Unknown STM32CubeMX version: 6.18.0
2026-07-13 12:30:55,927 [ERROR] AppliInfo:139 - Unknown STM32CubeMX version: 6.18.0
2026-07-13 12:30:55,927 [ERROR] AppliInfo:139 - Unknown STM32CubeMX version: 6.18.0
2026-07-13 12:30:55,928 [ERROR] AppliInfo:139 - Unknown STM32CubeMX version: 6.18.0
2026-07-13 12:30:55,928 [ERROR] AppliInfo:139 - Unknown STM32CubeMX version: 6.18.0
2026-07-13 12:30:55,928 [ERROR] AppliInfo:139 - Unknown STM32CubeMX version: 6.18.0
2026-07-13 12:30:55,928 [ERROR] AppliInfo:139 - Unknown STM32CubeMX version: 6.18.0
2026-07-13 12:30:55,928 [ERROR] AppliInfo:139 - Unknown STM32CubeMX version: 6.18.0
2026-07-13 12:30:55,928 [ERROR] AppliInfo:139 - Unknown STM32CubeMX version: 6.18.0
2026-07-13 12:30:55,928 [ERROR] AppliInfo:139 - Unknown STM32CubeMX version: 6.18.0
2026-07-13 12:30:55,928 [ERROR] AppliInfo:139 - Unknown STM32CubeMX version: 6.18.0
2026-07-13 12:30:55,928 [ERROR] AppliInfo:139 - Unknown STM32CubeMX version: 6.18.0
2026-07-13 12:30:55,928 [ERROR] AppliInfo:139 - Unknown STM32CubeMX version: 6.18.0
2026-07-13 12:30:55,928 [ERROR] AppliInfo:139 - Unknown STM32CubeMX version: 6.18.0
2026-07-13 12:30:55,928 [ERROR] AppliInfo:139 - Unknown STM32CubeMX version: 6.18.0
2026-07-13 12:30:55,928 [ERROR] AppliInfo:139 - Unknown STM32CubeMX version: 6.18.0
2026-07-13 12:30:55,929 [ERROR] AppliInfo:139 - Unknown STM32CubeMX version: 6.18.0
2026-07-13 12:30:55,931 [ERROR] AppliInfo:139 - Unknown STM32CubeMX version: 6.18.0
2026-07-13 12:30:55,931 [ERROR] AppliInfo:139 - Unknown STM32CubeMX version: 6.18.0
2026-07-13 12:30:55,931 [ERROR] AppliInfo:139 - Unknown STM32CubeMX version: 6.18.0
2026-07-13 12:30:55,931 [ERROR] AppliInfo:139 - Unknown STM32CubeMX version: 6.18.0
2026-07-13 12:30:55,931 [ERROR] AppliInfo:139 - Unknown STM32CubeMX version: 6.18.0
2026-07-13 12:30:55,931 [ERROR] AppliInfo:139 - Unknown STM32CubeMX version: 6.18.0
2026-07-13 12:30:55,931 [ERROR] AppliInfo:139 - Unknown STM32CubeMX version: 6.18.0
2026-07-13 12:30:55,931 [ERROR] AppliInfo:139 - Unknown STM32CubeMX version: 6.18.0
2026-07-13 12:30:55,932 [ERROR] AppliInfo:139 - Unknown STM32CubeMX version: 6.18.0
2026-07-13 12:30:55,932 [ERROR] AppliInfo:139 - Unknown STM32CubeMX version: 6.18.0
2026-07-13 12:30:55,932 [ERROR] AppliInfo:139 - Unknown STM32CubeMX version: 6.18.0
2026-07-13 12:30:55,932 [ERROR] AppliInfo:139 - Unknown STM32CubeMX version: 6.18.0
2026-07-13 12:30:55,932 [ERROR] AppliInfo:139 - Unknown STM32CubeMX version: 6.17.0
2026-07-13 12:30:55,932 [ERROR] AppliInfo:139 - Unknown STM32CubeMX version: 6.17.0
2026-07-13 12:30:55,932 [ERROR] AppliInfo:139 - Unknown STM32CubeMX version: 6.18.0
2026-07-13 12:30:55,932 [ERROR] AppliInfo:139 - Unknown STM32CubeMX version: 6.17.0
2026-07-13 12:30:55,932 [ERROR] AppliInfo:139 - Unknown STM32CubeMX version: 6.17.0
2026-07-13 12:30:55,932 [ERROR] AppliInfo:139 - Unknown STM32CubeMX version: 6.17.0
2026-07-13 12:30:55,932 [ERROR] AppliInfo:139 - Unknown STM32CubeMX version: 6.17.0
2026-07-13 12:30:55,932 [ERROR] AppliInfo:139 - Unknown STM32CubeMX version: 6.17.0
2026-07-13 12:30:55,933 [ERROR] AppliInfo:139 - Unknown STM32CubeMX version: 6.17.0
2026-07-13 12:30:55,933 [ERROR] AppliInfo:139 - Unknown STM32CubeMX version: 6.17.0
2026-07-13 12:30:55,933 [ERROR] AppliInfo:139 - Unknown STM32CubeMX version: 6.17.0
2026-07-13 12:30:55,933 [ERROR] AppliInfo:139 - Unknown STM32CubeMX version: 6.17.0
2026-07-13 12:30:55,933 [ERROR] AppliInfo:139 - Unknown STM32CubeMX version: 6.17.0
2026-07-13 12:30:55,933 [ERROR] AppliInfo:139 - Unknown STM32CubeMX version: 6.17.0
2026-07-13 12:30:55,933 [ERROR] AppliInfo:139 - Unknown STM32CubeMX version: 6.17.0
2026-07-13 12:30:55,933 [ERROR] AppliInfo:139 - Unknown STM32CubeMX version: 6.17.0
2026-07-13 12:30:55,933 [ERROR] AppliInfo:139 - Unknown STM32CubeMX version: 6.17.0
2026-07-13 12:30:55,933 [ERROR] AppliInfo:139 - Unknown STM32CubeMX version: 6.17.0
2026-07-13 12:30:55,933 [ERROR] AppliInfo:139 - Unknown STM32CubeMX version: 6.17.0
2026-07-13 12:30:55,934 [ERROR] AppliInfo:139 - Unknown STM32CubeMX version: 6.17.0
2026-07-13 12:30:55,934 [ERROR] AppliInfo:139 - Unknown STM32CubeMX version: 6.17.0
2026-07-13 12:30:55,934 [ERROR] AppliInfo:139 - Unknown STM32CubeMX version: 6.17.0
2026-07-13 12:30:55,934 [ERROR] AppliInfo:139 - Unknown STM32CubeMX version: 6.17.0
2026-07-13 12:30:55,934 [ERROR] AppliInfo:139 - Unknown STM32CubeMX version: 6.17.0
2026-07-13 12:30:55,934 [ERROR] AppliInfo:139 - Unknown STM32CubeMX version: 6.17.0
2026-07-13 12:30:55,934 [ERROR] AppliInfo:139 - Unknown STM32CubeMX version: 6.17.0
2026-07-13 12:30:55,934 [ERROR] AppliInfo:139 - Unknown STM32CubeMX version: 6.17.0
2026-07-13 12:30:55,934 [ERROR] AppliInfo:139 - Unknown STM32CubeMX version: 6.17.0
2026-07-13 12:30:55,934 [ERROR] AppliInfo:139 - Unknown STM32CubeMX version: 6.17.0
2026-07-13 12:30:55,934 [ERROR] AppliInfo:139 - Unknown STM32CubeMX version: 6.17.0
2026-07-13 12:30:55,934 [ERROR] AppliInfo:139 - Unknown STM32CubeMX version: 6.17.0
2026-07-13 12:30:55,935 [ERROR] AppliInfo:139 - Unknown STM32CubeMX version: 6.17.0
2026-07-13 12:30:55,935 [ERROR] AppliInfo:139 - Unknown STM32CubeMX version: 6.17.0
2026-07-13 12:30:55,935 [ERROR] AppliInfo:139 - Unknown STM32CubeMX version: 6.17.0
2026-07-13 12:30:55,935 [ERROR] AppliInfo:139 - Unknown STM32CubeMX version: 6.17.0
2026-07-13 12:30:55,935 [ERROR] AppliInfo:139 - Unknown STM32CubeMX version: 6.18.0
2026-07-13 12:30:55,935 [ERROR] AppliInfo:139 - Unknown STM32CubeMX version: 6.18.0
2026-07-13 12:30:55,936 [ERROR] AppliInfo:139 - Unknown STM32CubeMX version: 6.18.0
2026-07-13 12:30:55,936 [ERROR] AppliInfo:139 - Unknown STM32CubeMX version: 6.18.0
2026-07-13 12:30:55,936 [ERROR] AppliInfo:139 - Unknown STM32CubeMX version: 6.18.0
2026-07-13 12:30:55,936 [ERROR] AppliInfo:139 - Unknown STM32CubeMX version: 6.18.0
2026-07-13 12:30:55,936 [ERROR] AppliInfo:139 - Unknown STM32CubeMX version: 6.17.0
2026-07-13 12:30:55,936 [ERROR] AppliInfo:139 - Unknown STM32CubeMX version: 6.17.0
2026-07-13 12:30:55,936 [ERROR] AppliInfo:139 - Unknown STM32CubeMX version: 6.17.0
2026-07-13 12:30:55,937 [ERROR] AppliInfo:139 - Unknown STM32CubeMX version: 6.17.0
2026-07-13 12:30:55,937 [ERROR] AppliInfo:139 - Unknown STM32CubeMX version: 6.17.0
2026-07-13 12:30:55,937 [ERROR] AppliInfo:139 - Unknown STM32CubeMX version: 6.17.0
2026-07-13 12:30:55,937 [ERROR] AppliInfo:139 - Unknown STM32CubeMX version: 6.17.0
2026-07-13 12:30:55,937 [ERROR] AppliInfo:139 - Unknown STM32CubeMX version: 6.17.0
2026-07-13 12:30:55,937 [ERROR] AppliInfo:139 - Unknown STM32CubeMX version: 6.17.0
2026-07-13 12:30:55,937 [ERROR] AppliInfo:139 - Unknown STM32CubeMX version: 6.17.0
2026-07-13 12:30:55,937 [ERROR] AppliInfo:139 - Unknown STM32CubeMX version: 6.17.0
2026-07-13 12:30:55,937 [ERROR] AppliInfo:139 - Unknown STM32CubeMX version: 6.17.0
2026-07-13 12:30:55,937 [ERROR] AppliInfo:139 - Unknown STM32CubeMX version: 6.17.0
2026-07-13 12:30:55,937 [ERROR] AppliInfo:139 - Unknown STM32CubeMX version: 6.17.0
2026-07-13 12:30:55,957 [ERROR] AppliInfo:139 - Unknown STM32CubeMX version: 6.17.0
2026-07-13 12:30:55,957 [ERROR] AppliInfo:139 - Unknown STM32CubeMX version: 6.17.0
2026-07-13 12:30:55,957 [ERROR] AppliInfo:139 - Unknown STM32CubeMX version: 6.17.0
2026-07-13 12:30:55,957 [ERROR] AppliInfo:139 - Unknown STM32CubeMX version: 6.17.0
2026-07-13 12:30:55,957 [ERROR] AppliInfo:139 - Unknown STM32CubeMX version: 6.17.0
2026-07-13 12:30:55,957 [ERROR] AppliInfo:139 - Unknown STM32CubeMX version: 6.17.0
2026-07-13 12:30:55,957 [ERROR] AppliInfo:139 - Unknown STM32CubeMX version: 6.17.0
2026-07-13 12:30:55,958 [ERROR] AppliInfo:139 - Unknown STM32CubeMX version: 6.17.0
2026-07-13 12:30:55,958 [ERROR] AppliInfo:139 - Unknown STM32CubeMX version: 6.17.0
2026-07-13 12:30:55,958 [ERROR] AppliInfo:139 - Unknown STM32CubeMX version: 6.17.0
2026-07-13 12:30:55,958 [ERROR] AppliInfo:139 - Unknown STM32CubeMX version: 6.17.0
2026-07-13 12:30:55,958 [ERROR] AppliInfo:139 - Unknown STM32CubeMX version: 6.17.0
2026-07-13 12:30:55,958 [ERROR] AppliInfo:139 - Unknown STM32CubeMX version: 6.17.0
2026-07-13 12:30:55,958 [ERROR] AppliInfo:139 - Unknown STM32CubeMX version: 6.17.0
2026-07-13 12:30:55,972 [ERROR] AppliInfo:139 - Unknown STM32CubeMX version: 6.17.0
2026-07-13 12:30:55,972 [ERROR] AppliInfo:139 - Unknown STM32CubeMX version: 6.17.0
2026-07-13 12:30:55,972 [ERROR] AppliInfo:139 - Unknown STM32CubeMX version: 6.17.0
2026-07-13 12:30:55,972 [ERROR] AppliInfo:139 - Unknown STM32CubeMX version: 6.17.0
2026-07-13 12:30:55,972 [ERROR] AppliInfo:139 - Unknown STM32CubeMX version: 6.17.0
2026-07-13 12:30:55,972 [ERROR] AppliInfo:139 - Unknown STM32CubeMX version: 6.17.0
2026-07-13 12:30:55,973 [ERROR] AppliInfo:139 - Unknown STM32CubeMX version: 6.17.0
2026-07-13 12:30:55,973 [ERROR] AppliInfo:139 - Unknown STM32CubeMX version: 6.17.0
2026-07-13 12:30:55,973 [ERROR] AppliInfo:139 - Unknown STM32CubeMX version: 6.17.0
2026-07-13 12:30:55,973 [ERROR] AppliInfo:139 - Unknown STM32CubeMX version: 6.17.0
2026-07-13 12:30:55,973 [ERROR] AppliInfo:139 - Unknown STM32CubeMX version: 6.17.0
2026-07-13 12:30:55,973 [ERROR] AppliInfo:139 - Unknown STM32CubeMX version: 6.17.0
2026-07-13 12:30:55,973 [ERROR] AppliInfo:139 - Unknown STM32CubeMX version: 6.17.0
2026-07-13 12:30:55,973 [ERROR] AppliInfo:139 - Unknown STM32CubeMX version: 6.17.0
2026-07-13 12:30:55,974 [ERROR] AppliInfo:139 - Unknown STM32CubeMX version: 6.17.0
2026-07-13 12:30:55,974 [ERROR] AppliInfo:139 - Unknown STM32CubeMX version: 6.17.0
2026-07-13 12:30:55,974 [ERROR] AppliInfo:139 - Unknown STM32CubeMX version: 6.17.0
2026-07-13 12:30:55,974 [ERROR] AppliInfo:139 - Unknown STM32CubeMX version: 6.17.0
2026-07-13 12:30:55,974 [ERROR] AppliInfo:139 - Unknown STM32CubeMX version: 6.17.0
2026-07-13 12:30:55,974 [ERROR] AppliInfo:139 - Unknown STM32CubeMX version: 6.17.0
2026-07-13 12:30:55,974 [ERROR] AppliInfo:139 - Unknown STM32CubeMX version: 6.17.0
2026-07-13 12:30:55,974 [ERROR] AppliInfo:139 - Unknown STM32CubeMX version: 6.17.0
2026-07-13 12:30:55,974 [ERROR] AppliInfo:139 - Unknown STM32CubeMX version: 6.16.0
2026-07-13 12:30:55,975 [ERROR] AppliInfo:139 - Unknown STM32CubeMX version: 6.16.0
2026-07-13 12:30:55,975 [ERROR] AppliInfo:139 - Unknown STM32CubeMX version: 6.16.0
2026-07-13 12:30:55,981 [ERROR] AppliInfo:139 - Unknown STM32CubeMX version: 6.16.0
2026-07-13 12:30:55,981 [ERROR] AppliInfo:139 - Unknown STM32CubeMX version: 6.16.0
2026-07-13 12:30:55,981 [ERROR] AppliInfo:139 - Unknown STM32CubeMX version: 6.16.0
2026-07-13 12:30:55,986 [ERROR] AppliInfo:139 - Unknown STM32CubeMX version: 6.16.0
2026-07-13 12:30:55,986 [ERROR] AppliInfo:139 - Unknown STM32CubeMX version: 6.16.0
2026-07-13 12:30:55,986 [ERROR] AppliInfo:139 - Unknown STM32CubeMX version: 6.16.0
2026-07-13 12:30:55,986 [ERROR] AppliInfo:139 - Unknown STM32CubeMX version: 6.16.0
2026-07-13 12:30:55,986 [ERROR] AppliInfo:139 - Unknown STM32CubeMX version: 6.16.0
2026-07-13 12:30:55,986 [ERROR] AppliInfo:139 - Unknown STM32CubeMX version: 6.16.0
2026-07-13 12:30:55,986 [ERROR] AppliInfo:139 - Unknown STM32CubeMX version: 6.16.0
2026-07-13 12:30:55,986 [ERROR] AppliInfo:139 - Unknown STM32CubeMX version: 6.16.0
2026-07-13 12:30:55,988 [ERROR] AppliInfo:139 - Unknown STM32CubeMX version: 6.16.0
2026-07-13 12:30:55,988 [ERROR] AppliInfo:139 - Unknown STM32CubeMX version: 6.16.0
2026-07-13 12:30:55,988 [ERROR] AppliInfo:139 - Unknown STM32CubeMX version: 6.16.0
2026-07-13 12:30:55,988 [ERROR] AppliInfo:139 - Unknown STM32CubeMX version: 6.16.0
2026-07-13 12:30:55,988 [ERROR] AppliInfo:139 - Unknown STM32CubeMX version: 6.16.0
2026-07-13 12:30:55,988 [ERROR] AppliInfo:139 - Unknown STM32CubeMX version: 6.16.0
2026-07-13 12:30:55,988 [ERROR] AppliInfo:139 - Unknown STM32CubeMX version: 6.16.0
2026-07-13 12:30:55,989 [ERROR] AppliInfo:139 - Unknown STM32CubeMX version: 6.16.0
2026-07-13 12:30:55,989 [ERROR] AppliInfo:139 - Unknown STM32CubeMX version: 6.16.0
2026-07-13 12:30:55,989 [ERROR] AppliInfo:139 - Unknown STM32CubeMX version: 6.16.0
2026-07-13 12:30:55,989 [ERROR] AppliInfo:139 - Unknown STM32CubeMX version: 6.16.0
2026-07-13 12:30:55,989 [ERROR] AppliInfo:139 - Unknown STM32CubeMX version: 6.16.0
2026-07-13 12:30:55,997 [ERROR] AppliInfo:139 - Unknown STM32CubeMX version: 6.16.0
2026-07-13 12:30:55,997 [ERROR] AppliInfo:139 - Unknown STM32CubeMX version: 6.16.0
2026-07-13 12:30:55,997 [ERROR] AppliInfo:139 - Unknown STM32CubeMX version: 6.16.0
2026-07-13 12:30:55,997 [ERROR] AppliInfo:139 - Unknown STM32CubeMX version: 6.16.0
2026-07-13 12:30:55,997 [ERROR] AppliInfo:139 - Unknown STM32CubeMX version: 6.16.0
2026-07-13 12:30:55,997 [ERROR] AppliInfo:139 - Unknown STM32CubeMX version: 6.16.0
2026-07-13 12:30:55,997 [ERROR] AppliInfo:139 - Unknown STM32CubeMX version: 6.16.0
2026-07-13 12:30:55,997 [ERROR] AppliInfo:139 - Unknown STM32CubeMX version: 6.16.0
2026-07-13 12:30:55,997 [ERROR] AppliInfo:139 - Unknown STM32CubeMX version: 6.16.0
2026-07-13 12:30:55,997 [ERROR] AppliInfo:139 - Unknown STM32CubeMX version: 6.16.0
2026-07-13 12:30:55,998 [ERROR] AppliInfo:139 - Unknown STM32CubeMX version: 6.16.0
2026-07-13 12:30:55,998 [ERROR] AppliInfo:139 - Unknown STM32CubeMX version: 6.16.0
2026-07-13 12:30:55,998 [ERROR] AppliInfo:139 - Unknown STM32CubeMX version: 6.16.0
2026-07-13 12:30:55,998 [ERROR] AppliInfo:139 - Unknown STM32CubeMX version: 6.16.0
2026-07-13 12:30:55,998 [ERROR] AppliInfo:139 - Unknown STM32CubeMX version: 6.16.0
2026-07-13 12:30:55,998 [ERROR] AppliInfo:139 - Unknown STM32CubeMX version: 6.16.0
2026-07-13 12:30:55,998 [ERROR] AppliInfo:139 - Unknown STM32CubeMX version: 6.16.0
2026-07-13 12:30:55,998 [ERROR] AppliInfo:139 - Unknown STM32CubeMX version: 6.16.0
2026-07-13 12:30:55,998 [ERROR] AppliInfo:139 - Unknown STM32CubeMX version: 6.16.0
2026-07-13 12:30:55,998 [ERROR] AppliInfo:139 - Unknown STM32CubeMX version: 6.16.0
2026-07-13 12:30:55,998 [ERROR] AppliInfo:139 - Unknown STM32CubeMX version: 6.16.0
2026-07-13 12:30:55,998 [ERROR] AppliInfo:139 - Unknown STM32CubeMX version: 6.16.0
2026-07-13 12:30:55,999 [ERROR] AppliInfo:139 - Unknown STM32CubeMX version: 6.16.0
2026-07-13 12:30:55,999 [ERROR] AppliInfo:139 - Unknown STM32CubeMX version: 6.16.0
2026-07-13 12:30:55,999 [ERROR] AppliInfo:139 - Unknown STM32CubeMX version: 6.16.0
2026-07-13 12:30:55,999 [ERROR] AppliInfo:139 - Unknown STM32CubeMX version: 6.16.0
2026-07-13 12:30:55,999 [ERROR] AppliInfo:139 - Unknown STM32CubeMX version: 6.16.0
2026-07-13 12:30:55,999 [ERROR] AppliInfo:139 - Unknown STM32CubeMX version: 6.16.0
2026-07-13 12:30:55,999 [ERROR] AppliInfo:139 - Unknown STM32CubeMX version: 6.16.0
2026-07-13 12:30:55,999 [ERROR] AppliInfo:139 - Unknown STM32CubeMX version: 6.16.0
2026-07-13 12:30:55,999 [ERROR] AppliInfo:139 - Unknown STM32CubeMX version: 6.16.0
2026-07-13 12:30:55,999 [ERROR] AppliInfo:139 - Unknown STM32CubeMX version: 6.16.0
2026-07-13 12:30:56,000 [ERROR] AppliInfo:139 - Unknown STM32CubeMX version: 6.16.0
2026-07-13 12:30:56,000 [ERROR] AppliInfo:139 - Unknown STM32CubeMX version: 6.16.0
2026-07-13 12:30:56,000 [ERROR] AppliInfo:139 - Unknown STM32CubeMX version: 6.16.0
2026-07-13 12:30:56,000 [ERROR] AppliInfo:139 - Unknown STM32CubeMX version: 6.16.0
2026-07-13 12:30:56,000 [ERROR] AppliInfo:139 - Unknown STM32CubeMX version: 6.16.0
2026-07-13 12:30:56,000 [ERROR] AppliInfo:139 - Unknown STM32CubeMX version: 6.16.0
2026-07-13 12:30:56,000 [ERROR] AppliInfo:139 - Unknown STM32CubeMX version: 6.16.0
2026-07-13 12:30:56,000 [ERROR] AppliInfo:139 - Unknown STM32CubeMX version: 6.16.0
2026-07-13 12:30:56,000 [ERROR] AppliInfo:139 - Unknown STM32CubeMX version: 6.17.0
2026-07-13 12:30:56,000 [ERROR] AppliInfo:139 - Unknown STM32CubeMX version: 6.16.0
2026-07-13 12:30:56,001 [ERROR] AppliInfo:139 - Unknown STM32CubeMX version: 6.16.0
2026-07-13 12:30:56,001 [ERROR] AppliInfo:139 - Unknown STM32CubeMX version: 6.16.0
2026-07-13 12:30:56,001 [ERROR] AppliInfo:139 - Unknown STM32CubeMX version: 6.16.0
2026-07-13 12:30:56,001 [ERROR] AppliInfo:139 - Unknown STM32CubeMX version: 6.16.0
2026-07-13 12:30:56,001 [ERROR] AppliInfo:139 - Unknown STM32CubeMX version: 6.16.0
2026-07-13 12:30:56,001 [ERROR] AppliInfo:139 - Unknown STM32CubeMX version: 6.16.0
2026-07-13 12:30:56,001 [ERROR] AppliInfo:139 - Unknown STM32CubeMX version: 6.17.0
2026-07-13 12:30:56,001 [ERROR] AppliInfo:139 - Unknown STM32CubeMX version: 6.17.0
2026-07-13 12:30:56,001 [ERROR] AppliInfo:139 - Unknown STM32CubeMX version: 6.17.0
2026-07-13 12:30:56,001 [ERROR] AppliInfo:139 - Unknown STM32CubeMX version: 6.16.0
2026-07-13 12:30:56,001 [ERROR] AppliInfo:139 - Unknown STM32CubeMX version: 6.16.0
2026-07-13 12:30:56,001 [ERROR] AppliInfo:139 - Unknown STM32CubeMX version: 6.16.0
2026-07-13 12:30:56,001 [ERROR] AppliInfo:139 - Unknown STM32CubeMX version: 6.16.0
2026-07-13 12:30:56,002 [ERROR] AppliInfo:139 - Unknown STM32CubeMX version: 6.16.0
2026-07-13 12:30:56,002 [ERROR] AppliInfo:139 - Unknown STM32CubeMX version: 6.17.0
2026-07-13 12:30:56,002 [ERROR] AppliInfo:139 - Unknown STM32CubeMX version: 6.17.0
2026-07-13 12:30:56,002 [ERROR] AppliInfo:139 - Unknown STM32CubeMX version: 6.17.0
2026-07-13 12:30:56,002 [ERROR] AppliInfo:139 - Unknown STM32CubeMX version: 6.16.0
2026-07-13 12:30:56,002 [ERROR] AppliInfo:139 - Unknown STM32CubeMX version: 6.17.0
2026-07-13 12:30:56,002 [ERROR] AppliInfo:139 - Unknown STM32CubeMX version: 6.17.0
2026-07-13 12:30:56,002 [ERROR] AppliInfo:139 - Unknown STM32CubeMX version: 6.17.0
2026-07-13 12:30:56,002 [ERROR] AppliInfo:139 - Unknown STM32CubeMX version: 6.17.0
2026-07-13 12:30:56,002 [ERROR] AppliInfo:139 - Unknown STM32CubeMX version: 6.17.0
2026-07-13 12:30:56,002 [ERROR] AppliInfo:139 - Unknown STM32CubeMX version: 6.16.0
2026-07-13 12:30:56,002 [ERROR] AppliInfo:139 - Unknown STM32CubeMX version: 6.16.0
2026-07-13 12:30:56,003 [ERROR] AppliInfo:139 - Unknown STM32CubeMX version: 6.16.0
2026-07-13 12:30:56,003 [ERROR] AppliInfo:139 - Unknown STM32CubeMX version: 6.17.0
2026-07-13 12:30:56,003 [ERROR] AppliInfo:139 - Unknown STM32CubeMX version: 6.17.0
2026-07-13 12:30:56,003 [ERROR] AppliInfo:139 - Unknown STM32CubeMX version: 6.16.0
2026-07-13 12:30:56,003 [ERROR] AppliInfo:139 - Unknown STM32CubeMX version: 6.17.0
2026-07-13 12:30:56,003 [ERROR] AppliInfo:139 - Unknown STM32CubeMX version: 6.17.0
2026-07-13 12:30:56,003 [ERROR] AppliInfo:139 - Unknown STM32CubeMX version: 6.17.0
2026-07-13 12:30:56,003 [ERROR] AppliInfo:139 - Unknown STM32CubeMX version: 6.17.0
2026-07-13 12:30:56,003 [ERROR] AppliInfo:139 - Unknown STM32CubeMX version: 6.17.0
2026-07-13 12:30:56,003 [ERROR] AppliInfo:139 - Unknown STM32CubeMX version: 6.16.0
2026-07-13 12:30:56,003 [ERROR] AppliInfo:139 - Unknown STM32CubeMX version: 6.16.0
2026-07-13 12:30:56,003 [ERROR] AppliInfo:139 - Unknown STM32CubeMX version: 6.16.0
2026-07-13 12:30:56,004 [ERROR] AppliInfo:139 - Unknown STM32CubeMX version: 6.17.0
2026-07-13 12:30:56,004 [ERROR] AppliInfo:139 - Unknown STM32CubeMX version: 6.17.0
2026-07-13 12:30:56,004 [ERROR] AppliInfo:139 - Unknown STM32CubeMX version: 6.17.0
2026-07-13 12:30:56,004 [ERROR] AppliInfo:139 - Unknown STM32CubeMX version: 6.16.0
2026-07-13 12:30:56,004 [ERROR] AppliInfo:139 - Unknown STM32CubeMX version: 6.16.0
2026-07-13 12:30:56,004 [ERROR] AppliInfo:139 - Unknown STM32CubeMX version: 6.16.0
2026-07-13 12:30:56,004 [ERROR] AppliInfo:139 - Unknown STM32CubeMX version: 6.16.0
2026-07-13 12:30:56,004 [ERROR] AppliInfo:139 - Unknown STM32CubeMX version: 6.16.0
2026-07-13 12:30:56,004 [ERROR] AppliInfo:139 - Unknown STM32CubeMX version: 6.16.0
2026-07-13 12:30:56,004 [ERROR] AppliInfo:139 - Unknown STM32CubeMX version: 6.16.0
2026-07-13 12:30:56,004 [ERROR] AppliInfo:139 - Unknown STM32CubeMX version: 6.17.0
2026-07-13 12:30:56,004 [ERROR] AppliInfo:139 - Unknown STM32CubeMX version: 6.17.0
2026-07-13 12:30:56,004 [ERROR] AppliInfo:139 - Unknown STM32CubeMX version: 6.17.0
2026-07-13 12:30:56,004 [ERROR] AppliInfo:139 - Unknown STM32CubeMX version: 6.16.0
2026-07-13 12:30:56,004 [ERROR] AppliInfo:139 - Unknown STM32CubeMX version: 6.16.0
2026-07-13 12:30:56,004 [ERROR] AppliInfo:139 - Unknown STM32CubeMX version: 6.16.0
2026-07-13 12:30:56,006 [ERROR] AppliInfo:139 - Unknown STM32CubeMX version: 6.16.0
2026-07-13 12:30:56,006 [ERROR] AppliInfo:139 - Unknown STM32CubeMX version: 6.16.0
2026-07-13 12:30:56,006 [ERROR] AppliInfo:139 - Unknown STM32CubeMX version: 6.16.0
2026-07-13 12:30:56,006 [ERROR] AppliInfo:139 - Unknown STM32CubeMX version: 6.16.0
2026-07-13 12:30:56,006 [ERROR] AppliInfo:139 - Unknown STM32CubeMX version: 6.17.0
2026-07-13 12:30:56,006 [ERROR] AppliInfo:139 - Unknown STM32CubeMX version: 6.17.0
2026-07-13 12:30:56,006 [ERROR] AppliInfo:139 - Unknown STM32CubeMX version: 6.17.0
2026-07-13 12:30:56,006 [ERROR] AppliInfo:139 - Unknown STM32CubeMX version: 6.16.0
2026-07-13 12:30:56,006 [ERROR] AppliInfo:139 - Unknown STM32CubeMX version: 6.17.0
2026-07-13 12:30:56,006 [ERROR] AppliInfo:139 - Unknown STM32CubeMX version: 6.17.0
2026-07-13 12:30:56,007 [ERROR] AppliInfo:139 - Unknown STM32CubeMX version: 6.17.0
2026-07-13 12:30:56,007 [ERROR] AppliInfo:139 - Unknown STM32CubeMX version: 6.17.0
2026-07-13 12:30:56,007 [ERROR] AppliInfo:139 - Unknown STM32CubeMX version: 6.17.0
2026-07-13 12:30:56,007 [ERROR] AppliInfo:139 - Unknown STM32CubeMX version: 6.16.0
2026-07-13 12:30:56,007 [ERROR] AppliInfo:139 - Unknown STM32CubeMX version: 6.16.0
2026-07-13 12:30:56,007 [ERROR] AppliInfo:139 - Unknown STM32CubeMX version: 6.16.0
2026-07-13 12:30:56,007 [ERROR] AppliInfo:139 - Unknown STM32CubeMX version: 6.17.0
2026-07-13 12:30:56,007 [ERROR] AppliInfo:139 - Unknown STM32CubeMX version: 6.17.0
2026-07-13 12:30:56,007 [ERROR] AppliInfo:139 - Unknown STM32CubeMX version: 6.16.0
2026-07-13 12:30:56,007 [ERROR] AppliInfo:139 - Unknown STM32CubeMX version: 6.17.0
2026-07-13 12:30:56,008 [ERROR] AppliInfo:139 - Unknown STM32CubeMX version: 6.17.0
2026-07-13 12:30:56,008 [ERROR] AppliInfo:139 - Unknown STM32CubeMX version: 6.17.0
2026-07-13 12:30:56,008 [ERROR] AppliInfo:139 - Unknown STM32CubeMX version: 6.17.0
2026-07-13 12:30:56,008 [ERROR] AppliInfo:139 - Unknown STM32CubeMX version: 6.17.0
2026-07-13 12:30:56,008 [ERROR] AppliInfo:139 - Unknown STM32CubeMX version: 6.16.0
2026-07-13 12:30:56,008 [ERROR] AppliInfo:139 - Unknown STM32CubeMX version: 6.16.0
2026-07-13 12:30:56,008 [ERROR] AppliInfo:139 - Unknown STM32CubeMX version: 6.16.0
2026-07-13 12:30:56,008 [ERROR] AppliInfo:139 - Unknown STM32CubeMX version: 6.17.0
2026-07-13 12:30:56,008 [ERROR] AppliInfo:139 - Unknown STM32CubeMX version: 6.17.0
2026-07-13 12:30:56,008 [ERROR] AppliInfo:139 - Unknown STM32CubeMX version: 6.16.1
2026-07-13 12:30:56,009 [ERROR] AppliInfo:139 - Unknown STM32CubeMX version: 6.16.1
2026-07-13 12:30:56,009 [ERROR] AppliInfo:139 - Unknown STM32CubeMX version: 6.16.1
2026-07-13 12:30:56,009 [ERROR] AppliInfo:139 - Unknown STM32CubeMX version: 6.16.1
2026-07-13 12:30:56,009 [ERROR] AppliInfo:139 - Unknown STM32CubeMX version: 6.16.1
2026-07-13 12:30:56,009 [ERROR] AppliInfo:139 - Unknown STM32CubeMX version: 6.16.1
2026-07-13 12:30:56,013 [ERROR] AppliInfo:139 - Unknown STM32CubeMX version: 6.17.0
2026-07-13 12:30:56,013 [ERROR] AppliInfo:139 - Unknown STM32CubeMX version: 6.17.0
2026-07-13 12:30:56,013 [ERROR] AppliInfo:139 - Unknown STM32CubeMX version: 6.17.0
2026-07-13 12:30:56,013 [ERROR] AppliInfo:139 - Unknown STM32CubeMX version: 6.17.0
2026-07-13 12:30:56,013 [ERROR] AppliInfo:139 - Unknown STM32CubeMX version: 6.17.0
2026-07-13 12:30:56,013 [ERROR] AppliInfo:139 - Unknown STM32CubeMX version: 6.17.0
2026-07-13 12:30:56,013 [ERROR] AppliInfo:139 - Unknown STM32CubeMX version: 6.17.0
2026-07-13 12:30:56,014 [ERROR] AppliInfo:139 - Unknown STM32CubeMX version: 6.17.0
2026-07-13 12:30:56,014 [ERROR] AppliInfo:139 - Unknown STM32CubeMX version: 6.17.0
2026-07-13 12:30:56,014 [ERROR] AppliInfo:139 - Unknown STM32CubeMX version: 6.17.0
2026-07-13 12:30:56,014 [ERROR] AppliInfo:139 - Unknown STM32CubeMX version: 6.17.0
2026-07-13 12:30:56,014 [ERROR] AppliInfo:139 - Unknown STM32CubeMX version: 6.17.0
2026-07-13 12:30:56,014 [ERROR] AppliInfo:139 - Unknown STM32CubeMX version: 6.17.0
2026-07-13 12:30:56,014 [ERROR] AppliInfo:139 - Unknown STM32CubeMX version: 6.17.0
2026-07-13 12:30:56,014 [ERROR] AppliInfo:139 - Unknown STM32CubeMX version: 6.17.0
2026-07-13 12:30:56,014 [ERROR] AppliInfo:139 - Unknown STM32CubeMX version: 6.17.0
2026-07-13 12:30:56,014 [ERROR] AppliInfo:139 - Unknown STM32CubeMX version: 6.17.0
2026-07-13 12:30:56,014 [ERROR] AppliInfo:139 - Unknown STM32CubeMX version: 6.17.0
2026-07-13 12:30:56,014 [ERROR] AppliInfo:139 - Unknown STM32CubeMX version: 6.17.0
2026-07-13 12:30:56,015 [ERROR] AppliInfo:139 - Unknown STM32CubeMX version: 6.17.0
2026-07-13 12:30:56,015 [ERROR] AppliInfo:139 - Unknown STM32CubeMX version: 6.17.0
2026-07-13 12:30:56,015 [ERROR] AppliInfo:139 - Unknown STM32CubeMX version: 6.17.0
2026-07-13 12:30:56,015 [ERROR] AppliInfo:139 - Unknown STM32CubeMX version: 6.17.0
2026-07-13 12:30:56,015 [ERROR] AppliInfo:139 - Unknown STM32CubeMX version: 6.17.0
2026-07-13 12:30:56,016 [ERROR] AppliInfo:139 - Unknown STM32CubeMX version: 6.17.0
2026-07-13 12:30:56,016 [ERROR] AppliInfo:139 - Unknown STM32CubeMX version: 6.17.0
2026-07-13 12:30:56,016 [ERROR] AppliInfo:139 - Unknown STM32CubeMX version: 6.17.0
2026-07-13 12:30:56,016 [ERROR] AppliInfo:139 - Unknown STM32CubeMX version: 6.17.0
2026-07-13 12:30:56,016 [ERROR] AppliInfo:139 - Unknown STM32CubeMX version: 6.17.0
2026-07-13 12:30:56,016 [ERROR] AppliInfo:139 - Unknown STM32CubeMX version: 6.17.0
2026-07-13 12:30:56,016 [ERROR] AppliInfo:139 - Unknown STM32CubeMX version: 6.17.0
2026-07-13 12:30:56,016 [ERROR] AppliInfo:139 - Unknown STM32CubeMX version: 6.17.0
2026-07-13 12:30:56,016 [ERROR] AppliInfo:139 - Unknown STM32CubeMX version: 6.17.0
2026-07-13 12:30:56,016 [ERROR] AppliInfo:139 - Unknown STM32CubeMX version: 6.17.0
2026-07-13 12:30:56,016 [ERROR] AppliInfo:139 - Unknown STM32CubeMX version: 6.17.0
2026-07-13 12:30:56,017 [ERROR] AppliInfo:139 - Unknown STM32CubeMX version: 6.17.0
2026-07-13 12:30:56,017 [ERROR] AppliInfo:139 - Unknown STM32CubeMX version: 6.17.0
2026-07-13 12:30:56,017 [ERROR] AppliInfo:139 - Unknown STM32CubeMX version: 6.17.0
2026-07-13 12:30:56,017 [ERROR] AppliInfo:139 - Unknown STM32CubeMX version: 6.17.0
2026-07-13 12:30:56,017 [ERROR] AppliInfo:139 - Unknown STM32CubeMX version: 6.17.0
2026-07-13 12:30:56,017 [ERROR] AppliInfo:139 - Unknown STM32CubeMX version: 6.17.0
2026-07-13 12:30:56,017 [ERROR] AppliInfo:139 - Unknown STM32CubeMX version: 6.17.0
2026-07-13 12:30:56,017 [ERROR] AppliInfo:139 - Unknown STM32CubeMX version: 6.17.0
2026-07-13 12:30:56,024 [ERROR] AppliInfo:139 - Unknown STM32CubeMX version: 6.17.0
2026-07-13 12:30:56,024 [ERROR] AppliInfo:139 - Unknown STM32CubeMX version: 6.17.0
2026-07-13 12:30:56,024 [ERROR] AppliInfo:139 - Unknown STM32CubeMX version: 6.17.0
2026-07-13 12:30:56,025 [ERROR] AppliInfo:139 - Unknown STM32CubeMX version: 6.17.0
2026-07-13 12:30:56,025 [ERROR] AppliInfo:139 - Unknown STM32CubeMX version: 6.17.0
2026-07-13 12:30:56,025 [ERROR] AppliInfo:139 - Unknown STM32CubeMX version: 6.17.0
2026-07-13 12:30:56,025 [ERROR] AppliInfo:139 - Unknown STM32CubeMX version: 6.17.0
2026-07-13 12:30:56,025 [ERROR] AppliInfo:139 - Unknown STM32CubeMX version: 6.17.0
2026-07-13 12:30:56,025 [ERROR] AppliInfo:139 - Unknown STM32CubeMX version: 6.17.0
2026-07-13 12:30:56,025 [ERROR] AppliInfo:139 - Unknown STM32CubeMX version: 6.17.0
2026-07-13 12:30:56,025 [ERROR] AppliInfo:139 - Unknown STM32CubeMX version: 6.17.0
2026-07-13 12:30:56,025 [ERROR] AppliInfo:139 - Unknown STM32CubeMX version: 6.17.0
2026-07-13 12:30:56,025 [ERROR] AppliInfo:139 - Unknown STM32CubeMX version: 6.17.0
2026-07-13 12:30:56,025 [ERROR] AppliInfo:139 - Unknown STM32CubeMX version: 6.17.0
2026-07-13 12:30:56,025 [ERROR] AppliInfo:139 - Unknown STM32CubeMX version: 6.17.0
2026-07-13 12:30:56,025 [ERROR] AppliInfo:139 - Unknown STM32CubeMX version: 6.17.0
2026-07-13 12:30:56,025 [ERROR] AppliInfo:139 - Unknown STM32CubeMX version: 6.17.0
2026-07-13 12:30:56,027 [ERROR] AppliInfo:139 - Unknown STM32CubeMX version: 6.17.0
2026-07-13 12:30:56,027 [ERROR] AppliInfo:139 - Unknown STM32CubeMX version: 6.17.0
2026-07-13 12:30:56,027 [ERROR] AppliInfo:139 - Unknown STM32CubeMX version: 6.17.0
2026-07-13 12:30:56,027 [ERROR] AppliInfo:139 - Unknown STM32CubeMX version: 6.17.0
2026-07-13 12:30:56,027 [ERROR] AppliInfo:139 - Unknown STM32CubeMX version: 6.17.0
2026-07-13 12:30:56,027 [ERROR] AppliInfo:139 - Unknown STM32CubeMX version: 6.17.0
2026-07-13 12:30:56,027 [ERROR] AppliInfo:139 - Unknown STM32CubeMX version: 6.17.0
2026-07-13 12:30:56,027 [ERROR] AppliInfo:139 - Unknown STM32CubeMX version: 6.17.0
2026-07-13 12:30:56,027 [ERROR] AppliInfo:139 - Unknown STM32CubeMX version: 6.17.0
2026-07-13 12:30:56,028 [ERROR] AppliInfo:139 - Unknown STM32CubeMX version: 6.17.0
2026-07-13 12:30:56,028 [ERROR] AppliInfo:139 - Unknown STM32CubeMX version: 6.17.0
2026-07-13 12:30:56,028 [ERROR] AppliInfo:139 - Unknown STM32CubeMX version: 6.17.0
2026-07-13 12:30:56,028 [ERROR] AppliInfo:139 - Unknown STM32CubeMX version: 6.17.0
2026-07-13 12:30:56,028 [ERROR] AppliInfo:139 - Unknown STM32CubeMX version: 6.17.0
2026-07-13 12:30:56,028 [ERROR] AppliInfo:139 - Unknown STM32CubeMX version: 6.17.0
2026-07-13 12:30:56,028 [ERROR] AppliInfo:139 - Unknown STM32CubeMX version: 6.17.0
2026-07-13 12:30:56,028 [ERROR] AppliInfo:139 - Unknown STM32CubeMX version: 6.17.0
2026-07-13 12:30:56,028 [ERROR] AppliInfo:139 - Unknown STM32CubeMX version: 6.17.0
2026-07-13 12:30:56,029 [ERROR] AppliInfo:139 - Unknown STM32CubeMX version: 6.17.0
2026-07-13 12:30:56,029 [ERROR] AppliInfo:139 - Unknown STM32CubeMX version: 6.17.0
2026-07-13 12:30:56,029 [ERROR] AppliInfo:139 - Unknown STM32CubeMX version: 6.17.0
2026-07-13 12:30:56,029 [ERROR] AppliInfo:139 - Unknown STM32CubeMX version: 6.17.0
2026-07-13 12:30:56,029 [ERROR] AppliInfo:139 - Unknown STM32CubeMX version: 6.17.0
2026-07-13 12:30:56,029 [ERROR] AppliInfo:139 - Unknown STM32CubeMX version: 6.17.0
2026-07-13 12:30:56,029 [ERROR] AppliInfo:139 - Unknown STM32CubeMX version: 6.17.0
2026-07-13 12:30:56,029 [ERROR] AppliInfo:139 - Unknown STM32CubeMX version: 6.16.1
2026-07-13 12:30:56,029 [ERROR] AppliInfo:139 - Unknown STM32CubeMX version: 6.16.1
2026-07-13 12:30:56,029 [ERROR] AppliInfo:139 - Unknown STM32CubeMX version: 6.16.1
2026-07-13 12:30:56,029 [ERROR] AppliInfo:139 - Unknown STM32CubeMX version: 6.16.1
2026-07-13 12:30:56,029 [ERROR] AppliInfo:139 - Unknown STM32CubeMX version: 6.16.1
2026-07-13 12:30:56,029 [ERROR] AppliInfo:139 - Unknown STM32CubeMX version: 6.16.1
2026-07-13 12:30:56,030 [ERROR] AppliInfo:139 - Unknown STM32CubeMX version: 6.16.1
2026-07-13 12:30:56,030 [ERROR] AppliInfo:139 - Unknown STM32CubeMX version: 6.16.1
2026-07-13 12:30:56,030 [ERROR] AppliInfo:139 - Unknown STM32CubeMX version: 6.16.1
2026-07-13 12:30:56,030 [ERROR] AppliInfo:139 - Unknown STM32CubeMX version: 6.16.1
2026-07-13 12:30:56,030 [ERROR] AppliInfo:139 - Unknown STM32CubeMX version: 6.16.1
2026-07-13 12:30:56,030 [ERROR] AppliInfo:139 - Unknown STM32CubeMX version: 6.16.1
2026-07-13 12:30:56,030 [ERROR] AppliInfo:139 - Unknown STM32CubeMX version: 6.16.1
2026-07-13 12:30:56,030 [ERROR] AppliInfo:139 - Unknown STM32CubeMX version: 6.16.1
2026-07-13 12:30:56,030 [ERROR] AppliInfo:139 - Unknown STM32CubeMX version: 6.16.1
2026-07-13 12:30:56,030 [ERROR] AppliInfo:139 - Unknown STM32CubeMX version: 6.16.1
2026-07-13 12:30:56,030 [ERROR] AppliInfo:139 - Unknown STM32CubeMX version: 6.16.1
2026-07-13 12:30:56,030 [ERROR] AppliInfo:139 - Unknown STM32CubeMX version: 6.16.1
2026-07-13 12:30:56,031 [ERROR] AppliInfo:139 - Unknown STM32CubeMX version: 6.16.1
2026-07-13 12:30:56,031 [ERROR] AppliInfo:139 - Unknown STM32CubeMX version: 6.16.1
2026-07-13 12:30:56,031 [ERROR] AppliInfo:139 - Unknown STM32CubeMX version: 6.16.1
2026-07-13 12:30:56,031 [ERROR] AppliInfo:139 - Unknown STM32CubeMX version: 6.16.1
2026-07-13 12:30:56,031 [ERROR] AppliInfo:139 - Unknown STM32CubeMX version: 6.16.1
2026-07-13 12:30:56,031 [ERROR] AppliInfo:139 - Unknown STM32CubeMX version: 6.16.1
2026-07-13 12:30:56,031 [ERROR] AppliInfo:139 - Unknown STM32CubeMX version: 6.16.1
2026-07-13 12:30:56,031 [ERROR] AppliInfo:139 - Unknown STM32CubeMX version: 6.16.1
2026-07-13 12:30:56,031 [ERROR] AppliInfo:139 - Unknown STM32CubeMX version: 6.16.1
2026-07-13 12:30:56,031 [ERROR] AppliInfo:139 - Unknown STM32CubeMX version: 6.16.1
2026-07-13 12:30:56,031 [ERROR] AppliInfo:139 - Unknown STM32CubeMX version: 6.16.1
2026-07-13 12:30:56,031 [ERROR] AppliInfo:139 - Unknown STM32CubeMX version: 6.16.1
2026-07-13 12:30:56,032 [ERROR] AppliInfo:139 - Unknown STM32CubeMX version: 6.16.1
2026-07-13 12:30:56,032 [ERROR] AppliInfo:139 - Unknown STM32CubeMX version: 6.16.1
2026-07-13 12:30:56,032 [ERROR] AppliInfo:139 - Unknown STM32CubeMX version: 6.16.1
2026-07-13 12:30:56,032 [ERROR] AppliInfo:139 - Unknown STM32CubeMX version: 6.16.1
2026-07-13 12:30:56,032 [ERROR] AppliInfo:139 - Unknown STM32CubeMX version: 6.16.1
2026-07-13 12:30:56,032 [ERROR] AppliInfo:139 - Unknown STM32CubeMX version: 6.16.1
2026-07-13 12:30:56,032 [ERROR] AppliInfo:139 - Unknown STM32CubeMX version: 6.16.1
2026-07-13 12:30:56,032 [ERROR] AppliInfo:139 - Unknown STM32CubeMX version: 6.16.1
2026-07-13 12:30:56,032 [ERROR] AppliInfo:139 - Unknown STM32CubeMX version: 6.16.1
2026-07-13 12:30:56,032 [ERROR] AppliInfo:139 - Unknown STM32CubeMX version: 6.16.1
2026-07-13 12:30:56,032 [ERROR] AppliInfo:139 - Unknown STM32CubeMX version: 6.16.1
2026-07-13 12:30:56,032 [ERROR] AppliInfo:139 - Unknown STM32CubeMX version: 6.16.1
2026-07-13 12:30:56,032 [ERROR] AppliInfo:139 - Unknown STM32CubeMX version: 6.16.1
2026-07-13 12:30:56,033 [ERROR] AppliInfo:139 - Unknown STM32CubeMX version: 6.16.1
2026-07-13 12:30:56,033 [ERROR] AppliInfo:139 - Unknown STM32CubeMX version: 6.16.1
2026-07-13 12:30:56,033 [ERROR] AppliInfo:139 - Unknown STM32CubeMX version: 6.16.1
2026-07-13 12:30:56,033 [ERROR] AppliInfo:139 - Unknown STM32CubeMX version: 6.16.1
2026-07-13 12:30:56,033 [ERROR] AppliInfo:139 - Unknown STM32CubeMX version: 6.16.1
2026-07-13 12:30:56,033 [ERROR] AppliInfo:139 - Unknown STM32CubeMX version: 6.16.1
2026-07-13 12:30:56,033 [ERROR] AppliInfo:139 - Unknown STM32CubeMX version: 6.16.1
2026-07-13 12:30:56,033 [ERROR] AppliInfo:139 - Unknown STM32CubeMX version: 6.16.1
2026-07-13 12:30:56,033 [ERROR] AppliInfo:139 - Unknown STM32CubeMX version: 6.16.1
2026-07-13 12:30:56,033 [ERROR] AppliInfo:139 - Unknown STM32CubeMX version: 6.16.1
2026-07-13 12:30:56,033 [ERROR] AppliInfo:139 - Unknown STM32CubeMX version: 6.16.1
2026-07-13 12:30:56,033 [ERROR] AppliInfo:139 - Unknown STM32CubeMX version: 6.16.1
2026-07-13 12:30:56,034 [ERROR] AppliInfo:139 - Unknown STM32CubeMX version: 6.16.1
2026-07-13 12:30:56,034 [ERROR] AppliInfo:139 - Unknown STM32CubeMX version: 6.16.1
2026-07-13 12:30:56,034 [ERROR] AppliInfo:139 - Unknown STM32CubeMX version: 6.16.1
2026-07-13 12:30:56,034 [ERROR] AppliInfo:139 - Unknown STM32CubeMX version: 6.16.1
2026-07-13 12:30:56,034 [ERROR] AppliInfo:139 - Unknown STM32CubeMX version: 6.16.1
2026-07-13 12:30:56,034 [ERROR] AppliInfo:139 - Unknown STM32CubeMX version: 6.16.1
2026-07-13 12:30:56,034 [ERROR] AppliInfo:139 - Unknown STM32CubeMX version: 6.16.1
2026-07-13 12:30:56,034 [ERROR] AppliInfo:139 - Unknown STM32CubeMX version: 6.16.1
2026-07-13 12:30:56,034 [ERROR] AppliInfo:139 - Unknown STM32CubeMX version: 6.16.1
2026-07-13 12:30:56,034 [ERROR] AppliInfo:139 - Unknown STM32CubeMX version: 6.16.1
2026-07-13 12:30:56,034 [ERROR] AppliInfo:139 - Unknown STM32CubeMX version: 6.16.1
2026-07-13 12:30:56,034 [ERROR] AppliInfo:139 - Unknown STM32CubeMX version: 6.16.1
2026-07-13 12:30:56,034 [ERROR] AppliInfo:139 - Unknown STM32CubeMX version: 6.16.1
2026-07-13 12:30:56,034 [ERROR] AppliInfo:139 - Unknown STM32CubeMX version: 6.16.1
2026-07-13 12:30:56,034 [ERROR] AppliInfo:139 - Unknown STM32CubeMX version: 6.16.1
2026-07-13 12:30:56,034 [ERROR] AppliInfo:139 - Unknown STM32CubeMX version: 6.16.1
2026-07-13 12:30:56,034 [ERROR] AppliInfo:139 - Unknown STM32CubeMX version: 6.16.1
2026-07-13 12:30:56,034 [ERROR] AppliInfo:139 - Unknown STM32CubeMX version: 6.16.1
2026-07-13 12:30:56,035 [ERROR] AppliInfo:139 - Unknown STM32CubeMX version: 6.16.1
2026-07-13 12:30:56,035 [ERROR] AppliInfo:139 - Unknown STM32CubeMX version: 6.16.1
2026-07-13 12:30:56,035 [ERROR] AppliInfo:139 - Unknown STM32CubeMX version: 6.16.1
2026-07-13 12:30:56,035 [ERROR] AppliInfo:139 - Unknown STM32CubeMX version: 6.16.1
2026-07-13 12:30:56,035 [ERROR] AppliInfo:139 - Unknown STM32CubeMX version: 6.16.1
2026-07-13 12:30:56,035 [ERROR] AppliInfo:139 - Unknown STM32CubeMX version: 6.16.1
2026-07-13 12:30:56,035 [ERROR] AppliInfo:139 - Unknown STM32CubeMX version: 6.16.1
2026-07-13 12:30:56,035 [ERROR] AppliInfo:139 - Unknown STM32CubeMX version: 6.16.1
2026-07-13 12:30:56,035 [ERROR] AppliInfo:139 - Unknown STM32CubeMX version: 6.16.1
2026-07-13 12:30:56,035 [ERROR] AppliInfo:139 - Unknown STM32CubeMX version: 6.16.1
2026-07-13 12:30:56,035 [ERROR] AppliInfo:139 - Unknown STM32CubeMX version: 6.16.1
2026-07-13 12:30:56,035 [ERROR] AppliInfo:139 - Unknown STM32CubeMX version: 6.16.1
2026-07-13 12:30:56,036 [ERROR] AppliInfo:139 - Unknown STM32CubeMX version: 6.16.1
2026-07-13 12:30:56,036 [ERROR] AppliInfo:139 - Unknown STM32CubeMX version: 6.16.1
2026-07-13 12:30:56,036 [ERROR] AppliInfo:139 - Unknown STM32CubeMX version: 6.16.1
2026-07-13 12:30:56,036 [ERROR] AppliInfo:139 - Unknown STM32CubeMX version: 6.16.1
2026-07-13 12:30:56,036 [ERROR] AppliInfo:139 - Unknown STM32CubeMX version: 6.16.1
2026-07-13 12:30:56,036 [ERROR] AppliInfo:139 - Unknown STM32CubeMX version: 6.16.1
2026-07-13 12:30:56,036 [ERROR] AppliInfo:139 - Unknown STM32CubeMX version: 6.16.1
2026-07-13 12:30:56,036 [ERROR] AppliInfo:139 - Unknown STM32CubeMX version: 6.16.1
2026-07-13 12:30:56,036 [ERROR] AppliInfo:139 - Unknown STM32CubeMX version: 6.16.1
2026-07-13 12:30:56,036 [ERROR] AppliInfo:139 - Unknown STM32CubeMX version: 6.16.1
2026-07-13 12:30:56,036 [ERROR] AppliInfo:139 - Unknown STM32CubeMX version: 6.16.1
2026-07-13 12:30:56,036 [ERROR] AppliInfo:139 - Unknown STM32CubeMX version: 6.16.1
2026-07-13 12:30:56,036 [ERROR] AppliInfo:139 - Unknown STM32CubeMX version: 6.16.1
2026-07-13 12:30:56,036 [ERROR] AppliInfo:139 - Unknown STM32CubeMX version: 6.16.1
2026-07-13 12:30:56,036 [ERROR] AppliInfo:139 - Unknown STM32CubeMX version: 6.16.1
2026-07-13 12:30:56,036 [ERROR] AppliInfo:139 - Unknown STM32CubeMX version: 6.16.1
2026-07-13 12:30:56,036 [ERROR] AppliInfo:139 - Unknown STM32CubeMX version: 6.16.1
2026-07-13 12:30:56,036 [ERROR] AppliInfo:139 - Unknown STM32CubeMX version: 6.16.1
2026-07-13 12:30:56,036 [ERROR] AppliInfo:139 - Unknown STM32CubeMX version: 6.16.1
2026-07-13 12:30:56,038 [ERROR] AppliInfo:139 - Unknown STM32CubeMX version: 6.16.1
2026-07-13 12:30:56,038 [ERROR] AppliInfo:139 - Unknown STM32CubeMX version: 6.16.1
2026-07-13 12:30:56,038 [ERROR] AppliInfo:139 - Unknown STM32CubeMX version: 6.16.1
2026-07-13 12:30:56,038 [ERROR] AppliInfo:139 - Unknown STM32CubeMX version: 6.16.1
2026-07-13 12:30:56,038 [ERROR] AppliInfo:139 - Unknown STM32CubeMX version: 6.16.1
2026-07-13 12:30:56,038 [ERROR] AppliInfo:139 - Unknown STM32CubeMX version: 6.16.1
2026-07-13 12:30:56,038 [ERROR] AppliInfo:139 - Unknown STM32CubeMX version: 6.16.1
2026-07-13 12:30:56,038 [ERROR] AppliInfo:139 - Unknown STM32CubeMX version: 6.16.1
2026-07-13 12:30:56,038 [ERROR] AppliInfo:139 - Unknown STM32CubeMX version: 6.16.1
2026-07-13 12:30:56,038 [ERROR] AppliInfo:139 - Unknown STM32CubeMX version: 6.16.1
2026-07-13 12:30:56,038 [ERROR] AppliInfo:139 - Unknown STM32CubeMX version: 6.16.1
2026-07-13 12:30:56,038 [ERROR] AppliInfo:139 - Unknown STM32CubeMX version: 6.16.1
2026-07-13 12:30:56,039 [ERROR] AppliInfo:139 - Unknown STM32CubeMX version: 6.16.1
2026-07-13 12:30:56,039 [ERROR] AppliInfo:139 - Unknown STM32CubeMX version: 6.16.1
2026-07-13 12:30:56,039 [ERROR] AppliInfo:139 - Unknown STM32CubeMX version: 6.16.1
2026-07-13 12:30:56,039 [ERROR] AppliInfo:139 - Unknown STM32CubeMX version: 6.16.1
2026-07-13 12:30:56,039 [ERROR] AppliInfo:139 - Unknown STM32CubeMX version: 6.16.1
2026-07-13 12:30:56,039 [ERROR] AppliInfo:139 - Unknown STM32CubeMX version: 6.16.1
2026-07-13 12:30:56,039 [ERROR] AppliInfo:139 - Unknown STM32CubeMX version: 6.16.1
2026-07-13 12:30:56,039 [ERROR] AppliInfo:139 - Unknown STM32CubeMX version: 6.16.1
2026-07-13 12:30:56,039 [ERROR] AppliInfo:139 - Unknown STM32CubeMX version: 6.16.1
2026-07-13 12:30:56,039 [ERROR] AppliInfo:139 - Unknown STM32CubeMX version: 6.16.1
2026-07-13 12:30:56,039 [ERROR] AppliInfo:139 - Unknown STM32CubeMX version: 6.16.1
2026-07-13 12:30:56,040 [ERROR] AppliInfo:139 - Unknown STM32CubeMX version: 6.16.1
2026-07-13 12:30:56,040 [ERROR] AppliInfo:139 - Unknown STM32CubeMX version: 6.16.1
2026-07-13 12:30:56,040 [ERROR] AppliInfo:139 - Unknown STM32CubeMX version: 6.16.1
2026-07-13 12:30:56,040 [ERROR] AppliInfo:139 - Unknown STM32CubeMX version: 6.16.1
2026-07-13 12:30:56,040 [ERROR] AppliInfo:139 - Unknown STM32CubeMX version: 6.16.1
2026-07-13 12:30:56,040 [ERROR] AppliInfo:139 - Unknown STM32CubeMX version: 6.16.1
2026-07-13 12:30:56,040 [ERROR] AppliInfo:139 - Unknown STM32CubeMX version: 6.16.1
2026-07-13 12:30:56,040 [ERROR] AppliInfo:139 - Unknown STM32CubeMX version: 6.16.1
2026-07-13 12:30:56,040 [ERROR] AppliInfo:139 - Unknown STM32CubeMX version: 6.16.1
2026-07-13 12:30:56,040 [ERROR] AppliInfo:139 - Unknown STM32CubeMX version: 6.16.1
2026-07-13 12:30:56,040 [ERROR] AppliInfo:139 - Unknown STM32CubeMX version: 6.16.1
2026-07-13 12:30:56,041 [ERROR] AppliInfo:139 - Unknown STM32CubeMX version: 6.16.1
2026-07-13 12:30:56,041 [ERROR] AppliInfo:139 - Unknown STM32CubeMX version: 6.16.1
2026-07-13 12:30:56,041 [ERROR] AppliInfo:139 - Unknown STM32CubeMX version: 6.16.1
2026-07-13 12:30:56,041 [ERROR] AppliInfo:139 - Unknown STM32CubeMX version: 6.16.1
2026-07-13 12:30:56,041 [ERROR] AppliInfo:139 - Unknown STM32CubeMX version: 6.16.1
2026-07-13 12:30:56,041 [ERROR] AppliInfo:139 - Unknown STM32CubeMX version: 6.16.1
2026-07-13 12:30:56,041 [ERROR] AppliInfo:139 - Unknown STM32CubeMX version: 6.16.1
2026-07-13 12:30:56,041 [ERROR] AppliInfo:139 - Unknown STM32CubeMX version: 6.16.1
2026-07-13 12:30:56,041 [ERROR] AppliInfo:139 - Unknown STM32CubeMX version: 6.16.1
2026-07-13 12:30:56,041 [ERROR] AppliInfo:139 - Unknown STM32CubeMX version: 6.16.1
2026-07-13 12:30:56,041 [ERROR] AppliInfo:139 - Unknown STM32CubeMX version: 6.16.1
2026-07-13 12:30:56,041 [ERROR] AppliInfo:139 - Unknown STM32CubeMX version: 6.16.1
2026-07-13 12:30:56,041 [ERROR] AppliInfo:139 - Unknown STM32CubeMX version: 6.16.1
2026-07-13 12:30:56,041 [ERROR] AppliInfo:139 - Unknown STM32CubeMX version: 6.16.1
2026-07-13 12:30:56,041 [ERROR] AppliInfo:139 - Unknown STM32CubeMX version: 6.16.1
2026-07-13 12:30:56,041 [ERROR] AppliInfo:139 - Unknown STM32CubeMX version: 6.16.1
2026-07-13 12:30:56,041 [ERROR] AppliInfo:139 - Unknown STM32CubeMX version: 6.16.1
2026-07-13 12:30:56,041 [ERROR] AppliInfo:139 - Unknown STM32CubeMX version: 6.16.1
2026-07-13 12:30:56,041 [ERROR] AppliInfo:139 - Unknown STM32CubeMX version: 6.16.1
2026-07-13 12:30:56,042 [ERROR] AppliInfo:139 - Unknown STM32CubeMX version: 6.16.1
2026-07-13 12:30:56,042 [ERROR] AppliInfo:139 - Unknown STM32CubeMX version: 6.16.1
2026-07-13 12:30:56,046 [ERROR] AppliInfo:139 - Unknown STM32CubeMX version: 6.17.0
2026-07-13 12:30:56,046 [ERROR] AppliInfo:139 - Unknown STM32CubeMX version: 6.17.0
2026-07-13 12:30:56,046 [ERROR] AppliInfo:139 - Unknown STM32CubeMX version: 6.17.0
2026-07-13 12:30:56,046 [ERROR] AppliInfo:139 - Unknown STM32CubeMX version: 6.17.0
2026-07-13 12:30:56,046 [ERROR] AppliInfo:139 - Unknown STM32CubeMX version: 6.17.0
2026-07-13 12:30:56,046 [ERROR] AppliInfo:139 - Unknown STM32CubeMX version: 6.17.0
2026-07-13 12:30:56,046 [ERROR] AppliInfo:139 - Unknown STM32CubeMX version: 6.17.0
2026-07-13 12:30:56,046 [ERROR] AppliInfo:139 - Unknown STM32CubeMX version: 6.17.0
2026-07-13 12:30:56,046 [ERROR] AppliInfo:139 - Unknown STM32CubeMX version: 6.17.0
2026-07-13 12:30:56,046 [ERROR] AppliInfo:139 - Unknown STM32CubeMX version: 6.17.0
2026-07-13 12:30:56,046 [ERROR] AppliInfo:139 - Unknown STM32CubeMX version: 6.17.0
2026-07-13 12:30:56,046 [ERROR] AppliInfo:139 - Unknown STM32CubeMX version: 6.17.0
2026-07-13 12:30:56,046 [ERROR] AppliInfo:139 - Unknown STM32CubeMX version: 6.17.0
2026-07-13 12:30:56,046 [ERROR] AppliInfo:139 - Unknown STM32CubeMX version: 6.17.0
2026-07-13 12:30:56,047 [ERROR] AppliInfo:139 - Unknown STM32CubeMX version: 6.17.0
2026-07-13 12:30:56,047 [ERROR] AppliInfo:139 - Unknown STM32CubeMX version: 6.17.0
2026-07-13 12:30:56,047 [ERROR] AppliInfo:139 - Unknown STM32CubeMX version: 6.17.0
2026-07-13 12:30:56,047 [ERROR] AppliInfo:139 - Unknown STM32CubeMX version: 6.17.0
2026-07-13 12:30:56,047 [ERROR] AppliInfo:139 - Unknown STM32CubeMX version: 6.17.0
2026-07-13 12:30:56,047 [ERROR] AppliInfo:139 - Unknown STM32CubeMX version: 6.17.0
2026-07-13 12:30:56,047 [ERROR] AppliInfo:139 - Unknown STM32CubeMX version: 6.17.0
2026-07-13 12:30:56,047 [ERROR] AppliInfo:139 - Unknown STM32CubeMX version: 6.17.0
2026-07-13 12:30:56,630 [ERROR] LogOutputStream:75 - [STDERR_REDIRECT] [Fatal Error] :1:1: Premature end of file.
2026-07-13 12:30:56,630 [ERROR] LogOutputStream:75 - [STDERR_REDIRECT] 
2026-07-13 12:30:57,621 [ERROR] LogOutputStream:75 - [STDERR_REDIRECT] [Fatal Error] :1:1: Premature end of file.
2026-07-13 12:30:57,621 [ERROR] LogOutputStream:75 - [STDERR_REDIRECT] 
2026-07-13 12:30:58,620 [ERROR] LogOutputStream:75 - [STDERR_REDIRECT] [Fatal Error] :1:1: Premature end of file.
2026-07-13 12:30:58,621 [ERROR] LogOutputStream:75 - [STDERR_REDIRECT] 
2026-07-13 12:30:59,622 [ERROR] LogOutputStream:75 - [STDERR_REDIRECT] [Fatal Error] :1:1: Premature end of file.
2026-07-13 12:30:59,622 [ERROR] LogOutputStream:75 - [STDERR_REDIRECT] 
2026-07-13 12:31:00,625 [ERROR] LogOutputStream:75 - [STDERR_REDIRECT] [Fatal Error] :1:1: Premature end of file.
2026-07-13 12:31:00,626 [ERROR] LogOutputStream:75 - [STDERR_REDIRECT] 
2026-07-13 12:31:01,630 [ERROR] LogOutputStream:75 - [STDERR_REDIRECT] [Fatal Error] :1:1: Premature end of file.
2026-07-13 12:31:01,630 [ERROR] LogOutputStream:75 - [STDERR_REDIRECT] 
2026-07-13 12:31:02,619 [ERROR] LogOutputStream:75 - [STDERR_REDIRECT] [Fatal Error] :1:1: Premature end of file.
2026-07-13 12:31:02,619 [ERROR] LogOutputStream:75 - [STDERR_REDIRECT] 
2026-07-13 12:31:03,626 [ERROR] LogOutputStream:75 - [STDERR_REDIRECT] [Fatal Error] :1:1: Premature end of file.
2026-07-13 12:31:03,626 [ERROR] LogOutputStream:75 - [STDERR_REDIRECT] 
2026-07-13 12:31:04,621 [ERROR] LogOutputStream:75 - [STDERR_REDIRECT] [Fatal Error] :1:1: Premature end of file.
2026-07-13 12:31:04,622 [ERROR] LogOutputStream:75 - [STDERR_REDIRECT] 
2026-07-13 12:31:05,619 [ERROR] LogOutputStream:75 - [STDERR_REDIRECT] [Fatal Error] :1:1: Premature end of file.
2026-07-13 12:31:05,619 [ERROR] LogOutputStream:75 - [STDERR_REDIRECT] 
2026-07-13 12:31:06,622 [ERROR] LogOutputStream:75 - [STDERR_REDIRECT] [Fatal Error] :1:1: Premature end of file.
2026-07-13 12:31:06,623 [ERROR] LogOutputStream:75 - [STDERR_REDIRECT] 
2026-07-13 12:31:07,620 [ERROR] LogOutputStream:75 - [STDERR_REDIRECT] [Fatal Error] :1:1: Premature end of file.
2026-07-13 12:31:07,621 [ERROR] LogOutputStream:75 - [STDERR_REDIRECT] 
2026-07-13 12:31:08,622 [ERROR] LogOutputStream:75 - [STDERR_REDIRECT] [Fatal Error] :1:1: Premature end of file.
2026-07-13 12:31:08,622 [ERROR] LogOutputStream:75 - [STDERR_REDIRECT] 
2026-07-13 12:31:09,618 [ERROR] LogOutputStream:75 - [STDERR_REDIRECT] [Fatal Error] :1:1: Premature end of file.
2026-07-13 12:31:09,619 [ERROR] LogOutputStream:75 - [STDERR_REDIRECT] 
2026-07-13 12:31:10,623 [ERROR] LogOutputStream:75 - [STDERR_REDIRECT] [Fatal Error] :1:1: Premature end of file.
2026-07-13 12:31:10,623 [ERROR] LogOutputStream:75 - [STDERR_REDIRECT] 
2026-07-13 12:31:11,625 [ERROR] LogOutputStream:75 - [STDERR_REDIRECT] [Fatal Error] :1:1: Premature end of file.
2026-07-13 12:31:11,625 [ERROR] LogOutputStream:75 - [STDERR_REDIRECT] 
2026-07-13 12:31:12,618 [ERROR] LogOutputStream:75 - [STDERR_REDIRECT] [Fatal Error] :1:1: Premature end of file.
2026-07-13 12:31:12,618 [ERROR] LogOutputStream:75 - [STDERR_REDIRECT] 
2026-07-13 12:31:13,619 [ERROR] LogOutputStream:75 - [STDERR_REDIRECT] [Fatal Error] :1:1: Premature end of file.
2026-07-13 12:31:13,619 [ERROR] LogOutputStream:75 - [STDERR_REDIRECT] 
2026-07-13 12:31:14,634 [ERROR] LogOutputStream:75 - [STDERR_REDIRECT] [Fatal Error] :1:1: Premature end of file.
2026-07-13 12:31:14,634 [ERROR] LogOutputStream:75 - [STDERR_REDIRECT] 
2026-07-13 12:31:15,625 [ERROR] LogOutputStream:75 - [STDERR_REDIRECT] [Fatal Error] :1:1: Premature end of file.
2026-07-13 12:31:15,626 [ERROR] LogOutputStream:75 - [STDERR_REDIRECT] 
2026-07-13 12:31:16,624 [ERROR] LogOutputStream:75 - [STDERR_REDIRECT] [Fatal Error] :1:1: Premature end of file.
2026-07-13 12:31:16,624 [ERROR] LogOutputStream:75 - [STDERR_REDIRECT] 
2026-07-13 12:31:17,626 [ERROR] LogOutputStream:75 - [STDERR_REDIRECT] [Fatal Error] :1:1: Premature end of file.
2026-07-13 12:31:17,627 [ERROR] LogOutputStream:75 - [STDERR_REDIRECT] 
2026-07-13 12:31:18,625 [ERROR] LogOutputStream:75 - [STDERR_REDIRECT] [Fatal Error] :1:1: Premature end of file.
2026-07-13 12:31:18,625 [ERROR] LogOutputStream:75 - [STDERR_REDIRECT] 
2026-07-13 12:31:19,622 [ERROR] LogOutputStream:75 - [STDERR_REDIRECT] [Fatal Error] :1:1: Premature end of file.
2026-07-13 12:31:19,622 [ERROR] LogOutputStream:75 - [STDERR_REDIRECT] 
2026-07-13 12:31:20,625 [ERROR] LogOutputStream:75 - [STDERR_REDIRECT] [Fatal Error] :1:1: Premature end of file.
2026-07-13 12:31:20,625 [ERROR] LogOutputStream:75 - [STDERR_REDIRECT] 
2026-07-13 12:31:21,622 [ERROR] LogOutputStream:75 - [STDERR_REDIRECT] [Fatal Error] :1:1: Premature end of file.
2026-07-13 12:31:21,623 [ERROR] LogOutputStream:75 - [STDERR_REDIRECT] 
2026-07-13 12:31:22,623 [ERROR] LogOutputStream:75 - [STDERR_REDIRECT] [Fatal Error] :1:1: Premature end of file.
2026-07-13 12:31:22,623 [ERROR] LogOutputStream:75 - [STDERR_REDIRECT] 
2026-07-13 12:31:23,619 [ERROR] LogOutputStream:75 - [STDERR_REDIRECT] [Fatal Error] :1:1: Premature end of file.
2026-07-13 12:31:23,621 [ERROR] LogOutputStream:75 - [STDERR_REDIRECT] 
2026-07-13 12:31:24,621 [ERROR] LogOutputStream:75 - [STDERR_REDIRECT] [Fatal Error] :1:1: Premature end of file.
2026-07-13 12:31:24,621 [ERROR] LogOutputStream:75 - [STDERR_REDIRECT] 
2026-07-13 12:31:25,628 [ERROR] LogOutputStream:75 - [STDERR_REDIRECT] [Fatal Error] :1:1: Premature end of file.
2026-07-13 12:31:25,628 [ERROR] LogOutputStream:75 - [STDERR_REDIRECT] 
2026-07-13 12:31:26,622 [ERROR] LogOutputStream:75 - [STDERR_REDIRECT] [Fatal Error] :1:1: Premature end of file.
2026-07-13 12:31:26,623 [ERROR] LogOutputStream:75 - [STDERR_REDIRECT] 
2026-07-13 12:31:27,620 [ERROR] LogOutputStream:75 - [STDERR_REDIRECT] [Fatal Error] :1:1: Premature end of file.
2026-07-13 12:31:27,620 [ERROR] LogOutputStream:75 - [STDERR_REDIRECT] 
2026-07-13 12:31:28,624 [ERROR] LogOutputStream:75 - [STDERR_REDIRECT] [Fatal Error] :1:1: Premature end of file.
2026-07-13 12:31:28,624 [ERROR] LogOutputStream:75 - [STDERR_REDIRECT] 
2026-07-13 12:31:29,621 [ERROR] LogOutputStream:75 - [STDERR_REDIRECT] [Fatal Error] :1:1: Premature end of file.
2026-07-13 12:31:29,622 [ERROR] LogOutputStream:75 - [STDERR_REDIRECT] 
2026-07-13 12:31:30,619 [ERROR] LogOutputStream:75 - [STDERR_REDIRECT] [Fatal Error] :1:1: Premature end of file.
2026-07-13 12:31:30,619 [ERROR] LogOutputStream:75 - [STDERR_REDIRECT] 
2026-07-13 12:31:31,620 [ERROR] LogOutputStream:75 - [STDERR_REDIRECT] [Fatal Error] :1:1: Premature end of file.
2026-07-13 12:31:31,621 [ERROR] LogOutputStream:75 - [STDERR_REDIRECT] 
2026-07-13 12:31:32,623 [ERROR] LogOutputStream:75 - [STDERR_REDIRECT] [Fatal Error] :1:1: Premature end of file.
2026-07-13 12:31:32,623 [ERROR] LogOutputStream:75 - [STDERR_REDIRECT] 
2026-07-13 12:31:33,621 [ERROR] LogOutputStream:75 - [STDERR_REDIRECT] [Fatal Error] :1:1: Premature end of file.
2026-07-13 12:31:33,621 [ERROR] LogOutputStream:75 - [STDERR_REDIRECT] 
2026-07-13 12:31:34,622 [ERROR] LogOutputStream:75 - [STDERR_REDIRECT] [Fatal Error] :1:1: Premature end of file.
2026-07-13 12:31:34,623 [ERROR] LogOutputStream:75 - [STDERR_REDIRECT] 
2026-07-13 12:31:35,620 [ERROR] LogOutputStream:75 - [STDERR_REDIRECT] [Fatal Error] :1:1: Premature end of file.
2026-07-13 12:31:35,620 [ERROR] LogOutputStream:75 - [STDERR_REDIRECT] 
2026-07-13 12:31:36,620 [ERROR] LogOutputStream:75 - [STDERR_REDIRECT] [Fatal Error] :1:1: Premature end of file.
2026-07-13 12:31:36,620 [ERROR] LogOutputStream:75 - [STDERR_REDIRECT] 
2026-07-13 12:31:37,622 [ERROR] LogOutputStream:75 - [STDERR_REDIRECT] [Fatal Error] :1:1: Premature end of file.
2026-07-13 12:31:37,622 [ERROR] LogOutputStream:75 - [STDERR_REDIRECT] 
2026-07-13 12:31:38,619 [ERROR] LogOutputStream:75 - [STDERR_REDIRECT] [Fatal Error] :1:1: Premature end of file.
2026-07-13 12:31:38,619 [ERROR] LogOutputStream:75 - [STDERR_REDIRECT] 
2026-07-13 12:31:39,628 [ERROR] LogOutputStream:75 - [STDERR_REDIRECT] [Fatal Error] :1:1: Premature end of file.
2026-07-13 12:31:39,628 [ERROR] LogOutputStream:75 - [STDERR_REDIRECT] 
2026-07-13 12:31:40,621 [ERROR] LogOutputStream:75 - [STDERR_REDIRECT] [Fatal Error] :1:1: Premature end of file.
2026-07-13 12:31:40,622 [ERROR] LogOutputStream:75 - [STDERR_REDIRECT] 
2026-07-13 12:31:41,620 [ERROR] LogOutputStream:75 - [STDERR_REDIRECT] [Fatal Error] :1:1: Premature end of file.
2026-07-13 12:31:41,620 [ERROR] LogOutputStream:75 - [STDERR_REDIRECT] 
2026-07-13 12:31:42,621 [ERROR] LogOutputStream:75 - [STDERR_REDIRECT] [Fatal Error] :1:1: Premature end of file.
2026-07-13 12:31:42,621 [ERROR] LogOutputStream:75 - [STDERR_REDIRECT] 
2026-07-13 12:31:43,620 [ERROR] LogOutputStream:75 - [STDERR_REDIRECT] [Fatal Error] :1:1: Premature end of file.
2026-07-13 12:31:43,621 [ERROR] LogOutputStream:75 - [STDERR_REDIRECT] 
2026-07-13 12:31:44,621 [ERROR] LogOutputStream:75 - [STDERR_REDIRECT] [Fatal Error] :1:1: Premature end of file.
2026-07-13 12:31:44,622 [ERROR] LogOutputStream:75 - [STDERR_REDIRECT] 
2026-07-13 12:31:45,621 [ERROR] LogOutputStream:75 - [STDERR_REDIRECT] [Fatal Error] :1:1: Premature end of file.
2026-07-13 12:31:45,621 [ERROR] LogOutputStream:75 - [STDERR_REDIRECT] 
2026-07-13 12:31:46,624 [ERROR] LogOutputStream:75 - [STDERR_REDIRECT] [Fatal Error] :1:1: Premature end of file.
2026-07-13 12:31:46,625 [ERROR] LogOutputStream:75 - [STDERR_REDIRECT] 
2026-07-13 12:31:47,621 [ERROR] LogOutputStream:75 - [STDERR_REDIRECT] [Fatal Error] :1:1: Premature end of file.
2026-07-13 12:31:47,621 [ERROR] LogOutputStream:75 - [STDERR_REDIRECT] 
2026-07-13 12:31:48,624 [ERROR] LogOutputStream:75 - [STDERR_REDIRECT] [Fatal Error] :1:1: Premature end of file.
2026-07-13 12:31:48,624 [ERROR] LogOutputStream:75 - [STDERR_REDIRECT] 
2026-07-13 12:31:49,620 [ERROR] LogOutputStream:75 - [STDERR_REDIRECT] [Fatal Error] :1:1: Premature end of file.
2026-07-13 12:31:49,620 [ERROR] LogOutputStream:75 - [STDERR_REDIRECT] 
2026-07-13 12:31:50,619 [ERROR] LogOutputStream:75 - [STDERR_REDIRECT] [Fatal Error] :1:1: Premature end of file.
2026-07-13 12:31:50,619 [ERROR] LogOutputStream:75 - [STDERR_REDIRECT] 
2026-07-13 12:31:51,620 [ERROR] LogOutputStream:75 - [STDERR_REDIRECT] [Fatal Error] :1:1: Premature end of file.
2026-07-13 12:31:51,620 [ERROR] LogOutputStream:75 - [STDERR_REDIRECT] 
2026-07-13 12:31:52,620 [ERROR] LogOutputStream:75 - [STDERR_REDIRECT] [Fatal Error] :1:1: Premature end of file.
2026-07-13 12:31:52,621 [ERROR] LogOutputStream:75 - [STDERR_REDIRECT] 
2026-07-13 12:31:53,620 [ERROR] LogOutputStream:75 - [STDERR_REDIRECT] [Fatal Error] :1:1: Premature end of file.
2026-07-13 12:31:53,620 [ERROR] LogOutputStream:75 - [STDERR_REDIRECT] 
2026-07-13 12:31:54,621 [ERROR] LogOutputStream:75 - [STDERR_REDIRECT] [Fatal Error] :1:1: Premature end of file.
2026-07-13 12:31:54,621 [ERROR] LogOutputStream:75 - [STDERR_REDIRECT] 
2026-07-13 12:31:55,621 [ERROR] LogOutputStream:75 - [STDERR_REDIRECT] [Fatal Error] :1:1: Premature end of file.
2026-07-13 12:31:55,621 [ERROR] LogOutputStream:75 - [STDERR_REDIRECT] 
2026-07-13 12:31:56,622 [ERROR] LogOutputStream:75 - [STDERR_REDIRECT] [Fatal Error] :1:1: Premature end of file.
2026-07-13 12:31:56,622 [ERROR] LogOutputStream:75 - [STDERR_REDIRECT] 
2026-07-13 12:31:57,622 [ERROR] LogOutputStream:75 - [STDERR_REDIRECT] [Fatal Error] :1:1: Premature end of file.
2026-07-13 12:31:57,623 [ERROR] LogOutputStream:75 - [STDERR_REDIRECT] 
2026-07-13 12:31:58,630 [ERROR] LogOutputStream:75 - [STDERR_REDIRECT] [Fatal Error] :1:1: Premature end of file.
2026-07-13 12:31:58,630 [ERROR] LogOutputStream:75 - [STDERR_REDIRECT] 
2026-07-13 12:31:59,627 [ERROR] LogOutputStream:75 - [STDERR_REDIRECT] [Fatal Error] :1:1: Premature end of file.
2026-07-13 12:31:59,627 [ERROR] LogOutputStream:75 - [STDERR_REDIRECT] 
2026-07-13 12:32:00,622 [ERROR] LogOutputStream:75 - [STDERR_REDIRECT] [Fatal Error] :1:1: Premature end of file.
2026-07-13 12:32:00,622 [ERROR] LogOutputStream:75 - [STDERR_REDIRECT] 
2026-07-13 12:32:01,621 [ERROR] LogOutputStream:75 - [STDERR_REDIRECT] [Fatal Error] :1:1: Premature end of file.
2026-07-13 12:32:01,621 [ERROR] LogOutputStream:75 - [STDERR_REDIRECT] 
2026-07-13 12:32:02,621 [ERROR] LogOutputStream:75 - [STDERR_REDIRECT] [Fatal Error] :1:1: Premature end of file.
2026-07-13 12:32:02,621 [ERROR] LogOutputStream:75 - [STDERR_REDIRECT] 
2026-07-13 12:32:03,621 [ERROR] LogOutputStream:75 - [STDERR_REDIRECT] [Fatal Error] :1:1: Premature end of file.
2026-07-13 12:32:03,621 [ERROR] LogOutputStream:75 - [STDERR_REDIRECT] 
2026-07-13 12:32:04,619 [ERROR] LogOutputStream:75 - [STDERR_REDIRECT] [Fatal Error] :1:1: Premature end of file.
2026-07-13 12:32:04,619 [ERROR] LogOutputStream:75 - [STDERR_REDIRECT] 
2026-07-13 12:32:05,622 [ERROR] LogOutputStream:75 - [STDERR_REDIRECT] [Fatal Error] :1:1: Premature end of file.
2026-07-13 12:32:05,622 [ERROR] LogOutputStream:75 - [STDERR_REDIRECT] 
2026-07-13 12:32:06,619 [ERROR] LogOutputStream:75 - [STDERR_REDIRECT] [Fatal Error] :1:1: Premature end of file.
2026-07-13 12:32:06,621 [ERROR] LogOutputStream:75 - [STDERR_REDIRECT] 
2026-07-13 12:32:07,624 [ERROR] LogOutputStream:75 - [STDERR_REDIRECT] [Fatal Error] :1:1: Premature end of file.
2026-07-13 12:32:07,624 [ERROR] LogOutputStream:75 - [STDERR_REDIRECT] 
2026-07-13 12:32:08,623 [ERROR] LogOutputStream:75 - [STDERR_REDIRECT] [Fatal Error] :1:1: Premature end of file.
2026-07-13 12:32:08,623 [ERROR] LogOutputStream:75 - [STDERR_REDIRECT] 
2026-07-13 12:32:09,626 [ERROR] LogOutputStream:75 - [STDERR_REDIRECT] [Fatal Error] :1:1: Premature end of file.
2026-07-13 12:32:09,626 [ERROR] LogOutputStream:75 - [STDERR_REDIRECT] 
2026-07-13 12:32:10,621 [ERROR] LogOutputStream:75 - [STDERR_REDIRECT] [Fatal Error] :1:1: Premature end of file.
2026-07-13 12:32:10,621 [ERROR] LogOutputStream:75 - [STDERR_REDIRECT] 
2026-07-13 12:32:11,618 [ERROR] LogOutputStream:75 - [STDERR_REDIRECT] [Fatal Error] :1:1: Premature end of file.
2026-07-13 12:32:11,619 [ERROR] LogOutputStream:75 - [STDERR_REDIRECT] 
2026-07-13 12:32:12,625 [ERROR] LogOutputStream:75 - [STDERR_REDIRECT] [Fatal Error] :1:1: Premature end of file.
2026-07-13 12:32:12,625 [ERROR] LogOutputStream:75 - [STDERR_REDIRECT] 
2026-07-13 12:32:13,623 [ERROR] LogOutputStream:75 - [STDERR_REDIRECT] [Fatal Error] :1:1: Premature end of file.
2026-07-13 12:32:13,624 [ERROR] LogOutputStream:75 - [STDERR_REDIRECT] 
2026-07-13 12:32:14,620 [ERROR] LogOutputStream:75 - [STDERR_REDIRECT] [Fatal Error] :1:1: Premature end of file.
2026-07-13 12:32:14,620 [ERROR] LogOutputStream:75 - [STDERR_REDIRECT] 
2026-07-13 12:32:15,623 [ERROR] LogOutputStream:75 - [STDERR_REDIRECT] [Fatal Error] :1:1: Premature end of file.
2026-07-13 12:32:15,623 [ERROR] LogOutputStream:75 - [STDERR_REDIRECT] 
2026-07-13 12:32:16,622 [ERROR] LogOutputStream:75 - [STDERR_REDIRECT] [Fatal Error] :1:1: Premature end of file.
2026-07-13 12:32:16,622 [ERROR] LogOutputStream:75 - [STDERR_REDIRECT] 
2026-07-13 12:32:17,622 [ERROR] LogOutputStream:75 - [STDERR_REDIRECT] [Fatal Error] :1:1: Premature end of file.
2026-07-13 12:32:17,622 [ERROR] LogOutputStream:75 - [STDERR_REDIRECT] 
2026-07-13 12:32:18,622 [ERROR] LogOutputStream:75 - [STDERR_REDIRECT] [Fatal Error] :1:1: Premature end of file.
2026-07-13 12:32:18,622 [ERROR] LogOutputStream:75 - [STDERR_REDIRECT] 
2026-07-13 12:32:19,625 [ERROR] LogOutputStream:75 - [STDERR_REDIRECT] [Fatal Error] :1:1: Premature end of file.
2026-07-13 12:32:19,625 [ERROR] LogOutputStream:75 - [STDERR_REDIRECT] 
2026-07-13 12:32:20,621 [ERROR] LogOutputStream:75 - [STDERR_REDIRECT] [Fatal Error] :1:1: Premature end of file.
2026-07-13 12:32:20,622 [ERROR] LogOutputStream:75 - [STDERR_REDIRECT] 
2026-07-13 12:32:21,620 [ERROR] LogOutputStream:75 - [STDERR_REDIRECT] [Fatal Error] :1:1: Premature end of file.
2026-07-13 12:32:21,620 [ERROR] LogOutputStream:75 - [STDERR_REDIRECT] 
2026-07-13 12:32:22,620 [ERROR] LogOutputStream:75 - [STDERR_REDIRECT] [Fatal Error] :1:1: Premature end of file.
2026-07-13 12:32:22,620 [ERROR] LogOutputStream:75 - [STDERR_REDIRECT] 
2026-07-13 12:32:23,620 [ERROR] LogOutputStream:75 - [STDERR_REDIRECT] [Fatal Error] :1:1: Premature end of file.
2026-07-13 12:32:23,621 [ERROR] LogOutputStream:75 - [STDERR_REDIRECT] 
2026-07-13 12:32:24,626 [ERROR] LogOutputStream:75 - [STDERR_REDIRECT] [Fatal Error] :1:1: Premature end of file.
2026-07-13 12:32:24,626 [ERROR] LogOutputStream:75 - [STDERR_REDIRECT] 
2026-07-13 12:32:25,623 [ERROR] LogOutputStream:75 - [STDERR_REDIRECT] [Fatal Error] :1:1: Premature end of file.
2026-07-13 12:32:25,623 [ERROR] LogOutputStream:75 - [STDERR_REDIRECT] 
2026-07-13 12:32:26,620 [ERROR] LogOutputStream:75 - [STDERR_REDIRECT] [Fatal Error] :1:1: Premature end of file.
2026-07-13 12:32:26,620 [ERROR] LogOutputStream:75 - [STDERR_REDIRECT] 
2026-07-13 12:32:27,622 [ERROR] LogOutputStream:75 - [STDERR_REDIRECT] [Fatal Error] :1:1: Premature end of file.
2026-07-13 12:32:27,668 [ERROR] LogOutputStream:75 - [STDERR_REDIRECT] 
2026-07-13 12:32:28,633 [ERROR] LogOutputStream:75 - [STDERR_REDIRECT] [Fatal Error] :1:1: Premature end of file.
2026-07-13 12:32:28,633 [ERROR] LogOutputStream:75 - [STDERR_REDIRECT] 
2026-07-13 12:32:29,622 [ERROR] LogOutputStream:75 - [STDERR_REDIRECT] [Fatal Error] :1:1: Premature end of file.
2026-07-13 12:32:29,622 [ERROR] LogOutputStream:75 - [STDERR_REDIRECT] 
2026-07-13 12:32:30,623 [ERROR] LogOutputStream:75 - [STDERR_REDIRECT] [Fatal Error] :1:1: Premature end of file.
2026-07-13 12:32:30,624 [ERROR] LogOutputStream:75 - [STDERR_REDIRECT] 
2026-07-13 12:32:31,622 [ERROR] LogOutputStream:75 - [STDERR_REDIRECT] [Fatal Error] :1:1: Premature end of file.
2026-07-13 12:32:31,622 [ERROR] LogOutputStream:75 - [STDERR_REDIRECT] 
2026-07-13 12:32:32,625 [ERROR] LogOutputStream:75 - [STDERR_REDIRECT] [Fatal Error] :1:1: Premature end of file.
2026-07-13 12:32:32,625 [ERROR] LogOutputStream:75 - [STDERR_REDIRECT] 
2026-07-13 12:32:33,619 [ERROR] LogOutputStream:75 - [STDERR_REDIRECT] [Fatal Error] :1:1: Premature end of file.
2026-07-13 12:32:33,619 [ERROR] LogOutputStream:75 - [STDERR_REDIRECT] 
2026-07-13 12:32:34,622 [ERROR] LogOutputStream:75 - [STDERR_REDIRECT] [Fatal Error] :1:1: Premature end of file.
2026-07-13 12:32:34,622 [ERROR] LogOutputStream:75 - [STDERR_REDIRECT] 
2026-07-13 12:32:35,622 [ERROR] LogOutputStream:75 - [STDERR_REDIRECT] [Fatal Error] :1:1: Premature end of file.
2026-07-13 12:32:35,622 [ERROR] LogOutputStream:75 - [STDERR_REDIRECT] 
2026-07-13 12:32:36,620 [ERROR] LogOutputStream:75 - [STDERR_REDIRECT] [Fatal Error] :1:1: Premature end of file.
2026-07-13 12:32:36,621 [ERROR] LogOutputStream:75 - [STDERR_REDIRECT] 
2026-07-13 12:32:37,622 [ERROR] LogOutputStream:75 - [STDERR_REDIRECT] [Fatal Error] :1:1: Premature end of file.
2026-07-13 12:32:37,622 [ERROR] LogOutputStream:75 - [STDERR_REDIRECT] 
2026-07-13 12:32:38,619 [ERROR] LogOutputStream:75 - [STDERR_REDIRECT] [Fatal Error] :1:1: Premature end of file.
2026-07-13 12:32:38,619 [ERROR] LogOutputStream:75 - [STDERR_REDIRECT] 
2026-07-13 12:32:39,625 [ERROR] LogOutputStream:75 - [STDERR_REDIRECT] [Fatal Error] :1:1: Premature end of file.
2026-07-13 12:32:39,625 [ERROR] LogOutputStream:75 - [STDERR_REDIRECT] 
2026-07-13 12:32:40,620 [ERROR] LogOutputStream:75 - [STDERR_REDIRECT] [Fatal Error] :1:1: Premature end of file.
2026-07-13 12:32:40,621 [ERROR] LogOutputStream:75 - [STDERR_REDIRECT] 
2026-07-13 12:32:41,622 [ERROR] LogOutputStream:75 - [STDERR_REDIRECT] [Fatal Error] :1:1: Premature end of file.
2026-07-13 12:32:41,622 [ERROR] LogOutputStream:75 - [STDERR_REDIRECT] 
2026-07-13 12:32:42,620 [ERROR] LogOutputStream:75 - [STDERR_REDIRECT] [Fatal Error] :1:1: Premature end of file.
2026-07-13 12:32:42,620 [ERROR] LogOutputStream:75 - [STDERR_REDIRECT] 
2026-07-13 12:32:43,626 [ERROR] LogOutputStream:75 - [STDERR_REDIRECT] [Fatal Error] :1:1: Premature end of file.
2026-07-13 12:32:43,626 [ERROR] LogOutputStream:75 - [STDERR_REDIRECT] 
2026-07-13 12:32:44,630 [ERROR] LogOutputStream:75 - [STDERR_REDIRECT] [Fatal Error] :1:1: Premature end of file.
2026-07-13 12:32:44,630 [ERROR] LogOutputStream:75 - [STDERR_REDIRECT] 
2026-07-13 12:32:44,932 [INFO] McuFinderGlobals:76 - Set McuFinderConnectedMode to true
2026-07-13 12:32:44,935 [INFO] ApiDb:448 - Save user favorites file C:\Users\elena/.stm32cubeide/favorites.mcus.txt: 0 item(s)
2026-07-13 12:32:44,936 [INFO] ApiDb:452 - User favorites MCUs=[]
2026-07-13 12:32:44,937 [INFO] ApiDb:448 - Save user favorites file C:\Users\elena/.stm32cubeide/favorites.boards.txt: 0 item(s)
2026-07-13 12:32:44,937 [INFO] ApiDb:452 - User favorites Boards=[]
2026-07-13 12:32:44,940 [INFO] ApiDb:448 - Save user favorites file C:\Users\elena/.stm32cubeide/favorites.examples.txt: 0 item(s)
2026-07-13 12:32:44,941 [INFO] ApiDb:452 - User favorites Examples=[]
2026-07-13 12:32:45,620 [ERROR] LogOutputStream:75 - [STDERR_REDIRECT] [Fatal Error] :1:1: Premature end of file.
2026-07-13 12:32:45,620 [ERROR] LogOutputStream:75 - [STDERR_REDIRECT] 
2026-07-13 12:32:46,622 [ERROR] LogOutputStream:75 - [STDERR_REDIRECT] [Fatal Error] :1:1: Premature end of file.
2026-07-13 12:32:46,622 [ERROR] LogOutputStream:75 - [STDERR_REDIRECT] 
2026-07-13 12:32:47,622 [ERROR] LogOutputStream:75 - [STDERR_REDIRECT] [Fatal Error] :1:1: Premature end of file.
2026-07-13 12:32:47,622 [ERROR] LogOutputStream:75 - [STDERR_REDIRECT] 
2026-07-13 12:32:48,622 [ERROR] LogOutputStream:75 - [STDERR_REDIRECT] [Fatal Error] :1:1: Premature end of file.
2026-07-13 12:32:48,623 [ERROR] LogOutputStream:75 - [STDERR_REDIRECT] 
2026-07-13 12:32:49,622 [ERROR] LogOutputStream:75 - [STDERR_REDIRECT] [Fatal Error] :1:1: Premature end of file.
2026-07-13 12:32:49,622 [ERROR] LogOutputStream:75 - [STDERR_REDIRECT] 
2026-07-13 12:32:50,636 [ERROR] LogOutputStream:75 - [STDERR_REDIRECT] [Fatal Error] :1:1: Premature end of file.
2026-07-13 12:32:50,637 [ERROR] LogOutputStream:75 - [STDERR_REDIRECT] 
2026-07-13 12:32:51,637 [ERROR] LogOutputStream:75 - [STDERR_REDIRECT] [Fatal Error] :1:1: Premature end of file.
2026-07-13 12:32:51,637 [ERROR] LogOutputStream:75 - [STDERR_REDIRECT] 
2026-07-13 12:32:52,620 [ERROR] LogOutputStream:75 - [STDERR_REDIRECT] [Fatal Error] :1:1: Premature end of file.
2026-07-13 12:32:52,620 [ERROR] LogOutputStream:75 - [STDERR_REDIRECT] 
2026-07-13 12:32:53,623 [ERROR] LogOutputStream:75 - [STDERR_REDIRECT] [Fatal Error] :1:1: Premature end of file.
2026-07-13 12:32:53,623 [ERROR] LogOutputStream:75 - [STDERR_REDIRECT] 
2026-07-13 12:32:54,622 [ERROR] LogOutputStream:75 - [STDERR_REDIRECT] [Fatal Error] :1:1: Premature end of file.
2026-07-13 12:32:54,622 [ERROR] LogOutputStream:75 - [STDERR_REDIRECT] 
2026-07-13 12:32:55,620 [ERROR] LogOutputStream:75 - [STDERR_REDIRECT] [Fatal Error] :1:1: Premature end of file.
2026-07-13 12:32:55,620 [ERROR] LogOutputStream:75 - [STDERR_REDIRECT] 
2026-07-13 12:32:56,627 [ERROR] LogOutputStream:75 - [STDERR_REDIRECT] [Fatal Error] :1:1: Premature end of file.
2026-07-13 12:32:56,627 [ERROR] LogOutputStream:75 - [STDERR_REDIRECT] 
2026-07-13 12:32:57,640 [ERROR] LogOutputStream:75 - [STDERR_REDIRECT] [Fatal Error] :1:1: Premature end of file.
2026-07-13 12:32:57,640 [ERROR] LogOutputStream:75 - [STDERR_REDIRECT] 
2026-07-13 12:32:58,620 [ERROR] LogOutputStream:75 - [STDERR_REDIRECT] [Fatal Error] :1:1: Premature end of file.
2026-07-13 12:32:58,620 [ERROR] LogOutputStream:75 - [STDERR_REDIRECT] 
2026-07-13 12:32:59,628 [ERROR] LogOutputStream:75 - [STDERR_REDIRECT] [Fatal Error] :1:1: Premature end of file.
2026-07-13 12:32:59,628 [ERROR] LogOutputStream:75 - [STDERR_REDIRECT] 
2026-07-13 12:33:00,626 [ERROR] LogOutputStream:75 - [STDERR_REDIRECT] [Fatal Error] :1:1: Premature end of file.
2026-07-13 12:33:00,626 [ERROR] LogOutputStream:75 - [STDERR_REDIRECT] 
2026-07-13 12:33:01,627 [ERROR] LogOutputStream:75 - [STDERR_REDIRECT] [Fatal Error] :1:1: Premature end of file.
2026-07-13 12:33:01,627 [ERROR] LogOutputStream:75 - [STDERR_REDIRECT] 
2026-07-13 12:33:02,623 [ERROR] LogOutputStream:75 - [STDERR_REDIRECT] [Fatal Error] :1:1: Premature end of file.
2026-07-13 12:33:02,623 [ERROR] LogOutputStream:75 - [STDERR_REDIRECT] 
2026-07-13 12:33:03,632 [ERROR] LogOutputStream:75 - [STDERR_REDIRECT] [Fatal Error] :1:1: Premature end of file.
2026-07-13 12:33:03,632 [ERROR] LogOutputStream:75 - [STDERR_REDIRECT] 
2026-07-13 12:33:04,619 [ERROR] LogOutputStream:75 - [STDERR_REDIRECT] [Fatal Error] :1:1: Premature end of file.
2026-07-13 12:33:04,620 [ERROR] LogOutputStream:75 - [STDERR_REDIRECT] 
2026-07-13 12:33:05,622 [ERROR] LogOutputStream:75 - [STDERR_REDIRECT] [Fatal Error] :1:1: Premature end of file.
2026-07-13 12:33:05,623 [ERROR] LogOutputStream:75 - [STDERR_REDIRECT] 
2026-07-13 12:33:06,620 [ERROR] LogOutputStream:75 - [STDERR_REDIRECT] [Fatal Error] :1:1: Premature end of file.
2026-07-13 12:33:06,620 [ERROR] LogOutputStream:75 - [STDERR_REDIRECT] 
2026-07-13 12:33:07,621 [ERROR] LogOutputStream:75 - [STDERR_REDIRECT] [Fatal Error] :1:1: Premature end of file.
2026-07-13 12:33:07,621 [ERROR] LogOutputStream:75 - [STDERR_REDIRECT] 
2026-07-13 12:33:08,624 [ERROR] LogOutputStream:75 - [STDERR_REDIRECT] [Fatal Error] :1:1: Premature end of file.
2026-07-13 12:33:08,624 [ERROR] LogOutputStream:75 - [STDERR_REDIRECT] 
2026-07-13 12:33:09,620 [ERROR] LogOutputStream:75 - [STDERR_REDIRECT] [Fatal Error] :1:1: Premature end of file.
2026-07-13 12:33:09,620 [ERROR] LogOutputStream:75 - [STDERR_REDIRECT] 
2026-07-13 12:33:10,621 [ERROR] LogOutputStream:75 - [STDERR_REDIRECT] [Fatal Error] :1:1: Premature end of file.
2026-07-13 12:33:10,621 [ERROR] LogOutputStream:75 - [STDERR_REDIRECT] 
2026-07-13 12:33:11,644 [ERROR] LogOutputStream:75 - [STDERR_REDIRECT] [Fatal Error] :1:1: Premature end of file.
2026-07-13 12:33:11,644 [ERROR] LogOutputStream:75 - [STDERR_REDIRECT] 
2026-07-13 12:33:12,621 [ERROR] LogOutputStream:75 - [STDERR_REDIRECT] [Fatal Error] :1:1: Premature end of file.
2026-07-13 12:33:12,622 [ERROR] LogOutputStream:75 - [STDERR_REDIRECT] 
2026-07-13 12:33:13,625 [ERROR] LogOutputStream:75 - [STDERR_REDIRECT] [Fatal Error] :1:1: Premature end of file.
2026-07-13 12:33:13,625 [ERROR] LogOutputStream:75 - [STDERR_REDIRECT] 
2026-07-13 12:33:14,620 [ERROR] LogOutputStream:75 - [STDERR_REDIRECT] [Fatal Error] :1:1: Premature end of file.
2026-07-13 12:33:14,621 [ERROR] LogOutputStream:75 - [STDERR_REDIRECT] 
2026-07-13 12:33:15,623 [ERROR] LogOutputStream:75 - [STDERR_REDIRECT] [Fatal Error] :1:1: Premature end of file.
2026-07-13 12:33:15,623 [ERROR] LogOutputStream:75 - [STDERR_REDIRECT] 
2026-07-13 12:33:16,622 [ERROR] LogOutputStream:75 - [STDERR_REDIRECT] [Fatal Error] :1:1: Premature end of file.
2026-07-13 12:33:16,623 [ERROR] LogOutputStream:75 - [STDERR_REDIRECT] 
2026-07-13 12:33:17,629 [ERROR] LogOutputStream:75 - [STDERR_REDIRECT] [Fatal Error] :1:1: Premature end of file.
2026-07-13 12:33:17,629 [ERROR] LogOutputStream:75 - [STDERR_REDIRECT] 
2026-07-13 12:33:18,620 [ERROR] LogOutputStream:75 - [STDERR_REDIRECT] [Fatal Error] :1:1: Premature end of file.
2026-07-13 12:33:18,620 [ERROR] LogOutputStream:75 - [STDERR_REDIRECT] 
2026-07-13 12:33:19,628 [ERROR] LogOutputStream:75 - [STDERR_REDIRECT] [Fatal Error] :1:1: Premature end of file.
2026-07-13 12:33:19,628 [ERROR] LogOutputStream:75 - [STDERR_REDIRECT] 
2026-07-13 12:33:20,626 [ERROR] LogOutputStream:75 - [STDERR_REDIRECT] [Fatal Error] :1:1: Premature end of file.
2026-07-13 12:33:20,626 [ERROR] LogOutputStream:75 - [STDERR_REDIRECT] 
2026-07-13 12:33:21,626 [ERROR] LogOutputStream:75 - [STDERR_REDIRECT] [Fatal Error] :1:1: Premature end of file.
2026-07-13 12:33:21,626 [ERROR] LogOutputStream:75 - [STDERR_REDIRECT] 
2026-07-13 12:33:22,620 [ERROR] LogOutputStream:75 - [STDERR_REDIRECT] [Fatal Error] :1:1: Premature end of file.
2026-07-13 12:33:22,620 [ERROR] LogOutputStream:75 - [STDERR_REDIRECT] 
2026-07-13 12:33:23,621 [ERROR] LogOutputStream:75 - [STDERR_REDIRECT] [Fatal Error] :1:1: Premature end of file.
2026-07-13 12:33:23,621 [ERROR] LogOutputStream:75 - [STDERR_REDIRECT] 
2026-07-13 12:33:24,623 [ERROR] LogOutputStream:75 - [STDERR_REDIRECT] [Fatal Error] :1:1: Premature end of file.
2026-07-13 12:33:24,623 [ERROR] LogOutputStream:75 - [STDERR_REDIRECT] 
2026-07-13 12:33:25,625 [ERROR] LogOutputStream:75 - [STDERR_REDIRECT] [Fatal Error] :1:1: Premature end of file.
2026-07-13 12:33:25,626 [ERROR] LogOutputStream:75 - [STDERR_REDIRECT] 
2026-07-13 12:33:26,622 [ERROR] LogOutputStream:75 - [STDERR_REDIRECT] [Fatal Error] :1:1: Premature end of file.
2026-07-13 12:33:26,622 [ERROR] LogOutputStream:75 - [STDERR_REDIRECT] 
2026-07-13 12:33:27,627 [ERROR] LogOutputStream:75 - [STDERR_REDIRECT] [Fatal Error] :1:1: Premature end of file.
2026-07-13 12:33:27,627 [ERROR] LogOutputStream:75 - [STDERR_REDIRECT] 
2026-07-13 12:33:28,620 [ERROR] LogOutputStream:75 - [STDERR_REDIRECT] [Fatal Error] :1:1: Premature end of file.
2026-07-13 12:33:28,620 [ERROR] LogOutputStream:75 - [STDERR_REDIRECT] 
2026-07-13 12:33:29,631 [ERROR] LogOutputStream:75 - [STDERR_REDIRECT] [Fatal Error] :1:1: Premature end of file.
2026-07-13 12:33:29,632 [ERROR] LogOutputStream:75 - [STDERR_REDIRECT] 
2026-07-13 12:33:30,623 [ERROR] LogOutputStream:75 - [STDERR_REDIRECT] [Fatal Error] :1:1: Premature end of file.
2026-07-13 12:33:30,623 [ERROR] LogOutputStream:75 - [STDERR_REDIRECT] 
2026-07-13 12:33:31,626 [ERROR] LogOutputStream:75 - [STDERR_REDIRECT] [Fatal Error] :1:1: Premature end of file.
2026-07-13 12:33:31,626 [ERROR] LogOutputStream:75 - [STDERR_REDIRECT] 
2026-07-13 12:33:32,626 [ERROR] LogOutputStream:75 - [STDERR_REDIRECT] [Fatal Error] :1:1: Premature end of file.
2026-07-13 12:33:32,626 [ERROR] LogOutputStream:75 - [STDERR_REDIRECT] 
2026-07-13 12:33:33,620 [ERROR] LogOutputStream:75 - [STDERR_REDIRECT] [Fatal Error] :1:1: Premature end of file.
2026-07-13 12:33:33,620 [ERROR] LogOutputStream:75 - [STDERR_REDIRECT] 
2026-07-13 12:33:34,626 [ERROR] LogOutputStream:75 - [STDERR_REDIRECT] [Fatal Error] :1:1: Premature end of file.
2026-07-13 12:33:34,626 [ERROR] LogOutputStream:75 - [STDERR_REDIRECT] 
2026-07-13 12:33:35,622 [ERROR] LogOutputStream:75 - [STDERR_REDIRECT] [Fatal Error] :1:1: Premature end of file.
2026-07-13 12:33:35,622 [ERROR] LogOutputStream:75 - [STDERR_REDIRECT] 
2026-07-13 12:33:36,621 [ERROR] LogOutputStream:75 - [STDERR_REDIRECT] [Fatal Error] :1:1: Premature end of file.
2026-07-13 12:33:36,621 [ERROR] LogOutputStream:75 - [STDERR_REDIRECT] 
2026-07-13 12:33:37,619 [ERROR] LogOutputStream:75 - [STDERR_REDIRECT] [Fatal Error] :1:1: Premature end of file.
2026-07-13 12:33:37,619 [ERROR] LogOutputStream:75 - [STDERR_REDIRECT] 
2026-07-13 12:33:38,619 [ERROR] LogOutputStream:75 - [STDERR_REDIRECT] [Fatal Error] :1:1: Premature end of file.
2026-07-13 12:33:38,620 [ERROR] LogOutputStream:75 - [STDERR_REDIRECT] 
2026-07-13 12:33:39,621 [ERROR] LogOutputStream:75 - [STDERR_REDIRECT] [Fatal Error] :1:1: Premature end of file.
2026-07-13 12:33:39,621 [ERROR] LogOutputStream:75 - [STDERR_REDIRECT] 
2026-07-13 12:33:40,621 [ERROR] LogOutputStream:75 - [STDERR_REDIRECT] [Fatal Error] :1:1: Premature end of file.
2026-07-13 12:33:40,621 [ERROR] LogOutputStream:75 - [STDERR_REDIRECT] 
2026-07-13 12:33:41,620 [ERROR] LogOutputStream:75 - [STDERR_REDIRECT] [Fatal Error] :1:1: Premature end of file.
2026-07-13 12:33:41,620 [ERROR] LogOutputStream:75 - [STDERR_REDIRECT] 
2026-07-13 12:33:42,620 [ERROR] LogOutputStream:75 - [STDERR_REDIRECT] [Fatal Error] :1:1: Premature end of file.
2026-07-13 12:33:42,620 [ERROR] LogOutputStream:75 - [STDERR_REDIRECT] 
2026-07-13 12:33:43,624 [ERROR] LogOutputStream:75 - [STDERR_REDIRECT] [Fatal Error] :1:1: Premature end of file.
2026-07-13 12:33:43,624 [ERROR] LogOutputStream:75 - [STDERR_REDIRECT] 
2026-07-13 12:33:44,623 [ERROR] LogOutputStream:75 - [STDERR_REDIRECT] [Fatal Error] :1:1: Premature end of file.
2026-07-13 12:33:44,623 [ERROR] LogOutputStream:75 - [STDERR_REDIRECT] 
2026-07-13 12:33:45,621 [ERROR] LogOutputStream:75 - [STDERR_REDIRECT] [Fatal Error] :1:1: Premature end of file.
2026-07-13 12:33:45,621 [ERROR] LogOutputStream:75 - [STDERR_REDIRECT] 
2026-07-13 12:33:46,622 [ERROR] LogOutputStream:75 - [STDERR_REDIRECT] [Fatal Error] :1:1: Premature end of file.
2026-07-13 12:33:46,622 [ERROR] LogOutputStream:75 - [STDERR_REDIRECT] 
2026-07-13 12:33:47,619 [ERROR] LogOutputStream:75 - [STDERR_REDIRECT] [Fatal Error] :1:1: Premature end of file.
2026-07-13 12:33:47,619 [ERROR] LogOutputStream:75 - [STDERR_REDIRECT] 
2026-07-13 12:33:48,620 [ERROR] LogOutputStream:75 - [STDERR_REDIRECT] [Fatal Error] :1:1: Premature end of file.
2026-07-13 12:33:48,620 [ERROR] LogOutputStream:75 - [STDERR_REDIRECT] 
2026-07-13 12:33:49,628 [ERROR] LogOutputStream:75 - [STDERR_REDIRECT] [Fatal Error] :1:1: Premature end of file.
2026-07-13 12:33:49,628 [ERROR] LogOutputStream:75 - [STDERR_REDIRECT] 
2026-07-13 12:33:50,628 [ERROR] LogOutputStream:75 - [STDERR_REDIRECT] [Fatal Error] :1:1: Premature end of file.
2026-07-13 12:33:50,628 [ERROR] LogOutputStream:75 - [STDERR_REDIRECT] 
2026-07-13 12:33:51,621 [ERROR] LogOutputStream:75 - [STDERR_REDIRECT] [Fatal Error] :1:1: Premature end of file.
2026-07-13 12:33:51,621 [ERROR] LogOutputStream:75 - [STDERR_REDIRECT] 
2026-07-13 12:33:52,624 [ERROR] LogOutputStream:75 - [STDERR_REDIRECT] [Fatal Error] :1:1: Premature end of file.
2026-07-13 12:33:52,624 [ERROR] LogOutputStream:75 - [STDERR_REDIRECT] 
2026-07-13 12:33:53,620 [ERROR] LogOutputStream:75 - [STDERR_REDIRECT] [Fatal Error] :1:1: Premature end of file.
2026-07-13 12:33:53,620 [ERROR] LogOutputStream:75 - [STDERR_REDIRECT] 
2026-07-13 12:33:54,620 [ERROR] LogOutputStream:75 - [STDERR_REDIRECT] [Fatal Error] :1:1: Premature end of file.
2026-07-13 12:33:54,620 [ERROR] LogOutputStream:75 - [STDERR_REDIRECT] 
2026-07-13 12:33:55,621 [ERROR] LogOutputStream:75 - [STDERR_REDIRECT] [Fatal Error] :1:1: Premature end of file.
2026-07-13 12:33:55,622 [ERROR] LogOutputStream:75 - [STDERR_REDIRECT] 
2026-07-13 12:33:56,620 [ERROR] LogOutputStream:75 - [STDERR_REDIRECT] [Fatal Error] :1:1: Premature end of file.
2026-07-13 12:33:56,620 [ERROR] LogOutputStream:75 - [STDERR_REDIRECT] 
2026-07-13 12:33:57,624 [ERROR] LogOutputStream:75 - [STDERR_REDIRECT] [Fatal Error] :1:1: Premature end of file.
2026-07-13 12:33:57,624 [ERROR] LogOutputStream:75 - [STDERR_REDIRECT] 
2026-07-13 12:33:58,621 [ERROR] LogOutputStream:75 - [STDERR_REDIRECT] [Fatal Error] :1:1: Premature end of file.
2026-07-13 12:33:58,621 [ERROR] LogOutputStream:75 - [STDERR_REDIRECT] 
2026-07-13 12:33:59,621 [ERROR] LogOutputStream:75 - [STDERR_REDIRECT] [Fatal Error] :1:1: Premature end of file.
2026-07-13 12:33:59,621 [ERROR] LogOutputStream:75 - [STDERR_REDIRECT] 
2026-07-13 12:34:00,623 [ERROR] LogOutputStream:75 - [STDERR_REDIRECT] [Fatal Error] :1:1: Premature end of file.
2026-07-13 12:34:00,623 [ERROR] LogOutputStream:75 - [STDERR_REDIRECT] 
2026-07-13 12:34:01,620 [ERROR] LogOutputStream:75 - [STDERR_REDIRECT] [Fatal Error] :1:1: Premature end of file.
2026-07-13 12:34:01,620 [ERROR] LogOutputStream:75 - [STDERR_REDIRECT] 
2026-07-13 12:34:02,621 [ERROR] LogOutputStream:75 - [STDERR_REDIRECT] [Fatal Error] :1:1: Premature end of file.
2026-07-13 12:34:02,621 [ERROR] LogOutputStream:75 - [STDERR_REDIRECT] 
2026-07-13 12:34:03,620 [ERROR] LogOutputStream:75 - [STDERR_REDIRECT] [Fatal Error] :1:1: Premature end of file.
2026-07-13 12:34:03,620 [ERROR] LogOutputStream:75 - [STDERR_REDIRECT] 
2026-07-13 12:34:04,623 [ERROR] LogOutputStream:75 - [STDERR_REDIRECT] [Fatal Error] :1:1: Premature end of file.
2026-07-13 12:34:04,623 [ERROR] LogOutputStream:75 - [STDERR_REDIRECT] 
2026-07-13 12:34:05,619 [ERROR] LogOutputStream:75 - [STDERR_REDIRECT] [Fatal Error] :1:1: Premature end of file.
2026-07-13 12:34:05,619 [ERROR] LogOutputStream:75 - [STDERR_REDIRECT] 
2026-07-13 12:34:06,622 [ERROR] LogOutputStream:75 - [STDERR_REDIRECT] [Fatal Error] :1:1: Premature end of file.
2026-07-13 12:34:06,622 [ERROR] LogOutputStream:75 - [STDERR_REDIRECT] 
2026-07-13 12:34:07,629 [ERROR] LogOutputStream:75 - [STDERR_REDIRECT] [Fatal Error] :1:1: Premature end of file.
2026-07-13 12:34:07,629 [ERROR] LogOutputStream:75 - [STDERR_REDIRECT] 
2026-07-13 12:34:08,625 [ERROR] LogOutputStream:75 - [STDERR_REDIRECT] [Fatal Error] :1:1: Premature end of file.
2026-07-13 12:34:08,625 [ERROR] LogOutputStream:75 - [STDERR_REDIRECT] 
2026-07-13 12:34:09,619 [ERROR] LogOutputStream:75 - [STDERR_REDIRECT] [Fatal Error] :1:1: Premature end of file.
2026-07-13 12:34:09,619 [ERROR] LogOutputStream:75 - [STDERR_REDIRECT] 
2026-07-13 12:34:10,621 [ERROR] LogOutputStream:75 - [STDERR_REDIRECT] [Fatal Error] :1:1: Premature end of file.
2026-07-13 12:34:10,621 [ERROR] LogOutputStream:75 - [STDERR_REDIRECT] 
2026-07-13 12:34:11,621 [ERROR] LogOutputStream:75 - [STDERR_REDIRECT] [Fatal Error] :1:1: Premature end of file.
2026-07-13 12:34:11,621 [ERROR] LogOutputStream:75 - [STDERR_REDIRECT] 
2026-07-13 12:34:12,620 [ERROR] LogOutputStream:75 - [STDERR_REDIRECT] [Fatal Error] :1:1: Premature end of file.
2026-07-13 12:34:12,620 [ERROR] LogOutputStream:75 - [STDERR_REDIRECT] 
2026-07-13 12:34:13,621 [ERROR] LogOutputStream:75 - [STDERR_REDIRECT] [Fatal Error] :1:1: Premature end of file.
2026-07-13 12:34:13,621 [ERROR] LogOutputStream:75 - [STDERR_REDIRECT] 
2026-07-13 12:34:14,621 [ERROR] LogOutputStream:75 - [STDERR_REDIRECT] [Fatal Error] :1:1: Premature end of file.
2026-07-13 12:34:14,621 [ERROR] LogOutputStream:75 - [STDERR_REDIRECT] 
2026-07-13 12:34:15,629 [ERROR] LogOutputStream:75 - [STDERR_REDIRECT] [Fatal Error] :1:1: Premature end of file.
2026-07-13 12:34:15,629 [ERROR] LogOutputStream:75 - [STDERR_REDIRECT] 
2026-07-13 12:34:16,626 [ERROR] LogOutputStream:75 - [STDERR_REDIRECT] [Fatal Error] :1:1: Premature end of file.
2026-07-13 12:34:16,626 [ERROR] LogOutputStream:75 - [STDERR_REDIRECT] 
2026-07-13 12:34:17,633 [ERROR] LogOutputStream:75 - [STDERR_REDIRECT] [Fatal Error] :1:1: Premature end of file.
2026-07-13 12:34:17,633 [ERROR] LogOutputStream:75 - [STDERR_REDIRECT] 
2026-07-13 12:34:18,629 [ERROR] LogOutputStream:75 - [STDERR_REDIRECT] [Fatal Error] :1:1: Premature end of file.
2026-07-13 12:34:18,629 [ERROR] LogOutputStream:75 - [STDERR_REDIRECT] 
2026-07-13 12:34:19,621 [ERROR] LogOutputStream:75 - [STDERR_REDIRECT] [Fatal Error] :1:1: Premature end of file.
2026-07-13 12:34:19,621 [ERROR] LogOutputStream:75 - [STDERR_REDIRECT] 
2026-07-13 12:34:20,624 [ERROR] LogOutputStream:75 - [STDERR_REDIRECT] [Fatal Error] :1:1: Premature end of file.
2026-07-13 12:34:20,624 [ERROR] LogOutputStream:75 - [STDERR_REDIRECT] 
2026-07-13 12:34:21,627 [ERROR] LogOutputStream:75 - [STDERR_REDIRECT] [Fatal Error] :1:1: Premature end of file.
2026-07-13 12:34:21,627 [ERROR] LogOutputStream:75 - [STDERR_REDIRECT] 
2026-07-13 12:34:22,623 [ERROR] LogOutputStream:75 - [STDERR_REDIRECT] [Fatal Error] :1:1: Premature end of file.
2026-07-13 12:34:22,623 [ERROR] LogOutputStream:75 - [STDERR_REDIRECT] 
2026-07-13 12:34:23,623 [ERROR] LogOutputStream:75 - [STDERR_REDIRECT] [Fatal Error] :1:1: Premature end of file.
2026-07-13 12:34:23,623 [ERROR] LogOutputStream:75 - [STDERR_REDIRECT] 
2026-07-13 12:34:24,619 [ERROR] LogOutputStream:75 - [STDERR_REDIRECT] [Fatal Error] :1:1: Premature end of file.
2026-07-13 12:34:24,619 [ERROR] LogOutputStream:75 - [STDERR_REDIRECT] 
2026-07-13 12:34:25,623 [ERROR] LogOutputStream:75 - [STDERR_REDIRECT] [Fatal Error] :1:1: Premature end of file.
2026-07-13 12:34:25,623 [ERROR] LogOutputStream:75 - [STDERR_REDIRECT] 
2026-07-13 12:34:26,622 [ERROR] LogOutputStream:75 - [STDERR_REDIRECT] [Fatal Error] :1:1: Premature end of file.
2026-07-13 12:34:26,622 [ERROR] LogOutputStream:75 - [STDERR_REDIRECT] 
2026-07-13 12:34:27,621 [ERROR] LogOutputStream:75 - [STDERR_REDIRECT] [Fatal Error] :1:1: Premature end of file.
2026-07-13 12:34:27,621 [ERROR] LogOutputStream:75 - [STDERR_REDIRECT] 
2026-07-13 12:34:28,621 [ERROR] LogOutputStream:75 - [STDERR_REDIRECT] [Fatal Error] :1:1: Premature end of file.
2026-07-13 12:34:28,621 [ERROR] LogOutputStream:75 - [STDERR_REDIRECT] 
2026-07-13 12:34:29,619 [ERROR] LogOutputStream:75 - [STDERR_REDIRECT] [Fatal Error] :1:1: Premature end of file.
2026-07-13 12:34:29,619 [ERROR] LogOutputStream:75 - [STDERR_REDIRECT] 
2026-07-13 12:34:30,620 [ERROR] LogOutputStream:75 - [STDERR_REDIRECT] [Fatal Error] :1:1: Premature end of file.
2026-07-13 12:34:30,620 [ERROR] LogOutputStream:75 - [STDERR_REDIRECT] 
2026-07-13 12:34:31,621 [ERROR] LogOutputStream:75 - [STDERR_REDIRECT] [Fatal Error] :1:1: Premature end of file.
2026-07-13 12:34:31,621 [ERROR] LogOutputStream:75 - [STDERR_REDIRECT] 
2026-07-13 12:34:32,622 [ERROR] LogOutputStream:75 - [STDERR_REDIRECT] [Fatal Error] :1:1: Premature end of file.
2026-07-13 12:34:32,622 [ERROR] LogOutputStream:75 - [STDERR_REDIRECT] 
2026-07-13 12:34:33,621 [ERROR] LogOutputStream:75 - [STDERR_REDIRECT] [Fatal Error] :1:1: Premature end of file.
2026-07-13 12:34:33,621 [ERROR] LogOutputStream:75 - [STDERR_REDIRECT] 
2026-07-13 12:34:34,623 [ERROR] LogOutputStream:75 - [STDERR_REDIRECT] [Fatal Error] :1:1: Premature end of file.
2026-07-13 12:34:34,624 [ERROR] LogOutputStream:75 - [STDERR_REDIRECT] 
2026-07-13 12:34:35,621 [ERROR] LogOutputStream:75 - [STDERR_REDIRECT] [Fatal Error] :1:1: Premature end of file.
2026-07-13 12:34:35,621 [ERROR] LogOutputStream:75 - [STDERR_REDIRECT] 
2026-07-13 12:34:36,622 [ERROR] LogOutputStream:75 - [STDERR_REDIRECT] [Fatal Error] :1:1: Premature end of file.
2026-07-13 12:34:36,622 [ERROR] LogOutputStream:75 - [STDERR_REDIRECT] 
2026-07-13 12:34:37,621 [ERROR] LogOutputStream:75 - [STDERR_REDIRECT] [Fatal Error] :1:1: Premature end of file.
2026-07-13 12:34:37,621 [ERROR] LogOutputStream:75 - [STDERR_REDIRECT] 
2026-07-13 12:34:38,622 [ERROR] LogOutputStream:75 - [STDERR_REDIRECT] [Fatal Error] :1:1: Premature end of file.
2026-07-13 12:34:38,622 [ERROR] LogOutputStream:75 - [STDERR_REDIRECT] 
2026-07-13 12:34:39,619 [ERROR] LogOutputStream:75 - [STDERR_REDIRECT] [Fatal Error] :1:1: Premature end of file.
2026-07-13 12:34:39,620 [ERROR] LogOutputStream:75 - [STDERR_REDIRECT] 
2026-07-13 12:34:40,620 [ERROR] LogOutputStream:75 - [STDERR_REDIRECT] [Fatal Error] :1:1: Premature end of file.
2026-07-13 12:34:40,620 [ERROR] LogOutputStream:75 - [STDERR_REDIRECT] 
2026-07-13 12:34:41,622 [ERROR] LogOutputStream:75 - [STDERR_REDIRECT] [Fatal Error] :1:1: Premature end of file.
2026-07-13 12:34:41,623 [ERROR] LogOutputStream:75 - [STDERR_REDIRECT] 
2026-07-13 12:34:42,629 [ERROR] LogOutputStream:75 - [STDERR_REDIRECT] [Fatal Error] :1:1: Premature end of file.
2026-07-13 12:34:42,629 [ERROR] LogOutputStream:75 - [STDERR_REDIRECT] 
2026-07-13 12:34:43,619 [ERROR] LogOutputStream:75 - [STDERR_REDIRECT] [Fatal Error] :1:1: Premature end of file.
2026-07-13 12:34:43,619 [ERROR] LogOutputStream:75 - [STDERR_REDIRECT] 
2026-07-13 12:34:44,620 [ERROR] LogOutputStream:75 - [STDERR_REDIRECT] [Fatal Error] :1:1: Premature end of file.
2026-07-13 12:34:44,620 [ERROR] LogOutputStream:75 - [STDERR_REDIRECT] 
2026-07-13 12:34:45,623 [ERROR] LogOutputStream:75 - [STDERR_REDIRECT] [Fatal Error] :1:1: Premature end of file.
2026-07-13 12:34:45,623 [ERROR] LogOutputStream:75 - [STDERR_REDIRECT] 
2026-07-13 12:34:46,621 [ERROR] LogOutputStream:75 - [STDERR_REDIRECT] [Fatal Error] :1:1: Premature end of file.
2026-07-13 12:34:46,621 [ERROR] LogOutputStream:75 - [STDERR_REDIRECT] 
2026-07-13 12:34:47,626 [ERROR] LogOutputStream:75 - [STDERR_REDIRECT] [Fatal Error] :1:1: Premature end of file.
2026-07-13 12:34:47,627 [ERROR] LogOutputStream:75 - [STDERR_REDIRECT] 
2026-07-13 12:34:48,622 [ERROR] LogOutputStream:75 - [STDERR_REDIRECT] [Fatal Error] :1:1: Premature end of file.
2026-07-13 12:34:48,622 [ERROR] LogOutputStream:75 - [STDERR_REDIRECT] 
2026-07-13 12:34:49,625 [ERROR] LogOutputStream:75 - [STDERR_REDIRECT] [Fatal Error] :1:1: Premature end of file.
2026-07-13 12:34:49,625 [ERROR] LogOutputStream:75 - [STDERR_REDIRECT] 
2026-07-13 12:34:50,621 [ERROR] LogOutputStream:75 - [STDERR_REDIRECT] [Fatal Error] :1:1: Premature end of file.
2026-07-13 12:34:50,621 [ERROR] LogOutputStream:75 - [STDERR_REDIRECT] 
2026-07-13 12:34:51,620 [ERROR] LogOutputStream:75 - [STDERR_REDIRECT] [Fatal Error] :1:1: Premature end of file.
2026-07-13 12:34:51,620 [ERROR] LogOutputStream:75 - [STDERR_REDIRECT] 
2026-07-13 12:34:52,618 [ERROR] LogOutputStream:75 - [STDERR_REDIRECT] [Fatal Error] :1:1: Premature end of file.
2026-07-13 12:34:52,618 [ERROR] LogOutputStream:75 - [STDERR_REDIRECT] 
2026-07-13 12:34:53,620 [ERROR] LogOutputStream:75 - [STDERR_REDIRECT] [Fatal Error] :1:1: Premature end of file.
2026-07-13 12:34:53,621 [ERROR] LogOutputStream:75 - [STDERR_REDIRECT] 
2026-07-13 12:34:54,620 [ERROR] LogOutputStream:75 - [STDERR_REDIRECT] [Fatal Error] :1:1: Premature end of file.
2026-07-13 12:34:54,620 [ERROR] LogOutputStream:75 - [STDERR_REDIRECT] 
2026-07-13 12:34:55,622 [ERROR] LogOutputStream:75 - [STDERR_REDIRECT] [Fatal Error] :1:1: Premature end of file.
2026-07-13 12:34:55,622 [ERROR] LogOutputStream:75 - [STDERR_REDIRECT] 
2026-07-13 12:34:56,622 [ERROR] LogOutputStream:75 - [STDERR_REDIRECT] [Fatal Error] :1:1: Premature end of file.
2026-07-13 12:34:56,623 [ERROR] LogOutputStream:75 - [STDERR_REDIRECT] 
2026-07-13 12:34:57,629 [ERROR] LogOutputStream:75 - [STDERR_REDIRECT] [Fatal Error] :1:1: Premature end of file.
2026-07-13 12:34:57,629 [ERROR] LogOutputStream:75 - [STDERR_REDIRECT] 
2026-07-13 12:34:58,624 [ERROR] LogOutputStream:75 - [STDERR_REDIRECT] [Fatal Error] :1:1: Premature end of file.
2026-07-13 12:34:58,624 [ERROR] LogOutputStream:75 - [STDERR_REDIRECT] 
2026-07-13 12:34:59,619 [ERROR] LogOutputStream:75 - [STDERR_REDIRECT] [Fatal Error] :1:1: Premature end of file.
2026-07-13 12:34:59,619 [ERROR] LogOutputStream:75 - [STDERR_REDIRECT] 
2026-07-13 12:35:00,622 [ERROR] LogOutputStream:75 - [STDERR_REDIRECT] [Fatal Error] :1:1: Premature end of file.
2026-07-13 12:35:00,622 [ERROR] LogOutputStream:75 - [STDERR_REDIRECT] 
2026-07-13 12:35:01,620 [ERROR] LogOutputStream:75 - [STDERR_REDIRECT] [Fatal Error] :1:1: Premature end of file.
2026-07-13 12:35:01,620 [ERROR] LogOutputStream:75 - [STDERR_REDIRECT] 
2026-07-13 12:35:02,621 [ERROR] LogOutputStream:75 - [STDERR_REDIRECT] [Fatal Error] :1:1: Premature end of file.
2026-07-13 12:35:02,621 [ERROR] LogOutputStream:75 - [STDERR_REDIRECT] 
2026-07-13 12:35:03,622 [ERROR] LogOutputStream:75 - [STDERR_REDIRECT] [Fatal Error] :1:1: Premature end of file.
2026-07-13 12:35:03,622 [ERROR] LogOutputStream:75 - [STDERR_REDIRECT] 
2026-07-13 12:35:04,622 [ERROR] LogOutputStream:75 - [STDERR_REDIRECT] [Fatal Error] :1:1: Premature end of file.
2026-07-13 12:35:04,622 [ERROR] LogOutputStream:75 - [STDERR_REDIRECT] 
2026-07-13 12:35:05,618 [ERROR] LogOutputStream:75 - [STDERR_REDIRECT] [Fatal Error] :1:1: Premature end of file.
2026-07-13 12:35:05,618 [ERROR] LogOutputStream:75 - [STDERR_REDIRECT] 
2026-07-13 12:35:06,619 [ERROR] LogOutputStream:75 - [STDERR_REDIRECT] [Fatal Error] :1:1: Premature end of file.
2026-07-13 12:35:06,619 [ERROR] LogOutputStream:75 - [STDERR_REDIRECT] 
2026-07-13 12:35:07,620 [ERROR] LogOutputStream:75 - [STDERR_REDIRECT] [Fatal Error] :1:1: Premature end of file.
2026-07-13 12:35:07,621 [ERROR] LogOutputStream:75 - [STDERR_REDIRECT] 
2026-07-13 12:35:08,636 [ERROR] LogOutputStream:75 - [STDERR_REDIRECT] [Fatal Error] :1:1: Premature end of file.
2026-07-13 12:35:08,636 [ERROR] LogOutputStream:75 - [STDERR_REDIRECT] 
2026-07-13 12:35:09,620 [ERROR] LogOutputStream:75 - [STDERR_REDIRECT] [Fatal Error] :1:1: Premature end of file.
2026-07-13 12:35:09,620 [ERROR] LogOutputStream:75 - [STDERR_REDIRECT] 
2026-07-13 12:35:10,620 [ERROR] LogOutputStream:75 - [STDERR_REDIRECT] [Fatal Error] :1:1: Premature end of file.
2026-07-13 12:35:10,621 [ERROR] LogOutputStream:75 - [STDERR_REDIRECT] 
2026-07-13 12:35:11,621 [ERROR] LogOutputStream:75 - [STDERR_REDIRECT] [Fatal Error] :1:1: Premature end of file.
2026-07-13 12:35:11,621 [ERROR] LogOutputStream:75 - [STDERR_REDIRECT] 
2026-07-13 12:35:12,623 [ERROR] LogOutputStream:75 - [STDERR_REDIRECT] [Fatal Error] :1:1: Premature end of file.
2026-07-13 12:35:12,623 [ERROR] LogOutputStream:75 - [STDERR_REDIRECT] 
2026-07-13 12:35:13,621 [ERROR] LogOutputStream:75 - [STDERR_REDIRECT] [Fatal Error] :1:1: Premature end of file.
2026-07-13 12:35:13,621 [ERROR] LogOutputStream:75 - [STDERR_REDIRECT] 
2026-07-13 12:35:14,622 [ERROR] LogOutputStream:75 - [STDERR_REDIRECT] [Fatal Error] :1:1: Premature end of file.
2026-07-13 12:35:14,622 [ERROR] LogOutputStream:75 - [STDERR_REDIRECT] 
2026-07-13 12:35:15,623 [ERROR] LogOutputStream:75 - [STDERR_REDIRECT] [Fatal Error] :1:1: Premature end of file.
2026-07-13 12:35:15,623 [ERROR] LogOutputStream:75 - [STDERR_REDIRECT] 
2026-07-13 12:35:16,622 [ERROR] LogOutputStream:75 - [STDERR_REDIRECT] [Fatal Error] :1:1: Premature end of file.
2026-07-13 12:35:16,623 [ERROR] LogOutputStream:75 - [STDERR_REDIRECT] 
2026-07-13 12:35:17,619 [ERROR] LogOutputStream:75 - [STDERR_REDIRECT] [Fatal Error] :1:1: Premature end of file.
2026-07-13 12:35:17,619 [ERROR] LogOutputStream:75 - [STDERR_REDIRECT] 
2026-07-13 12:35:18,622 [ERROR] LogOutputStream:75 - [STDERR_REDIRECT] [Fatal Error] :1:1: Premature end of file.
2026-07-13 12:35:18,622 [ERROR] LogOutputStream:75 - [STDERR_REDIRECT] 
2026-07-13 12:35:19,623 [ERROR] LogOutputStream:75 - [STDERR_REDIRECT] [Fatal Error] :1:1: Premature end of file.
2026-07-13 12:35:19,623 [ERROR] LogOutputStream:75 - [STDERR_REDIRECT] 
2026-07-13 12:35:20,623 [ERROR] LogOutputStream:75 - [STDERR_REDIRECT] [Fatal Error] :1:1: Premature end of file.
2026-07-13 12:35:20,623 [ERROR] LogOutputStream:75 - [STDERR_REDIRECT] 
2026-07-13 12:35:21,620 [ERROR] LogOutputStream:75 - [STDERR_REDIRECT] [Fatal Error] :1:1: Premature end of file.
2026-07-13 12:35:21,621 [ERROR] LogOutputStream:75 - [STDERR_REDIRECT] 
2026-07-13 12:35:22,621 [ERROR] LogOutputStream:75 - [STDERR_REDIRECT] [Fatal Error] :1:1: Premature end of file.
2026-07-13 12:35:22,621 [ERROR] LogOutputStream:75 - [STDERR_REDIRECT] 
2026-07-13 12:35:23,622 [ERROR] LogOutputStream:75 - [STDERR_REDIRECT] [Fatal Error] :1:1: Premature end of file.
2026-07-13 12:35:23,622 [ERROR] LogOutputStream:75 - [STDERR_REDIRECT] 
2026-07-13 12:35:24,621 [ERROR] LogOutputStream:75 - [STDERR_REDIRECT] [Fatal Error] :1:1: Premature end of file.
2026-07-13 12:35:24,621 [ERROR] LogOutputStream:75 - [STDERR_REDIRECT] 
2026-07-13 12:35:25,629 [ERROR] LogOutputStream:75 - [STDERR_REDIRECT] [Fatal Error] :1:1: Premature end of file.
2026-07-13 12:35:25,629 [ERROR] LogOutputStream:75 - [STDERR_REDIRECT] 
2026-07-13 12:35:26,625 [ERROR] LogOutputStream:75 - [STDERR_REDIRECT] [Fatal Error] :1:1: Premature end of file.
2026-07-13 12:35:26,625 [ERROR] LogOutputStream:75 - [STDERR_REDIRECT] 
2026-07-13 12:35:27,623 [ERROR] LogOutputStream:75 - [STDERR_REDIRECT] [Fatal Error] :1:1: Premature end of file.
2026-07-13 12:35:27,623 [ERROR] LogOutputStream:75 - [STDERR_REDIRECT] 
2026-07-13 12:35:28,621 [ERROR] LogOutputStream:75 - [STDERR_REDIRECT] [Fatal Error] :1:1: Premature end of file.
2026-07-13 12:35:28,621 [ERROR] LogOutputStream:75 - [STDERR_REDIRECT] 
2026-07-13 12:35:29,625 [ERROR] LogOutputStream:75 - [STDERR_REDIRECT] [Fatal Error] :1:1: Premature end of file.
2026-07-13 12:35:29,625 [ERROR] LogOutputStream:75 - [STDERR_REDIRECT] 
2026-07-13 12:35:30,626 [ERROR] LogOutputStream:75 - [STDERR_REDIRECT] [Fatal Error] :1:1: Premature end of file.
2026-07-13 12:35:30,626 [ERROR] LogOutputStream:75 - [STDERR_REDIRECT] 
2026-07-13 12:35:31,620 [ERROR] LogOutputStream:75 - [STDERR_REDIRECT] [Fatal Error] :1:1: Premature end of file.
2026-07-13 12:35:31,620 [ERROR] LogOutputStream:75 - [STDERR_REDIRECT] 
2026-07-13 12:35:32,623 [ERROR] LogOutputStream:75 - [STDERR_REDIRECT] [Fatal Error] :1:1: Premature end of file.
2026-07-13 12:35:32,623 [ERROR] LogOutputStream:75 - [STDERR_REDIRECT] 
2026-07-13 12:35:33,621 [ERROR] LogOutputStream:75 - [STDERR_REDIRECT] [Fatal Error] :1:1: Premature end of file.
2026-07-13 12:35:33,622 [ERROR] LogOutputStream:75 - [STDERR_REDIRECT] 
2026-07-13 12:35:34,618 [ERROR] LogOutputStream:75 - [STDERR_REDIRECT] [Fatal Error] :1:1: Premature end of file.
2026-07-13 12:35:34,618 [ERROR] LogOutputStream:75 - [STDERR_REDIRECT] 
2026-07-13 12:35:35,621 [ERROR] LogOutputStream:75 - [STDERR_REDIRECT] [Fatal Error] :1:1: Premature end of file.
2026-07-13 12:35:35,621 [ERROR] LogOutputStream:75 - [STDERR_REDIRECT] 
2026-07-13 12:35:36,620 [ERROR] LogOutputStream:75 - [STDERR_REDIRECT] [Fatal Error] :1:1: Premature end of file.
2026-07-13 12:35:36,620 [ERROR] LogOutputStream:75 - [STDERR_REDIRECT] 
2026-07-13 12:35:37,622 [ERROR] LogOutputStream:75 - [STDERR_REDIRECT] [Fatal Error] :1:1: Premature end of file.
2026-07-13 12:35:37,622 [ERROR] LogOutputStream:75 - [STDERR_REDIRECT] 
2026-07-13 12:35:38,620 [ERROR] LogOutputStream:75 - [STDERR_REDIRECT] [Fatal Error] :1:1: Premature end of file.
2026-07-13 12:35:38,620 [ERROR] LogOutputStream:75 - [STDERR_REDIRECT] 
2026-07-13 12:35:39,622 [ERROR] LogOutputStream:75 - [STDERR_REDIRECT] [Fatal Error] :1:1: Premature end of file.
2026-07-13 12:35:39,623 [ERROR] LogOutputStream:75 - [STDERR_REDIRECT] 
2026-07-13 12:35:40,620 [ERROR] LogOutputStream:75 - [STDERR_REDIRECT] [Fatal Error] :1:1: Premature end of file.
2026-07-13 12:35:40,620 [ERROR] LogOutputStream:75 - [STDERR_REDIRECT] 
2026-07-13 12:35:41,621 [ERROR] LogOutputStream:75 - [STDERR_REDIRECT] [Fatal Error] :1:1: Premature end of file.
2026-07-13 12:35:41,621 [ERROR] LogOutputStream:75 - [STDERR_REDIRECT] 
2026-07-13 12:35:42,622 [ERROR] LogOutputStream:75 - [STDERR_REDIRECT] [Fatal Error] :1:1: Premature end of file.
2026-07-13 12:35:42,622 [ERROR] LogOutputStream:75 - [STDERR_REDIRECT] 
2026-07-13 12:35:43,622 [ERROR] LogOutputStream:75 - [STDERR_REDIRECT] [Fatal Error] :1:1: Premature end of file.
2026-07-13 12:35:43,622 [ERROR] LogOutputStream:75 - [STDERR_REDIRECT] 
2026-07-13 12:35:44,620 [ERROR] LogOutputStream:75 - [STDERR_REDIRECT] [Fatal Error] :1:1: Premature end of file.
2026-07-13 12:35:44,620 [ERROR] LogOutputStream:75 - [STDERR_REDIRECT] 
2026-07-13 12:35:45,625 [ERROR] LogOutputStream:75 - [STDERR_REDIRECT] [Fatal Error] :1:1: Premature end of file.
2026-07-13 12:35:45,625 [ERROR] LogOutputStream:75 - [STDERR_REDIRECT] 
2026-07-13 12:35:46,621 [ERROR] LogOutputStream:75 - [STDERR_REDIRECT] [Fatal Error] :1:1: Premature end of file.
2026-07-13 12:35:46,622 [ERROR] LogOutputStream:75 - [STDERR_REDIRECT] 
2026-07-13 12:35:47,624 [ERROR] LogOutputStream:75 - [STDERR_REDIRECT] [Fatal Error] :1:1: Premature end of file.
2026-07-13 12:35:47,625 [ERROR] LogOutputStream:75 - [STDERR_REDIRECT] 
2026-07-13 12:35:48,625 [ERROR] LogOutputStream:75 - [STDERR_REDIRECT] [Fatal Error] :1:1: Premature end of file.
2026-07-13 12:35:48,625 [ERROR] LogOutputStream:75 - [STDERR_REDIRECT] 
2026-07-13 12:35:49,624 [ERROR] LogOutputStream:75 - [STDERR_REDIRECT] [Fatal Error] :1:1: Premature end of file.
2026-07-13 12:35:49,624 [ERROR] LogOutputStream:75 - [STDERR_REDIRECT] 
2026-07-13 12:35:50,620 [ERROR] LogOutputStream:75 - [STDERR_REDIRECT] [Fatal Error] :1:1: Premature end of file.
2026-07-13 12:35:50,620 [ERROR] LogOutputStream:75 - [STDERR_REDIRECT] 
2026-07-13 12:35:51,622 [ERROR] LogOutputStream:75 - [STDERR_REDIRECT] [Fatal Error] :1:1: Premature end of file.
2026-07-13 12:35:51,622 [ERROR] LogOutputStream:75 - [STDERR_REDIRECT] 
2026-07-13 12:35:52,621 [ERROR] LogOutputStream:75 - [STDERR_REDIRECT] [Fatal Error] :1:1: Premature end of file.
2026-07-13 12:35:52,621 [ERROR] LogOutputStream:75 - [STDERR_REDIRECT] 
2026-07-13 12:35:53,621 [ERROR] LogOutputStream:75 - [STDERR_REDIRECT] [Fatal Error] :1:1: Premature end of file.
2026-07-13 12:35:53,621 [ERROR] LogOutputStream:75 - [STDERR_REDIRECT] 
2026-07-13 12:35:54,620 [ERROR] LogOutputStream:75 - [STDERR_REDIRECT] [Fatal Error] :1:1: Premature end of file.
2026-07-13 12:35:54,620 [ERROR] LogOutputStream:75 - [STDERR_REDIRECT] 
2026-07-13 12:35:55,618 [ERROR] LogOutputStream:75 - [STDERR_REDIRECT] [Fatal Error] :1:1: Premature end of file.
2026-07-13 12:35:55,620 [ERROR] LogOutputStream:75 - [STDERR_REDIRECT] 
2026-07-13 12:35:56,621 [ERROR] LogOutputStream:75 - [STDERR_REDIRECT] [Fatal Error] :1:1: Premature end of file.
2026-07-13 12:35:56,621 [ERROR] LogOutputStream:75 - [STDERR_REDIRECT] 
2026-07-13 12:35:57,620 [ERROR] LogOutputStream:75 - [STDERR_REDIRECT] [Fatal Error] :1:1: Premature end of file.
2026-07-13 12:35:57,621 [ERROR] LogOutputStream:75 - [STDERR_REDIRECT] 
2026-07-13 12:35:58,618 [ERROR] LogOutputStream:75 - [STDERR_REDIRECT] [Fatal Error] :1:1: Premature end of file.
2026-07-13 12:35:58,618 [ERROR] LogOutputStream:75 - [STDERR_REDIRECT] 
2026-07-13 12:35:59,622 [ERROR] LogOutputStream:75 - [STDERR_REDIRECT] [Fatal Error] :1:1: Premature end of file.
2026-07-13 12:35:59,622 [ERROR] LogOutputStream:75 - [STDERR_REDIRECT] 
2026-07-13 12:36:00,625 [ERROR] LogOutputStream:75 - [STDERR_REDIRECT] [Fatal Error] :1:1: Premature end of file.
2026-07-13 12:36:00,625 [ERROR] LogOutputStream:75 - [STDERR_REDIRECT] 
2026-07-13 12:36:01,622 [ERROR] LogOutputStream:75 - [STDERR_REDIRECT] [Fatal Error] :1:1: Premature end of file.
2026-07-13 12:36:01,622 [ERROR] LogOutputStream:75 - [STDERR_REDIRECT] 
2026-07-13 12:36:02,624 [ERROR] LogOutputStream:75 - [STDERR_REDIRECT] [Fatal Error] :1:1: Premature end of file.
2026-07-13 12:36:02,624 [ERROR] LogOutputStream:75 - [STDERR_REDIRECT] 
2026-07-13 12:36:03,621 [ERROR] LogOutputStream:75 - [STDERR_REDIRECT] [Fatal Error] :1:1: Premature end of file.
2026-07-13 12:36:03,621 [ERROR] LogOutputStream:75 - [STDERR_REDIRECT] 
2026-07-13 12:36:04,622 [ERROR] LogOutputStream:75 - [STDERR_REDIRECT] [Fatal Error] :1:1: Premature end of file.
2026-07-13 12:36:04,622 [ERROR] LogOutputStream:75 - [STDERR_REDIRECT] 
2026-07-13 12:36:05,619 [ERROR] LogOutputStream:75 - [STDERR_REDIRECT] [Fatal Error] :1:1: Premature end of file.
2026-07-13 12:36:05,619 [ERROR] LogOutputStream:75 - [STDERR_REDIRECT] 
2026-07-13 12:36:06,620 [ERROR] LogOutputStream:75 - [STDERR_REDIRECT] [Fatal Error] :1:1: Premature end of file.
2026-07-13 12:36:06,620 [ERROR] LogOutputStream:75 - [STDERR_REDIRECT] 
2026-07-13 12:36:07,621 [ERROR] LogOutputStream:75 - [STDERR_REDIRECT] [Fatal Error] :1:1: Premature end of file.
2026-07-13 12:36:07,621 [ERROR] LogOutputStream:75 - [STDERR_REDIRECT] 
2026-07-13 12:36:08,621 [ERROR] LogOutputStream:75 - [STDERR_REDIRECT] [Fatal Error] :1:1: Premature end of file.
2026-07-13 12:36:08,622 [ERROR] LogOutputStream:75 - [STDERR_REDIRECT] 
2026-07-13 12:36:09,620 [ERROR] LogOutputStream:75 - [STDERR_REDIRECT] [Fatal Error] :1:1: Premature end of file.
2026-07-13 12:36:09,620 [ERROR] LogOutputStream:75 - [STDERR_REDIRECT] 
2026-07-13 12:36:10,622 [ERROR] LogOutputStream:75 - [STDERR_REDIRECT] [Fatal Error] :1:1: Premature end of file.
2026-07-13 12:36:10,624 [ERROR] LogOutputStream:75 - [STDERR_REDIRECT] 
2026-07-13 12:36:11,618 [ERROR] LogOutputStream:75 - [STDERR_REDIRECT] [Fatal Error] :1:1: Premature end of file.
2026-07-13 12:36:11,620 [ERROR] LogOutputStream:75 - [STDERR_REDIRECT] 
2026-07-13 12:36:12,624 [ERROR] LogOutputStream:75 - [STDERR_REDIRECT] [Fatal Error] :1:1: Premature end of file.
2026-07-13 12:36:12,624 [ERROR] LogOutputStream:75 - [STDERR_REDIRECT] 
2026-07-13 12:36:13,623 [ERROR] LogOutputStream:75 - [STDERR_REDIRECT] [Fatal Error] :1:1: Premature end of file.
2026-07-13 12:36:13,623 [ERROR] LogOutputStream:75 - [STDERR_REDIRECT] 
2026-07-13 12:36:14,619 [ERROR] LogOutputStream:75 - [STDERR_REDIRECT] [Fatal Error] :1:1: Premature end of file.
2026-07-13 12:36:14,619 [ERROR] LogOutputStream:75 - [STDERR_REDIRECT] 
2026-07-13 12:36:15,620 [ERROR] LogOutputStream:75 - [STDERR_REDIRECT] [Fatal Error] :1:1: Premature end of file.
2026-07-13 12:36:15,621 [ERROR] LogOutputStream:75 - [STDERR_REDIRECT] 
2026-07-13 12:36:16,639 [ERROR] LogOutputStream:75 - [STDERR_REDIRECT] [Fatal Error] :1:1: Premature end of file.
2026-07-13 12:36:16,639 [ERROR] LogOutputStream:75 - [STDERR_REDIRECT] 
2026-07-13 12:36:17,620 [ERROR] LogOutputStream:75 - [STDERR_REDIRECT] [Fatal Error] :1:1: Premature end of file.
2026-07-13 12:36:17,620 [ERROR] LogOutputStream:75 - [STDERR_REDIRECT] 
2026-07-13 12:36:18,625 [ERROR] LogOutputStream:75 - [STDERR_REDIRECT] [Fatal Error] :1:1: Premature end of file.
2026-07-13 12:36:18,625 [ERROR] LogOutputStream:75 - [STDERR_REDIRECT] 
2026-07-13 12:36:19,624 [ERROR] LogOutputStream:75 - [STDERR_REDIRECT] [Fatal Error] :1:1: Premature end of file.
2026-07-13 12:36:19,624 [ERROR] LogOutputStream:75 - [STDERR_REDIRECT] 
2026-07-13 12:36:20,621 [ERROR] LogOutputStream:75 - [STDERR_REDIRECT] [Fatal Error] :1:1: Premature end of file.
2026-07-13 12:36:20,621 [ERROR] LogOutputStream:75 - [STDERR_REDIRECT] 
2026-07-13 12:36:21,620 [ERROR] LogOutputStream:75 - [STDERR_REDIRECT] [Fatal Error] :1:1: Premature end of file.
2026-07-13 12:36:21,620 [ERROR] LogOutputStream:75 - [STDERR_REDIRECT] 
2026-07-13 12:36:22,619 [ERROR] LogOutputStream:75 - [STDERR_REDIRECT] [Fatal Error] :1:1: Premature end of file.
2026-07-13 12:36:22,619 [ERROR] LogOutputStream:75 - [STDERR_REDIRECT] 
2026-07-13 12:36:23,621 [ERROR] LogOutputStream:75 - [STDERR_REDIRECT] [Fatal Error] :1:1: Premature end of file.
2026-07-13 12:36:23,623 [ERROR] LogOutputStream:75 - [STDERR_REDIRECT] 
2026-07-13 12:36:24,620 [ERROR] LogOutputStream:75 - [STDERR_REDIRECT] [Fatal Error] :1:1: Premature end of file.
2026-07-13 12:36:24,620 [ERROR] LogOutputStream:75 - [STDERR_REDIRECT] 
2026-07-13 12:36:25,622 [ERROR] LogOutputStream:75 - [STDERR_REDIRECT] [Fatal Error] :1:1: Premature end of file.
2026-07-13 12:36:25,623 [ERROR] LogOutputStream:75 - [STDERR_REDIRECT] 
2026-07-13 12:36:26,621 [ERROR] LogOutputStream:75 - [STDERR_REDIRECT] [Fatal Error] :1:1: Premature end of file.
2026-07-13 12:36:26,621 [ERROR] LogOutputStream:75 - [STDERR_REDIRECT] 
2026-07-13 12:36:27,618 [ERROR] LogOutputStream:75 - [STDERR_REDIRECT] [Fatal Error] :1:1: Premature end of file.
2026-07-13 12:36:27,618 [ERROR] LogOutputStream:75 - [STDERR_REDIRECT] 
2026-07-13 12:36:28,623 [ERROR] LogOutputStream:75 - [STDERR_REDIRECT] [Fatal Error] :1:1: Premature end of file.
2026-07-13 12:36:28,624 [ERROR] LogOutputStream:75 - [STDERR_REDIRECT] 
2026-07-13 12:36:29,618 [ERROR] LogOutputStream:75 - [STDERR_REDIRECT] [Fatal Error] :1:1: Premature end of file.
2026-07-13 12:36:29,618 [ERROR] LogOutputStream:75 - [STDERR_REDIRECT] 
2026-07-13 12:36:30,622 [ERROR] LogOutputStream:75 - [STDERR_REDIRECT] [Fatal Error] :1:1: Premature end of file.
2026-07-13 12:36:30,622 [ERROR] LogOutputStream:75 - [STDERR_REDIRECT] 
2026-07-13 12:36:31,622 [ERROR] LogOutputStream:75 - [STDERR_REDIRECT] [Fatal Error] :1:1: Premature end of file.
2026-07-13 12:36:31,622 [ERROR] LogOutputStream:75 - [STDERR_REDIRECT] 
2026-07-13 12:36:32,620 [ERROR] LogOutputStream:75 - [STDERR_REDIRECT] [Fatal Error] :1:1: Premature end of file.
2026-07-13 12:36:32,621 [ERROR] LogOutputStream:75 - [STDERR_REDIRECT] 
2026-07-13 12:36:33,624 [ERROR] LogOutputStream:75 - [STDERR_REDIRECT] [Fatal Error] :1:1: Premature end of file.
2026-07-13 12:36:33,624 [ERROR] LogOutputStream:75 - [STDERR_REDIRECT] 
2026-07-13 12:36:34,619 [ERROR] LogOutputStream:75 - [STDERR_REDIRECT] [Fatal Error] :1:1: Premature end of file.
2026-07-13 12:36:34,619 [ERROR] LogOutputStream:75 - [STDERR_REDIRECT] 
2026-07-13 12:36:35,623 [ERROR] LogOutputStream:75 - [STDERR_REDIRECT] [Fatal Error] :1:1: Premature end of file.
2026-07-13 12:36:35,623 [ERROR] LogOutputStream:75 - [STDERR_REDIRECT] 
2026-07-13 12:36:36,624 [ERROR] LogOutputStream:75 - [STDERR_REDIRECT] [Fatal Error] :1:1: Premature end of file.
2026-07-13 12:36:36,624 [ERROR] LogOutputStream:75 - [STDERR_REDIRECT] 
2026-07-13 12:36:37,622 [ERROR] LogOutputStream:75 - [STDERR_REDIRECT] [Fatal Error] :1:1: Premature end of file.
2026-07-13 12:36:37,622 [ERROR] LogOutputStream:75 - [STDERR_REDIRECT] 
2026-07-13 12:36:38,624 [ERROR] LogOutputStream:75 - [STDERR_REDIRECT] [Fatal Error] :1:1: Premature end of file.
2026-07-13 12:36:38,625 [ERROR] LogOutputStream:75 - [STDERR_REDIRECT] 
2026-07-13 12:36:39,623 [ERROR] LogOutputStream:75 - [STDERR_REDIRECT] [Fatal Error] :1:1: Premature end of file.
2026-07-13 12:36:39,623 [ERROR] LogOutputStream:75 - [STDERR_REDIRECT] 
2026-07-13 12:36:40,619 [ERROR] LogOutputStream:75 - [STDERR_REDIRECT] [Fatal Error] :1:1: Premature end of file.
2026-07-13 12:36:40,619 [ERROR] LogOutputStream:75 - [STDERR_REDIRECT] 
2026-07-13 12:36:41,621 [ERROR] LogOutputStream:75 - [STDERR_REDIRECT] [Fatal Error] :1:1: Premature end of file.
2026-07-13 12:36:41,622 [ERROR] LogOutputStream:75 - [STDERR_REDIRECT] 
2026-07-13 12:36:42,619 [ERROR] LogOutputStream:75 - [STDERR_REDIRECT] [Fatal Error] :1:1: Premature end of file.
2026-07-13 12:36:42,619 [ERROR] LogOutputStream:75 - [STDERR_REDIRECT] 
2026-07-13 12:36:43,626 [ERROR] LogOutputStream:75 - [STDERR_REDIRECT] [Fatal Error] :1:1: Premature end of file.
2026-07-13 12:36:43,626 [ERROR] LogOutputStream:75 - [STDERR_REDIRECT] 
2026-07-13 12:36:44,620 [ERROR] LogOutputStream:75 - [STDERR_REDIRECT] [Fatal Error] :1:1: Premature end of file.
2026-07-13 12:36:44,620 [ERROR] LogOutputStream:75 - [STDERR_REDIRECT] 
2026-07-13 12:36:45,622 [ERROR] LogOutputStream:75 - [STDERR_REDIRECT] [Fatal Error] :1:1: Premature end of file.
2026-07-13 12:36:45,622 [ERROR] LogOutputStream:75 - [STDERR_REDIRECT] 
2026-07-13 12:36:46,622 [ERROR] LogOutputStream:75 - [STDERR_REDIRECT] [Fatal Error] :1:1: Premature end of file.
2026-07-13 12:36:46,622 [ERROR] LogOutputStream:75 - [STDERR_REDIRECT] 
2026-07-13 12:36:47,621 [ERROR] LogOutputStream:75 - [STDERR_REDIRECT] [Fatal Error] :1:1: Premature end of file.
2026-07-13 12:36:47,621 [ERROR] LogOutputStream:75 - [STDERR_REDIRECT] 
2026-07-13 12:36:48,618 [ERROR] LogOutputStream:75 - [STDERR_REDIRECT] [Fatal Error] :1:1: Premature end of file.
2026-07-13 12:36:48,618 [ERROR] LogOutputStream:75 - [STDERR_REDIRECT] 
2026-07-13 12:36:49,621 [ERROR] LogOutputStream:75 - [STDERR_REDIRECT] [Fatal Error] :1:1: Premature end of file.
2026-07-13 12:36:49,621 [ERROR] LogOutputStream:75 - [STDERR_REDIRECT] 
2026-07-13 12:36:50,622 [ERROR] LogOutputStream:75 - [STDERR_REDIRECT] [Fatal Error] :1:1: Premature end of file.
2026-07-13 12:36:50,622 [ERROR] LogOutputStream:75 - [STDERR_REDIRECT] 
2026-07-13 12:36:51,621 [ERROR] LogOutputStream:75 - [STDERR_REDIRECT] [Fatal Error] :1:1: Premature end of file.
2026-07-13 12:36:51,622 [ERROR] LogOutputStream:75 - [STDERR_REDIRECT] 
2026-07-13 12:36:52,622 [ERROR] LogOutputStream:75 - [STDERR_REDIRECT] [Fatal Error] :1:1: Premature end of file.
2026-07-13 12:36:52,622 [ERROR] LogOutputStream:75 - [STDERR_REDIRECT] 
2026-07-13 12:36:53,627 [ERROR] LogOutputStream:75 - [STDERR_REDIRECT] [Fatal Error] :1:1: Premature end of file.
2026-07-13 12:36:53,627 [ERROR] LogOutputStream:75 - [STDERR_REDIRECT] 
2026-07-13 12:36:54,625 [ERROR] LogOutputStream:75 - [STDERR_REDIRECT] [Fatal Error] :1:1: Premature end of file.
2026-07-13 12:36:54,625 [ERROR] LogOutputStream:75 - [STDERR_REDIRECT] 
2026-07-13 12:36:55,618 [ERROR] LogOutputStream:75 - [STDERR_REDIRECT] [Fatal Error] :1:1: Premature end of file.
2026-07-13 12:36:55,618 [ERROR] LogOutputStream:75 - [STDERR_REDIRECT] 
2026-07-13 12:36:56,626 [ERROR] LogOutputStream:75 - [STDERR_REDIRECT] [Fatal Error] :1:1: Premature end of file.
2026-07-13 12:36:56,626 [ERROR] LogOutputStream:75 - [STDERR_REDIRECT] 
2026-07-13 12:36:57,623 [ERROR] LogOutputStream:75 - [STDERR_REDIRECT] [Fatal Error] :1:1: Premature end of file.
2026-07-13 12:36:57,623 [ERROR] LogOutputStream:75 - [STDERR_REDIRECT] 
2026-07-13 12:36:58,622 [ERROR] LogOutputStream:75 - [STDERR_REDIRECT] [Fatal Error] :1:1: Premature end of file.
2026-07-13 12:36:58,623 [ERROR] LogOutputStream:75 - [STDERR_REDIRECT] 
2026-07-13 12:36:59,623 [ERROR] LogOutputStream:75 - [STDERR_REDIRECT] [Fatal Error] :1:1: Premature end of file.
2026-07-13 12:36:59,624 [ERROR] LogOutputStream:75 - [STDERR_REDIRECT] 
2026-07-13 12:37:00,622 [ERROR] LogOutputStream:75 - [STDERR_REDIRECT] [Fatal Error] :1:1: Premature end of file.
2026-07-13 12:37:00,622 [ERROR] LogOutputStream:75 - [STDERR_REDIRECT] 
2026-07-13 12:37:01,622 [ERROR] LogOutputStream:75 - [STDERR_REDIRECT] [Fatal Error] :1:1: Premature end of file.
2026-07-13 12:37:01,624 [ERROR] LogOutputStream:75 - [STDERR_REDIRECT] 
2026-07-13 12:37:02,624 [ERROR] LogOutputStream:75 - [STDERR_REDIRECT] [Fatal Error] :1:1: Premature end of file.
2026-07-13 12:37:02,624 [ERROR] LogOutputStream:75 - [STDERR_REDIRECT] 
2026-07-13 12:37:03,624 [ERROR] LogOutputStream:75 - [STDERR_REDIRECT] [Fatal Error] :1:1: Premature end of file.
2026-07-13 12:37:03,624 [ERROR] LogOutputStream:75 - [STDERR_REDIRECT] 
2026-07-13 12:37:04,624 [ERROR] LogOutputStream:75 - [STDERR_REDIRECT] [Fatal Error] :1:1: Premature end of file.
2026-07-13 12:37:04,624 [ERROR] LogOutputStream:75 - [STDERR_REDIRECT] 
2026-07-13 12:37:05,621 [ERROR] LogOutputStream:75 - [STDERR_REDIRECT] [Fatal Error] :1:1: Premature end of file.
2026-07-13 12:37:05,621 [ERROR] LogOutputStream:75 - [STDERR_REDIRECT] 
2026-07-13 12:37:06,622 [ERROR] LogOutputStream:75 - [STDERR_REDIRECT] [Fatal Error] :1:1: Premature end of file.
2026-07-13 12:37:06,622 [ERROR] LogOutputStream:75 - [STDERR_REDIRECT] 
2026-07-13 12:37:07,621 [ERROR] LogOutputStream:75 - [STDERR_REDIRECT] [Fatal Error] :1:1: Premature end of file.
2026-07-13 12:37:07,621 [ERROR] LogOutputStream:75 - [STDERR_REDIRECT] 
2026-07-13 12:37:08,623 [ERROR] LogOutputStream:75 - [STDERR_REDIRECT] [Fatal Error] :1:1: Premature end of file.
2026-07-13 12:37:08,623 [ERROR] LogOutputStream:75 - [STDERR_REDIRECT] 
2026-07-13 12:37:09,622 [ERROR] LogOutputStream:75 - [STDERR_REDIRECT] [Fatal Error] :1:1: Premature end of file.
2026-07-13 12:37:09,622 [ERROR] LogOutputStream:75 - [STDERR_REDIRECT] 
2026-07-13 12:37:10,622 [ERROR] LogOutputStream:75 - [STDERR_REDIRECT] [Fatal Error] :1:1: Premature end of file.
2026-07-13 12:37:10,622 [ERROR] LogOutputStream:75 - [STDERR_REDIRECT] 
2026-07-13 12:37:11,619 [ERROR] LogOutputStream:75 - [STDERR_REDIRECT] [Fatal Error] :1:1: Premature end of file.
2026-07-13 12:37:11,619 [ERROR] LogOutputStream:75 - [STDERR_REDIRECT] 
2026-07-13 12:37:12,619 [ERROR] LogOutputStream:75 - [STDERR_REDIRECT] [Fatal Error] :1:1: Premature end of file.
2026-07-13 12:37:12,620 [ERROR] LogOutputStream:75 - [STDERR_REDIRECT] 
2026-07-13 12:37:13,622 [ERROR] LogOutputStream:75 - [STDERR_REDIRECT] [Fatal Error] :1:1: Premature end of file.
2026-07-13 12:37:13,622 [ERROR] LogOutputStream:75 - [STDERR_REDIRECT] 
2026-07-13 12:37:14,618 [ERROR] LogOutputStream:75 - [STDERR_REDIRECT] [Fatal Error] :1:1: Premature end of file.
2026-07-13 12:37:14,619 [ERROR] LogOutputStream:75 - [STDERR_REDIRECT] 
2026-07-13 12:37:15,624 [ERROR] LogOutputStream:75 - [STDERR_REDIRECT] [Fatal Error] :1:1: Premature end of file.
2026-07-13 12:37:15,624 [ERROR] LogOutputStream:75 - [STDERR_REDIRECT] 
2026-07-13 12:37:16,624 [ERROR] LogOutputStream:75 - [STDERR_REDIRECT] [Fatal Error] :1:1: Premature end of file.
2026-07-13 12:37:16,624 [ERROR] LogOutputStream:75 - [STDERR_REDIRECT] 
2026-07-13 12:37:17,621 [ERROR] LogOutputStream:75 - [STDERR_REDIRECT] [Fatal Error] :1:1: Premature end of file.
2026-07-13 12:37:17,622 [ERROR] LogOutputStream:75 - [STDERR_REDIRECT] 
2026-07-13 12:37:18,625 [ERROR] LogOutputStream:75 - [STDERR_REDIRECT] [Fatal Error] :1:1: Premature end of file.
2026-07-13 12:37:18,626 [ERROR] LogOutputStream:75 - [STDERR_REDIRECT] 
2026-07-13 12:37:19,623 [ERROR] LogOutputStream:75 - [STDERR_REDIRECT] [Fatal Error] :1:1: Premature end of file.
2026-07-13 12:37:19,624 [ERROR] LogOutputStream:75 - [STDERR_REDIRECT] 
2026-07-13 12:37:20,624 [ERROR] LogOutputStream:75 - [STDERR_REDIRECT] [Fatal Error] :1:1: Premature end of file.
2026-07-13 12:37:20,624 [ERROR] LogOutputStream:75 - [STDERR_REDIRECT] 
2026-07-13 12:37:21,622 [ERROR] LogOutputStream:75 - [STDERR_REDIRECT] [Fatal Error] :1:1: Premature end of file.
2026-07-13 12:37:21,622 [ERROR] LogOutputStream:75 - [STDERR_REDIRECT] 
2026-07-13 12:37:22,622 [ERROR] LogOutputStream:75 - [STDERR_REDIRECT] [Fatal Error] :1:1: Premature end of file.
2026-07-13 12:37:22,622 [ERROR] LogOutputStream:75 - [STDERR_REDIRECT] 
2026-07-13 12:37:23,622 [ERROR] LogOutputStream:75 - [STDERR_REDIRECT] [Fatal Error] :1:1: Premature end of file.
2026-07-13 12:37:23,622 [ERROR] LogOutputStream:75 - [STDERR_REDIRECT] 
2026-07-13 12:37:24,620 [ERROR] LogOutputStream:75 - [STDERR_REDIRECT] [Fatal Error] :1:1: Premature end of file.
2026-07-13 12:37:24,620 [ERROR] LogOutputStream:75 - [STDERR_REDIRECT] 
2026-07-13 12:37:25,635 [ERROR] LogOutputStream:75 - [STDERR_REDIRECT] [Fatal Error] :1:1: Premature end of file.
2026-07-13 12:37:25,635 [ERROR] LogOutputStream:75 - [STDERR_REDIRECT] 
2026-07-13 12:37:26,622 [ERROR] LogOutputStream:75 - [STDERR_REDIRECT] [Fatal Error] :1:1: Premature end of file.
2026-07-13 12:37:26,622 [ERROR] LogOutputStream:75 - [STDERR_REDIRECT] 
2026-07-13 12:37:27,621 [ERROR] LogOutputStream:75 - [STDERR_REDIRECT] [Fatal Error] :1:1: Premature end of file.
2026-07-13 12:37:27,621 [ERROR] LogOutputStream:75 - [STDERR_REDIRECT] 
2026-07-13 12:37:28,620 [ERROR] LogOutputStream:75 - [STDERR_REDIRECT] [Fatal Error] :1:1: Premature end of file.
2026-07-13 12:37:28,620 [ERROR] LogOutputStream:75 - [STDERR_REDIRECT] 
2026-07-13 12:37:29,618 [ERROR] LogOutputStream:75 - [STDERR_REDIRECT] [Fatal Error] :1:1: Premature end of file.
2026-07-13 12:37:29,618 [ERROR] LogOutputStream:75 - [STDERR_REDIRECT] 
2026-07-13 12:37:30,621 [ERROR] LogOutputStream:75 - [STDERR_REDIRECT] [Fatal Error] :1:1: Premature end of file.
2026-07-13 12:37:30,621 [ERROR] LogOutputStream:75 - [STDERR_REDIRECT] 
2026-07-13 12:37:31,621 [ERROR] LogOutputStream:75 - [STDERR_REDIRECT] [Fatal Error] :1:1: Premature end of file.
2026-07-13 12:37:31,621 [ERROR] LogOutputStream:75 - [STDERR_REDIRECT] 
2026-07-13 12:37:32,624 [ERROR] LogOutputStream:75 - [STDERR_REDIRECT] [Fatal Error] :1:1: Premature end of file.
2026-07-13 12:37:32,624 [ERROR] LogOutputStream:75 - [STDERR_REDIRECT] 
2026-07-13 12:37:33,623 [ERROR] LogOutputStream:75 - [STDERR_REDIRECT] [Fatal Error] :1:1: Premature end of file.
2026-07-13 12:37:33,623 [ERROR] LogOutputStream:75 - [STDERR_REDIRECT] 
2026-07-13 12:37:34,625 [ERROR] LogOutputStream:75 - [STDERR_REDIRECT] [Fatal Error] :1:1: Premature end of file.
2026-07-13 12:37:34,625 [ERROR] LogOutputStream:75 - [STDERR_REDIRECT] 
2026-07-13 12:37:35,626 [ERROR] LogOutputStream:75 - [STDERR_REDIRECT] [Fatal Error] :1:1: Premature end of file.
2026-07-13 12:37:35,626 [ERROR] LogOutputStream:75 - [STDERR_REDIRECT] 
2026-07-13 12:37:36,621 [ERROR] LogOutputStream:75 - [STDERR_REDIRECT] [Fatal Error] :1:1: Premature end of file.
2026-07-13 12:37:36,621 [ERROR] LogOutputStream:75 - [STDERR_REDIRECT] 
2026-07-13 12:37:37,621 [ERROR] LogOutputStream:75 - [STDERR_REDIRECT] [Fatal Error] :1:1: Premature end of file.
2026-07-13 12:37:37,622 [ERROR] LogOutputStream:75 - [STDERR_REDIRECT] 
2026-07-13 12:37:38,620 [ERROR] LogOutputStream:75 - [STDERR_REDIRECT] [Fatal Error] :1:1: Premature end of file.
2026-07-13 12:37:38,620 [ERROR] LogOutputStream:75 - [STDERR_REDIRECT] 
2026-07-13 12:37:39,622 [ERROR] LogOutputStream:75 - [STDERR_REDIRECT] [Fatal Error] :1:1: Premature end of file.
2026-07-13 12:37:39,622 [ERROR] LogOutputStream:75 - [STDERR_REDIRECT] 
2026-07-13 12:37:40,622 [ERROR] LogOutputStream:75 - [STDERR_REDIRECT] [Fatal Error] :1:1: Premature end of file.
2026-07-13 12:37:40,622 [ERROR] LogOutputStream:75 - [STDERR_REDIRECT] 
2026-07-13 12:37:41,624 [ERROR] LogOutputStream:75 - [STDERR_REDIRECT] [Fatal Error] :1:1: Premature end of file.
2026-07-13 12:37:41,624 [ERROR] LogOutputStream:75 - [STDERR_REDIRECT] 
2026-07-13 12:37:42,624 [ERROR] LogOutputStream:75 - [STDERR_REDIRECT] [Fatal Error] :1:1: Premature end of file.
2026-07-13 12:37:42,624 [ERROR] LogOutputStream:75 - [STDERR_REDIRECT] 
2026-07-13 12:37:43,625 [ERROR] LogOutputStream:75 - [STDERR_REDIRECT] [Fatal Error] :1:1: Premature end of file.
2026-07-13 12:37:43,625 [ERROR] LogOutputStream:75 - [STDERR_REDIRECT] 
2026-07-13 12:37:44,624 [ERROR] LogOutputStream:75 - [STDERR_REDIRECT] [Fatal Error] :1:1: Premature end of file.
2026-07-13 12:37:44,624 [ERROR] LogOutputStream:75 - [STDERR_REDIRECT] 
2026-07-13 12:37:45,624 [ERROR] LogOutputStream:75 - [STDERR_REDIRECT] [Fatal Error] :1:1: Premature end of file.
2026-07-13 12:37:45,624 [ERROR] LogOutputStream:75 - [STDERR_REDIRECT] 
2026-07-13 12:37:46,621 [ERROR] LogOutputStream:75 - [STDERR_REDIRECT] [Fatal Error] :1:1: Premature end of file.
2026-07-13 12:37:46,621 [ERROR] LogOutputStream:75 - [STDERR_REDIRECT] 
2026-07-13 12:37:47,619 [ERROR] LogOutputStream:75 - [STDERR_REDIRECT] [Fatal Error] :1:1: Premature end of file.
2026-07-13 12:37:47,619 [ERROR] LogOutputStream:75 - [STDERR_REDIRECT] 
2026-07-13 12:37:48,622 [ERROR] LogOutputStream:75 - [STDERR_REDIRECT] [Fatal Error] :1:1: Premature end of file.
2026-07-13 12:37:48,622 [ERROR] LogOutputStream:75 - [STDERR_REDIRECT] 
2026-07-13 12:37:49,620 [ERROR] LogOutputStream:75 - [STDERR_REDIRECT] [Fatal Error] :1:1: Premature end of file.
2026-07-13 12:37:49,620 [ERROR] LogOutputStream:75 - [STDERR_REDIRECT] 
2026-07-13 12:37:50,621 [ERROR] LogOutputStream:75 - [STDERR_REDIRECT] [Fatal Error] :1:1: Premature end of file.
2026-07-13 12:37:50,621 [ERROR] LogOutputStream:75 - [STDERR_REDIRECT] 
2026-07-13 12:37:51,622 [ERROR] LogOutputStream:75 - [STDERR_REDIRECT] [Fatal Error] :1:1: Premature end of file.
2026-07-13 12:37:51,624 [ERROR] LogOutputStream:75 - [STDERR_REDIRECT] 
2026-07-13 12:37:52,619 [ERROR] LogOutputStream:75 - [STDERR_REDIRECT] [Fatal Error] :1:1: Premature end of file.
2026-07-13 12:37:52,619 [ERROR] LogOutputStream:75 - [STDERR_REDIRECT] 
2026-07-13 12:37:53,620 [ERROR] LogOutputStream:75 - [STDERR_REDIRECT] [Fatal Error] :1:1: Premature end of file.
2026-07-13 12:37:53,620 [ERROR] LogOutputStream:75 - [STDERR_REDIRECT] 
2026-07-13 12:37:54,618 [ERROR] LogOutputStream:75 - [STDERR_REDIRECT] [Fatal Error] :1:1: Premature end of file.
2026-07-13 12:37:54,618 [ERROR] LogOutputStream:75 - [STDERR_REDIRECT] 
2026-07-13 12:37:55,623 [ERROR] LogOutputStream:75 - [STDERR_REDIRECT] [Fatal Error] :1:1: Premature end of file.
2026-07-13 12:37:55,623 [ERROR] LogOutputStream:75 - [STDERR_REDIRECT] 
2026-07-13 12:37:56,622 [ERROR] LogOutputStream:75 - [STDERR_REDIRECT] [Fatal Error] :1:1: Premature end of file.
2026-07-13 12:37:56,622 [ERROR] LogOutputStream:75 - [STDERR_REDIRECT] 
2026-07-13 12:37:57,623 [ERROR] LogOutputStream:75 - [STDERR_REDIRECT] [Fatal Error] :1:1: Premature end of file.
2026-07-13 12:37:57,623 [ERROR] LogOutputStream:75 - [STDERR_REDIRECT] 
2026-07-13 12:37:58,623 [ERROR] LogOutputStream:75 - [STDERR_REDIRECT] [Fatal Error] :1:1: Premature end of file.
2026-07-13 12:37:58,623 [ERROR] LogOutputStream:75 - [STDERR_REDIRECT] 
2026-07-13 12:37:59,619 [ERROR] LogOutputStream:75 - [STDERR_REDIRECT] [Fatal Error] :1:1: Premature end of file.
2026-07-13 12:37:59,619 [ERROR] LogOutputStream:75 - [STDERR_REDIRECT] 
2026-07-13 12:38:00,621 [ERROR] LogOutputStream:75 - [STDERR_REDIRECT] [Fatal Error] :1:1: Premature end of file.
2026-07-13 12:38:00,621 [ERROR] LogOutputStream:75 - [STDERR_REDIRECT] 
2026-07-13 12:38:01,620 [ERROR] LogOutputStream:75 - [STDERR_REDIRECT] [Fatal Error] :1:1: Premature end of file.
2026-07-13 12:38:01,621 [ERROR] LogOutputStream:75 - [STDERR_REDIRECT] 
2026-07-13 12:38:02,622 [ERROR] LogOutputStream:75 - [STDERR_REDIRECT] [Fatal Error] :1:1: Premature end of file.
2026-07-13 12:38:02,622 [ERROR] LogOutputStream:75 - [STDERR_REDIRECT] 
2026-07-13 12:38:03,620 [ERROR] LogOutputStream:75 - [STDERR_REDIRECT] [Fatal Error] :1:1: Premature end of file.
2026-07-13 12:38:03,620 [ERROR] LogOutputStream:75 - [STDERR_REDIRECT] 
2026-07-13 12:38:04,622 [ERROR] LogOutputStream:75 - [STDERR_REDIRECT] [Fatal Error] :1:1: Premature end of file.
2026-07-13 12:38:04,622 [ERROR] LogOutputStream:75 - [STDERR_REDIRECT] 
2026-07-13 12:38:05,624 [ERROR] LogOutputStream:75 - [STDERR_REDIRECT] [Fatal Error] :1:1: Premature end of file.
2026-07-13 12:38:05,624 [ERROR] LogOutputStream:75 - [STDERR_REDIRECT] 
2026-07-13 12:38:06,625 [ERROR] LogOutputStream:75 - [STDERR_REDIRECT] [Fatal Error] :1:1: Premature end of file.
2026-07-13 12:38:06,625 [ERROR] LogOutputStream:75 - [STDERR_REDIRECT] 
2026-07-13 12:38:07,622 [ERROR] LogOutputStream:75 - [STDERR_REDIRECT] [Fatal Error] :1:1: Premature end of file.
2026-07-13 12:38:07,622 [ERROR] LogOutputStream:75 - [STDERR_REDIRECT] 
2026-07-13 12:38:08,624 [ERROR] LogOutputStream:75 - [STDERR_REDIRECT] [Fatal Error] :1:1: Premature end of file.
2026-07-13 12:38:08,624 [ERROR] LogOutputStream:75 - [STDERR_REDIRECT] 
2026-07-13 12:38:09,620 [ERROR] LogOutputStream:75 - [STDERR_REDIRECT] [Fatal Error] :1:1: Premature end of file.
2026-07-13 12:38:09,621 [ERROR] LogOutputStream:75 - [STDERR_REDIRECT] 
2026-07-13 12:38:10,621 [ERROR] LogOutputStream:75 - [STDERR_REDIRECT] [Fatal Error] :1:1: Premature end of file.
2026-07-13 12:38:10,621 [ERROR] LogOutputStream:75 - [STDERR_REDIRECT] 
2026-07-13 12:38:11,624 [ERROR] LogOutputStream:75 - [STDERR_REDIRECT] [Fatal Error] :1:1: Premature end of file.
2026-07-13 12:38:11,624 [ERROR] LogOutputStream:75 - [STDERR_REDIRECT] 
2026-07-13 12:38:12,618 [ERROR] LogOutputStream:75 - [STDERR_REDIRECT] [Fatal Error] :1:1: Premature end of file.
2026-07-13 12:38:12,619 [ERROR] LogOutputStream:75 - [STDERR_REDIRECT] 
2026-07-13 12:38:13,618 [ERROR] LogOutputStream:75 - [STDERR_REDIRECT] [Fatal Error] :1:1: Premature end of file.
2026-07-13 12:38:13,618 [ERROR] LogOutputStream:75 - [STDERR_REDIRECT] 
2026-07-13 12:38:14,619 [ERROR] LogOutputStream:75 - [STDERR_REDIRECT] [Fatal Error] :1:1: Premature end of file.
2026-07-13 12:38:14,619 [ERROR] LogOutputStream:75 - [STDERR_REDIRECT] 
2026-07-13 12:38:15,623 [ERROR] LogOutputStream:75 - [STDERR_REDIRECT] [Fatal Error] :1:1: Premature end of file.
2026-07-13 12:38:15,623 [ERROR] LogOutputStream:75 - [STDERR_REDIRECT] 
2026-07-13 12:38:16,621 [ERROR] LogOutputStream:75 - [STDERR_REDIRECT] [Fatal Error] :1:1: Premature end of file.
2026-07-13 12:38:16,621 [ERROR] LogOutputStream:75 - [STDERR_REDIRECT] 
2026-07-13 12:38:17,622 [ERROR] LogOutputStream:75 - [STDERR_REDIRECT] [Fatal Error] :1:1: Premature end of file.
2026-07-13 12:38:17,622 [ERROR] LogOutputStream:75 - [STDERR_REDIRECT] 
2026-07-13 12:38:18,626 [ERROR] LogOutputStream:75 - [STDERR_REDIRECT] [Fatal Error] :1:1: Premature end of file.
2026-07-13 12:38:18,626 [ERROR] LogOutputStream:75 - [STDERR_REDIRECT] 
2026-07-13 12:38:19,623 [ERROR] LogOutputStream:75 - [STDERR_REDIRECT] [Fatal Error] :1:1: Premature end of file.
2026-07-13 12:38:19,624 [ERROR] LogOutputStream:75 - [STDERR_REDIRECT] 
2026-07-13 12:38:20,622 [ERROR] LogOutputStream:75 - [STDERR_REDIRECT] [Fatal Error] :1:1: Premature end of file.
2026-07-13 12:38:20,622 [ERROR] LogOutputStream:75 - [STDERR_REDIRECT] 
2026-07-13 12:38:21,621 [ERROR] LogOutputStream:75 - [STDERR_REDIRECT] [Fatal Error] :1:1: Premature end of file.
2026-07-13 12:38:21,621 [ERROR] LogOutputStream:75 - [STDERR_REDIRECT] 
2026-07-13 12:38:22,626 [ERROR] LogOutputStream:75 - [STDERR_REDIRECT] [Fatal Error] :1:1: Premature end of file.
2026-07-13 12:38:22,626 [ERROR] LogOutputStream:75 - [STDERR_REDIRECT] 
2026-07-13 12:38:23,621 [ERROR] LogOutputStream:75 - [STDERR_REDIRECT] [Fatal Error] :1:1: Premature end of file.
2026-07-13 12:38:23,621 [ERROR] LogOutputStream:75 - [STDERR_REDIRECT] 
2026-07-13 12:38:24,621 [ERROR] LogOutputStream:75 - [STDERR_REDIRECT] [Fatal Error] :1:1: Premature end of file.
2026-07-13 12:38:24,621 [ERROR] LogOutputStream:75 - [STDERR_REDIRECT] 
2026-07-13 12:38:25,627 [ERROR] LogOutputStream:75 - [STDERR_REDIRECT] [Fatal Error] :1:1: Premature end of file.
2026-07-13 12:38:25,627 [ERROR] LogOutputStream:75 - [STDERR_REDIRECT] 
2026-07-13 12:38:26,623 [ERROR] LogOutputStream:75 - [STDERR_REDIRECT] [Fatal Error] :1:1: Premature end of file.
2026-07-13 12:38:26,623 [ERROR] LogOutputStream:75 - [STDERR_REDIRECT] 
2026-07-13 12:38:27,622 [ERROR] LogOutputStream:75 - [STDERR_REDIRECT] [Fatal Error] :1:1: Premature end of file.
2026-07-13 12:38:27,623 [ERROR] LogOutputStream:75 - [STDERR_REDIRECT] 
2026-07-13 12:38:28,623 [ERROR] LogOutputStream:75 - [STDERR_REDIRECT] [Fatal Error] :1:1: Premature end of file.
2026-07-13 12:38:28,623 [ERROR] LogOutputStream:75 - [STDERR_REDIRECT] 
2026-07-13 12:38:29,623 [ERROR] LogOutputStream:75 - [STDERR_REDIRECT] [Fatal Error] :1:1: Premature end of file.
2026-07-13 12:38:29,623 [ERROR] LogOutputStream:75 - [STDERR_REDIRECT] 
2026-07-13 12:38:30,623 [ERROR] LogOutputStream:75 - [STDERR_REDIRECT] [Fatal Error] :1:1: Premature end of file.
2026-07-13 12:38:30,623 [ERROR] LogOutputStream:75 - [STDERR_REDIRECT] 
2026-07-13 12:38:31,621 [ERROR] LogOutputStream:75 - [STDERR_REDIRECT] [Fatal Error] :1:1: Premature end of file.
2026-07-13 12:38:31,621 [ERROR] LogOutputStream:75 - [STDERR_REDIRECT] 
2026-07-13 12:38:32,621 [ERROR] LogOutputStream:75 - [STDERR_REDIRECT] [Fatal Error] :1:1: Premature end of file.
2026-07-13 12:38:32,622 [ERROR] LogOutputStream:75 - [STDERR_REDIRECT] 
2026-07-13 12:38:33,621 [ERROR] LogOutputStream:75 - [STDERR_REDIRECT] [Fatal Error] :1:1: Premature end of file.
2026-07-13 12:38:33,621 [ERROR] LogOutputStream:75 - [STDERR_REDIRECT] 
2026-07-13 12:38:34,621 [ERROR] LogOutputStream:75 - [STDERR_REDIRECT] [Fatal Error] :1:1: Premature end of file.
2026-07-13 12:38:34,621 [ERROR] LogOutputStream:75 - [STDERR_REDIRECT] 
2026-07-13 12:38:35,623 [ERROR] LogOutputStream:75 - [STDERR_REDIRECT] [Fatal Error] :1:1: Premature end of file.
2026-07-13 12:38:35,623 [ERROR] LogOutputStream:75 - [STDERR_REDIRECT] 
2026-07-13 12:38:36,622 [ERROR] LogOutputStream:75 - [STDERR_REDIRECT] [Fatal Error] :1:1: Premature end of file.
2026-07-13 12:38:36,622 [ERROR] LogOutputStream:75 - [STDERR_REDIRECT] 
2026-07-13 12:38:37,627 [ERROR] LogOutputStream:75 - [STDERR_REDIRECT] [Fatal Error] :1:1: Premature end of file.
2026-07-13 12:38:37,627 [ERROR] LogOutputStream:75 - [STDERR_REDIRECT] 
2026-07-13 12:38:38,622 [ERROR] LogOutputStream:75 - [STDERR_REDIRECT] [Fatal Error] :1:1: Premature end of file.
2026-07-13 12:38:38,622 [ERROR] LogOutputStream:75 - [STDERR_REDIRECT] 
2026-07-13 12:38:39,625 [ERROR] LogOutputStream:75 - [STDERR_REDIRECT] [Fatal Error] :1:1: Premature end of file.
2026-07-13 12:38:39,625 [ERROR] LogOutputStream:75 - [STDERR_REDIRECT] 
2026-07-13 12:38:40,620 [ERROR] LogOutputStream:75 - [STDERR_REDIRECT] [Fatal Error] :1:1: Premature end of file.
2026-07-13 12:38:40,620 [ERROR] LogOutputStream:75 - [STDERR_REDIRECT] 
2026-07-13 12:38:41,622 [ERROR] LogOutputStream:75 - [STDERR_REDIRECT] [Fatal Error] :1:1: Premature end of file.
2026-07-13 12:38:41,622 [ERROR] LogOutputStream:75 - [STDERR_REDIRECT] 
2026-07-13 12:38:42,623 [ERROR] LogOutputStream:75 - [STDERR_REDIRECT] [Fatal Error] :1:1: Premature end of file.
2026-07-13 12:38:42,623 [ERROR] LogOutputStream:75 - [STDERR_REDIRECT] 
2026-07-13 12:38:43,624 [ERROR] LogOutputStream:75 - [STDERR_REDIRECT] [Fatal Error] :1:1: Premature end of file.
2026-07-13 12:38:43,624 [ERROR] LogOutputStream:75 - [STDERR_REDIRECT] 
2026-07-13 12:38:44,622 [ERROR] LogOutputStream:75 - [STDERR_REDIRECT] [Fatal Error] :1:1: Premature end of file.
2026-07-13 12:38:44,622 [ERROR] LogOutputStream:75 - [STDERR_REDIRECT] 
2026-07-13 12:38:45,623 [ERROR] LogOutputStream:75 - [STDERR_REDIRECT] [Fatal Error] :1:1: Premature end of file.
2026-07-13 12:38:45,623 [ERROR] LogOutputStream:75 - [STDERR_REDIRECT] 
2026-07-13 12:38:46,622 [ERROR] LogOutputStream:75 - [STDERR_REDIRECT] [Fatal Error] :1:1: Premature end of file.
2026-07-13 12:38:46,622 [ERROR] LogOutputStream:75 - [STDERR_REDIRECT] 
2026-07-13 12:38:47,620 [ERROR] LogOutputStream:75 - [STDERR_REDIRECT] [Fatal Error] :1:1: Premature end of file.
2026-07-13 12:38:47,621 [ERROR] LogOutputStream:75 - [STDERR_REDIRECT] 
2026-07-13 12:38:48,624 [ERROR] LogOutputStream:75 - [STDERR_REDIRECT] [Fatal Error] :1:1: Premature end of file.
2026-07-13 12:38:48,624 [ERROR] LogOutputStream:75 - [STDERR_REDIRECT] 
2026-07-13 12:38:49,623 [ERROR] LogOutputStream:75 - [STDERR_REDIRECT] [Fatal Error] :1:1: Premature end of file.
2026-07-13 12:38:49,623 [ERROR] LogOutputStream:75 - [STDERR_REDIRECT] 
2026-07-13 12:38:50,621 [ERROR] LogOutputStream:75 - [STDERR_REDIRECT] [Fatal Error] :1:1: Premature end of file.
2026-07-13 12:38:50,621 [ERROR] LogOutputStream:75 - [STDERR_REDIRECT] 
2026-07-13 12:38:51,618 [ERROR] LogOutputStream:75 - [STDERR_REDIRECT] [Fatal Error] :1:1: Premature end of file.
2026-07-13 12:38:51,618 [ERROR] LogOutputStream:75 - [STDERR_REDIRECT] 
2026-07-13 12:38:52,620 [ERROR] LogOutputStream:75 - [STDERR_REDIRECT] [Fatal Error] :1:1: Premature end of file.
2026-07-13 12:38:52,620 [ERROR] LogOutputStream:75 - [STDERR_REDIRECT] 
2026-07-13 12:38:53,618 [ERROR] LogOutputStream:75 - [STDERR_REDIRECT] [Fatal Error] :1:1: Premature end of file.
2026-07-13 12:38:53,618 [ERROR] LogOutputStream:75 - [STDERR_REDIRECT] 
2026-07-13 12:38:54,621 [ERROR] LogOutputStream:75 - [STDERR_REDIRECT] [Fatal Error] :1:1: Premature end of file.
2026-07-13 12:38:54,621 [ERROR] LogOutputStream:75 - [STDERR_REDIRECT] 
2026-07-13 12:38:55,622 [ERROR] LogOutputStream:75 - [STDERR_REDIRECT] [Fatal Error] :1:1: Premature end of file.
2026-07-13 12:38:55,622 [ERROR] LogOutputStream:75 - [STDERR_REDIRECT] 
2026-07-13 12:38:56,622 [ERROR] LogOutputStream:75 - [STDERR_REDIRECT] [Fatal Error] :1:1: Premature end of file.
2026-07-13 12:38:56,622 [ERROR] LogOutputStream:75 - [STDERR_REDIRECT] 
2026-07-13 12:38:57,626 [ERROR] LogOutputStream:75 - [STDERR_REDIRECT] [Fatal Error] :1:1: Premature end of file.
2026-07-13 12:38:57,628 [ERROR] LogOutputStream:75 - [STDERR_REDIRECT] 
2026-07-13 12:38:58,620 [ERROR] LogOutputStream:75 - [STDERR_REDIRECT] [Fatal Error] :1:1: Premature end of file.
2026-07-13 12:38:58,620 [ERROR] LogOutputStream:75 - [STDERR_REDIRECT] 
2026-07-13 12:38:59,621 [ERROR] LogOutputStream:75 - [STDERR_REDIRECT] [Fatal Error] :1:1: Premature end of file.
2026-07-13 12:38:59,621 [ERROR] LogOutputStream:75 - [STDERR_REDIRECT] 
2026-07-13 12:39:00,626 [ERROR] LogOutputStream:75 - [STDERR_REDIRECT] [Fatal Error] :1:1: Premature end of file.
2026-07-13 12:39:00,626 [ERROR] LogOutputStream:75 - [STDERR_REDIRECT] 
2026-07-13 12:39:01,621 [ERROR] LogOutputStream:75 - [STDERR_REDIRECT] [Fatal Error] :1:1: Premature end of file.
2026-07-13 12:39:01,621 [ERROR] LogOutputStream:75 - [STDERR_REDIRECT] 
2026-07-13 12:39:02,622 [ERROR] LogOutputStream:75 - [STDERR_REDIRECT] [Fatal Error] :1:1: Premature end of file.
2026-07-13 12:39:02,622 [ERROR] LogOutputStream:75 - [STDERR_REDIRECT] 
2026-07-13 12:39:03,625 [ERROR] LogOutputStream:75 - [STDERR_REDIRECT] [Fatal Error] :1:1: Premature end of file.
2026-07-13 12:39:03,625 [ERROR] LogOutputStream:75 - [STDERR_REDIRECT] 
2026-07-13 12:39:04,621 [ERROR] LogOutputStream:75 - [STDERR_REDIRECT] [Fatal Error] :1:1: Premature end of file.
2026-07-13 12:39:04,621 [ERROR] LogOutputStream:75 - [STDERR_REDIRECT] 
2026-07-13 12:39:05,623 [ERROR] LogOutputStream:75 - [STDERR_REDIRECT] [Fatal Error] :1:1: Premature end of file.
2026-07-13 12:39:05,623 [ERROR] LogOutputStream:75 - [STDERR_REDIRECT] 
2026-07-13 12:39:06,619 [ERROR] LogOutputStream:75 - [STDERR_REDIRECT] [Fatal Error] :1:1: Premature end of file.
2026-07-13 12:39:06,619 [ERROR] LogOutputStream:75 - [STDERR_REDIRECT] 
2026-07-13 12:39:07,622 [ERROR] LogOutputStream:75 - [STDERR_REDIRECT] [Fatal Error] :1:1: Premature end of file.
2026-07-13 12:39:07,622 [ERROR] LogOutputStream:75 - [STDERR_REDIRECT] 
2026-07-13 12:39:08,619 [ERROR] LogOutputStream:75 - [STDERR_REDIRECT] [Fatal Error] :1:1: Premature end of file.
2026-07-13 12:39:08,619 [ERROR] LogOutputStream:75 - [STDERR_REDIRECT] 
2026-07-13 12:39:09,631 [ERROR] LogOutputStream:75 - [STDERR_REDIRECT] [Fatal Error] :1:1: Premature end of file.
2026-07-13 12:39:09,632 [ERROR] LogOutputStream:75 - [STDERR_REDIRECT] 
2026-07-13 12:39:10,622 [ERROR] LogOutputStream:75 - [STDERR_REDIRECT] [Fatal Error] :1:1: Premature end of file.
2026-07-13 12:39:10,622 [ERROR] LogOutputStream:75 - [STDERR_REDIRECT] 
2026-07-13 12:39:11,624 [ERROR] LogOutputStream:75 - [STDERR_REDIRECT] [Fatal Error] :1:1: Premature end of file.
2026-07-13 12:39:11,624 [ERROR] LogOutputStream:75 - [STDERR_REDIRECT] 
2026-07-13 12:39:12,618 [ERROR] LogOutputStream:75 - [STDERR_REDIRECT] [Fatal Error] :1:1: Premature end of file.
2026-07-13 12:39:12,618 [ERROR] LogOutputStream:75 - [STDERR_REDIRECT] 
2026-07-13 12:39:13,621 [ERROR] LogOutputStream:75 - [STDERR_REDIRECT] [Fatal Error] :1:1: Premature end of file.
2026-07-13 12:39:13,622 [ERROR] LogOutputStream:75 - [STDERR_REDIRECT] 
2026-07-13 12:39:14,624 [ERROR] LogOutputStream:75 - [STDERR_REDIRECT] [Fatal Error] :1:1: Premature end of file.
2026-07-13 12:39:14,624 [ERROR] LogOutputStream:75 - [STDERR_REDIRECT] 
2026-07-13 12:39:15,624 [ERROR] LogOutputStream:75 - [STDERR_REDIRECT] [Fatal Error] :1:1: Premature end of file.
2026-07-13 12:39:15,624 [ERROR] LogOutputStream:75 - [STDERR_REDIRECT] 
2026-07-13 12:39:16,622 [ERROR] LogOutputStream:75 - [STDERR_REDIRECT] [Fatal Error] :1:1: Premature end of file.
2026-07-13 12:39:16,622 [ERROR] LogOutputStream:75 - [STDERR_REDIRECT] 
2026-07-13 12:39:17,621 [ERROR] LogOutputStream:75 - [STDERR_REDIRECT] [Fatal Error] :1:1: Premature end of file.
2026-07-13 12:39:17,622 [ERROR] LogOutputStream:75 - [STDERR_REDIRECT] 
2026-07-13 12:39:18,625 [ERROR] LogOutputStream:75 - [STDERR_REDIRECT] [Fatal Error] :1:1: Premature end of file.
2026-07-13 12:39:18,625 [ERROR] LogOutputStream:75 - [STDERR_REDIRECT] 
2026-07-13 12:39:19,622 [ERROR] LogOutputStream:75 - [STDERR_REDIRECT] [Fatal Error] :1:1: Premature end of file.
2026-07-13 12:39:19,622 [ERROR] LogOutputStream:75 - [STDERR_REDIRECT] 
2026-07-13 12:39:20,620 [ERROR] LogOutputStream:75 - [STDERR_REDIRECT] [Fatal Error] :1:1: Premature end of file.
2026-07-13 12:39:20,622 [ERROR] LogOutputStream:75 - [STDERR_REDIRECT] 
2026-07-13 12:39:21,623 [ERROR] LogOutputStream:75 - [STDERR_REDIRECT] [Fatal Error] :1:1: Premature end of file.
2026-07-13 12:39:21,623 [ERROR] LogOutputStream:75 - [STDERR_REDIRECT] 
2026-07-13 12:39:22,622 [ERROR] LogOutputStream:75 - [STDERR_REDIRECT] [Fatal Error] :1:1: Premature end of file.
2026-07-13 12:39:22,622 [ERROR] LogOutputStream:75 - [STDERR_REDIRECT] 
2026-07-13 12:39:23,623 [ERROR] LogOutputStream:75 - [STDERR_REDIRECT] [Fatal Error] :1:1: Premature end of file.
2026-07-13 12:39:23,623 [ERROR] LogOutputStream:75 - [STDERR_REDIRECT] 
2026-07-13 12:39:24,624 [ERROR] LogOutputStream:75 - [STDERR_REDIRECT] [Fatal Error] :1:1: Premature end of file.
2026-07-13 12:39:24,624 [ERROR] LogOutputStream:75 - [STDERR_REDIRECT] 
2026-07-13 12:39:25,623 [ERROR] LogOutputStream:75 - [STDERR_REDIRECT] [Fatal Error] :1:1: Premature end of file.
2026-07-13 12:39:25,624 [ERROR] LogOutputStream:75 - [STDERR_REDIRECT] 
2026-07-13 12:39:26,622 [ERROR] LogOutputStream:75 - [STDERR_REDIRECT] [Fatal Error] :1:1: Premature end of file.
2026-07-13 12:39:26,622 [ERROR] LogOutputStream:75 - [STDERR_REDIRECT] 
2026-07-13 12:39:27,621 [ERROR] LogOutputStream:75 - [STDERR_REDIRECT] [Fatal Error] :1:1: Premature end of file.
2026-07-13 12:39:27,621 [ERROR] LogOutputStream:75 - [STDERR_REDIRECT] 
2026-07-13 12:39:28,622 [ERROR] LogOutputStream:75 - [STDERR_REDIRECT] [Fatal Error] :1:1: Premature end of file.
2026-07-13 12:39:28,623 [ERROR] LogOutputStream:75 - [STDERR_REDIRECT] 
2026-07-13 12:39:29,626 [ERROR] LogOutputStream:75 - [STDERR_REDIRECT] [Fatal Error] :1:1: Premature end of file.
2026-07-13 12:39:29,626 [ERROR] LogOutputStream:75 - [STDERR_REDIRECT] 
2026-07-13 12:39:30,620 [ERROR] LogOutputStream:75 - [STDERR_REDIRECT] [Fatal Error] :1:1: Premature end of file.
2026-07-13 12:39:30,620 [ERROR] LogOutputStream:75 - [STDERR_REDIRECT] 
2026-07-13 12:39:31,624 [ERROR] LogOutputStream:75 - [STDERR_REDIRECT] [Fatal Error] :1:1: Premature end of file.
2026-07-13 12:39:31,624 [ERROR] LogOutputStream:75 - [STDERR_REDIRECT] 
2026-07-13 12:39:32,624 [ERROR] LogOutputStream:75 - [STDERR_REDIRECT] [Fatal Error] :1:1: Premature end of file.
2026-07-13 12:39:32,624 [ERROR] LogOutputStream:75 - [STDERR_REDIRECT] 
2026-07-13 12:39:33,620 [ERROR] LogOutputStream:75 - [STDERR_REDIRECT] [Fatal Error] :1:1: Premature end of file.
2026-07-13 12:39:33,620 [ERROR] LogOutputStream:75 - [STDERR_REDIRECT] 
2026-07-13 12:39:34,624 [ERROR] LogOutputStream:75 - [STDERR_REDIRECT] [Fatal Error] :1:1: Premature end of file.
2026-07-13 12:39:34,624 [ERROR] LogOutputStream:75 - [STDERR_REDIRECT] 
2026-07-13 12:39:35,625 [ERROR] LogOutputStream:75 - [STDERR_REDIRECT] [Fatal Error] :1:1: Premature end of file.
2026-07-13 12:39:35,625 [ERROR] LogOutputStream:75 - [STDERR_REDIRECT] 
2026-07-13 12:39:36,625 [ERROR] LogOutputStream:75 - [STDERR_REDIRECT] [Fatal Error] :1:1: Premature end of file.
2026-07-13 12:39:36,625 [ERROR] LogOutputStream:75 - [STDERR_REDIRECT] 
2026-07-13 12:39:37,621 [ERROR] LogOutputStream:75 - [STDERR_REDIRECT] [Fatal Error] :1:1: Premature end of file.
2026-07-13 12:39:37,622 [ERROR] LogOutputStream:75 - [STDERR_REDIRECT] 
2026-07-13 12:39:38,622 [ERROR] LogOutputStream:75 - [STDERR_REDIRECT] [Fatal Error] :1:1: Premature end of file.
2026-07-13 12:39:38,623 [ERROR] LogOutputStream:75 - [STDERR_REDIRECT] 
2026-07-13 12:39:39,621 [ERROR] LogOutputStream:75 - [STDERR_REDIRECT] [Fatal Error] :1:1: Premature end of file.
2026-07-13 12:39:39,622 [ERROR] LogOutputStream:75 - [STDERR_REDIRECT] 
2026-07-13 12:39:40,621 [ERROR] LogOutputStream:75 - [STDERR_REDIRECT] [Fatal Error] :1:1: Premature end of file.
2026-07-13 12:39:40,621 [ERROR] LogOutputStream:75 - [STDERR_REDIRECT] 
2026-07-13 12:39:41,626 [ERROR] LogOutputStream:75 - [STDERR_REDIRECT] [Fatal Error] :1:1: Premature end of file.
2026-07-13 12:39:41,626 [ERROR] LogOutputStream:75 - [STDERR_REDIRECT] 
2026-07-13 12:39:42,624 [ERROR] LogOutputStream:75 - [STDERR_REDIRECT] [Fatal Error] :1:1: Premature end of file.
2026-07-13 12:39:42,624 [ERROR] LogOutputStream:75 - [STDERR_REDIRECT] 
2026-07-13 12:39:43,623 [ERROR] LogOutputStream:75 - [STDERR_REDIRECT] [Fatal Error] :1:1: Premature end of file.
2026-07-13 12:39:43,623 [ERROR] LogOutputStream:75 - [STDERR_REDIRECT] 
2026-07-13 12:39:44,623 [ERROR] LogOutputStream:75 - [STDERR_REDIRECT] [Fatal Error] :1:1: Premature end of file.
2026-07-13 12:39:44,623 [ERROR] LogOutputStream:75 - [STDERR_REDIRECT] 
2026-07-13 12:39:45,622 [ERROR] LogOutputStream:75 - [STDERR_REDIRECT] [Fatal Error] :1:1: Premature end of file.
2026-07-13 12:39:45,622 [ERROR] LogOutputStream:75 - [STDERR_REDIRECT] 
2026-07-13 12:39:46,619 [ERROR] LogOutputStream:75 - [STDERR_REDIRECT] [Fatal Error] :1:1: Premature end of file.
2026-07-13 12:39:46,619 [ERROR] LogOutputStream:75 - [STDERR_REDIRECT] 
2026-07-13 12:39:47,619 [ERROR] LogOutputStream:75 - [STDERR_REDIRECT] [Fatal Error] :1:1: Premature end of file.
2026-07-13 12:39:47,619 [ERROR] LogOutputStream:75 - [STDERR_REDIRECT] 
2026-07-13 12:39:48,622 [ERROR] LogOutputStream:75 - [STDERR_REDIRECT] [Fatal Error] :1:1: Premature end of file.
2026-07-13 12:39:48,622 [ERROR] LogOutputStream:75 - [STDERR_REDIRECT] 
2026-07-13 12:39:49,621 [ERROR] LogOutputStream:75 - [STDERR_REDIRECT] [Fatal Error] :1:1: Premature end of file.
2026-07-13 12:39:49,621 [ERROR] LogOutputStream:75 - [STDERR_REDIRECT] 
2026-07-13 12:39:50,623 [ERROR] LogOutputStream:75 - [STDERR_REDIRECT] [Fatal Error] :1:1: Premature end of file.
2026-07-13 12:39:50,624 [ERROR] LogOutputStream:75 - [STDERR_REDIRECT] 
2026-07-13 12:39:51,624 [ERROR] LogOutputStream:75 - [STDERR_REDIRECT] [Fatal Error] :1:1: Premature end of file.
2026-07-13 12:39:51,624 [ERROR] LogOutputStream:75 - [STDERR_REDIRECT] 
2026-07-13 12:39:52,619 [ERROR] LogOutputStream:75 - [STDERR_REDIRECT] [Fatal Error] :1:1: Premature end of file.
2026-07-13 12:39:52,619 [ERROR] LogOutputStream:75 - [STDERR_REDIRECT] 
2026-07-13 12:39:53,619 [ERROR] LogOutputStream:75 - [STDERR_REDIRECT] [Fatal Error] :1:1: Premature end of file.
2026-07-13 12:39:53,619 [ERROR] LogOutputStream:75 - [STDERR_REDIRECT] 
2026-07-13 12:39:54,622 [ERROR] LogOutputStream:75 - [STDERR_REDIRECT] [Fatal Error] :1:1: Premature end of file.
2026-07-13 12:39:54,622 [ERROR] LogOutputStream:75 - [STDERR_REDIRECT] 
2026-07-13 12:39:55,623 [ERROR] LogOutputStream:75 - [STDERR_REDIRECT] [Fatal Error] :1:1: Premature end of file.
2026-07-13 12:39:55,623 [ERROR] LogOutputStream:75 - [STDERR_REDIRECT] 
2026-07-13 12:39:56,622 [ERROR] LogOutputStream:75 - [STDERR_REDIRECT] [Fatal Error] :1:1: Premature end of file.
2026-07-13 12:39:56,622 [ERROR] LogOutputStream:75 - [STDERR_REDIRECT] 
2026-07-13 12:39:57,625 [ERROR] LogOutputStream:75 - [STDERR_REDIRECT] [Fatal Error] :1:1: Premature end of file.
2026-07-13 12:39:57,625 [ERROR] LogOutputStream:75 - [STDERR_REDIRECT] 
2026-07-13 12:39:58,627 [ERROR] LogOutputStream:75 - [STDERR_REDIRECT] [Fatal Error] :1:1: Premature end of file.
2026-07-13 12:39:58,627 [ERROR] LogOutputStream:75 - [STDERR_REDIRECT] 
2026-07-13 12:39:59,621 [ERROR] LogOutputStream:75 - [STDERR_REDIRECT] [Fatal Error] :1:1: Premature end of file.
2026-07-13 12:39:59,621 [ERROR] LogOutputStream:75 - [STDERR_REDIRECT] 
2026-07-13 12:40:00,620 [ERROR] LogOutputStream:75 - [STDERR_REDIRECT] [Fatal Error] :1:1: Premature end of file.
2026-07-13 12:40:00,621 [ERROR] LogOutputStream:75 - [STDERR_REDIRECT] 
2026-07-13 12:40:01,621 [ERROR] LogOutputStream:75 - [STDERR_REDIRECT] [Fatal Error] :1:1: Premature end of file.
2026-07-13 12:40:01,621 [ERROR] LogOutputStream:75 - [STDERR_REDIRECT] 
2026-07-13 12:40:02,623 [ERROR] LogOutputStream:75 - [STDERR_REDIRECT] [Fatal Error] :1:1: Premature end of file.
2026-07-13 12:40:02,624 [ERROR] LogOutputStream:75 - [STDERR_REDIRECT] 
2026-07-13 12:40:03,625 [ERROR] LogOutputStream:75 - [STDERR_REDIRECT] [Fatal Error] :1:1: Premature end of file.
2026-07-13 12:40:03,625 [ERROR] LogOutputStream:75 - [STDERR_REDIRECT] 
2026-07-13 12:40:04,622 [ERROR] LogOutputStream:75 - [STDERR_REDIRECT] [Fatal Error] :1:1: Premature end of file.
2026-07-13 12:40:04,622 [ERROR] LogOutputStream:75 - [STDERR_REDIRECT] 
2026-07-13 12:40:05,619 [ERROR] LogOutputStream:75 - [STDERR_REDIRECT] [Fatal Error] :1:1: Premature end of file.
2026-07-13 12:40:05,621 [ERROR] LogOutputStream:75 - [STDERR_REDIRECT] 
2026-07-13 12:40:06,623 [ERROR] LogOutputStream:75 - [STDERR_REDIRECT] [Fatal Error] :1:1: Premature end of file.
2026-07-13 12:40:06,624 [ERROR] LogOutputStream:75 - [STDERR_REDIRECT] 
2026-07-13 12:40:07,623 [ERROR] LogOutputStream:75 - [STDERR_REDIRECT] [Fatal Error] :1:1: Premature end of file.
2026-07-13 12:40:07,623 [ERROR] LogOutputStream:75 - [STDERR_REDIRECT] 
2026-07-13 12:40:08,623 [ERROR] LogOutputStream:75 - [STDERR_REDIRECT] [Fatal Error] :1:1: Premature end of file.
2026-07-13 12:40:08,623 [ERROR] LogOutputStream:75 - [STDERR_REDIRECT] 
2026-07-13 12:40:09,622 [ERROR] LogOutputStream:75 - [STDERR_REDIRECT] [Fatal Error] :1:1: Premature end of file.
2026-07-13 12:40:09,623 [ERROR] LogOutputStream:75 - [STDERR_REDIRECT] 
2026-07-13 12:40:10,629 [ERROR] LogOutputStream:75 - [STDERR_REDIRECT] [Fatal Error] :1:1: Premature end of file.
2026-07-13 12:40:10,629 [ERROR] LogOutputStream:75 - [STDERR_REDIRECT] 
2026-07-13 12:40:11,625 [ERROR] LogOutputStream:75 - [STDERR_REDIRECT] [Fatal Error] :1:1: Premature end of file.
2026-07-13 12:40:11,626 [ERROR] LogOutputStream:75 - [STDERR_REDIRECT] 
2026-07-13 12:40:12,622 [ERROR] LogOutputStream:75 - [STDERR_REDIRECT] [Fatal Error] :1:1: Premature end of file.
2026-07-13 12:40:12,622 [ERROR] LogOutputStream:75 - [STDERR_REDIRECT] 
2026-07-13 12:40:13,623 [ERROR] LogOutputStream:75 - [STDERR_REDIRECT] [Fatal Error] :1:1: Premature end of file.
2026-07-13 12:40:13,624 [ERROR] LogOutputStream:75 - [STDERR_REDIRECT] 
2026-07-13 12:40:14,625 [ERROR] LogOutputStream:75 - [STDERR_REDIRECT] [Fatal Error] :1:1: Premature end of file.
2026-07-13 12:40:14,625 [ERROR] LogOutputStream:75 - [STDERR_REDIRECT] 
2026-07-13 12:40:15,625 [ERROR] LogOutputStream:75 - [STDERR_REDIRECT] [Fatal Error] :1:1: Premature end of file.
2026-07-13 12:40:15,625 [ERROR] LogOutputStream:75 - [STDERR_REDIRECT] 
2026-07-13 12:40:16,623 [ERROR] LogOutputStream:75 - [STDERR_REDIRECT] [Fatal Error] :1:1: Premature end of file.
2026-07-13 12:40:16,623 [ERROR] LogOutputStream:75 - [STDERR_REDIRECT] 
2026-07-13 12:40:17,624 [ERROR] LogOutputStream:75 - [STDERR_REDIRECT] [Fatal Error] :1:1: Premature end of file.
2026-07-13 12:40:17,624 [ERROR] LogOutputStream:75 - [STDERR_REDIRECT] 
2026-07-13 12:40:18,620 [ERROR] LogOutputStream:75 - [STDERR_REDIRECT] [Fatal Error] :1:1: Premature end of file.
2026-07-13 12:40:18,620 [ERROR] LogOutputStream:75 - [STDERR_REDIRECT] 
2026-07-13 12:40:19,629 [ERROR] LogOutputStream:75 - [STDERR_REDIRECT] [Fatal Error] :1:1: Premature end of file.
2026-07-13 12:40:19,629 [ERROR] LogOutputStream:75 - [STDERR_REDIRECT] 
2026-07-13 12:40:20,624 [ERROR] LogOutputStream:75 - [STDERR_REDIRECT] [Fatal Error] :1:1: Premature end of file.
2026-07-13 12:40:20,625 [ERROR] LogOutputStream:75 - [STDERR_REDIRECT] 
2026-07-13 12:40:21,621 [ERROR] LogOutputStream:75 - [STDERR_REDIRECT] [Fatal Error] :1:1: Premature end of file.
2026-07-13 12:40:21,621 [ERROR] LogOutputStream:75 - [STDERR_REDIRECT] 
2026-07-13 12:40:22,621 [ERROR] LogOutputStream:75 - [STDERR_REDIRECT] [Fatal Error] :1:1: Premature end of file.
2026-07-13 12:40:22,621 [ERROR] LogOutputStream:75 - [STDERR_REDIRECT] 
2026-07-13 12:40:23,623 [ERROR] LogOutputStream:75 - [STDERR_REDIRECT] [Fatal Error] :1:1: Premature end of file.
2026-07-13 12:40:23,623 [ERROR] LogOutputStream:75 - [STDERR_REDIRECT] 
2026-07-13 12:40:24,628 [ERROR] LogOutputStream:75 - [STDERR_REDIRECT] [Fatal Error] :1:1: Premature end of file.
2026-07-13 12:40:24,628 [ERROR] LogOutputStream:75 - [STDERR_REDIRECT] 
2026-07-13 12:40:25,625 [ERROR] LogOutputStream:75 - [STDERR_REDIRECT] [Fatal Error] :1:1: Premature end of file.
2026-07-13 12:40:25,625 [ERROR] LogOutputStream:75 - [STDERR_REDIRECT] 
2026-07-13 12:40:26,623 [ERROR] LogOutputStream:75 - [STDERR_REDIRECT] [Fatal Error] :1:1: Premature end of file.
2026-07-13 12:40:26,623 [ERROR] LogOutputStream:75 - [STDERR_REDIRECT] 
2026-07-13 12:40:27,625 [ERROR] LogOutputStream:75 - [STDERR_REDIRECT] [Fatal Error] :1:1: Premature end of file.
2026-07-13 12:40:27,625 [ERROR] LogOutputStream:75 - [STDERR_REDIRECT] 
2026-07-13 12:40:28,622 [ERROR] LogOutputStream:75 - [STDERR_REDIRECT] [Fatal Error] :1:1: Premature end of file.
2026-07-13 12:40:28,622 [ERROR] LogOutputStream:75 - [STDERR_REDIRECT] 
2026-07-13 12:40:29,623 [ERROR] LogOutputStream:75 - [STDERR_REDIRECT] [Fatal Error] :1:1: Premature end of file.
2026-07-13 12:40:29,624 [ERROR] LogOutputStream:75 - [STDERR_REDIRECT] 
2026-07-13 12:40:30,623 [ERROR] LogOutputStream:75 - [STDERR_REDIRECT] [Fatal Error] :1:1: Premature end of file.
2026-07-13 12:40:30,624 [ERROR] LogOutputStream:75 - [STDERR_REDIRECT] 
2026-07-13 12:40:31,623 [ERROR] LogOutputStream:75 - [STDERR_REDIRECT] [Fatal Error] :1:1: Premature end of file.
2026-07-13 12:40:31,624 [ERROR] LogOutputStream:75 - [STDERR_REDIRECT] 
2026-07-13 12:40:32,623 [ERROR] LogOutputStream:75 - [STDERR_REDIRECT] [Fatal Error] :1:1: Premature end of file.
2026-07-13 12:40:32,623 [ERROR] LogOutputStream:75 - [STDERR_REDIRECT] 
2026-07-13 12:40:33,622 [ERROR] LogOutputStream:75 - [STDERR_REDIRECT] [Fatal Error] :1:1: Premature end of file.
2026-07-13 12:40:33,622 [ERROR] LogOutputStream:75 - [STDERR_REDIRECT] 
2026-07-13 12:40:34,620 [ERROR] LogOutputStream:75 - [STDERR_REDIRECT] [Fatal Error] :1:1: Premature end of file.
2026-07-13 12:40:34,620 [ERROR] LogOutputStream:75 - [STDERR_REDIRECT] 
2026-07-13 12:40:35,628 [ERROR] LogOutputStream:75 - [STDERR_REDIRECT] [Fatal Error] :1:1: Premature end of file.
2026-07-13 12:40:35,628 [ERROR] LogOutputStream:75 - [STDERR_REDIRECT] 
2026-07-13 12:40:36,620 [ERROR] LogOutputStream:75 - [STDERR_REDIRECT] [Fatal Error] :1:1: Premature end of file.
2026-07-13 12:40:36,620 [ERROR] LogOutputStream:75 - [STDERR_REDIRECT] 
2026-07-13 12:40:37,621 [ERROR] LogOutputStream:75 - [STDERR_REDIRECT] [Fatal Error] :1:1: Premature end of file.
2026-07-13 12:40:37,621 [ERROR] LogOutputStream:75 - [STDERR_REDIRECT] 
2026-07-13 12:40:38,621 [ERROR] LogOutputStream:75 - [STDERR_REDIRECT] [Fatal Error] :1:1: Premature end of file.
2026-07-13 12:40:38,621 [ERROR] LogOutputStream:75 - [STDERR_REDIRECT] 
2026-07-13 12:40:39,624 [ERROR] LogOutputStream:75 - [STDERR_REDIRECT] [Fatal Error] :1:1: Premature end of file.
2026-07-13 12:40:39,624 [ERROR] LogOutputStream:75 - [STDERR_REDIRECT] 
2026-07-13 12:40:40,622 [ERROR] LogOutputStream:75 - [STDERR_REDIRECT] [Fatal Error] :1:1: Premature end of file.
2026-07-13 12:40:40,622 [ERROR] LogOutputStream:75 - [STDERR_REDIRECT] 
2026-07-13 12:40:41,626 [ERROR] LogOutputStream:75 - [STDERR_REDIRECT] [Fatal Error] :1:1: Premature end of file.
2026-07-13 12:40:41,626 [ERROR] LogOutputStream:75 - [STDERR_REDIRECT] 
2026-07-13 12:40:42,623 [ERROR] LogOutputStream:75 - [STDERR_REDIRECT] [Fatal Error] :1:1: Premature end of file.
2026-07-13 12:40:42,623 [ERROR] LogOutputStream:75 - [STDERR_REDIRECT] 
2026-07-13 12:40:43,622 [ERROR] LogOutputStream:75 - [STDERR_REDIRECT] [Fatal Error] :1:1: Premature end of file.
2026-07-13 12:40:43,622 [ERROR] LogOutputStream:75 - [STDERR_REDIRECT] 
2026-07-13 12:40:44,623 [ERROR] LogOutputStream:75 - [STDERR_REDIRECT] [Fatal Error] :1:1: Premature end of file.
2026-07-13 12:40:44,624 [ERROR] LogOutputStream:75 - [STDERR_REDIRECT] 
2026-07-13 12:40:45,623 [ERROR] LogOutputStream:75 - [STDERR_REDIRECT] [Fatal Error] :1:1: Premature end of file.
2026-07-13 12:40:45,623 [ERROR] LogOutputStream:75 - [STDERR_REDIRECT] 
2026-07-13 12:40:46,624 [ERROR] LogOutputStream:75 - [STDERR_REDIRECT] [Fatal Error] :1:1: Premature end of file.
2026-07-13 12:40:46,624 [ERROR] LogOutputStream:75 - [STDERR_REDIRECT] 
2026-07-13 12:40:47,623 [ERROR] LogOutputStream:75 - [STDERR_REDIRECT] [Fatal Error] :1:1: Premature end of file.
2026-07-13 12:40:47,623 [ERROR] LogOutputStream:75 - [STDERR_REDIRECT] 
2026-07-13 12:40:48,624 [ERROR] LogOutputStream:75 - [STDERR_REDIRECT] [Fatal Error] :1:1: Premature end of file.
2026-07-13 12:40:48,625 [ERROR] LogOutputStream:75 - [STDERR_REDIRECT] 
2026-07-13 12:40:49,626 [ERROR] LogOutputStream:75 - [STDERR_REDIRECT] [Fatal Error] :1:1: Premature end of file.
2026-07-13 12:40:49,626 [ERROR] LogOutputStream:75 - [STDERR_REDIRECT] 
2026-07-13 12:40:50,623 [ERROR] LogOutputStream:75 - [STDERR_REDIRECT] [Fatal Error] :1:1: Premature end of file.
2026-07-13 12:40:50,623 [ERROR] LogOutputStream:75 - [STDERR_REDIRECT] 
2026-07-13 12:40:51,625 [ERROR] LogOutputStream:75 - [STDERR_REDIRECT] [Fatal Error] :1:1: Premature end of file.
2026-07-13 12:40:51,625 [ERROR] LogOutputStream:75 - [STDERR_REDIRECT] 
2026-07-13 12:40:52,620 [ERROR] LogOutputStream:75 - [STDERR_REDIRECT] [Fatal Error] :1:1: Premature end of file.
2026-07-13 12:40:52,620 [ERROR] LogOutputStream:75 - [STDERR_REDIRECT] 
2026-07-13 12:40:53,619 [ERROR] LogOutputStream:75 - [STDERR_REDIRECT] [Fatal Error] :1:1: Premature end of file.
2026-07-13 12:40:53,619 [ERROR] LogOutputStream:75 - [STDERR_REDIRECT] 
2026-07-13 12:40:54,620 [ERROR] LogOutputStream:75 - [STDERR_REDIRECT] [Fatal Error] :1:1: Premature end of file.
2026-07-13 12:40:54,620 [ERROR] LogOutputStream:75 - [STDERR_REDIRECT] 
2026-07-13 12:40:55,640 [ERROR] LogOutputStream:75 - [STDERR_REDIRECT] [Fatal Error] :1:1: Premature end of file.
2026-07-13 12:40:55,641 [ERROR] LogOutputStream:75 - [STDERR_REDIRECT] 
2026-07-13 12:40:56,487 [INFO] WebApp:403 - JxBrowser engine has been closed 
2026-07-13 12:40:56,611 [ERROR] LogOutputStream:75 - [STDERR_REDIRECT] [Fatal Error] :1:1: Premature end of file.
2026-07-13 12:40:56,611 [ERROR] LogOutputStream:75 - [STDERR_REDIRECT] 
2026-07-13 12:40:57,608 [ERROR] LogOutputStream:75 - [STDERR_REDIRECT] [Fatal Error] :1:1: Premature end of file.
2026-07-13 12:40:57,608 [ERROR] LogOutputStream:75 - [STDERR_REDIRECT] 
2026-07-13 12:40:58,612 [ERROR] LogOutputStream:75 - [STDERR_REDIRECT] [Fatal Error] :1:1: Premature end of file.
2026-07-13 12:40:58,612 [ERROR] LogOutputStream:75 - [STDERR_REDIRECT] 
2026-07-13 12:40:59,609 [ERROR] LogOutputStream:75 - [STDERR_REDIRECT] [Fatal Error] :1:1: Premature end of file.
2026-07-13 12:40:59,609 [ERROR] LogOutputStream:75 - [STDERR_REDIRECT] 
2026-07-13 12:41:00,611 [ERROR] LogOutputStream:75 - [STDERR_REDIRECT] [Fatal Error] :1:1: Premature end of file.
2026-07-13 12:41:00,611 [ERROR] LogOutputStream:75 - [STDERR_REDIRECT] 
2026-07-13 12:41:01,622 [ERROR] LogOutputStream:75 - [STDERR_REDIRECT] [Fatal Error] :1:1: Premature end of file.
2026-07-13 12:41:01,622 [ERROR] LogOutputStream:75 - [STDERR_REDIRECT] 
2026-07-13 12:41:02,618 [ERROR] LogOutputStream:75 - [STDERR_REDIRECT] [Fatal Error] :1:1: Premature end of file.
2026-07-13 12:41:02,618 [ERROR] LogOutputStream:75 - [STDERR_REDIRECT] 
2026-07-13 12:41:03,622 [ERROR] LogOutputStream:75 - [STDERR_REDIRECT] [Fatal Error] :1:1: Premature end of file.
2026-07-13 12:41:03,622 [ERROR] LogOutputStream:75 - [STDERR_REDIRECT] 
2026-07-13 12:41:04,623 [ERROR] LogOutputStream:75 - [STDERR_REDIRECT] [Fatal Error] :1:1: Premature end of file.
2026-07-13 12:41:04,623 [ERROR] LogOutputStream:75 - [STDERR_REDIRECT] 
2026-07-13 12:41:05,627 [ERROR] LogOutputStream:75 - [STDERR_REDIRECT] [Fatal Error] :1:1: Premature end of file.
2026-07-13 12:41:05,627 [ERROR] LogOutputStream:75 - [STDERR_REDIRECT] 
2026-07-13 12:41:06,624 [ERROR] LogOutputStream:75 - [STDERR_REDIRECT] [Fatal Error] :1:1: Premature end of file.
2026-07-13 12:41:06,624 [ERROR] LogOutputStream:75 - [STDERR_REDIRECT] 
2026-07-13 12:41:07,624 [ERROR] LogOutputStream:75 - [STDERR_REDIRECT] [Fatal Error] :1:1: Premature end of file.
2026-07-13 12:41:07,625 [ERROR] LogOutputStream:75 - [STDERR_REDIRECT] 
2026-07-13 12:41:08,623 [ERROR] LogOutputStream:75 - [STDERR_REDIRECT] [Fatal Error] :1:1: Premature end of file.
2026-07-13 12:41:08,623 [ERROR] LogOutputStream:75 - [STDERR_REDIRECT] 
2026-07-13 12:41:09,621 [ERROR] LogOutputStream:75 - [STDERR_REDIRECT] [Fatal Error] :1:1: Premature end of file.
2026-07-13 12:41:09,621 [ERROR] LogOutputStream:75 - [STDERR_REDIRECT] 
2026-07-13 12:41:10,628 [ERROR] LogOutputStream:75 - [STDERR_REDIRECT] [Fatal Error] :1:1: Premature end of file.
2026-07-13 12:41:10,628 [ERROR] LogOutputStream:75 - [STDERR_REDIRECT] 
2026-07-13 12:41:11,623 [ERROR] LogOutputStream:75 - [STDERR_REDIRECT] [Fatal Error] :1:1: Premature end of file.
2026-07-13 12:41:11,623 [ERROR] LogOutputStream:75 - [STDERR_REDIRECT] 
2026-07-13 12:41:12,621 [ERROR] LogOutputStream:75 - [STDERR_REDIRECT] [Fatal Error] :1:1: Premature end of file.
2026-07-13 12:41:12,621 [ERROR] LogOutputStream:75 - [STDERR_REDIRECT] 
2026-07-13 12:41:13,628 [ERROR] LogOutputStream:75 - [STDERR_REDIRECT] [Fatal Error] :1:1: Premature end of file.
2026-07-13 12:41:13,628 [ERROR] LogOutputStream:75 - [STDERR_REDIRECT] 
2026-07-13 12:41:14,621 [ERROR] LogOutputStream:75 - [STDERR_REDIRECT] [Fatal Error] :1:1: Premature end of file.
2026-07-13 12:41:14,621 [ERROR] LogOutputStream:75 - [STDERR_REDIRECT] 
2026-07-13 12:41:15,640 [ERROR] LogOutputStream:75 - [STDERR_REDIRECT] [Fatal Error] :1:1: Premature end of file.
2026-07-13 12:41:15,640 [ERROR] LogOutputStream:75 - [STDERR_REDIRECT] 
2026-07-13 12:41:16,623 [ERROR] LogOutputStream:75 - [STDERR_REDIRECT] [Fatal Error] :1:1: Premature end of file.
2026-07-13 12:41:16,623 [ERROR] LogOutputStream:75 - [STDERR_REDIRECT] 
2026-07-13 12:41:17,623 [ERROR] LogOutputStream:75 - [STDERR_REDIRECT] [Fatal Error] :1:1: Premature end of file.
2026-07-13 12:41:17,623 [ERROR] LogOutputStream:75 - [STDERR_REDIRECT] 
2026-07-13 12:41:18,623 [ERROR] LogOutputStream:75 - [STDERR_REDIRECT] [Fatal Error] :1:1: Premature end of file.
2026-07-13 12:41:18,623 [ERROR] LogOutputStream:75 - [STDERR_REDIRECT] 
2026-07-13 12:41:19,632 [ERROR] LogOutputStream:75 - [STDERR_REDIRECT] [Fatal Error] :1:1: Premature end of file.
2026-07-13 12:41:19,632 [ERROR] LogOutputStream:75 - [STDERR_REDIRECT] 
2026-07-13 12:41:20,623 [ERROR] LogOutputStream:75 - [STDERR_REDIRECT] [Fatal Error] :1:1: Premature end of file.
2026-07-13 12:41:20,623 [ERROR] LogOutputStream:75 - [STDERR_REDIRECT] 
2026-07-13 12:41:21,621 [ERROR] LogOutputStream:75 - [STDERR_REDIRECT] [Fatal Error] :1:1: Premature end of file.
2026-07-13 12:41:21,621 [ERROR] LogOutputStream:75 - [STDERR_REDIRECT] 
2026-07-13 12:41:22,624 [ERROR] LogOutputStream:75 - [STDERR_REDIRECT] [Fatal Error] :1:1: Premature end of file.
2026-07-13 12:41:22,624 [ERROR] LogOutputStream:75 - [STDERR_REDIRECT] 
2026-07-13 12:41:23,620 [ERROR] LogOutputStream:75 - [STDERR_REDIRECT] [Fatal Error] :1:1: Premature end of file.
2026-07-13 12:41:23,620 [ERROR] LogOutputStream:75 - [STDERR_REDIRECT] 
2026-07-13 12:41:24,640 [ERROR] LogOutputStream:75 - [STDERR_REDIRECT] [Fatal Error] :1:1: Premature end of file.
2026-07-13 12:41:24,641 [ERROR] LogOutputStream:75 - [STDERR_REDIRECT] 
2026-07-13 12:41:25,686 [ERROR] LogOutputStream:75 - [STDERR_REDIRECT] [Fatal Error] :1:1: Premature end of file.
2026-07-13 12:41:25,686 [ERROR] LogOutputStream:75 - [STDERR_REDIRECT] 
2026-07-13 12:41:26,629 [ERROR] LogOutputStream:75 - [STDERR_REDIRECT] [Fatal Error] :1:1: Premature end of file.
2026-07-13 12:41:26,629 [ERROR] LogOutputStream:75 - [STDERR_REDIRECT] 
2026-07-13 12:41:27,638 [ERROR] LogOutputStream:75 - [STDERR_REDIRECT] [Fatal Error] :1:1: Premature end of file.
2026-07-13 12:41:27,639 [ERROR] LogOutputStream:75 - [STDERR_REDIRECT] 
2026-07-13 12:41:28,629 [ERROR] LogOutputStream:75 - [STDERR_REDIRECT] [Fatal Error] :1:1: Premature end of file.
2026-07-13 12:41:28,629 [ERROR] LogOutputStream:75 - [STDERR_REDIRECT] 
2026-07-13 12:41:29,627 [ERROR] LogOutputStream:75 - [STDERR_REDIRECT] [Fatal Error] :1:1: Premature end of file.
2026-07-13 12:41:29,627 [ERROR] LogOutputStream:75 - [STDERR_REDIRECT] 
2026-07-13 12:41:30,706 [ERROR] LogOutputStream:75 - [STDERR_REDIRECT] [Fatal Error] :1:1: Premature end of file.
2026-07-13 12:41:30,706 [ERROR] LogOutputStream:75 - [STDERR_REDIRECT] 
2026-07-13 12:41:31,628 [ERROR] LogOutputStream:75 - [STDERR_REDIRECT] [Fatal Error] :1:1: Premature end of file.
2026-07-13 12:41:31,628 [ERROR] LogOutputStream:75 - [STDERR_REDIRECT] 
2026-07-13 12:41:32,624 [ERROR] LogOutputStream:75 - [STDERR_REDIRECT] [Fatal Error] :1:1: Premature end of file.
2026-07-13 12:41:32,624 [ERROR] LogOutputStream:75 - [STDERR_REDIRECT] 
2026-07-13 12:41:33,622 [ERROR] LogOutputStream:75 - [STDERR_REDIRECT] [Fatal Error] :1:1: Premature end of file.
2026-07-13 12:41:33,622 [ERROR] LogOutputStream:75 - [STDERR_REDIRECT] 
2026-07-13 12:41:34,620 [ERROR] LogOutputStream:75 - [STDERR_REDIRECT] [Fatal Error] :1:1: Premature end of file.
2026-07-13 12:41:34,620 [ERROR] LogOutputStream:75 - [STDERR_REDIRECT] 
2026-07-13 12:41:35,621 [ERROR] LogOutputStream:75 - [STDERR_REDIRECT] [Fatal Error] :1:1: Premature end of file.
2026-07-13 12:41:35,621 [ERROR] LogOutputStream:75 - [STDERR_REDIRECT] 
2026-07-13 12:41:36,625 [ERROR] LogOutputStream:75 - [STDERR_REDIRECT] [Fatal Error] :1:1: Premature end of file.
2026-07-13 12:41:36,625 [ERROR] LogOutputStream:75 - [STDERR_REDIRECT] 
2026-07-13 12:41:37,620 [ERROR] LogOutputStream:75 - [STDERR_REDIRECT] [Fatal Error] :1:1: Premature end of file.
2026-07-13 12:41:37,621 [ERROR] LogOutputStream:75 - [STDERR_REDIRECT] 
2026-07-13 12:41:38,623 [ERROR] LogOutputStream:75 - [STDERR_REDIRECT] [Fatal Error] :1:1: Premature end of file.
2026-07-13 12:41:38,623 [ERROR] LogOutputStream:75 - [STDERR_REDIRECT] 
2026-07-13 12:41:39,620 [ERROR] LogOutputStream:75 - [STDERR_REDIRECT] [Fatal Error] :1:1: Premature end of file.
2026-07-13 12:41:39,620 [ERROR] LogOutputStream:75 - [STDERR_REDIRECT] 
2026-07-13 12:41:40,622 [ERROR] LogOutputStream:75 - [STDERR_REDIRECT] [Fatal Error] :1:1: Premature end of file.
2026-07-13 12:41:40,622 [ERROR] LogOutputStream:75 - [STDERR_REDIRECT] 
2026-07-13 12:41:41,623 [ERROR] LogOutputStream:75 - [STDERR_REDIRECT] [Fatal Error] :1:1: Premature end of file.
2026-07-13 12:41:41,623 [ERROR] LogOutputStream:75 - [STDERR_REDIRECT] 
2026-07-13 12:41:42,620 [ERROR] LogOutputStream:75 - [STDERR_REDIRECT] [Fatal Error] :1:1: Premature end of file.
2026-07-13 12:41:42,620 [ERROR] LogOutputStream:75 - [STDERR_REDIRECT] 
2026-07-13 12:41:43,619 [ERROR] LogOutputStream:75 - [STDERR_REDIRECT] [Fatal Error] :1:1: Premature end of file.
2026-07-13 12:41:43,619 [ERROR] LogOutputStream:75 - [STDERR_REDIRECT] 
2026-07-13 12:41:44,622 [ERROR] LogOutputStream:75 - [STDERR_REDIRECT] [Fatal Error] :1:1: Premature end of file.
2026-07-13 12:41:44,622 [ERROR] LogOutputStream:75 - [STDERR_REDIRECT] 
2026-07-13 12:41:45,622 [ERROR] LogOutputStream:75 - [STDERR_REDIRECT] [Fatal Error] :1:1: Premature end of file.
2026-07-13 12:41:45,622 [ERROR] LogOutputStream:75 - [STDERR_REDIRECT] 
2026-07-13 12:41:46,619 [ERROR] LogOutputStream:75 - [STDERR_REDIRECT] [Fatal Error] :1:1: Premature end of file.
2026-07-13 12:41:46,619 [ERROR] LogOutputStream:75 - [STDERR_REDIRECT] 
2026-07-13 12:41:47,620 [ERROR] LogOutputStream:75 - [STDERR_REDIRECT] [Fatal Error] :1:1: Premature end of file.
2026-07-13 12:41:47,621 [ERROR] LogOutputStream:75 - [STDERR_REDIRECT] 
2026-07-13 12:41:48,623 [ERROR] LogOutputStream:75 - [STDERR_REDIRECT] [Fatal Error] :1:1: Premature end of file.
2026-07-13 12:41:48,623 [ERROR] LogOutputStream:75 - [STDERR_REDIRECT] 
2026-07-13 12:41:49,628 [ERROR] LogOutputStream:75 - [STDERR_REDIRECT] [Fatal Error] :1:1: Premature end of file.
2026-07-13 12:41:49,628 [ERROR] LogOutputStream:75 - [STDERR_REDIRECT] 
2026-07-13 12:41:50,620 [ERROR] LogOutputStream:75 - [STDERR_REDIRECT] [Fatal Error] :1:1: Premature end of file.
2026-07-13 12:41:50,620 [ERROR] LogOutputStream:75 - [STDERR_REDIRECT] 
2026-07-13 12:41:51,620 [ERROR] LogOutputStream:75 - [STDERR_REDIRECT] [Fatal Error] :1:1: Premature end of file.
2026-07-13 12:41:51,620 [ERROR] LogOutputStream:75 - [STDERR_REDIRECT] 
2026-07-13 12:41:52,622 [ERROR] LogOutputStream:75 - [STDERR_REDIRECT] [Fatal Error] :1:1: Premature end of file.
2026-07-13 12:41:52,622 [ERROR] LogOutputStream:75 - [STDERR_REDIRECT] 
2026-07-13 12:41:53,625 [ERROR] LogOutputStream:75 - [STDERR_REDIRECT] [Fatal Error] :1:1: Premature end of file.
2026-07-13 12:41:53,625 [ERROR] LogOutputStream:75 - [STDERR_REDIRECT] 
2026-07-13 12:41:54,621 [ERROR] LogOutputStream:75 - [STDERR_REDIRECT] [Fatal Error] :1:1: Premature end of file.
2026-07-13 12:41:54,621 [ERROR] LogOutputStream:75 - [STDERR_REDIRECT] 
2026-07-13 12:41:55,621 [ERROR] LogOutputStream:75 - [STDERR_REDIRECT] [Fatal Error] :1:1: Premature end of file.
2026-07-13 12:41:55,622 [ERROR] LogOutputStream:75 - [STDERR_REDIRECT] 
2026-07-13 12:41:56,627 [ERROR] LogOutputStream:75 - [STDERR_REDIRECT] [Fatal Error] :1:1: Premature end of file.
2026-07-13 12:41:56,627 [ERROR] LogOutputStream:75 - [STDERR_REDIRECT] 
2026-07-13 12:41:57,623 [ERROR] LogOutputStream:75 - [STDERR_REDIRECT] [Fatal Error] :1:1: Premature end of file.
2026-07-13 12:41:57,623 [ERROR] LogOutputStream:75 - [STDERR_REDIRECT] 
2026-07-13 12:41:58,623 [ERROR] LogOutputStream:75 - [STDERR_REDIRECT] [Fatal Error] :1:1: Premature end of file.
2026-07-13 12:41:58,623 [ERROR] LogOutputStream:75 - [STDERR_REDIRECT] 
2026-07-13 12:41:59,622 [ERROR] LogOutputStream:75 - [STDERR_REDIRECT] [Fatal Error] :1:1: Premature end of file.
2026-07-13 12:41:59,622 [ERROR] LogOutputStream:75 - [STDERR_REDIRECT] 
2026-07-13 12:42:00,621 [ERROR] LogOutputStream:75 - [STDERR_REDIRECT] [Fatal Error] :1:1: Premature end of file.
2026-07-13 12:42:00,621 [ERROR] LogOutputStream:75 - [STDERR_REDIRECT] 
2026-07-13 12:42:01,626 [ERROR] LogOutputStream:75 - [STDERR_REDIRECT] [Fatal Error] :1:1: Premature end of file.
2026-07-13 12:42:01,626 [ERROR] LogOutputStream:75 - [STDERR_REDIRECT] 
2026-07-13 12:42:02,624 [ERROR] LogOutputStream:75 - [STDERR_REDIRECT] [Fatal Error] :1:1: Premature end of file.
2026-07-13 12:42:02,624 [ERROR] LogOutputStream:75 - [STDERR_REDIRECT] 
2026-07-13 12:42:03,627 [ERROR] LogOutputStream:75 - [STDERR_REDIRECT] [Fatal Error] :1:1: Premature end of file.
2026-07-13 12:42:03,627 [ERROR] LogOutputStream:75 - [STDERR_REDIRECT] 
2026-07-13 12:42:04,623 [ERROR] LogOutputStream:75 - [STDERR_REDIRECT] [Fatal Error] :1:1: Premature end of file.
2026-07-13 12:42:04,623 [ERROR] LogOutputStream:75 - [STDERR_REDIRECT] 
2026-07-13 12:42:05,625 [ERROR] LogOutputStream:75 - [STDERR_REDIRECT] [Fatal Error] :1:1: Premature end of file.
2026-07-13 12:42:05,625 [ERROR] LogOutputStream:75 - [STDERR_REDIRECT] 
2026-07-13 12:42:06,633 [ERROR] LogOutputStream:75 - [STDERR_REDIRECT] [Fatal Error] :1:1: Premature end of file.
2026-07-13 12:42:06,633 [ERROR] LogOutputStream:75 - [STDERR_REDIRECT] 
2026-07-13 12:42:07,619 [ERROR] LogOutputStream:75 - [STDERR_REDIRECT] [Fatal Error] :1:1: Premature end of file.
2026-07-13 12:42:07,619 [ERROR] LogOutputStream:75 - [STDERR_REDIRECT] 
2026-07-13 12:42:08,619 [ERROR] LogOutputStream:75 - [STDERR_REDIRECT] [Fatal Error] :1:1: Premature end of file.
2026-07-13 12:42:08,619 [ERROR] LogOutputStream:75 - [STDERR_REDIRECT] 
2026-07-13 12:42:09,623 [ERROR] LogOutputStream:75 - [STDERR_REDIRECT] [Fatal Error] :1:1: Premature end of file.
2026-07-13 12:42:09,623 [ERROR] LogOutputStream:75 - [STDERR_REDIRECT] 
2026-07-13 12:42:10,618 [ERROR] LogOutputStream:75 - [STDERR_REDIRECT] [Fatal Error] :1:1: Premature end of file.
2026-07-13 12:42:10,618 [ERROR] LogOutputStream:75 - [STDERR_REDIRECT] 
2026-07-13 12:42:11,622 [ERROR] LogOutputStream:75 - [STDERR_REDIRECT] [Fatal Error] :1:1: Premature end of file.
2026-07-13 12:42:11,622 [ERROR] LogOutputStream:75 - [STDERR_REDIRECT] 
2026-07-13 12:42:12,621 [ERROR] LogOutputStream:75 - [STDERR_REDIRECT] [Fatal Error] :1:1: Premature end of file.
2026-07-13 12:42:12,621 [ERROR] LogOutputStream:75 - [STDERR_REDIRECT] 
2026-07-13 12:42:13,621 [ERROR] LogOutputStream:75 - [STDERR_REDIRECT] [Fatal Error] :1:1: Premature end of file.
2026-07-13 12:42:13,621 [ERROR] LogOutputStream:75 - [STDERR_REDIRECT] 
2026-07-13 12:42:14,621 [ERROR] LogOutputStream:75 - [STDERR_REDIRECT] [Fatal Error] :1:1: Premature end of file.
2026-07-13 12:42:14,621 [ERROR] LogOutputStream:75 - [STDERR_REDIRECT] 
2026-07-13 12:42:15,620 [ERROR] LogOutputStream:75 - [STDERR_REDIRECT] [Fatal Error] :1:1: Premature end of file.
2026-07-13 12:42:15,620 [ERROR] LogOutputStream:75 - [STDERR_REDIRECT] 
2026-07-13 12:42:16,621 [ERROR] LogOutputStream:75 - [STDERR_REDIRECT] [Fatal Error] :1:1: Premature end of file.
2026-07-13 12:42:16,621 [ERROR] LogOutputStream:75 - [STDERR_REDIRECT] 
2026-07-13 12:42:17,619 [ERROR] LogOutputStream:75 - [STDERR_REDIRECT] [Fatal Error] :1:1: Premature end of file.
2026-07-13 12:42:17,619 [ERROR] LogOutputStream:75 - [STDERR_REDIRECT] 
2026-07-13 12:42:18,620 [ERROR] LogOutputStream:75 - [STDERR_REDIRECT] [Fatal Error] :1:1: Premature end of file.
2026-07-13 12:42:18,620 [ERROR] LogOutputStream:75 - [STDERR_REDIRECT] 
